sido,sigungu,sigungu_norm,adm_cd,total_pop,ratio_20s,ratio_30s,ratio_40s,ratio_50s,ratio_60s,ratio_70plus,ratio_elderly,ratio_working,ratio_female,prev19대선_민주,prev19대선_국힘,prev19대선_기타,prev20대선_민주,prev20대선_국힘,prev20대선_기타,prev21대선_민주,prev21대선_국힘,prev21대선_기타,prev22총선_민주,prev22총선_국힘,prev22총선_기타,prev7지선_민주,prev7지선_국힘,prev7지선_기타,prev8지선_민주,prev8지선_국힘,prev8지선_기타,pred_단체장_더불어민주당,pred_단체장_국민의힘,pred_단체장_기타,pred_단체장_민주_norm,pred_단체장_국힘_norm,pred_단체장_기타_norm,pred_광역_더불어민주당,pred_광역_국민의힘,pred_광역_기타,pred_광역_민주_norm,pred_광역_국힘_norm,pred_광역_기타_norm,pred_기초_더불어민주당,pred_기초_국민의힘,pred_기초_기타,pred_기초_민주_norm,pred_기초_국힘_norm,pred_기초_기타_norm,pred_winner,pred_margin,sido_광역_민주_share,est_광역_민주_비례,sido_광역_국힘_share,est_광역_국힘_비례,sido_광역_기타_share,est_광역_기타_비례
서울특별시,종로구,종로구,11010,144486,0.1884680868734687,0.1417230735157731,0.1291128552247276,0.1604930581509627,0.143391055188738,0.1305732043242944,0.1963927300914967,0.7394072782138061,0.5251858311531913,0.4159605487172462,0.2206708283595232,0.3609224868397879,0.4642433025380915,0.4949479701306282,0.0380210534790572,0.4847275533621722,0.4018562521578424,0.1134161944799853,0.5092074844264255,0.441321504629366,0.0445854069628398,0.5137655916395101,0.234445817882159,0.2174401618159343,0.4045789533820841,0.5733689442413162,0.018824268738574,0.4591476,0.47319314,0.055261284,0.46491158,0.47913343,0.055955015,0.412242,0.51992595,0.054629643,0.41775742,0.52688205,0.055360537,0.47192085,0.5321753,0.011534276,0.46465802,0.52398515,0.0113567645,국민의힘,0.014221847,0.4168,7,0.5333,9,0.05,1
서울특별시,중구,중구,11020,126899,0.1640596064586797,0.1800723409955949,0.1336338347819919,0.1501193862835798,0.1468805900755719,0.1316795246613448,0.2014594283642897,0.7356795561824758,0.5228488798178078,0.4123978449058659,0.2186451964404624,0.3667292208971487,0.4542906015394849,0.5097880832462226,0.0336168393043808,0.4684549157563414,0.4200842436585817,0.1114608405850768,0.5081497579768843,0.4853715960354308,0.0,0.5228657372768777,0.2384755157197172,0.2112809393657143,0.3992120043591248,0.5845586386117864,0.0137647749182664,0.45287007,0.47711194,0.054663114,0.45993227,0.48455217,0.05551555,0.41540676,0.5312449,0.049574055,0.41698056,0.53325754,0.04976187,0.45624584,0.5485524,0.0072112824,0.45083156,0.54204273,0.0071257064,국민의힘,0.024619907,0.4168,7,0.5333,9,0.05,1
서울특별시,용산구,용산구,11030,203401,0.1395076720370106,0.1857365499677976,0.1465332028849415,0.159094596388415,0.1377771004075693,0.1198961657022335,0.1835880846210195,0.7366286301443946,0.5219000889867799,0.3933428145740214,0.2406135717188134,0.3642624949207639,0.3986076638218234,0.5645730744216296,0.0347022205704729,0.4114048243093613,0.4760326292626179,0.1125625464280208,0.4702703123055866,0.5177849321886276,0.0119447555057857,0.4706354328373829,0.2709964940433622,0.2287157035460745,0.3326094476688319,0.6493734865664758,0.0148556712918476,0.40384567,0.50069374,0.05700426,0.41999722,0.52071863,0.05928411,0.35131773,0.58888704,0.051464047,0.35426924,0.5938344,0.05189641,0.38177004,0.60169286,0.013917221,0.38277286,0.60327333,0.013953778,국민의힘,0.10072142,0.4168,7,0.5333,9,0.05,1
서울특별시,성동구,성동구,11040,274688,0.1544697984622553,0.1691264270736253,0.1421831314072693,0.1571055160764212,0.1407014503727865,0.1180612185461323,0.1827200314538676,0.7327404182199441,0.5164441111369991,0.4280536462036817,0.2018152010745042,0.368338666350636,0.4323492352923099,0.5321709913029226,0.0332209918151179,0.4519471184700295,0.4314876139134899,0.1165652676164805,0.5261357217784233,0.4738642782215767,0.0,0.5396045320980842,0.2237691350262405,0.2115470981484095,0.375560675772306,0.6090329290930234,0.0128783884318413,0.4517687,0.47890642,0.05404246,0.45877996,0.48633885,0.054881174,0.40523612,0.5452466,0.049384654,0.4052899,0.5453189,0.049391203,0.44439802,0.5738462,0.0,0.43643558,0.5635644,0.0,국민의힘,0.027558893,0.4168,7,0.5333,9,0.05,1
서울특별시,광진구,광진구,11050,345130,0.1900877930055341,0.1648219511488424,0.1358618491582882,0.1541853794222467,0.1370729869904094,0.1082229884391388,0.1715701329933648,0.7574102512096891,0.5224639990728132,0.4410465198908168,0.1951252137055816,0.3620224803641668,0.4719343288195846,0.4884508711220258,0.0371804669454486,0.4809519401502974,0.3986838451245887,0.1203642147251138,0.5200410353688102,0.4753328074870191,0.0,0.5570842303552207,0.2164401686401148,0.1983932095443129,0.399836767219773,0.5831009087053198,0.0138490803696515,0.46377832,0.46863434,0.052173246,0.47103897,0.475971,0.05299004,0.4300166,0.5106071,0.049499046,0.43430635,0.5157008,0.049992837,0.48369583,0.5255896,0.014311547,0.47254518,0.51347315,0.013981623,국민의힘,0.004932046,0.4168,7,0.5333,9,0.05,1
서울특별시,동대문구,동대문구,11060,355789,0.1963495217671148,0.1468314085033545,0.1338124562591873,0.1453698680959782,0.1363251814980227,0.1262630379241629,0.1916725924635106,0.7313435772325733,0.5176804229473086,0.4206235521645803,0.2209890974008033,0.3560113063991669,0.4710521388103833,0.4917413134642937,0.0346285659540927,0.4816225090996933,0.3993997682597783,0.1189777226405283,0.5378225335109084,0.4492952888309747,0.0128821776581168,0.534437723007233,0.233230709696511,0.2058239388127906,0.4063137307882835,0.5755955712530317,0.0151249043032958,0.4641007,0.4715117,0.051790513,0.47002158,0.47752714,0.052451245,0.42461026,0.51362467,0.05046478,0.42946333,0.5194951,0.051041566,0.46147534,0.52285373,0.026468612,0.45654568,0.5172684,0.026185865,국민의힘,0.007505566,0.4168,7,0.5333,9,0.05,1
서울특별시,중랑구,중랑구,11070,375066,0.1274122421120549,0.1554233121637258,0.1360853823060474,0.1661040990119072,0.1688129555864834,0.1379303909178651,0.2171991062906262,0.7059504193928535,0.5137789082454821,0.4209727132626235,0.214992596621642,0.361881666817756,0.5045255259787248,0.4575095869949656,0.0354148044098242,0.5174919977405386,0.3846243645264545,0.0978836377330069,0.5955546304825339,0.4044453695174662,0.0,0.5571479537230518,0.2339585138372152,0.1851791447938433,0.4361257289148058,0.548695775849808,0.0126923623951073,0.4919136,0.45409527,0.051581476,0.49310178,0.45519212,0.05170607,0.46133354,0.48786676,0.042622227,0.4651372,0.49188918,0.042973645,0.50971806,0.5053492,0.007148017,0.49864057,0.49436668,0.0069926726,더불어민주당,0.037909657,0.4168,7,0.5333,9,0.05,1
서울특별시,성북구,성북구,11080,429210,0.1725868456000559,0.1307961137904522,0.140273991752289,0.160609025884765,0.1341348058060157,0.1263996644998951,0.190109736492626,0.7224342396495887,0.5266419701311712,0.4382955493316877,0.1966316517587701,0.3629603759638141,0.4931659288288942,0.4668249475564955,0.0375381446576743,0.5121679485630679,0.3733976294983825,0.1144344219385495,0.5622787368025314,0.4105665904320311,0.0271546727654375,0.5462298577227439,0.2153703172195115,0.2089056541883636,0.4280612677496421,0.5534347147338863,0.0155164416425183,0.4892801,0.44802886,0.052173246,0.49448094,0.4527912,0.052727826,0.4459039,0.49333003,0.05133375,0.4501499,0.49802762,0.05182256,0.47715327,0.5007189,0.021219708,0.47758698,0.50117403,0.021238996,더불어민주당,0.041689724,0.4168,7,0.5333,9,0.05,1
서울특별시,강북구,강북구,11090,280470,0.1347737725959995,0.1229757193282704,0.1326202445894391,0.171758120298071,0.1688701108852996,0.1671800905622704,0.2483652440546226,0.6848967804043213,0.5228224052483331,0.4270802565006527,0.20291374069804,0.3676572876866347,0.5232660005975379,0.4383751019106022,0.0355079325693625,0.5381206981630234,0.3703051792463868,0.0915741225905897,0.5507803178542452,0.4213477783610939,0.0278719037846609,0.5574648820308999,0.2177995986517817,0.1982971925107643,0.4469357589539511,0.5362668182679553,0.0137957172635967,0.5023924,0.43235964,0.0510873,0.5096088,0.43857005,0.05182112,0.47734633,0.474233,0.043864008,0.47953138,0.4764038,0.044064797,0.51847565,0.49745917,0.0018826051,0.5093995,0.4887509,0.0018496492,더불어민주당,0.07103875,0.4168,7,0.5333,9,0.05,1
서울특별시,도봉구,도봉구,11100,296997,0.1200315154698532,0.1230079765115472,0.13320673272794,0.1749984006572457,0.1771061660555493,0.1581362774708162,0.2442718276615588,0.6798149476257336,0.5196517136536732,0.415523114781375,0.209355378269741,0.3729146780394252,0.4975181527398379,0.4661390114636595,0.034092129532348,0.5147087563865131,0.3915572389789024,0.0937340046345844,0.5037786028385601,0.4810437896621639,0.0,0.5371046973060853,0.227837700819887,0.2102162473996119,0.420937470270858,0.5644935513243908,0.0118712711161848,0.4788656,0.48210448,0.04900412,0.4741365,0.4773434,0.048520174,0.4407087,0.5194154,0.040447786,0.44045684,0.51911855,0.04042467,0.4772007,0.53036755,0.0047524935,0.47139278,0.52391255,0.004694652,국민의힘,0.0032069087,0.4168,7,0.5333,9,0.05,1
서울특별시,노원구,노원구,11110,486446,0.1381324956932527,0.1220382118467414,0.1449040592378188,0.1729441705759735,0.1489209490878741,0.1301501091590844,0.2013563684355509,0.7077044522927519,0.520929352898369,0.4241459666887454,0.1827211610401521,0.3912530470063581,0.4894137443512503,0.4723872635331466,0.0358599832886637,0.5077366269341568,0.3768004692001173,0.1154629038657259,0.5876457069162216,0.4015773548717779,0.0107769382120004,0.538872872686692,0.194797158574709,0.2398579287354512,0.4235062863924637,0.5596640663955131,0.0142541012993114,0.48799908,0.45146835,0.054898407,0.49076414,0.45402643,0.05520947,0.43842024,0.49501893,0.05846763,0.44199744,0.49905792,0.058944684,0.46219888,0.49518597,0.049118,0.4592127,0.49198666,0.04880066,더불어민주당,0.03673771,0.4168,7,0.5333,9,0.05,1
서울특별시,은평구,은평구,11120,448142,0.1265045454342596,0.1444586760446465,0.1460920868831754,0.1682190020127549,0.1525833329614274,0.140761187302239,0.2133676379361898,0.7035381642425839,0.5273350857540691,0.4434462141942015,0.1915157458519842,0.3611502143207377,0.5126976065011746,0.4466859247031934,0.0379087042092565,0.5299562535746858,0.3667867245830177,0.1032570218422964,0.5898514824710375,0.3940023292625324,0.0,0.557787492936683,0.2084836279745593,0.2047830871262815,0.4450113643803841,0.534972360704498,0.0165134268049722,0.49921852,0.431773,0.05236072,0.5076701,0.43908274,0.053247165,0.46799925,0.4673007,0.04989198,0.47503358,0.47432452,0.050641887,0.5156369,0.48233432,0.008166697,0.5124913,0.4793918,0.008116876,더불어민주당,0.06858736,0.4168,7,0.5333,9,0.05,1
서울특별시,서대문구,서대문구,11130,316345,0.1915977809037601,0.1450410153471684,0.1351688820749498,0.1514675433466626,0.1304714789233274,0.1226730310262529,0.1840933158418815,0.7328960470372536,0.5412540106529264,0.4436432799171078,0.1932683254557411,0.3611154481238083,0.4833262939640608,0.4749366456765473,0.0394476654891721,0.5009137103165353,0.3817164700946343,0.1173698195888303,0.5438891848694726,0.4290090570058604,0.027101758124667,0.5405642540255311,0.2132573744763411,0.2121575363626252,0.4199320498301245,0.5580973952434881,0.017797453584543,0.47924095,0.45881224,0.056726042,0.4817561,0.46122018,0.05702375,0.43739215,0.49494705,0.05479828,0.44309142,0.50139624,0.055512305,0.490791,0.5100815,0.012788417,0.4841767,0.50320727,0.01261607,더불어민주당,0.020535916,0.4168,7,0.5333,9,0.05,1
서울특별시,마포구,마포구,11140,358927,0.1697253201904565,0.178805160938018,0.1514402650121055,0.1526215637162988,0.1176339478501199,0.1070356924945741,0.1615035926525449,0.7533621042718993,0.5369782713476556,0.4579269649108429,0.1831458086975526,0.3572139419981033,0.4650528092635099,0.4904714577565331,0.0421330367495681,0.484151228294326,0.3911028515012486,0.1247459202044253,0.503215067187521,0.430420755417735,0.0087659243150363,0.5426378027358254,0.2061292321559348,0.2130584192439862,0.4083517065504596,0.5657089567274758,0.0216046006919459,0.46524328,0.45648634,0.0657873,0.47112435,0.46225673,0.06661891,0.41620162,0.50310826,0.07140902,0.42010063,0.50782144,0.07207798,0.4833047,0.50479287,0.019804243,0.47951567,0.50083536,0.01964898,더불어민주당,0.008867621,0.4168,7,0.5333,9,0.05,1
서울특별시,양천구,양천구,11150,417397,0.1109782772755913,0.1223439555147737,0.1644645265778144,0.1742849134037858,0.1494380649597385,0.1168264266393864,0.187631918772775,0.7035843573384571,0.5133170578609813,0.4318674582177195,0.1975737239465703,0.3687649222430147,0.463901720559684,0.5015029791792194,0.0322956416951195,0.4828093708417897,0.4128539938979315,0.1043366352602787,0.5326175513217233,0.4561369956280433,0.0112454530502335,0.5318161217496643,0.2277935202951404,0.2164758504136117,0.3973550307219662,0.5877928187403993,0.0124471966205837,0.4559543,0.48282105,0.0539607,0.4592906,0.4863539,0.054355536,0.4164429,0.53232497,0.04684338,0.4182786,0.5346715,0.04704987,0.4571429,0.5459624,0.015117078,0.44896176,0.5361917,0.014846539,국민의힘,0.02706331,0.4168,7,0.5333,9,0.05,1
서울특별시,강서구,강서구,11160,543974,0.1339494167000628,0.1744329692227937,0.150396893969197,0.1490567563890921,0.1472239482034067,0.1219341365579972,0.1936875659498431,0.7187549404934794,0.5223080514877549,0.4443630355198367,0.1949687600269828,0.3586520703272049,0.4917489699153156,0.4699282564134418,0.0359390852433898,0.5037061371989405,0.3845681990842453,0.1117256637168141,0.574441081420027,0.4163340488134285,0.0092248697665444,0.5616775795665243,0.215293150338372,0.1978835520906497,0.4210489699686932,0.560924515904611,0.0152320952344142,0.48510993,0.45651224,0.05258626,0.48793587,0.4591716,0.052892596,0.44615155,0.4949985,0.050268456,0.45001334,0.4992831,0.050703567,0.4673921,0.5045452,0.031947244,0.4655835,0.50259286,0.031823624,더불어민주당,0.028764278,0.4168,7,0.5333,9,0.05,1
서울특별시,구로구,구로구,11170,418832,0.1162399243610803,0.1565830691064675,0.1462256943118004,0.1686189211903579,0.1625687626542384,0.132239179432326,0.2084869350956947,0.7071403331168583,0.505321942926997,0.4359773003881691,0.2144904470066327,0.3475085879717983,0.4919728545276355,0.4702823646886961,0.0354185543371733,0.5036259445205132,0.391352067983743,0.1050219874957437,0.5739781591263651,0.4260218408736349,0.0,0.5451109631496003,0.2346249095864688,0.1970991028103639,0.4202921903534214,0.5620528520786335,0.0146847137179074,0.48158857,0.4665363,0.053543024,0.48078668,0.4657595,0.05345387,0.4431593,0.5041632,0.046022143,0.4461285,0.5075411,0.04633049,0.47020328,0.5170919,0.014836555,0.46920308,0.5159919,0.014804996,더불어민주당,0.015027195,0.4168,7,0.5333,9,0.05,1
서울특별시,금천구,금천구,11180,243662,0.1399438566538894,0.1701250092341029,0.1286905631571603,0.1721606159351889,0.1709294022046933,0.1275496384335678,0.2047262191067954,0.7314189327839384,0.4955635265244478,0.4365276168154713,0.2024628851495276,0.3584002900558746,0.5156943176411588,0.4452402690087055,0.0362814561446371,0.5203077944113651,0.3674374049099344,0.1122548006787004,0.5903825350081134,0.4096174649918865,0.0,0.5606450773832748,0.2181124550223262,0.1963410933368015,0.4424298583315024,0.5385313476180014,0.0159818878306473,0.49874634,0.4266173,0.053535443,0.50949717,0.43581334,0.054689437,0.47418246,0.47120553,0.045854796,0.47837168,0.47536844,0.046259906,0.51183546,0.49571168,0.015071071,0.50051475,0.4847476,0.01473773,더불어민주당,0.07368383,0.4168,7,0.5333,9,0.05,1
서울특별시,영등포구,영등포구,11190,400799,0.1388052365400113,0.1901202348309252,0.1425777010421682,0.1579045855902834,0.1457987669629914,0.116215359818762,0.1832265050561503,0.7361819765019374,0.5079703292672886,0.4267207489809166,0.2176826588499981,0.3536410810549277,0.4460067642361124,0.5166252360396661,0.0352000735409588,0.459107067900432,0.4155265728836603,0.1253663592159077,0.5268612856867078,0.4479912485789665,0.0218099139872589,0.5210567900724529,0.2409898627887401,0.2121946055369933,0.3822191791497581,0.6006913712195855,0.0140779212104006,0.45268512,0.47167322,0.056997906,0.4612852,0.48063403,0.058080748,0.40453905,0.53273004,0.05367463,0.40823615,0.53759867,0.054165166,0.42552525,0.54270506,0.01825698,0.43135402,0.55013895,0.018507062,국민의힘,0.01934883,0.4168,7,0.5333,9,0.05,1
서울특별시,동작구,동작구,11200,381172,0.1798138373227834,0.1591879781306077,0.1360357004187086,0.1500766058367351,0.1361196520206101,0.1242850996400575,0.1889488210046908,0.7338209522210446,0.5184745993934496,0.4412967501486433,0.1987289180213756,0.3582848731818379,0.4574259046995251,0.5052622177233279,0.0352315524658737,0.4691285644141206,0.4094266890431137,0.1214447465427656,0.4832851153300139,0.4934295210069078,0.0232853636630782,0.5431276430318775,0.2185254015512108,0.2124902812280735,0.4013953538372231,0.5811573481827075,0.0145017898799221,0.44255522,0.48250595,0.054005183,0.45201758,0.4928225,0.055159878,0.41423333,0.5281566,0.051561736,0.416754,0.5313705,0.0518755,0.44745713,0.5481753,0.019846037,0.44063675,0.53981966,0.019543532,국민의힘,0.040804923,0.4168,7,0.5333,9,0.05,1
서울특별시,관악구,관악구,11210,490493,0.2262866136723663,0.1889201273004915,0.1217285465847626,0.1357756379805624,0.1276328102541728,0.1186337011945124,0.1789750312440748,0.7695481892707949,0.5007370135761366,0.456719189725861,0.1727489607291324,0.3682090255853488,0.5032313299285956,0.4517886763735381,0.0420607977550134,0.4930130865997021,0.3656959979720523,0.1412909154282455,0.5748242654294953,0.4109412343596232,0.0142345002108814,0.5802078643540104,0.1819423565590971,0.2060062420353003,0.4476298280249384,0.5303596814517387,0.0183784699166195,0.4994108,0.40296233,0.065380625,0.51605153,0.41638932,0.06755915,0.47044495,0.45401734,0.066420145,0.4747737,0.45819494,0.06703131,0.47754863,0.4547789,0.07562356,0.4737816,0.45119148,0.07502702,더불어민주당,0.099662215,0.4168,7,0.5333,9,0.05,1
서울특별시,서초구,서초구,11220,386254,0.115711423053224,0.1404671537382137,0.1739503021327934,0.1657536232634484,0.1230977543274632,0.1123431731451324,0.1719542062994817,0.709854137432881,0.5238884257509308,0.3643235692863892,0.2581755063473152,0.37618627007929,0.321841499793147,0.651369221724646,0.0248840534479129,0.3393606311286584,0.5500736245114091,0.1105657443599325,0.3760778905063783,0.6239221094936217,0.0,0.428652694078538,0.3106945407356052,0.2377473201429257,0.2647665842517705,0.7231383313078825,0.0100259816452248,0.3321901,0.587659,0.058432925,0.33956474,0.6007051,0.059730142,0.280852,0.67677724,0.03840524,0.28197017,0.67947173,0.038558144,0.30344525,0.6890424,0.0207018,0.29949507,0.6800726,0.020432308,국민의힘,0.26114035,0.4168,7,0.5333,9,0.05,1
서울특별시,강남구,강남구,11230,528194,0.1139789547022495,0.1467244989530362,0.1812572653229684,0.1611131516071746,0.1199161671658519,0.1094332764098039,0.1677035331715241,0.7178006565769396,0.5213841883853281,0.3536179970048876,0.2697603361547365,0.3752859344915166,0.3035739142044696,0.6702289339048869,0.024251256309957,0.3223480503815232,0.5658955428829906,0.1117564067354862,0.3700893434376882,0.6268831344945142,0.0,0.4082132925156665,0.330778440391304,0.237593677303003,0.2445833454790767,0.7438233689654742,0.0096652355510766,0.3132287,0.5964746,0.05843661,0.3235366,0.6161037,0.060359675,0.26970276,0.69302547,0.03671551,0.26985288,0.6934112,0.036735944,0.27927837,0.7179745,0.017820526,0.27513123,0.70731294,0.0175559,국민의힘,0.2925671,0.4168,7,0.5333,9,0.05,1
서울특별시,송파구,송파구,11240,628648,0.1219219658696122,0.1629290159198788,0.1598191674832338,0.1570036013794683,0.1421208689123325,0.1092041969432814,0.1771563736781155,0.7169512986599814,0.5206474847609474,0.4030850572935964,0.2255055952464841,0.3699272833901988,0.4015261062045338,0.5678004938711041,0.0287891259371315,0.4211361214557998,0.4659921563457799,0.1128717221984202,0.4666153132805839,0.5263073923947131,0.0070772943247029,0.4961902035457855,0.2606681529933289,0.2206905924775677,0.3404637045563425,0.6469646353736291,0.0105749846471414,0.40832692,0.51333153,0.05053451,0.42000607,0.52801406,0.051979918,0.36390823,0.5950338,0.0432993,0.3630944,0.5937031,0.043202467,0.38265112,0.6014253,0.027406411,0.37830707,0.59459764,0.02709528,국민의힘,0.108008,0.4168,7,0.5333,9,0.05,1
서울특별시,강동구,강동구,11250,454023,0.1155183768223195,0.1515892366686269,0.1600029073416985,0.1544613378617382,0.1514306543941606,0.1188111615490845,0.1917788305878777,0.70035879239598,0.5129409743559247,0.4131752279004826,0.2237320031971832,0.3613457848106816,0.4480977770908997,0.5171708780877315,0.0324388893181876,0.4618837046152431,0.4299231751216202,0.1081931202631367,0.5175663148887621,0.4636337706788362,0.0187999144324015,0.5274364024745472,0.2498728511850269,0.2000305157155935,0.3785142878667313,0.6056322775363376,0.013207271768456,0.44825444,0.48967534,0.051492438,0.45304668,0.49491042,0.05204294,0.39805406,0.5506988,0.046536546,0.399938,0.5533052,0.046756797,0.4092637,0.55167025,0.036523193,0.41030705,0.5530766,0.036616303,국민의힘,0.04186374,0.4168,7,0.5333,9,0.05,1
부산광역시,중구,중구,21010,39599,0.1475794843304123,0.1257607515341296,0.1124270814919568,0.1549534079143412,0.1898785322861688,0.2075809995201899,0.3072047273921058,0.656127679991919,0.5076390817949948,0.3478901399558034,0.3764074502788593,0.2740187309270757,0.3660325886603259,0.5956646759566467,0.0357590503575905,0.3759895473061256,0.5444239489662593,0.0795865037276151,0.3970503309493137,0.5874017147172493,0.0,0.5306971904266389,0.4068678459937565,0.0624349635796045,0.3043986400339991,0.6813642158946026,0.0142371440713982,0.36018282,0.57048047,0.049782027,0.36736655,0.5818585,0.050774913,0.32928872,0.64096296,0.03423396,0.32781824,0.6381007,0.034081087,0.35180128,0.65674907,0.0,0.34881875,0.6511812,0.0,국민의힘,0.21449196,0.3419,2,0.621,4,0.037,0
부산광역시,서구,서구,21020,103413,0.1229922736986645,0.1038844245887847,0.1255838240840126,0.1579105141519925,0.1835069091893669,0.1940375001208745,0.2857184299846247,0.6393296780868943,0.5193931130515506,0.3446618316748187,0.3715775566424917,0.2809495699106089,0.3639599490681792,0.6002286144229656,0.0331780298645676,0.3772947403986935,0.5419529226264219,0.0807523369748845,0.4101723939209326,0.5898276060790674,0.0,0.5136606995014075,0.4187441355582948,0.0675951649402976,0.3006012890946057,0.6842367089155167,0.0151620019898775,0.36754075,0.5706322,0.037996955,0.3765131,0.5845624,0.03892453,0.3229433,0.6442845,0.03323408,0.3227942,0.643987,0.033218734,0.33875513,0.6558879,0.0,0.3405796,0.6594204,0.0,국민의힘,0.20804933,0.3419,2,0.621,4,0.037,0
부산광역시,동구,동구,21030,85665,0.1031226288449191,0.1313371855483569,0.1284655343489173,0.1579174692114632,0.1812292067939065,0.2033269129749606,0.2959668476040389,0.6357438860678223,0.5178777797233409,0.3375572466512861,0.383130746186426,0.2767122344271891,0.3669446808510638,0.5972595744680851,0.032663829787234,0.3843514997887621,0.5386565272496832,0.0769919729615547,0.4325712165882421,0.5674287834117578,0.0,0.517993865978244,0.4157233953354957,0.0662827386862602,0.3078708325014973,0.6781044120582951,0.0140247554402076,0.3787307,0.5652412,0.03753514,0.38586652,0.57589114,0.03824235,0.33047852,0.6387755,0.034871466,0.32912073,0.6361511,0.034728196,0.3494963,0.65387154,0.0,0.3483232,0.6516768,0.0,국민의힘,0.19002461,0.3419,2,0.621,4,0.037,0
부산광역시,영도구,영도구,21040,106825,0.114177392932366,0.0917669084952024,0.1204212497074654,0.1589702784928621,0.1971355019892347,0.2132272408144161,0.315319447694828,0.6193774865434121,0.4993494032295811,0.3875146473686243,0.3273670791537362,0.2827103104598308,0.4161388396250317,0.5500098527714439,0.0310362300481378,0.4288679272290053,0.5040865694287391,0.0670455033422555,0.4494471029487842,0.5339983186756337,0.0,0.568380036478196,0.3677499585475046,0.0638700049742994,0.3521166757946408,0.6314529706484918,0.0164303535568672,0.40999982,0.5377058,0.033986896,0.41764584,0.54773337,0.034620713,0.36746046,0.598792,0.0343593,0.36723578,0.5984259,0.03433829,0.39085642,0.61392623,0.0,0.38899598,0.611004,0.0,국민의힘,0.13008752,0.3419,2,0.621,4,0.037,0
부산광역시,부산진구,부산진구,21050,356874,0.1395562579509855,0.1423471589412509,0.1331534379080572,0.153608836732292,0.1632200720702545,0.1483969131962541,0.2282878550973172,0.6878674265987436,0.5229100466831431,0.3876844256443935,0.3257312780182172,0.2845569909403515,0.3860159886487515,0.576711771729162,0.0345512276998148,0.4027721888658249,0.505201340276422,0.092026470857753,0.4571934458586709,0.5323909457256336,0.0,0.5422395773008808,0.3714832525329406,0.0862771701661785,0.325847957978745,0.6593305916364672,0.0148214503847876,0.39459768,0.5186438,0.040707942,0.4136463,0.5436806,0.04267306,0.35227597,0.6187747,0.035930596,0.3498337,0.61448485,0.035681494,0.3773837,0.638441,0.0,0.37150472,0.6284952,0.0,국민의힘,0.1300343,0.3419,2,0.621,4,0.037,0
부산광역시,동래구,동래구,21060,265089,0.0955867651996122,0.1179377492087563,0.1566228700549626,0.1630697614763343,0.1606743395614303,0.1483577213690496,0.2281799697460098,0.6565794883982361,0.5193123818792934,0.3765023355811801,0.3314253417484443,0.2903545761321889,0.3662767856140627,0.597971645694658,0.0334672847890264,0.394192633808874,0.5183464562748544,0.0874609099162715,0.4321616670483169,0.5426621377502989,0.0251761952013841,0.5445370743878206,0.3743669042176505,0.0810960213945288,0.3143479802478531,0.6723945586467531,0.0132574611053937,0.3789827,0.520218,0.041872017,0.4027135,0.5527926,0.044493925,0.3324692,0.63109344,0.038959,0.33163294,0.62950605,0.038861006,0.3599566,0.63180655,0.0066485307,0.36052924,0.63281167,0.0066591077,국민의힘,0.1500791,0.3419,2,0.621,4,0.037,0
부산광역시,남구,남구,21070,260090,0.1469106847629666,0.1065515782998192,0.1387096774193548,0.1580645161290322,0.1563920181475643,0.1528547810373332,0.2309277557768465,0.6775808374024376,0.511492175785305,0.3783891172980878,0.3276013355039872,0.2920780331668552,0.3742876084579776,0.5918490776710321,0.0315080602014468,0.3944626818036748,0.5188357725801304,0.0867015456161947,0.4559450817404507,0.5440549182595492,0.0,0.5490731707317074,0.3774670280036133,0.0734598012646793,0.3296812238270233,0.657644645756773,0.0126741304162037,0.39832819,0.51415503,0.041210257,0.417669,0.5391198,0.043211218,0.34395647,0.61870784,0.041808404,0.3424249,0.61595285,0.04162224,0.3678079,0.62822723,0.018667538,0.3624785,0.6191245,0.018397052,국민의힘,0.12145078,0.3419,2,0.621,4,0.037,0
부산광역시,북구,북구,21080,265364,0.1044112991965752,0.1199899006647473,0.1313102003286052,0.1766328514794772,0.1940579731990775,0.1435839073875883,0.2337317797440496,0.6737914713374836,0.5100164302618291,0.4122911694510739,0.302708140200004,0.2829148503915265,0.3984372081107191,0.5636992479597773,0.0348585854811936,0.4144964858629755,0.5019797199420569,0.0835237941949675,0.498443235934266,0.4965988411744821,0.0049579228912518,0.5714523606522435,0.3547972396887989,0.0737503996589576,0.3445461112448832,0.6426278192471306,0.0128260695079861,0.41247413,0.5388106,0.03383726,0.4187036,0.5469481,0.03434829,0.3590854,0.60434157,0.036337104,0.35917017,0.6044842,0.03634568,0.38466242,0.6172854,0.0,0.38391465,0.6160854,0.0,국민의힘,0.12824449,0.3419,2,0.621,4,0.037,0
부산광역시,해운대구,해운대구,21090,365974,0.0969768344199314,0.1098575308628481,0.1527840775574221,0.1801357473481722,0.1689819495373988,0.1425866318372343,0.2235377376534945,0.6717007219092067,0.5201680993731795,0.3839264228131392,0.3058145830826615,0.3084804776801829,0.3596384630018597,0.6088784665737459,0.0291807568516153,0.383529846841424,0.5340879137307667,0.0823822394278093,0.4336780555126797,0.5566113113667523,0.009710633120568,0.553160354032315,0.3690241908625753,0.0778154551051096,0.310555920185,0.6770350923466665,0.0124089874683334,0.38065958,0.5586531,0.039051924,0.3890774,0.5710071,0.03991551,0.32460853,0.6386783,0.038783003,0.32393804,0.6373591,0.038702894,0.351143,0.65129685,0.0,0.35028836,0.64971167,0.0,국민의힘,0.18192968,0.3419,2,0.621,4,0.037,0
부산광역시,사하구,사하구,21100,293036,0.1129110416467601,0.1110614395500894,0.1384403281508074,0.1702418815435646,0.1847793445173972,0.1555406161700269,0.2453043312084522,0.6688461485960769,0.5031941467942506,0.3909030138389111,0.3104249337448501,0.2965480948384986,0.4023442516012718,0.5599545942503171,0.0351072736518241,0.4173212813418378,0.5040086191634758,0.0786700994946863,0.4607344814103724,0.52967162506784,0.0095938935217875,0.5605327641085233,0.3675099782751477,0.071957257616329,0.3308943154587784,0.6554252786971958,0.0136804058440257,0.40630674,0.5399674,0.03931833,0.4122462,0.54786074,0.03989309,0.35336035,0.61728513,0.035865895,0.3510744,0.6132918,0.035633873,0.37449872,0.62935364,0.0033426867,0.37182346,0.6248578,0.0033188078,국민의힘,0.13561454,0.3419,2,0.621,4,0.037,0
부산광역시,금정구,금정구,21110,215539,0.1528540078593665,0.0988776973076798,0.1212773558381545,0.1598318633750736,0.1809742088438751,0.1710827274878328,0.2591642347788567,0.6674430149532103,0.5166257614631227,0.3682989532961988,0.3342596559955928,0.2951521087102895,0.3564400249895876,0.607246980424823,0.0333910349854227,0.3734624214799803,0.536844656599048,0.0896929219209716,0.4337505895451418,0.5662494104548582,0.0,0.5368583063455927,0.3858819379869818,0.0772597556674255,0.3052019704433497,0.6790049261083744,0.0157931034482758,0.3730145,0.5701486,0.038483202,0.3799887,0.5808086,0.039202716,0.32023916,0.6476231,0.0348795,0.31936356,0.6458524,0.03478413,0.34250605,0.6552601,0.0024314595,0.34243837,0.6551306,0.002430979,국민의힘,0.20081988,0.3419,2,0.621,4,0.037,0
부산광역시,강서구,강서구,21120,145762,0.085200532374693,0.1732344506798754,0.2053278632290995,0.1208545437082367,0.1178702268080844,0.0795337605137141,0.1365582250517967,0.685754860663273,0.4657866933768746,0.4499320344358858,0.2744201002674774,0.2735723577473435,0.4292678275586703,0.5352022025959167,0.0339686058569027,0.4575229719826371,0.4517165567393877,0.090760471277975,0.4441408261058968,0.5558591738941032,0.0,0.5923069911585088,0.3318020235165436,0.0758909853249475,0.3441789227718106,0.6428809865101027,0.0129400907180866,0.41467416,0.50361717,0.042543042,0.43157715,0.52414566,0.044277187,0.38251016,0.58236253,0.037178677,0.3817271,0.5811703,0.037102565,0.40898496,0.5955015,0.009585701,0.40330952,0.5872378,0.009452681,국민의힘,0.09256852,0.3419,2,0.621,4,0.037,0
부산광역시,연제구,연제구,21130,207871,0.1047428453223393,0.131446906975961,0.1484526461122523,0.1614895776707669,0.1623314459448407,0.1512139740512144,0.2312395668467463,0.6662208773710618,0.5248014393542149,0.3825826920972976,0.3234820028445352,0.2922650523321541,0.372535537477201,0.5928099939202687,0.0325265626357082,0.397730596806781,0.5142483962475936,0.0880210069456254,0.0,0.5441903019213175,0.4558096980786825,0.5503900424457956,0.3710661160185079,0.0785438415356965,0.3224744981901941,0.6634967642864977,0.0140287375233081,0.31615627,0.52475566,0.083221294,0.34211114,0.5678355,0.09005335,0.33522636,0.6276817,0.038699668,0.3346883,0.6266742,0.038637552,0.36774558,0.6356634,0.0,0.36649624,0.63350385,0.0,국민의힘,0.22572437,0.3419,2,0.621,4,0.037,0
부산광역시,수영구,수영구,21140,167787,0.1203966934267851,0.135981929470102,0.1349389404423465,0.1548630108411259,0.1678556741583078,0.1747930411772068,0.2608306960610774,0.6591511857295261,0.5331104316782588,0.3682152907672345,0.3370490201034662,0.2930084424447702,0.3573040430806052,0.6084366185144029,0.0319514488417813,0.3762486595117667,0.5376223327450665,0.0861290077431666,0.4047759782480198,0.5033297868148323,0.0918942349371478,0.5345328889982331,0.3923419292791483,0.0731251817226186,0.2936017486574736,0.6932293493806838,0.0131689019618425,0.35871413,0.5711903,0.038795706,0.3703046,0.5896461,0.04004924,0.3167476,0.6489891,0.037532542,0.31571546,0.6468743,0.03741024,0.34060487,0.65917647,0.0,0.34067935,0.6593206,0.0,국민의힘,0.21934149,0.3419,2,0.621,4,0.037,0
부산광역시,사상구,사상구,21150,205140,0.1332943355757044,0.1215511358096909,0.1245929609047479,0.1701325923759384,0.1950424100614214,0.1435507458321146,0.2348103734035293,0.6918007214585161,0.5006385882811738,0.4138797836185573,0.3128079313049249,0.2711002071309349,0.4009008009584877,0.5599979291931989,0.0361207872024139,0.4109220148001109,0.5071738210266665,0.0819041641732226,0.4736028219402511,0.526397178059749,0.0,0.5612136567610245,0.3630264695649071,0.0757598736740683,0.3288987692058309,0.656454432827353,0.014646797966816,0.40644896,0.5391239,0.034825783,0.4145752,0.54990274,0.035522062,0.3583474,0.61745083,0.03478644,0.3545941,0.6109837,0.034422092,0.36899537,0.63102955,7.011803e-05,0.36896032,0.6309696,7.011137e-05,국민의힘,0.13532755,0.3419,2,0.621,4,0.037,0
부산광역시,기장군,기장군,21510,173228,0.0864871729743459,0.1255397510795021,0.1849065970859214,0.1544438543422541,0.1340199044034451,0.1269367538735077,0.1929884314314083,0.6647886023044773,0.5027882328491929,0.4190536948431685,0.2834981392876129,0.2952365762892078,0.4079103556336356,0.5556241394045867,0.0341484260006647,0.4376582562629074,0.4803178593876268,0.0820238843494657,0.4766418703506908,0.5233581296493093,0.0,0.5878514794560843,0.331764517121044,0.0803840034228717,0.3271547436727347,0.6557620348295625,0.0170832214977027,0.40537357,0.50854844,0.04331319,0.42348376,0.531268,0.04524822,0.35563326,0.6038399,0.039522115,0.35599095,0.6044472,0.039561864,0.37159768,0.61689955,0.015787618,0.37001222,0.6142675,0.01572026,국민의힘,0.10778424,0.3419,2,0.621,4,0.037,0
대구광역시,중구,중구,22010,94128,0.1408932517423083,0.1743476967533571,0.1463220295767465,0.1408720040795512,0.1187531871494135,0.1270822709501954,0.1836223015468298,0.6983256841747407,0.521523882372939,0.2209324709324709,0.4784592284592284,0.2985100485100485,0.2147467432799401,0.7536109252627022,0.0274509032232673,0.2392311526845145,0.6498401900126088,0.1109286573028765,0.2961401632770569,0.5547924078224927,0.1490674289004503,0.3822681464472509,0.5521112386784028,0.0656206148743462,0.192684183410613,0.7724884080370943,0.025622531341233,0.21758829,0.6167982,0.0956543,0.23395564,0.6631948,0.10284957,0.2160106,0.7407919,0.045055315,0.21561004,0.73941827,0.044971768,0.25294587,0.74731874,0.015599326,0.2489958,0.7356484,0.015355723,국민의힘,0.42923915,0.2,1,0.7602,4,0.0399,0
대구광역시,동구,동구,22020,336051,0.1020678408931977,0.1306914724253164,0.1420706976024472,0.1663676049171108,0.1662485753650487,0.1565238609615802,0.2358362272393178,0.6640271863496909,0.5127971647160698,0.2099741024549453,0.4468878600823045,0.3408542642259117,0.2260192963378548,0.7410114331018408,0.0294427283479406,0.2411724625140559,0.6688320103000129,0.0899955271859311,0.1268411245240217,0.7432336817089309,0.1071214453536417,0.3879706288484446,0.5356145954947641,0.0764147756567913,0.1918975719082738,0.7778656678221623,0.0221095161653056,0.1975395,0.686635,0.09448624,0.20184675,0.70160675,0.09654646,0.2031876,0.73834306,0.041946728,0.2066012,0.7507474,0.04265144,0.22439905,0.7624512,0.015405244,0.22389406,0.7607354,0.015370577,국민의힘,0.49976,0.2,1,0.7602,4,0.0399,0
대구광역시,서구,서구,22030,164111,0.1000725118974352,0.1204306841101449,0.1213629799343127,0.1781477170939181,0.200614218425334,0.1806216524181803,0.2739670101333853,0.6567140532931979,0.5036530153371803,0.1732462010865286,0.5436422328950477,0.280324383906779,0.1731953639445519,0.7955130366873148,0.0272359383042544,0.1919645603888513,0.7347039227922757,0.073331516818873,0.0,0.7202006824099847,0.2797993175900152,0.321722551403683,0.6151202749140894,0.0631571736822276,0.1380162372043769,0.8296474777083749,0.0227750579352046,0.099433176,0.70391244,0.19239217,0.0998588,0.7069255,0.1932157,0.15201089,0.79313433,0.03397925,0.15525185,0.8100444,0.034703705,0.2188329,0.7785553,0.0,0.21940595,0.78059405,0.0,국민의힘,0.6070667,0.2,1,0.7602,4,0.0399,0
대구광역시,남구,남구,22040,136119,0.132582519707021,0.116699358649417,0.1215113246497549,0.1661193514498343,0.1761399951513014,0.1909138327492855,0.2781389813325105,0.6586075419302229,0.5263923478720826,0.199443702491289,0.5079779489290771,0.2903692248988321,0.203956329714781,0.7624654311305569,0.0289965740702521,0.219186685507929,0.6980373685036897,0.0827759459883812,0.240784889051898,0.594705404626549,0.164509706321553,0.3605411371805394,0.5844677779979056,0.0549910848215549,0.1597657339406898,0.8066561308915126,0.023277865575904,0.16743177,0.6623478,0.104920864,0.17912881,0.7086204,0.11225079,0.1806077,0.78185064,0.03046077,0.18189569,0.7874263,0.030677997,0.2371404,0.7731742,0.0,0.23471937,0.76528066,0.0,국민의힘,0.5294916,0.2,1,0.7602,4,0.0399,0
대구광역시,북구,북구,22050,422633,0.1411673958256927,0.1161906429455343,0.1422960346210542,0.183135249732037,0.1487082172949107,0.1187886416820267,0.1842733530036698,0.7159663348579027,0.5044376563117409,0.2269612184745836,0.4428222961102319,0.3281764987731041,0.2275307052976052,0.7390837018881875,0.0302260621910643,0.2403788934239727,0.6643096676631405,0.0953114389128867,0.2624613948941275,0.6936609860688338,0.0380962961317128,0.4105833283915476,0.5239676609539623,0.0654490106544901,0.1831691307592103,0.7838217253285106,0.0244343548040319,0.18632124,0.64796734,0.07880331,0.20405531,0.70964086,0.08630381,0.2039951,0.74277794,0.04097781,0.20652483,0.7519891,0.041485976,0.22323194,0.76215965,0.015844291,0.22295637,0.7612188,0.015824731,국민의힘,0.50558555,0.2,1,0.7602,4,0.0399,0
대구광역시,수성구,수성구,22060,398685,0.1037009167638612,0.1010045524662327,0.1582728219020028,0.185843460375986,0.146596937431807,0.1295609315625117,0.1963404692928,0.6837001642901037,0.5176969286529466,0.2282313319763619,0.4351870405720373,0.3349645113321169,0.2095428656122297,0.7624693867468434,0.0252069702936754,0.2308121744906684,0.6699997879993499,0.0991880375099817,0.1813244422996775,0.6853714711882253,0.0576674197723134,0.4055052801162629,0.5340924844990702,0.0604022353846668,0.1909852830164332,0.7754579298152796,0.0251369434354252,0.19659592,0.6626653,0.07351326,0.21076469,0.71042395,0.0788114,0.20097183,0.75257087,0.042716682,0.2017264,0.7553965,0.042877067,0.23205428,0.77016103,0.009134126,0.22945015,0.76151824,0.009031622,국민의힘,0.49965924,0.2,1,0.7602,4,0.0399,0
대구광역시,달서구,달서구,22070,532999,0.1287432058971968,0.1184542560117373,0.143319218234931,0.183508787070895,0.1605443912652744,0.1165630704748039,0.1871091690603547,0.7125022748635551,0.5071885688340879,0.2217183534210815,0.4474140541873374,0.3288547973402159,0.2134427504326301,0.7535787825020263,0.0292217037961928,0.2290542106831804,0.6801061915642834,0.0908395977525361,0.2071138828141621,0.7076527604836994,0.0416627428001409,0.4149279620382292,0.5201366256967872,0.0649354122649835,0.1797893073479062,0.7875269949960495,0.0246194363971556,0.18651125,0.6667123,0.07202192,0.20158029,0.7205788,0.07784087,0.198985,0.7484711,0.035994582,0.20233348,0.76106626,0.03660029,0.21899718,0.77103925,0.00435533,0.22023231,0.7753878,0.0043798937,국민의힘,0.5189985,0.2,1,0.7602,4,0.0399,0
대구광역시,달성군,달성군,22510,263117,0.0967326322510518,0.1438219499310193,0.1732917295347697,0.1599516564874181,0.1383376976782191,0.1005864311313978,0.1615821098598722,0.6947289608805208,0.4890599999239882,0.2313262667103777,0.439106837139839,0.3269005208902488,0.2358443070913425,0.7284533218490504,0.0321175764119299,0.2560141883916427,0.6544455562412745,0.0895402553670827,0.2468557816912486,0.7531442183087513,0.0,0.4211795794943646,0.5150085573162837,0.0638118631893516,0.1753306606549912,0.791420036203316,0.0237320510400124,0.17811765,0.64348143,0.1077379,0.191661,0.69240916,0.11592986,0.20211673,0.7422297,0.041315448,0.20505686,0.7530267,0.041916452,0.22899581,0.74491596,0.041520465,0.2255156,0.73359495,0.04088945,국민의힘,0.50074816,0.2,1,0.7602,4,0.0399,0
경상북도,군위군,군위군,22520,21493,0.0470385706974363,0.062345880053971,0.0753733773786814,0.169915786535151,0.268599078769832,0.3195458986646815,0.4546131298562322,0.5071418601405109,0.4956497464290699,0.1283571876603752,0.666761703826196,0.1991218566459485,0.1389672920471525,0.8320327632962532,0.0219713321157784,0.1484339536995007,0.8083295506128008,0.0432364956876985,0.0,0.8779557589626239,0.0862573099415204,0.2125961648868986,0.617407279825468,0.1699965552876335,0.2052676090370907,0.7947323909629093,0.0,0.073467284,0.82529056,0.16999765,0.068740964,0.7721977,0.15906131,0.13971354,0.7939423,0.04701891,0.14246675,0.80958784,0.047945473,0.18481655,0.80437905,0.006347467,0.18564396,0.8079802,0.006375884,국민의힘,0.70345676,0.2035,1,0.7528,5,0.0437,0
인천광역시,중구,중구,23010,164937,0.1218283344549737,0.1657117566100996,0.1714957832384486,0.1523369528971668,0.1216100692991869,0.1025118681678459,0.1594608850652067,0.7175952030169095,0.4854823356796837,0.4063025453702093,0.2357076593030672,0.355163216791326,0.4921212664210279,0.4683226752976224,0.037103403478514,0.5208465800708512,0.3718866382051049,0.1072667817240439,0.4938368065678534,0.495259530501102,0.0109036629310445,0.564694519147002,0.3735464565736146,0.0617590242793833,0.432109685979655,0.5340999557717824,0.0285891198584697,0.46593332,0.46788785,0.046178583,0.47544226,0.4774367,0.047121014,0.43781978,0.5164943,0.04314136,0.43893668,0.5178119,0.043251418,0.4739584,0.53372633,0.005246308,0.4679079,0.5269128,0.0051793344,국민의힘,0.001994431,0.4471,3,0.5025,3,0.0504,0
인천광역시,동구,동구,23020,57944,0.0977668093331492,0.113074692806848,0.1487125500483225,0.1693186524920613,0.1755660637857241,0.1778268673201712,0.2653423995581941,0.6549427032997377,0.499723871324037,0.371017425519955,0.2587970770095559,0.3665430016863406,0.4730279208457577,0.4846102663939476,0.0391828285566425,0.4942338560316088,0.4202494135078404,0.0855167304605506,0.5293456894130862,0.4706543105869138,0.0,0.5082762473172022,0.4308646693911152,0.0608590832916825,0.4080971659919028,0.5490230593205422,0.0355923252948424,0.46026924,0.49451983,0.04120343,0.4621212,0.4965096,0.04136922,0.40813994,0.5290919,0.05453223,0.41152927,0.53348565,0.054985084,0.45016095,0.55143744,0.005465636,0.44700333,0.5475694,0.0054272977,국민의힘,0.034388423,0.4471,3,0.5025,3,0.0504,0
인천광역시,연수구,연수구,23040,417391,0.1222858183334092,0.1435800005270837,0.1734416889678982,0.1629095979549151,0.1254411331341595,0.0718031773564834,0.1242767572851355,0.7335879307411995,0.5019753660237044,0.4138311666401554,0.2035245518391585,0.3800895598648408,0.4491707474356649,0.5150434274429196,0.0338713902827318,0.4830162254867084,0.4068204711494894,0.1101633033638021,0.5197971830985916,0.4727887323943662,0.0074140845070422,0.5736111986884419,0.3669272968030771,0.0594615045084809,0.3877146469295823,0.5530802371395956,0.0560506192387475,0.44896805,0.4781385,0.053300366,0.45794052,0.48769394,0.054365553,0.40429294,0.5289708,0.06268679,0.40593678,0.53112155,0.06294168,0.44618127,0.5514929,0.021709219,0.4376972,0.5410064,0.021296421,국민의힘,0.029753417,0.4471,3,0.5025,3,0.0504,0
인천광역시,남동구,남동구,23050,492920,0.1158281262679542,0.1318124644972815,0.1587722145581433,0.17603465065325,0.1582934350401688,0.115253996591739,0.1865901160431713,0.7128986448105169,0.5001115799724093,0.4173229553376272,0.2043144912830354,0.375778273038568,0.4973141071357516,0.4619796943438616,0.0381412090956116,0.5186944241673828,0.3868678561858385,0.0944377196467787,0.5567243008839717,0.4299401419543744,0.0133355571616537,0.5959739213364904,0.3380894830307813,0.0659365956327282,0.4608590314672974,0.5080456700273753,0.0269317715735556,0.48605064,0.45546404,0.044394776,0.49299723,0.4619735,0.045029264,0.44357347,0.5004335,0.048686083,0.4468385,0.5041171,0.04904445,0.48131916,0.5144201,0.001727903,0.48254138,0.5157264,0.0017322907,더불어민주당,0.03102374,0.4471,3,0.5025,3,0.0504,0
인천광역시,부평구,부평구,23060,504885,0.1141190568149182,0.1525832615348049,0.1477187874466462,0.1751903898907672,0.1647365241589669,0.1134911910633114,0.186697960921794,0.7192944928052923,0.5079216059102568,0.4268350457035734,0.1949079389068926,0.3758417740833854,0.5084935145368233,0.4505058437806276,0.0382870587634362,0.5286359037052643,0.3726272748043809,0.0987368214903548,0.5328799249530957,0.4179066243325155,0.0411278683792755,0.5903165188795584,0.3215313372985579,0.0881521438218836,0.4715589186599049,0.4950335423072315,0.0286507207602923,0.5003826,0.43872762,0.04472936,0.50860184,0.44593412,0.04546408,0.46821696,0.48431644,0.048208315,0.46786994,0.48395747,0.048172586,0.49812844,0.5009984,0.0010422013,0.49804425,0.5009137,0.0010420252,더불어민주당,0.06266773,0.4471,3,0.5025,3,0.0504,0
인천광역시,계양구,계양구,23070,278600,0.1204558506819813,0.1333381191672649,0.1380294328786791,0.1938478104809763,0.1833309404163675,0.1073043790380473,0.1830653266331658,0.7340201005025125,0.5057681263460158,0.4335716863885122,0.1829302792925499,0.3806153606024837,0.5231763609964768,0.4353835665627585,0.0387287478468127,0.5522748672950963,0.357123640615461,0.0906014920894425,0.5607863917550325,0.4369928017290139,0.0,0.611639532670084,0.315073998603933,0.073286468725983,0.503780625864792,0.4620400005590574,0.02905700988134,0.51109624,0.44236323,0.043374993,0.5127192,0.44376796,0.04351273,0.48579863,0.46256918,0.045811985,0.4886426,0.46527717,0.04608018,0.53783923,0.48288336,0.0015618855,0.526115,0.47235712,0.0015278383,더불어민주당,0.06895125,0.4471,3,0.5025,3,0.0504,0
인천광역시,서구,서구,23080,634066,0.1100752918465901,0.161148839395268,0.1746348171956862,0.1661530503133743,0.1288903678796844,0.078031309043538,0.1332101074651534,0.7299161286049086,0.4924944721842836,0.4332867535646613,0.1854212960084302,0.3789324178827041,0.5094902417710457,0.4503815904456743,0.0378094960675793,0.5403224443784654,0.3561950694348895,0.103482486186645,0.5722953579343838,0.4109584478812174,0.0147176369427522,0.6064559563149303,0.3294685012518535,0.0640755424332161,0.4696945836536947,0.4986567979916814,0.0270122555603931,0.4985492,0.4325079,0.049410544,0.508481,0.4411241,0.050394878,0.47306237,0.47051308,0.04978967,0.47622204,0.47365573,0.050122228,0.50943625,0.49273852,0.024644805,0.49613023,0.47986865,0.024001105,더불어민주당,0.067356914,0.4471,3,0.5025,3,0.0504,0
인천광역시,미추홀구,미추홀구,23090,421789,0.1317412260632686,0.1407599534364338,0.1500868917871257,0.1618344717382387,0.1523795072891896,0.1285500570190308,0.2001569505131712,0.705376384874902,0.496281316013457,0.3807630437961686,0.2409994743353108,0.375581491860102,0.4752583727101046,0.4827167183279282,0.039371459078703,0.5027081835444205,0.3998377670851538,0.0974540493704256,0.5165165301858536,0.4834834698141463,0.0,0.5387305821347338,0.3944614465099033,0.0668079713553628,0.421269121168658,0.5447566454156584,0.0283508248718937,0.46501237,0.47495788,0.04484022,0.47218463,0.48228353,0.045531828,0.4224362,0.52133334,0.050529074,0.42485848,0.5243227,0.050818812,0.44865817,0.5402155,0.011240341,0.44860706,0.5401539,0.01123906,국민의힘,0.010098904,0.4471,3,0.5025,3,0.0504,0
인천광역시,강화군,강화군,23510,66309,0.0612134099443514,0.0748465517501395,0.1000769126362937,0.1605061153086308,0.2395149979640772,0.2663891779396462,0.3871570978298572,0.5462003649579996,0.4976247568203411,0.278668225906308,0.3929742496159226,0.3236798055536447,0.3548501322668666,0.609843987585661,0.0320773188360515,0.3951043886693289,0.5446626249249933,0.0602329864056777,0.3574745941969007,0.6325240263024785,0.0100013795006207,0.388560157790927,0.5637651821862348,0.0476746600228381,0.3084411290109251,0.6533079385233976,0.0265058328704071,0.4094862,0.48816064,0.09521315,0.41243094,0.49167117,0.09589786,0.32071206,0.63534623,0.037547518,0.32277596,0.63943493,0.03778915,0.34961098,0.6503208,0.0,0.34963483,0.6503652,0.0,국민의힘,0.07924023,0.4471,3,0.5025,3,0.0504,0
인천광역시,옹진군,옹진군,23520,19192,0.1195810754481033,0.0950395998332638,0.1050958732805335,0.1614735306377657,0.2377553147144643,0.2073259691538141,0.3246665277198833,0.623020008336807,0.4182471863276365,0.2702238703474797,0.4022112347205054,0.3205603625875566,0.3558616926959012,0.6002182363772761,0.0390779513060083,0.3724850839461635,0.5422505897044541,0.0852643263493825,0.3514810648668916,0.6320209973753281,0.0164979377577802,0.4154658619388909,0.5208600528102603,0.0636740852508487,0.3086024155780133,0.6531920138033029,0.0242379426505628,0.36438897,0.57097983,0.03057153,0.37723756,0.591113,0.031649504,0.32709247,0.63795716,0.032531116,0.3278857,0.63950425,0.032610007,0.34818816,0.6535683,0.00012698089,0.3475336,0.6523397,0.00012674218,국민의힘,0.21387541,0.4471,3,0.5025,3,0.0504,0
광주광역시,동구,동구,24010,111289,0.1562238855592196,0.1317830153923568,0.1277664459200819,0.1435182273180637,0.1445066448615766,0.1586500013478421,0.2290073592178921,0.6734538004654548,0.5058720987698695,0.5605343176557797,0.019983964419164,0.4163502412901078,0.8269699985006066,0.150498207543312,0.0209915079808622,0.8261636656115406,0.0960251154584609,0.0778112189299984,0.7016792565621434,0.0862561817292538,0.2120645617086028,0.8358093500208263,0.0,0.1225181982267885,0.7360930750271646,0.1853549943020698,0.0706278324013463,0.7240057,0.09873716,0.16655007,0.73184156,0.09980578,0.16835262,0.6666921,0.14520995,0.15814207,0.6872802,0.14969417,0.16302565,0.64389867,0.04973044,0.22498533,0.70094556,0.05413636,0.24491814,더불어민주당,0.6320358,0.7055,2,0.1197,0,0.1748,1
광주광역시,서구,서구,24020,278639,0.1341556637800164,0.1207440451623785,0.151823685844408,0.1823757621869156,0.1427904923574948,0.1169793173245669,0.1814749550493649,0.7149106908939524,0.5086545673792973,0.6076827090112794,0.0156688116268258,0.3729196740965477,0.8463766531861405,0.1305656852711175,0.0216864237522232,0.8452893640515986,0.0842343020629423,0.070476333885459,0.6990001528818224,0.084745451765785,0.0546155022167864,0.8437517176936185,0.0,0.10976749299181,0.7460348764791364,0.1614282748598713,0.0858418102553456,0.7314277,0.07676171,0.1547282,0.7595953,0.07971783,0.16068685,0.68407404,0.120511815,0.17269766,0.699975,0.123313054,0.17671193,0.7241397,0.024292383,0.21438451,0.75210553,0.02523054,0.22266391,더불어민주당,0.67987746,0.7055,2,0.1197,0,0.1748,1
광주광역시,남구,남구,24030,208707,0.113288006631306,0.1094692559425414,0.1555721657634866,0.1577378813360357,0.1490127307660979,0.1440440426051833,0.2152970432232747,0.6655215206006506,0.5212522819071713,0.5882126692170855,0.0175759115915849,0.3904613419232539,0.8427162398019239,0.1349190242318464,0.0206667478453816,0.8497618742884857,0.0831048628840492,0.0671332628274649,0.8869614536737795,0.1130385463262204,0.0,0.8491761845040353,0.0,0.111160043273051,0.7609459209646915,0.1621944456294526,0.0703326081083002,0.78935754,0.087829396,0.11987498,0.79168355,0.08808821,0.120228216,0.7100741,0.124386735,0.14568317,0.724459,0.12690659,0.14863445,0.82517374,0.0024572078,0.18492056,0.8149449,0.0024267484,0.1826283,더불어민주당,0.70359534,0.7055,2,0.1197,0,0.1748,1
광주광역시,북구,북구,24040,433088,0.13498411408305,0.1268633626422343,0.1466353258460174,0.1688225025860795,0.1455893490468449,0.1194514740653169,0.1848885215014038,0.7061082274272203,0.5046503251071376,0.6106731310689613,0.0147268881594308,0.371358623247126,0.8512429340053123,0.1241129197030579,0.0231424095893209,0.8502853628373597,0.0778514790590631,0.0718631581035771,0.7697502411834066,0.0772322864186944,0.153017472397899,0.8394208891486762,0.0,0.1040930983010236,0.7556469989602,0.1552620517245193,0.0814436258784835,0.7519455,0.08461461,0.1355482,0.77352023,0.08704237,0.13943733,0.6935593,0.11473543,0.16053784,0.71587116,0.11842649,0.16570236,0.70967627,0.10135489,0.19305968,0.70678496,0.100941956,0.19227314,더불어민주당,0.68647784,0.7055,2,0.1197,0,0.1748,1
광주광역시,광산구,광산구,24050,412447,0.144513113199999,0.1309162146894025,0.1719711866009451,0.1789636001716584,0.1070198110302657,0.0753575610926979,0.1191837981607333,0.7498078541000419,0.4921723275960305,0.6427985667020817,0.014797548688904,0.3380611696648232,0.8552488208535572,0.1176898635314197,0.0251944924907992,0.8516585759015292,0.073808577572919,0.0745328465255518,0.7845930070450025,0.0569687900812313,0.1516023198319609,0.8362646828951047,0.0,0.1146164334327881,0.7405662586282792,0.1503779116052111,0.1005891112755336,0.7363236,0.070543416,0.1611621,0.760642,0.07287324,0.16648476,0.6788765,0.10458394,0.19535294,0.6935709,0.10684768,0.19958138,0.7102401,0.003355872,0.26207092,0.7279535,0.0034395673,0.26860696,더불어민주당,0.68776876,0.7055,2,0.1197,0,0.1748,1
대전광역시,동구,동구,25010,229875,0.1610875475802066,0.1111908646003262,0.132110929853181,0.1574551386623164,0.1521653072321914,0.1440913539967373,0.2168917890157694,0.6950342577487765,0.4972833061446438,0.4021399038998771,0.2317088501508548,0.3632109732931053,0.4635056882057228,0.4956198341264061,0.0379402261141317,0.4823723072109269,0.4220579132457673,0.0955697795433057,0.5332821490782707,0.4501490122264325,0.0165688386952968,0.5361556086010373,0.3439647982514164,0.1198795931475463,0.459558546027022,0.5404414539729779,0.0,0.46273556,0.46867013,0.05238771,0.4703585,0.4763908,0.053250726,0.4229587,0.52852035,0.04526028,0.4243423,0.5302493,0.04540834,0.44809535,0.53774583,0.013025164,0.44860393,0.5383562,0.013039947,국민의힘,0.006032318,0.4342,1,0.5155,2,0.0503,0
대전광역시,중구,중구,25020,220497,0.1138020018412949,0.1119244252756273,0.1409497634888456,0.1725148187957206,0.1601155571277613,0.1614126269291645,0.2381710408758395,0.6666439906211876,0.5109411919436546,0.3962300258348483,0.241737632762415,0.3592511083468886,0.4449084141574502,0.5168163080165962,0.0358071961257787,0.4726537771681789,0.4341897024688753,0.0931565203629457,0.5208997423265795,0.4791002576734204,0.0,0.5289002024273911,0.361693439788711,0.1094063577838979,0.4584661957618567,0.5415338042381432,0.0,0.4590067,0.4893957,0.044057403,0.462494,0.49311388,0.044392128,0.4038975,0.5490208,0.041362114,0.4062209,0.5521791,0.04160005,0.4285612,0.55693257,0.0010484842,0.43440735,0.56452984,0.0010627869,국민의힘,0.03061989,0.4342,1,0.5155,2,0.0503,0
대전광역시,서구,서구,25030,462226,0.151073284497194,0.135044328964619,0.149628104001073,0.165209226655359,0.1352130775854235,0.1013357102369836,0.1627991501992531,0.7274753042883784,0.5099128997503386,0.4356832130022762,0.1953667651489952,0.3666966679058482,0.4631489372974011,0.4969090734504806,0.037786452901034,0.4830249469783333,0.4055467321439591,0.1114283208777075,0.5365488539417429,0.4211004824064676,0.0398935649093381,0.5679477215269031,0.3185886956288692,0.1134635828442276,0.4896859290543202,0.5103140709456797,0.0,0.47292018,0.46850502,0.04657266,0.47866517,0.47419637,0.04713842,0.43311393,0.51317394,0.05054712,0.4344891,0.5148033,0.05070761,0.46505052,0.52871644,0.016428025,0.46035716,0.5233806,0.016262231,더불어민주당,0.0044687986,0.4342,1,0.5155,2,0.0503,0
대전광역시,유성구,유성구,25040,384024,0.1660937858050538,0.1547950128116992,0.1551283253130012,0.1539461075349457,0.1133340624544299,0.0706804783034393,0.1197425160927442,0.7500208320313314,0.4876023373539154,0.4751683346824638,0.1639837368459783,0.3590541982485834,0.475058562338298,0.4867360674078735,0.0361775400321655,0.495154863794494,0.3749072101244287,0.1299379260810773,0.5824830543842733,0.3904711192980941,0.0270458263176325,0.6099817042080321,0.2638253201763594,0.1261929756156084,0.5270925659860641,0.4729074340139358,0.0,0.5055995,0.4081885,0.056068745,0.5213136,0.42087507,0.057811372,0.45391864,0.47705525,0.060058117,0.4580262,0.4813722,0.060601592,0.5007806,0.44946292,0.04774254,0.5017912,0.45036995,0.047838885,더불어민주당,0.100438535,0.4342,1,0.5155,2,0.0503,0
대전광역시,대덕구,대덕구,25050,170471,0.1312598623812848,0.1170521672307899,0.1321221791389737,0.1908066474649647,0.1708325756286993,0.1265200532641915,0.2032603785981193,0.7107953845522113,0.493075068486722,0.405270811843685,0.2182051845714189,0.3735055887177232,0.4737929525060188,0.483055373166995,0.0400262639527248,0.488487723459393,0.4160231914613256,0.0954890850792814,0.5092711261782702,0.430533735736729,0.0601951380850008,0.5466127424584398,0.3607575358317198,0.0926297217098404,0.4810126582278481,0.5189873417721519,0.0,0.4703887,0.49334252,0.043826785,0.46686018,0.48964182,0.043498028,0.42812482,0.5251961,0.04347906,0.42949924,0.5268821,0.04361864,0.4644081,0.5471895,0.0,0.45908383,0.54091614,0.0,국민의힘,0.02278164,0.4342,1,0.5155,2,0.0503,0
울산광역시,중구,중구,26010,203766,0.0948931617639841,0.1210309865237576,0.1488815602210378,0.1862528586712209,0.176359157072328,0.1225425242680329,0.2029043118086432,0.6882208022928261,0.494586928143066,0.362590876510342,0.3059594511570755,0.3284673868523449,0.3811614940543741,0.5738956361150075,0.0419260021569194,0.3989047220679522,0.5092901783517403,0.0918050995803075,0.4355246787297823,0.5644753212702177,0.0,0.5165088343714249,0.4308106648023388,0.0202825092157112,0.3760146312393399,0.62398536876066,0.0,0.3894949,0.5408661,0.038130313,0.40216663,0.5584625,0.039370835,0.33744952,0.6107009,0.047911882,0.33878356,0.6131152,0.04810129,0.3727118,0.62037313,0.009561708,0.371728,0.6187356,0.009536469,국민의힘,0.15629587,0.3541,1,0.576,2,0.0699,0
울산광역시,남구,남구,26020,305176,0.1209302173172202,0.1345911867250373,0.1482128345610401,0.1907882664429706,0.1584397200304086,0.0973897029910609,0.1669921619000183,0.7275506592916874,0.4881838676698036,0.3689075284357263,0.2908287636461759,0.3379403707277808,0.3746754591740887,0.5844769533865444,0.0383861349415465,0.3889228185357661,0.5091371478738835,0.1019400335903504,0.4319033590740321,0.5494912870930442,0.0167343594749594,0.5137360903075484,0.4317958783120706,0.0200976763137808,0.3629733457260216,0.6370266542739783,0.0,0.38685396,0.5296832,0.040226717,0.4043359,0.55361956,0.04204456,0.3351095,0.6123033,0.04378113,0.3380867,0.61774313,0.044170093,0.37029555,0.6200247,0.0032809435,0.37268028,0.62401766,0.0033020729,국민의힘,0.14928368,0.3541,1,0.576,2,0.0699,0
울산광역시,동구,동구,26030,158268,0.1059342381277327,0.1397755705512169,0.1775153537038441,0.1563550433442009,0.1585917557560593,0.0945042585993378,0.169244572497283,0.709480122324159,0.4585260444309652,0.4142213126089,0.2192198836555392,0.3630186870223377,0.4568654019873532,0.4833086967233309,0.0564281021598094,0.4802225279415161,0.4210959701957161,0.0986815018627677,0.4588705349156181,0.4520961297632536,0.0,0.555745292240293,0.3346719583573775,0.0253318102057399,0.4590229712107533,0.5409770287892467,0.0,0.41242698,0.4887132,0.037971374,0.43916717,0.5203995,0.04043329,0.355093,0.5066502,0.102187045,0.3683804,0.5256088,0.10601083,0.34832773,0.5173289,0.12667088,0.35102093,0.5213288,0.12765028,국민의힘,0.08123234,0.3541,1,0.576,2,0.0699,0
울산광역시,북구,북구,26040,215421,0.0999252626252779,0.1423445253712497,0.1809619303596213,0.1798014121185956,0.1292631637584079,0.0661263293736451,0.1164742527423046,0.7330158155425887,0.4789412359983474,0.425386915948945,0.2185196685678798,0.3529964536109431,0.4720321050711419,0.4714483765049252,0.0537686975556366,0.4863130911216434,0.4063677401635245,0.107319168714832,0.0,0.4288518583144303,0.5711481416855697,0.5701631565641834,0.3282383369309453,0.0243665285961534,0.471502709128735,0.528497290871265,0.0,0.33779907,0.47212487,0.16809914,0.3453897,0.4827339,0.17187646,0.39195755,0.5018441,0.12849763,0.38340783,0.49089745,0.12569472,0.4464817,0.524876,0.014620401,0.45283124,0.5323404,0.0148283215,국민의힘,0.13734421,0.3541,1,0.576,2,0.0699,0
울산광역시,울주군,울주군,26510,224263,0.1093805041402282,0.1174915166567824,0.1478576492778568,0.1975047154457044,0.1641956096190633,0.1141427698728724,0.1871641777734178,0.7096979885224045,0.4718789992107481,0.3575505508605814,0.3134964529593085,0.3254280784036104,0.3882066263308735,0.5675163027676631,0.0410026721309205,0.4074004457452807,0.4993891141483848,0.0932104401063344,0.4651498591953794,0.5348501408046207,0.0,0.5080876714283167,0.4354323827867244,0.0256540581028302,0.3789060108174303,0.6210939891825696,0.0,0.39853525,0.5255304,0.046397235,0.41066512,0.54152554,0.04780939,0.3487818,0.5979091,0.045084078,0.35167432,0.6028677,0.04545797,0.3844016,0.6176866,0.0060335444,0.38130474,0.61271036,0.0059849364,국민의힘,0.13086042,0.3541,1,0.576,2,0.0699,0
세종특별자치시,세종시,세종특별자치시,29010,390156,0.1073314264037974,0.1521904058889265,0.194650344990209,0.1437758230041317,0.0974610155937625,0.0677626385343298,0.1113836516675381,0.7127379817303847,0.4982084089441146,0.5108285108088046,0.1534712323548152,0.3329676754008552,0.5191547298502334,0.441574485299555,0.0372132880365042,0.5562830072986925,0.332159740490931,0.1115572522103764,0.2438162717794003,0.406696213602728,0.3486325533859413,0.7130683072575541,0.1806367101835362,0.1062949825589096,0.4716326393100195,0.5283673606899805,0.0,0.46538013,0.4008124,0.10968519,0.47688365,0.4107199,0.11239645,0.48852462,0.42364186,0.07561055,0.49456975,0.42888412,0.07654617,0.5930187,0.25322577,0.08557415,0.63641006,0.27175435,0.09183563,더불어민주당,0.06616375,0.4946,1,0.4289,1,0.0765,0
경기도,수원시 장안구,수원시장안구,31011,280812,0.1513147586285486,0.1298733672350184,0.1448015042092218,0.1814808483967921,0.1410837143711807,0.1038986937880147,0.1640813070666495,0.7398188111619162,0.4968947195988775,0.4279037489945376,0.1965606615810862,0.3728859003948247,0.5044240496943534,0.4585907850148017,0.0343982907954501,0.5105236886984734,0.3784212387171914,0.1110550725843351,0.5554518256062689,0.4216940979292398,0.0228540764644912,0.5421611336437835,0.378924440438636,0.0725051324420409,0.5076529155323726,0.4741856879057282,0.0167050581583506,0.49579698,0.44836375,0.044028368,0.5017228,0.45372266,0.0445546,0.45748353,0.48797807,0.05003109,0.45955488,0.4901875,0.050257616,0.4647949,0.4911762,0.035329614,0.46887374,0.49548656,0.03563965,더불어민주당,0.048000157,0.4636,10,0.4897,11,0.0467,1
경기도,수원시 권선구,수원시권선구,31012,370600,0.1280626011872639,0.1592579600647598,0.1599163518618456,0.1740070156502968,0.142779276848354,0.0882487857528332,0.1488235294117647,0.7438828926065839,0.4956395035078251,0.430512748669095,0.1946601108108352,0.3720297544265584,0.5199914070891515,0.4433770139634801,0.0341697099892588,0.5223452385331224,0.372110036250986,0.1055447252158915,0.6033284077420605,0.3966715922579394,0.0,0.5670143986811942,0.3561445534863354,0.0692527625376709,0.5141361013387207,0.4661952697760284,0.017857350192158,0.5089786,0.4391281,0.044012044,0.5130218,0.44261646,0.04436167,0.4704513,0.47105882,0.051428415,0.473797,0.47440884,0.05179416,0.4767598,0.4756449,0.039799348,0.48050582,0.47938216,0.04011206,더불어민주당,0.070405364,0.4636,10,0.4897,11,0.0467,1
경기도,수원시 팔달구,수원시팔달구,31013,208817,0.1409272233582514,0.1669069089202507,0.1447391735347218,0.1738459991284234,0.1481632242585613,0.1050776517237581,0.1696413606171911,0.7442976386022211,0.4950890013744092,0.405080790092134,0.2273181917981996,0.3648768428842103,0.4894598766733869,0.4729347853593933,0.0352349700962487,0.4890700510365385,0.3969483462053806,0.1139816027580807,0.5541571450662359,0.445842854933764,0.0,0.5129198966408268,0.4159399224806202,0.0647725175341454,0.4837360535543513,0.496410583359898,0.0176984379980873,0.47712898,0.46522105,0.04419067,0.48363844,0.47156805,0.04479356,0.441782,0.50418466,0.048011992,0.44445822,0.5072389,0.04830284,0.45909354,0.50480825,0.04118808,0.45676863,0.50225186,0.0409795,더불어민주당,0.012070388,0.4636,10,0.4897,11,0.0467,1
경기도,수원시 영통구,수원시영통구,31014,364750,0.1554242631939684,0.1693708019191226,0.1745469499657299,0.1572912954078135,0.0983139136394791,0.0571651816312542,0.0963591501028101,0.7711336531871145,0.4991336531871144,0.4788594530364354,0.1528893826058848,0.3667214510423448,0.482998509863186,0.4823610859002664,0.0327239109970408,0.4909979950901807,0.3721940302705222,0.136807974639297,0.5086508716380973,0.4913491283619027,0.0,0.5727100434853383,0.34724321558961,0.0749715136153291,0.5084661822877813,0.4713228057197665,0.0188820000376135,0.49287194,0.43450806,0.048032362,0.505296,0.44546092,0.049243137,0.453042,0.46776515,0.06394052,0.460059,0.4750102,0.06493086,0.4516683,0.45727476,0.076514184,0.45833373,0.46402293,0.077643335,더불어민주당,0.059835076,0.4636,10,0.4897,11,0.0467,1
경기도,성남시 수정구,성남시수정구,31021,246990,0.1377667112028827,0.1513947933114701,0.1437993441030001,0.1665330580185432,0.1582574193287177,0.1179804850398801,0.1903680310943762,0.722952346248836,0.4964452002105348,0.4290925948321038,0.1921231910347885,0.3751965171121054,0.5398785298353266,0.4309373238995679,0.0272368668211132,0.5438637975880823,0.3605568389205182,0.0955793634913994,0.5841776634338821,0.4158223365661179,0.0,0.628277779733202,0.3073457463658442,0.0571433599662102,0.5079383101523323,0.4699498533446873,0.0197464282335131,0.51169163,0.42939872,0.04695998,0.51788014,0.43459195,0.047527924,0.49057364,0.46241513,0.043494374,0.49230504,0.46404713,0.043647878,0.4987939,0.48880047,0.030693881,0.48983565,0.48002172,0.030142626,더불어민주당,0.08328819,0.4636,10,0.4897,11,0.0467,1
경기도,성남시 중원구,성남시중원구,31022,205957,0.1240550211937443,0.1539787431357031,0.1447098180688202,0.1691129701830964,0.1648402336410027,0.12193321907,0.1977014619556509,0.7161349213670815,0.4973902319416188,0.4289690355052246,0.1922082717872969,0.3744392472235899,0.5724592020956494,0.3970901624836277,0.0281921483946334,0.5753893888534223,0.3388317991172251,0.0857788120293526,0.601171967452603,0.3988280325473969,0.0,0.641808892270899,0.2981302315469072,0.0517628727760263,0.5277263038378731,0.4483766964084876,0.0216261956533381,0.5210049,0.42589146,0.045187544,0.52516216,0.42928976,0.045548107,0.5318555,0.42650095,0.042936377,0.5311688,0.42595026,0.04288094,0.53572893,0.44992742,0.026022037,0.52954465,0.44473362,0.025721649,더불어민주당,0.0958724,0.4636,10,0.4897,11,0.0467,1
경기도,성남시 분당구,성남시분당구,31023,447920,0.1110488480085729,0.1415877835327737,0.1688582782639757,0.1732273620289337,0.1284113234506161,0.1031367208430076,0.1612162886229683,0.7156322557599571,0.5145963564922308,0.4147614542585909,0.2131623510849998,0.3705607241042857,0.4234675638734097,0.5501149045466152,0.0246631719662946,0.4430777434082763,0.448376571243331,0.1085456853483926,0.4769499044590243,0.5230500955409757,0.0,0.5370277518213795,0.3878645607797555,0.0713509735548617,0.4182187972609224,0.5641103814570705,0.0168805484573633,0.4213485,0.5094849,0.04848793,0.4302454,0.5202428,0.049511768,0.38070625,0.57326967,0.041811813,0.38231668,0.5756946,0.04198868,0.3913884,0.5791763,0.019106247,0.39547324,0.58522105,0.019305654,국민의힘,0.08999741,0.4636,10,0.4897,11,0.0467,1
경기도,의정부시,의정부시,31030,456516,0.1223418237257839,0.1308344066801601,0.1493091151241139,0.1780638575646855,0.1503167468391031,0.1217021966371386,0.1893099037054561,0.7066652647442806,0.5099076483628175,0.4103549878652486,0.2131893986061735,0.3739841320498452,0.5291735582377626,0.4353001079869322,0.0332093989638722,0.5427122168633333,0.3662921202737676,0.0909956628628991,0.5511209716009982,0.4417407192093679,0.0071383091896338,0.570257004672346,0.3565189740328346,0.0660026567236135,0.4970648632957392,0.482367676941437,0.0191751513261872,0.50326914,0.4369284,0.043787614,0.5114601,0.44403964,0.04450028,0.4744401,0.47483757,0.0439078,0.47769538,0.47809556,0.044209063,0.49656525,0.494299,0.010025917,0.49612364,0.49385938,0.010017,더불어민주당,0.06742048,0.4636,10,0.4897,11,0.0467,1
경기도,안양시 만안구,안양시만안구,31041,229980,0.1236759718236368,0.1432385424819549,0.1352769806070093,0.1748195495260457,0.1732715888338116,0.1272675884859553,0.2057135403078528,0.7093834246456213,0.5037003217671102,0.4208922768113171,0.2117544446568533,0.3648023800420569,0.5121769845696226,0.4533928239449711,0.0318894466133729,0.5178610956560236,0.3846462180902298,0.0974926862537466,0.5685839432885713,0.4314160567114287,0.0,0.5525207612863764,0.3747696457838317,0.067000729291646,0.4972104156617185,0.4848415898355374,0.0165190720195134,0.4973052,0.46539494,0.042869363,0.49455082,0.4628173,0.042631928,0.46745223,0.49456584,0.036684565,0.46805948,0.4952083,0.03673222,0.49617428,0.50746894,0.0014987359,0.493636,0.5048729,0.0014910689,더불어민주당,0.031733513,0.4636,10,0.4897,11,0.0467,1
경기도,안양시 동안구,안양시동안구,31042,315820,0.1138148312329808,0.152317775948325,0.1590811221581913,0.173047938699259,0.1423659046292191,0.0906940662402634,0.1539326198467481,0.7255113672345007,0.5106326388449116,0.440356361770678,0.1885725963189864,0.3693579313973155,0.4895958383353341,0.4772932428785467,0.0311938728979964,0.5040408137127244,0.3844045509851218,0.1115546353021538,0.5561931456236463,0.4438068543763537,0.0,0.5494975560708827,0.3654967191486641,0.0798563283524837,0.4992856265475398,0.4827289712375793,0.0169316205610255,0.4912575,0.4729479,0.04201086,0.48822257,0.47002608,0.04175132,0.44420794,0.5006174,0.045696795,0.44845837,0.5054076,0.04613405,0.46761033,0.5093477,0.01614059,0.47085992,0.5128873,0.016252756,더불어민주당,0.018196493,0.4636,10,0.4897,11,0.0467,1
경기도,광명시,광명시,31060,272371,0.10978040980868,0.1327894673074593,0.1615884216748479,0.1767038341086239,0.149909498441464,0.1097400237176498,0.1795161746294576,0.7100462237169155,0.5102525599274519,0.4491327651107025,0.1805306569711196,0.3681679175817374,0.5250738361294645,0.4421845345025322,0.030458037735083,0.5316118378768552,0.3677088586317028,0.1006793034914419,0.5916844853453673,0.4083155146546326,0.0,0.5915423280584855,0.3164297972919326,0.0858226502904118,0.523937690376448,0.4577717002018623,0.0164890422753286,0.51545554,0.44426838,0.042463195,0.5143306,0.44329882,0.042370524,0.47749102,0.4613564,0.047031425,0.48433033,0.46796462,0.047705077,0.51249295,0.48188603,0.015350354,0.50755477,0.47724274,0.015202443,더불어민주당,0.07103181,0.4636,10,0.4897,11,0.0467,1
경기도,평택시,평택시,31070,615755,0.1261751833115443,0.1678622179275848,0.1695430812579678,0.1650916354719003,0.118029086243717,0.0840805190376042,0.1342238390268857,0.7391673636430074,0.4713855348312235,0.3837324507005042,0.2318048716048114,0.3810537285610492,0.4944298030106758,0.4665713732672235,0.0366403120858831,0.5088827133802297,0.3894683554983705,0.1016489311213997,0.547504801721154,0.4390300183924584,0.0134651798863875,0.548397154828023,0.3720841859105525,0.0699162038390334,0.4708088596094892,0.5065077028464824,0.0207741227111298,0.48271936,0.45801026,0.04809249,0.48817614,0.46318772,0.04863614,0.44556463,0.50819457,0.047369417,0.44506234,0.5076217,0.04731602,0.48875678,0.5148226,0.0,0.48701358,0.5129864,0.0,더불어민주당,0.024988413,0.4636,10,0.4897,11,0.0467,1
경기도,동두천시,동두천시,31080,89466,0.1089128831064314,0.1062414772092191,0.1341515212482954,0.1783247267118234,0.1679632486084099,0.1728477857510115,0.2520622359332036,0.6627098562582433,0.499877048264145,0.3522910514014458,0.2866124327360353,0.3577446415306289,0.4996317856641885,0.4636870528825922,0.0335425725908262,0.5068541989767724,0.4221437866552578,0.0710020143679697,0.4782496450238802,0.5217503549761198,0.0,0.5137746227257769,0.4133092003196841,0.0612336044379671,0.4434271099744245,0.5333248081841432,0.0207416879795396,0.45119762,0.49620438,0.04339348,0.45538926,0.50081414,0.043796606,0.43173456,0.5336183,0.03692536,0.43075323,0.5324053,0.03684143,0.45545283,0.5475463,0.0,0.45409092,0.54590905,0.0,국민의힘,0.04542488,0.4636,10,0.4897,11,0.0467,1
경기도,안산시 상록구,안산시상록구,31091,348328,0.1485783514388737,0.1310804758733148,0.1447830780184194,0.1987264876782802,0.1499621046829425,0.089863576858593,0.1506396270182127,0.7589140120805677,0.4894007946533152,0.4374032013987814,0.1774881400911515,0.3822995575555052,0.5517291491632417,0.4118440473216921,0.0337519017234723,0.5516275059280017,0.3515293556479982,0.096843138424,0.5594107637532607,0.4092956013810505,0.0312936348656888,0.5814876138317518,0.3126663694835381,0.0972807743743233,0.5238583553334933,0.4545196692339581,0.0194692325035091,0.51233816,0.42495114,0.051644042,0.5180715,0.42970657,0.052221965,0.5047491,0.45400017,0.04703615,0.5018457,0.4513887,0.04676559,0.51691103,0.46718013,0.017945187,0.51586056,0.46623072,0.017908718,더불어민주당,0.0883649,0.4636,10,0.4897,11,0.0467,1
경기도,안산시 단원구,안산시단원구,31092,353223,0.1321629678701557,0.1595649207441191,0.1561987752779405,0.1942823655311234,0.1458710219889418,0.0770080091047298,0.1358773352811113,0.7702867593559876,0.4742131741138035,0.4330698951251421,0.1826624059021596,0.3815385935187766,0.5418857068131293,0.421781090623774,0.0337962599712305,0.5479482867030984,0.3520399556275784,0.1000117576693232,0.5418364177795642,0.430924237718545,0.0272393445018908,0.5607037325332709,0.3347415037446249,0.0964231463917837,0.515068629814687,0.4628999941803912,0.0198614933116067,0.5068038,0.42833203,0.04562319,0.5167465,0.43673524,0.046518248,0.4854346,0.46015176,0.049209323,0.4879742,0.4625591,0.049466766,0.51220024,0.47789216,0.009149718,0.51258874,0.47825462,0.009156657,더불어민주당,0.08001128,0.4636,10,0.4897,11,0.0467,1
경기도,고양시 덕양구,고양시덕양구,31101,482446,0.1089904362353507,0.148912002586818,0.1559739328339337,0.1745355956936113,0.1469490886026622,0.1147506663958246,0.179506100164578,0.7094099650530836,0.5093647786488021,0.4195439853236656,0.1941679042543898,0.3839783349349174,0.5210316012090246,0.4365714357011625,0.0402852250077201,0.5414586975556689,0.3608388144802517,0.0977024879640794,0.5341480029294845,0.3635726918316633,0.0117946930277629,0.5648040918741556,0.3312233510554298,0.0977347300450948,0.5078026590558133,0.4659834196110597,0.0247617772235172,0.5018219,0.42907807,0.04582115,0.51378214,0.4393046,0.046913236,0.45576322,0.4566957,0.07084687,0.46350104,0.46444935,0.072049685,0.46007758,0.46961734,0.076914236,0.45705685,0.466534,0.07640924,더불어민주당,0.07447755,0.4636,10,0.4897,11,0.0467,1
경기도,고양시 일산동구,고양시일산동구,31103,288578,0.1191532272037369,0.1345078280395595,0.1510406198670723,0.1920035484340455,0.1485075092349382,0.1098940321161003,0.1729896249887378,0.7260394070234044,0.5151709416518238,0.4347191597694905,0.1877310154560658,0.3758455032541889,0.4960541726548795,0.4698219646793471,0.032144555883451,0.5166798371527743,0.3869522161426814,0.0963679467045443,0.5406500450890986,0.4593499549109014,0.0,0.554633895784301,0.3445925744206193,0.0949011430455148,0.4726618210560682,0.5059023661013454,0.0201642696358918,0.48276517,0.46676335,0.04278031,0.48650697,0.4703811,0.04311189,0.44267884,0.5027662,0.048205085,0.44550776,0.50597906,0.048513137,0.4531308,0.5167634,0.030390356,0.45300192,0.5166164,0.030381711,더불어민주당,0.016125858,0.4636,10,0.4897,11,0.0467,1
경기도,고양시 일산서구,고양시일산서구,31104,273944,0.1144723009082148,0.1176919370382268,0.1507497882778962,0.2017054580498204,0.1502788891160237,0.1083469614227725,0.1718964459889612,0.7219103174371404,0.5167004935315247,0.4473386891032817,0.1843731614488694,0.3666585097908542,0.5085189704733556,0.4579616761208432,0.0313545086466146,0.5229611080036742,0.3835626279679586,0.0934762640283671,0.5489371791831948,0.4510628208168052,0.0,0.5693944729388348,0.3357651381765291,0.0899257444691112,0.4920831989680748,0.4900677200902935,0.0167284746855852,0.46877438,0.4372595,0.086320266,0.47238618,0.44062847,0.08698534,0.45585996,0.4927025,0.04977392,0.4566196,0.4935235,0.04985686,0.46675345,0.4981574,0.026679708,0.4707119,0.50238216,0.026905973,더불어민주당,0.031757712,0.4636,10,0.4897,11,0.0467,1
경기도,과천시,과천시,31110,81213,0.1015231551598881,0.1557016733774149,0.1564281580535136,0.1596542425473754,0.1351630896531343,0.091918781475872,0.1509241131345966,0.6919828106337655,0.5104108948074816,0.4064728739363533,0.2244601839555358,0.3672470611381634,0.3923657015175495,0.5761847127827949,0.029289637836328,0.4249128681746736,0.4611665413790747,0.1139205904462516,0.4841127212939242,0.5158872787060758,0.0,0.4849796096255019,0.4174890265541823,0.0909939918438502,0.4281765998157466,0.5443034984527437,0.0264096567689509,0.41150343,0.5145761,0.04012722,0.42589584,0.53257346,0.04153068,0.36976498,0.5729213,0.05029459,0.37237877,0.5769711,0.050650112,0.4117403,0.590786,0.0039066477,0.40910855,0.5870098,0.0038816773,국민의힘,0.10667762,0.4636,10,0.4897,11,0.0467,1
경기도,구리시,구리시,31120,182102,0.1155286597621113,0.1319754862659388,0.1555282204478808,0.1838145654633117,0.1569614831248421,0.1103172947029686,0.1786965546781474,0.7176856926337987,0.5063096506353582,0.4159737969261778,0.2135501751477174,0.3684441518542901,0.5010895826424748,0.4649122807017544,0.0317242250540843,0.5134512920016016,0.3916427977455419,0.0949059102528565,0.5397751050783312,0.4332320457067996,0.0269928492148692,0.5601096884514326,0.3713454560620595,0.0626433665596196,0.4878283592353183,0.4939485627836611,0.0168706734516114,0.48177394,0.46460873,0.043556266,0.48667037,0.4693307,0.04399894,0.45675322,0.5033284,0.043309554,0.45520955,0.50162727,0.04316318,0.48330638,0.5165835,0.009953072,0.4785956,0.5115484,0.00985606,더불어민주당,0.017339677,0.4636,10,0.4897,11,0.0467,1
경기도,남양주시,남양주시,31130,718385,0.1063510513164946,0.1183418362020365,0.1700661901348163,0.1764805779630699,0.138432734536495,0.115734599135561,0.1790418786583795,0.6971916173082678,0.5046611496620893,0.4161966735327264,0.2183608690061693,0.363415415102474,0.5232748681305939,0.4444091966194176,0.0301981486869942,0.5428338968416552,0.3718200177250868,0.0853460854332579,0.5436604372320021,0.3991298540886314,0.0572097086793665,0.5807501319925877,0.3441573006566847,0.0690329860691744,0.4983863126907392,0.483079914656872,0.0171226402355038,0.49965653,0.44314933,0.043752223,0.50646436,0.44918728,0.04434835,0.47313628,0.48449984,0.044341803,0.4722023,0.48354343,0.04425427,0.49410486,0.49132302,0.022833573,0.49005628,0.48729724,0.02264648,더불어민주당,0.057277083,0.4636,10,0.4897,11,0.0467,1
경기도,오산시,오산시,31140,254071,0.1165422263855379,0.1627694620794974,0.190391662173172,0.1636353617689543,0.1126063187061884,0.0755772992588685,0.1237961042385789,0.7467794435413723,0.4790590031920211,0.4429573353863335,0.1856667879290361,0.3691085523811135,0.5443375509777266,0.4168222763328901,0.0367637173032969,0.5492494278584451,0.3432332139486171,0.1075173581929377,0.5901775271876691,0.4098224728123309,0.0,0.5951888402798974,0.326324595019274,0.0708447790551768,0.5107897934386392,0.4687363304981774,0.0187970838396111,0.5148392,0.40910766,0.05093828,0.5281024,0.41964704,0.052250545,0.49181306,0.45704064,0.0456207,0.49454573,0.4595801,0.045874182,0.5182722,0.47383633,0.025026338,0.5095413,0.46585396,0.024604738,더불어민주당,0.10845536,0.4636,10,0.4897,11,0.0467,1
경기도,시흥시,시흥시,31150,571982,0.1167694088275505,0.1593371819392918,0.180182243497173,0.1783517663143246,0.1255266774129255,0.0707906892174928,0.1217835526292785,0.7536775632799634,0.4717596008265994,0.4352415957571791,0.1827240991557994,0.3790300924760418,0.5669690086254825,0.3990119613044652,0.0319254046669737,0.5714974673357319,0.3323145474341981,0.09618798523007,0.58833075136979,0.3887480359291573,0.018063932115824,0.615609220636663,0.3065916575192096,0.069873765093304,0.5419097868818539,0.4391527001862197,0.0173805090006207,0.5493011,0.42011636,0.04683842,0.5405146,0.41339627,0.046089202,0.52257633,0.42275578,0.043021765,0.528734,0.42773727,0.043528706,0.5582413,0.445068,0.023845756,0.543483,0.4333017,0.023215342,더불어민주당,0.12711832,0.4636,10,0.4897,11,0.0467,1
경기도,군포시,군포시,31160,258110,0.1188601758939986,0.1384642206811049,0.1464608112820115,0.1839990701638836,0.161214210995312,0.111204525202433,0.182116152028205,0.7223935531362597,0.5042152570609431,0.4450476580695247,0.1888154489778314,0.3638887690847925,0.522904738550386,0.4425053314891248,0.0325014189751417,0.5279660689761677,0.3712557015923092,0.1007782294315229,0.5692448500950213,0.4307551499049786,0.0,0.5664920212391374,0.3473472204616836,0.0805692877565104,0.5165069473949236,0.4640434939967584,0.0179782530016207,0.5058305,0.45113,0.04349354,0.5056009,0.45092526,0.0434738,0.47544628,0.47098804,0.04281832,0.4806116,0.47610492,0.043283504,0.50629985,0.4944267,0.0005826281,0.5056379,0.49378026,0.00058186636,더불어민주당,0.05467567,0.4636,10,0.4897,11,0.0467,1
경기도,의왕시,의왕시,31170,151306,0.1153225913050374,0.145420538511361,0.138976643358492,0.1746923453134707,0.1635625817879,0.1090637516027123,0.1829008763697407,0.7062376905079772,0.5051485069990616,0.423601320947838,0.2062242907630211,0.3683300824626793,0.4900033856626098,0.4773606087064987,0.0306224273418984,0.5013143582306019,0.3982052211747643,0.1004804205946337,0.5756014799370414,0.4243985200629586,0.0,0.5414015104618052,0.3749535718707441,0.0754240435805373,0.4934471006866135,0.4870570841477472,0.017779281311081,0.48243245,0.48542547,0.0437597,0.47689208,0.47985074,0.043257155,0.44970074,0.5087085,0.038773518,0.45097125,0.5101457,0.038883064,0.48589668,0.52489936,0.0,0.48070693,0.519293,0.0,국민의힘,0.0029586554,0.4636,10,0.4897,11,0.0467,1
경기도,하남시,하남시,31180,320872,0.1001801341344835,0.1556103368321324,0.1842510409135107,0.1501564486773542,0.1305286843351866,0.0951095764042982,0.1561494926325762,0.7009929192949214,0.5032598668627989,0.413868323160822,0.2309003575427065,0.353208855502185,0.4875609415009813,0.4827820669235332,0.0279933066822265,0.5068562768284162,0.395427031245746,0.0977166919258378,0.5107990098694345,0.4678632514952884,0.0213377386352771,0.5516491450508039,0.3782203673375949,0.0651997816401641,0.4788195822360114,0.5046574551751506,0.0154551029979436,0.46990082,0.4819056,0.043856956,0.47194746,0.48400453,0.044047974,0.43777364,0.517072,0.03931819,0.44034356,0.52010745,0.039549,0.4604882,0.5318206,0.019895274,0.45493615,0.5254085,0.019655399,국민의힘,0.012057066,0.4636,10,0.4897,11,0.0467,1
경기도,용인시 처인구,용인시처인구,31191,286273,0.1398036140327589,0.1361043479475885,0.1553307507169729,0.1674555406901803,0.1385251141393006,0.1057312425551833,0.1673123207567601,0.7276166456494325,0.4805867126833477,0.3756658694858556,0.2481318402956274,0.373445683675674,0.4980404578682914,0.4666380964802772,0.0329923543696857,0.5112974432958379,0.3944939200989272,0.0942086366052349,0.5022201481984275,0.4383378584761581,0.0594419933254143,0.5347866863169177,0.3988841464581698,0.0592857006143893,0.4547896667597416,0.5245862178530508,0.0188139689386572,0.46164778,0.46688038,0.043949436,0.47471303,0.48009372,0.045193262,0.43737003,0.5186003,0.040805522,0.43878475,0.52027774,0.040937513,0.44898534,0.52298534,0.023927981,0.45083436,0.5251391,0.024026522,국민의힘,0.00538069,0.4636,10,0.4897,11,0.0467,1
경기도,용인시 기흥구,용인시기흥구,31192,429488,0.1254470439220653,0.1193258018850352,0.1689802741869388,0.178789628581008,0.1164013895615244,0.1125153671348209,0.1644190291696159,0.7125856834183959,0.5072155683045859,0.4449050496993496,0.2063750153393054,0.3471399865014112,0.4986618034504241,0.4720649295054067,0.0276061769342943,0.5077341913129563,0.3927363819703877,0.099529426716656,0.5335814450149966,0.4431839952262056,0.0232345597587977,0.55641294049013,0.3729431381391943,0.0660305927816923,0.4932315704258853,0.4892548050842507,0.0165204763772627,0.47977045,0.47199935,0.045231998,0.4812132,0.47341874,0.04536802,0.4520112,0.5096834,0.044453587,0.44924912,0.50656885,0.044181947,0.46793443,0.5109887,0.019784655,0.4685399,0.5116499,0.019810256,더불어민주당,0.0077944696,0.4636,10,0.4897,11,0.0467,1
경기도,용인시 수지구,용인시수지구,31193,361720,0.1138726086475727,0.127969147406834,0.1788952781156695,0.168412031405507,0.1065934977330532,0.1082771204246378,0.1558636514431051,0.7055761362379741,0.5127280769656087,0.4236610178530953,0.2249036679510939,0.3502664408918992,0.4547083760271633,0.5184698531332248,0.0251662547967773,0.4771394803634743,0.4171894677697479,0.1056710518667777,0.5026229002928032,0.4973770997071968,0.0,0.5204181235431236,0.4030157342657343,0.0727127039627039,0.4530623418517587,0.5295875937791326,0.0166101895559271,0.44314864,0.48696876,0.0527734,0.45086256,0.49544543,0.053692028,0.4049319,0.54384613,0.04135438,0.40896744,0.5492661,0.041766517,0.42091772,0.55283576,0.0130285965,0.4265559,0.560241,0.013203114,국민의힘,0.044582874,0.4636,10,0.4897,11,0.0467,1
경기도,파주시,파주시,31200,510689,0.1089273510884315,0.1500541425407635,0.1677028485046672,0.1656565933474189,0.1258162991566295,0.1051520592767809,0.1612135761686662,0.7089089445827108,0.4868344530624313,0.4188004455822861,0.2178897379272606,0.3604018057808438,0.5330884223594899,0.4301477946139938,0.034206125488041,0.5520052655985879,0.3599186225672784,0.0880761118341336,0.5959400090895319,0.4040599909104681,0.0,0.572233406764833,0.3449769692114722,0.0747578341572417,0.5037631792376318,0.4745552852122195,0.0199297107326304,0.50716066,0.4273194,0.049140662,0.51560587,0.43443513,0.04995895,0.475949,0.46602577,0.045565374,0.48195407,0.47190565,0.046140276,0.5110518,0.4821757,0.02726789,0.5007879,0.4724918,0.026720248,더불어민주당,0.08117074,0.4636,10,0.4897,11,0.0467,1
경기도,이천시,이천시,31210,230189,0.1318264556516601,0.151618887088436,0.1516449526258856,0.161124119745079,0.1400110344108537,0.1044315757920665,0.1667933741403802,0.7239616141518491,0.4729244229741647,0.3639326408197952,0.2759548188546299,0.3569937541769457,0.4668938870851636,0.4976347529712497,0.0330767309641687,0.478830289661658,0.4268447001389878,0.0943250101993541,0.4866920800607192,0.5133079199392807,0.0,0.5216646293547542,0.4096743211385663,0.0596896009779097,0.4284193293569474,0.5487984979793701,0.0205611970371727,0.44075844,0.4933745,0.0432209,0.45097122,0.50480646,0.04422237,0.4062342,0.5514592,0.039645772,0.407318,0.5529304,0.039751545,0.4414622,0.5621065,0.0075537753,0.43660605,0.5559232,0.0074706827,국민의힘,0.053835243,0.4636,10,0.4897,11,0.0467,1
경기도,안성시,안성시,31220,215739,0.1379398254372181,0.1357288204728862,0.1508906595469525,0.1635911912078947,0.1452403135269932,0.1227038226746207,0.1889968897603122,0.7155961601750263,0.4743324109224572,0.3714428545826691,0.2532659240324847,0.371490015940539,0.4884734290364527,0.4720770217786312,0.0369091394469657,0.5074921538860878,0.4084620043576412,0.0840458417562709,0.5071754162320856,0.4736837022443698,0.0191408815235446,0.5360351367538431,0.3906717907766021,0.0617887801956478,0.4532196405520802,0.5233839737861186,0.0217704299473736,0.46826535,0.46630988,0.04484022,0.47810698,0.4761104,0.045782637,0.43644497,0.5194867,0.042454388,0.4371505,0.5203265,0.04252302,0.46203882,0.5339412,0.0031002676,0.46246415,0.5344327,0.0031031216,더불어민주당,0.0019965768,0.4636,10,0.4897,11,0.0467,1
경기도,김포시,김포시,31230,499536,0.1022909259793088,0.1496769001633515,0.1905508311713269,0.1512463566189423,0.1213305947919669,0.0959130072707472,0.1516086928669805,0.7046879504179879,0.4850441209442362,0.4175966698161981,0.2174914873513629,0.3626655732444333,0.510766686780929,0.4562214746977026,0.0310281944171253,0.5344700084788443,0.3760303708378755,0.0894996206832801,0.5491234074919186,0.4508765925080814,0.0,0.5741020836625506,0.3502438088358128,0.0684132108269183,0.4767190428138965,0.5048188801252085,0.0170977573673263,0.49084365,0.4533388,0.044897918,0.49626267,0.45834374,0.045393597,0.45447588,0.49762192,0.042798646,0.45680723,0.5001746,0.043018192,0.47610217,0.5197288,0.019538099,0.46889567,0.5118619,0.019242361,더불어민주당,0.037918925,0.4636,10,0.4897,11,0.0467,1
경기도,화성시,화성시,31240,1004079,0.1213271067316416,0.1792060186499269,0.1906543210245408,0.1469087591713401,0.096805131867114,0.0630249213458303,0.104058545194153,0.7432004852207844,0.4691702545317649,0.45991890205864,0.1804299230609274,0.357184445830734,0.5269193359109836,0.4391174244326287,0.0322875809700222,0.53196267976327,0.3436682984475315,0.1243690217891984,0.5337515764059743,0.3363945421877217,0.129853881406304,0.599178529120463,0.3155477443536014,0.0744146453563267,0.5203408103980114,0.4601120062292234,0.0179000329430085,0.5140397,0.39426002,0.051238973,0.53571546,0.41088498,0.053399593,0.48793602,0.43970698,0.05734485,0.49537262,0.44640854,0.05821884,0.506658,0.4600102,0.038535565,0.5040351,0.4576288,0.03833607,더불어민주당,0.124830484,0.4636,10,0.4897,11,0.0467,1
경기도,광주시,광주시,31250,402335,0.1064809176432574,0.1412678489318602,0.1712254713112207,0.1716977145910746,0.1472553966222178,0.1029962593361253,0.1701492537313433,0.712443610424149,0.4837337044999814,0.4038900391421965,0.2282236898446906,0.3654128066012785,0.5354308693042112,0.4346397704004013,0.0279598365171911,0.552948723823489,0.3697322396859582,0.0773190364905527,0.5569752107184496,0.4430247892815504,0.0,0.5924099805767219,0.3453380884636122,0.0556778983883226,0.4797442919951988,0.5027420969913194,0.0163995304946384,0.50241107,0.4422775,0.0428242,0.50876415,0.44787014,0.04336572,0.46947238,0.48564547,0.039122824,0.4721919,0.4884587,0.03934945,0.5350273,0.4983329,0.01394503,0.5108609,0.47582394,0.013315153,더불어민주당,0.060894012,0.4636,10,0.4897,11,0.0467,1
경기도,양주시,양주시,31260,293000,0.1109419795221843,0.1427098976109215,0.1600068259385665,0.1645153583617747,0.1333890784982935,0.1146313993174061,0.1759965870307167,0.6961706484641639,0.4902150170648464,0.3833780604976311,0.2476808137030779,0.3656859821753968,0.5212631812324192,0.4421688583424557,0.0341153158645918,0.5449391326672515,0.368712693352731,0.0863481739800175,0.6026736281706253,0.3973263718293747,0.0,0.5575622968580715,0.370964247020585,0.0606392199349945,0.4807972517362773,0.4977186433106793,0.0198036650606766,0.50224227,0.4314523,0.045314196,0.513011,0.44070318,0.04628579,0.46564752,0.488684,0.041482788,0.46760476,0.49073806,0.04165715,0.4957976,0.50864345,0.008876439,0.48928162,0.5019586,0.008759781,더불어민주당,0.072307795,0.4636,10,0.4897,11,0.0467,1
경기도,포천시,포천시,31270,157166,0.1367534963032717,0.132350508379675,0.1194215033785933,0.1755468740058282,0.1851672753649008,0.1461130269905704,0.2325121209421885,0.6979117620859473,0.4506381787409491,0.3067665834027199,0.3124507354981959,0.3768970302525673,0.4662171402122803,0.4978067176504002,0.0327887821760306,0.4776396206533193,0.4478082191780821,0.0745521601685985,0.5147972368551834,0.4747291521717523,0.0104736109730643,0.4864935441752502,0.435543304801973,0.064964456695198,0.4173652152936919,0.557095042817513,0.0219515136895428,0.44429418,0.51339763,0.038419303,0.44602874,0.51540196,0.038569294,0.40410417,0.5616414,0.03186564,0.4050718,0.56298625,0.031941943,0.43200624,0.5838562,0.0,0.42526057,0.57473946,0.0,국민의힘,0.06937322,0.4636,10,0.4897,11,0.0467,1
경기도,여주시,여주시,31280,117477,0.1056717485124747,0.1138009993445525,0.1318896464839926,0.1716506209726159,0.1860534402478783,0.1647471419937519,0.2532836214748419,0.6602569013509028,0.4857206091405126,0.3132065658033624,0.3315179978277165,0.3512062292523979,0.4266157053509382,0.5384711605281446,0.0316191799861014,0.4519516181758745,0.4770186335403726,0.0710297482837528,0.4858646971006521,0.5141353028993478,0.0,0.4659348415617222,0.4546602771276793,0.0651584382777963,0.3738592047601817,0.6033650946809794,0.0205443653761106,0.39944017,0.5429326,0.046279237,0.40402502,0.54916453,0.04681044,0.35189453,0.6046155,0.033148862,0.3555715,0.6109332,0.03349524,0.37745965,0.61103135,0.002489918,0.38089496,0.61659247,0.002512579,국민의힘,0.14513952,0.4636,10,0.4897,11,0.0467,1
경기도,연천군,연천군,31550,40386,0.1043926113009458,0.1066706284355964,0.1037240627940375,0.1538652008121626,0.2094290100529886,0.2118803545783192,0.3180805229534987,0.6020650720546724,0.4693705739612737,0.2946924428822495,0.3373637961335676,0.3633391915641476,0.4207853164734316,0.5369715226452766,0.0369890363935689,0.4277367124252024,0.4918338613164378,0.0804294262583597,0.429282707253886,0.5707172927461139,0.0,0.4745289311322327,0.4581874270468568,0.053109888277472,0.3849204560818423,0.5807382036144035,0.0276713686962008,0.39026666,0.51500034,0.0676862,0.40111554,0.52931666,0.069567785,0.3738676,0.58838725,0.034349907,0.3751413,0.59039176,0.03446693,0.39573765,0.6070619,0.00029550077,0.39451662,0.60518885,0.000294589,국민의힘,0.12820113,0.4636,10,0.4897,11,0.0467,1
경기도,가평군,가평군,31570,60384,0.0854199788023317,0.0922595389507154,0.114483969263381,0.1739368044515103,0.2235525967143614,0.1998377053524112,0.3103802331743508,0.6156266560678325,0.4888546634870164,0.2817715351922877,0.3618741577692547,0.3497719498289623,0.3967751908487716,0.5678137411115604,0.0313443839330305,0.4142810970542063,0.5166220334287561,0.0690968695170375,0.4154318805905223,0.5704575732035562,0.0141105462059215,0.4429339049240978,0.482955045952374,0.0580791026807998,0.3480229492944642,0.6174600713288882,0.026515738874244,0.3629641,0.5641465,0.03714441,0.3764192,0.58505946,0.038521357,0.33663744,0.6233932,0.033443592,0.3388487,0.6274881,0.033663273,0.35818973,0.643314,0.00027602594,0.3575534,0.64217114,0.00027553557,국민의힘,0.20864028,0.4636,10,0.4897,11,0.0467,1
경기도,양평군,양평군,31580,121622,0.0740984361381986,0.0875335054513163,0.1243031688345858,0.1706763578957754,0.2172715462663005,0.200720264425844,0.3082337077173537,0.6059594481261614,0.499704000920886,0.30181550609178,0.3531534336130411,0.3417198488729145,0.4164321071532563,0.5520115500339707,0.0285353780452295,0.4388309640235531,0.4947867621197853,0.0663822738566614,0.4460183264630976,0.5539816735369023,0.0,0.4422353754574122,0.4668218073894201,0.081836731252424,0.3956987868784154,0.5826348936715757,0.0199355779554814,0.39262387,0.540382,0.03605911,0.4051574,0.5576323,0.037210207,0.3554144,0.5887807,0.039266296,0.3613913,0.5986821,0.039926626,0.38558337,0.6028472,0.0067056436,0.38746792,0.60579365,0.0067384173,국민의힘,0.15247494,0.4636,10,0.4897,11,0.0467,1
강원도,춘천시,춘천시,32010,291783,0.1428424548380132,0.1205347809844987,0.1340790930246107,0.1576376965073359,0.1536244400804707,0.1347405434860838,0.2074932398391955,0.6874286713071015,0.5075381362176686,0.3818840083144886,0.2498058429840791,0.3656490554832226,0.4451601746573861,0.5131263239808049,0.0392925078898448,0.4615917993511096,0.4342028325562863,0.104205368092604,,,,0.6823098579623632,0.3176901420376368,0.0,0.4690371024734982,0.5309628975265017,0.0,0.45251152,0.48337716,0.0420118,0.46273783,0.494301,0.042961225,0.4061098,0.53216,0.05486565,0.40891683,0.53583825,0.05524488,0.43569902,0.54214966,0.021796891,0.4358535,0.5423419,0.021804621,국민의힘,0.031563163,0.3896,3,0.5662,4,0.0442,0
강원도,원주시,원주시,32020,365720,0.122180903423384,0.127868314557585,0.1477988625177731,0.1703762441211856,0.1526222246527398,0.1163458383462758,0.186046702395275,0.7009925626162091,0.5041069670786394,0.3810073993952653,0.2510828683104304,0.3647778952284963,0.4502754175865837,0.5066702348297317,0.0399946477554024,0.4774075417886645,0.4260629635567406,0.0965294946545948,,,,0.6617602998642197,0.3382397001357803,0.0,0.501750043509369,0.498249956490631,0.0,0.45412272,0.47671917,0.044355657,0.46567255,0.48884368,0.045483764,0.415131,0.53026086,0.04952747,0.4172509,0.5329687,0.049780387,0.43706122,0.54033405,0.010636872,0.44235525,0.546879,0.010765714,국민의힘,0.023171127,0.3896,3,0.5662,4,0.0442,0
강원도,강릉시,강릉시,32030,212352,0.123794454490657,0.0989206600361663,0.133650730861965,0.1697087854128993,0.1747758438818565,0.1663652802893309,0.2510313065099457,0.660742540687161,0.5007958484026522,0.3155748906705539,0.3387390670553936,0.3424365281827016,0.3872454066372311,0.5733727389260789,0.0364477994587665,0.4142682312288532,0.4996616514289828,0.086070117342164,,,,0.5861246714232069,0.4138753285767931,0.0,0.4197113755506388,0.5802886244493611,0.0,0.4032116,0.5074186,0.05051871,0.41951004,0.52792925,0.052560754,0.35528004,0.5948068,0.03848855,0.35938588,0.60168076,0.038933348,0.38048705,0.60341007,0.006375523,0.38422453,0.60933733,0.006438149,국민의힘,0.10841921,0.3896,3,0.5662,4,0.0442,0
강원도,동해시,동해시,32040,85673,0.0835735879448601,0.0976620405495313,0.1464988969687066,0.1839085826339687,0.1766367466996603,0.1652796096786619,0.2508608313004097,0.6436917115077095,0.4916134604834662,0.3109157031970906,0.3456548879118493,0.3393584106822993,0.4019168992574648,0.5572875524426423,0.0381097828567416,0.4216827576591963,0.4972988045031543,0.0810184378376494,,,,0.6336949167339634,0.3663050832660366,0.0,0.4244239631336405,0.5755760368663595,0.0,0.39923003,0.52252513,0.049585447,0.41100928,0.53794223,0.05104846,0.36006662,0.598304,0.041042518,0.36027807,0.59865534,0.04106662,0.38556555,0.6124336,0.00017264679,0.38627172,0.61355525,0.00017296299,국민의힘,0.12693295,0.3896,3,0.5662,4,0.0442,0
강원도,태백시,태백시,32050,37590,0.0635541367384942,0.0767491354083532,0.1417132216014897,0.1818834796488427,0.2037776004256451,0.2069167331737164,0.3100824687416866,0.6037509976057462,0.4943069965416334,0.3419075558099599,0.3604751001717229,0.2934315970234688,0.4041435331818012,0.5627305585572158,0.0301076871483399,0.4220354085150893,0.51435323286716,0.0636113586177507,,,,0.6234873710712255,0.3765126289287744,0.0,0.4674238982280781,0.5325761017719218,0.0,0.4529656,0.53107965,0.05286497,0.43684164,0.51217514,0.050983164,0.36869925,0.5787025,0.0408495,0.3730825,0.5855824,0.041335136,0.39886245,0.59008,0.010017584,0.39927766,0.5906943,0.010028012,국민의힘,0.075333506,0.3896,3,0.5662,4,0.0442,0
강원도,속초시,속초시,32060,79758,0.0894706487123548,0.1148348754983826,0.1396975851952155,0.1824017653401539,0.1862132952180345,0.1518719125354196,0.2397753203440407,0.6591564482559743,0.5021189097018481,0.3216393022062596,0.2983581323755772,0.3772874978621515,0.4170844618605813,0.5445360072225743,0.0363817975758274,0.4462016864435881,0.4752184364149719,0.0785798771414399,,,,0.6612147177419355,0.3387852822580645,0.0,0.4469909315746084,0.5530090684253915,0.0,0.42968473,0.5220895,0.043525558,0.43171385,0.52455497,0.0437311,0.38564906,0.5692543,0.039788656,0.387707,0.572292,0.04000098,0.4139716,0.58394784,0.0,0.41483468,0.5851653,0.0,국민의힘,0.09284112,0.3896,3,0.5662,4,0.0442,0
강원도,삼척시,삼척시,32070,62953,0.1233142185439931,0.0827283846679268,0.1181516369354915,0.1667593283878449,0.1903483551220752,0.194970851269995,0.2876749320921957,0.6326465776055152,0.4790081489365081,0.3081419242887803,0.3658386227681629,0.3207224074158637,0.3771406090900676,0.5858789225215218,0.0326761084883828,0.3908143983039129,0.5313868276720284,0.0777987740240586,,,,0.6386975106864471,0.3613024893135529,0.0,0.4315786599683285,0.5684213400316714,0.0,0.4157477,0.5338491,0.0349565,0.42227036,0.5422247,0.035504933,0.35451445,0.60328645,0.034228392,0.3573629,0.60813373,0.03450341,0.3840009,0.6190356,0.00015595765,0.3827789,0.61706567,0.00015546136,국민의힘,0.11995435,0.3896,3,0.5662,4,0.0442,0
강원도,홍천군,홍천군,32510,65719,0.0786987020496355,0.0956800925151021,0.1076553203791901,0.1641686574658774,0.2394589083826595,0.2073829486145559,0.3273482554512393,0.596433299350264,0.4788113026674173,0.3194271481942715,0.3138462248051289,0.3609612102762787,0.3983648397283384,0.5593718908162824,0.0386295799627979,0.4177163138986279,0.5096524260918496,0.0726312600095225,,,,0.6553063429188745,0.3446936570811256,0.0,0.4336224517982432,0.5663775482017568,0.0,0.4413299,0.53006905,0.034878008,0.43857697,0.5267626,0.034660447,0.37021995,0.58357215,0.039072,0.3728808,0.5877664,0.03935282,0.39741272,0.60416704,0.0,0.39678589,0.6032141,0.0,국민의힘,0.08818564,0.3896,3,0.5662,4,0.0442,0
강원도,횡성군,횡성군,32520,45947,0.0730406773021089,0.0791564193527325,0.0993971314775719,0.1651032711602498,0.250941301934838,0.226587154765273,0.3516660500141467,0.5834983785666094,0.4802489825233421,0.3016631945630272,0.3581503363956149,0.3350295413408012,0.3882927734314604,0.5736108104765144,0.0346640279538637,0.4094548578090008,0.5279013406141669,0.0626438015768322,,,,0.6276835531907031,0.3723164468092968,0.0,0.4325896473013769,0.567410352698623,0.0,0.432697,0.48031446,0.04878174,0.4498857,0.49939474,0.050719574,0.36445925,0.5941427,0.03511087,0.36676517,0.59790176,0.03533301,0.39021134,0.60934526,0.0,0.39038444,0.60961556,0.0,국민의힘,0.04950905,0.3896,3,0.5662,4,0.0442,0
강원도,영월군,영월군,32530,35449,0.0639792377782166,0.0681824593077378,0.1061525007757623,0.1813873452001466,0.2423763716889052,0.2355496628959914,0.3557223052836469,0.5777878078366103,0.4821574656548845,0.3128684455476264,0.3420338194228979,0.3392801737511635,0.4033292093127882,0.5588422749596971,0.0332920931278821,0.4247357131913589,0.5132526428680864,0.0620116439405546,,,,0.5997606428449308,0.4002393571550692,0.0,0.4563668145757698,0.5436331854242302,0.0,0.42666677,0.494237,0.09637286,0.4194206,0.48584327,0.09473614,0.36700624,0.5867798,0.03679835,0.3704947,0.59235716,0.03714812,0.3919822,0.6052671,0.0,0.3930634,0.60693663,0.0,국민의힘,0.06642267,0.3896,3,0.5662,4,0.0442,0
강원도,평창군,평창군,32540,39016,0.0685872462579454,0.0753793315562846,0.1097754767274964,0.184924133688743,0.2492567151937666,0.2203711297929054,0.344525322944433,0.5938332991593193,0.4809052696329711,0.31487318574989,0.3438278844744172,0.3362776718956164,0.3936604965829871,0.5693533431779938,0.0330711906315464,0.4066643283058576,0.5239214310768151,0.0694142406173272,,,,0.632599012880703,0.367400987119297,0.0,0.5053668695930792,0.4946331304069208,0.0,0.45563295,0.510381,0.042097706,0.4519668,0.5062743,0.041758973,0.38555297,0.58109945,0.034179203,0.3852326,0.5806166,0.0341508,0.40336087,0.5969357,0.0,0.40324128,0.5967587,0.0,국민의힘,0.05430749,0.3896,3,0.5662,4,0.0442,0
강원도,정선군,정선군,32550,32503,0.0577792819124388,0.0749469279758791,0.1195274282373934,0.1850906070208904,0.241577700519952,0.2237331938590284,0.3435375196135741,0.5889302525920684,0.4816478478909639,0.3488421141435019,0.3524275530434049,0.2926561775003163,0.40959215113922,0.5531500851374361,0.0338117246412065,0.4295901673727925,0.5115566928142959,0.0588531398129116,,,,0.6552323250322983,0.3447676749677017,0.0,0.4953836059427285,0.5046163940572714,0.0,0.47025162,0.49762675,0.02831808,0.47204706,0.49952674,0.0284262,0.40631863,0.55732703,0.035505936,0.40666363,0.55780023,0.035536084,0.42781618,0.5751962,0.0,0.42653129,0.5734687,0.0,국민의힘,0.027479678,0.3896,3,0.5662,4,0.0442,0
강원도,철원군,철원군,32560,40069,0.1011255584117397,0.1164740822081908,0.1172227906860665,0.1598742169757168,0.1864284109910404,0.1857795303102148,0.2745513988370062,0.6284409393795702,0.4792482966882128,0.3121270986540863,0.294123768558346,0.3900721520743721,0.4023105798316265,0.553992492437771,0.0406355916760814,0.4175934910800926,0.493841904904083,0.0885646040158244,,,,0.6663383500118194,0.3336616499881806,0.0,0.4309850027772635,0.5690149972227365,0.0,0.40251443,0.523482,0.06339386,0.4068308,0.5290956,0.06407367,0.3725935,0.58331096,0.038088597,0.37484515,0.58683604,0.038318776,0.39626527,0.5961912,0.002188424,0.39839873,0.59940106,0.0022002063,국민의힘,0.1222648,0.3896,3,0.5662,4,0.0442,0
강원도,화천군,화천군,32570,22278,0.1162133046054403,0.1198491785618098,0.1043181614148487,0.1534697908250291,0.1937786156746566,0.1824221204776012,0.2737678427147859,0.6286919831223629,0.4652123170841188,0.305547332899177,0.2990349890474217,0.3904446154756971,0.3962008975225917,0.5541894633306694,0.0456138193889469,0.4018229668143013,0.4964375120354323,0.1017395211502663,,,,0.6922538794199949,0.3077461205800051,0.0,0.4420079063175953,0.5579920936824048,0.0,0.42816374,0.5189025,0.04546025,0.43138775,0.52280974,0.04580256,0.38193607,0.57486296,0.03897846,0.38355565,0.5773006,0.039143745,0.40634397,0.59130967,0.0035374893,0.40586054,0.59060615,0.0035332807,국민의힘,0.09142199,0.3896,3,0.5662,4,0.0442,0
강원도,양구군,양구군,32580,20443,0.0973438340752335,0.1255686543070978,0.1192584258670449,0.148803991586362,0.1910189306853201,0.1699359193856087,0.2584747835444895,0.6371374064471946,0.4694027295406741,0.3081846656679831,0.2904807299468881,0.3942530300966907,0.3974430627357831,0.5509291602626799,0.0468073215034232,0.4115398485394879,0.488856833754057,0.0996033177064551,,,,0.6606872703695699,0.3393127296304301,0.0,0.4545308483290488,0.5454691516709511,0.0,0.4149489,0.5370488,0.04472604,0.41631284,0.53881407,0.044873055,0.37505272,0.574158,0.04177898,0.37846276,0.57937837,0.042158842,0.39213964,0.60371363,0.0060164714,0.3914078,0.6025869,0.006005243,국민의힘,0.122501224,0.3896,3,0.5662,4,0.0442,0
강원도,인제군,인제군,32590,31167,0.1124266050630474,0.1374209901498379,0.1264478454775884,0.1472390669618506,0.1933455257163025,0.1526293836429557,0.2444893637501203,0.6520037218853274,0.4473321140950364,0.3200428411469743,0.2940947373545591,0.3799230806679324,0.4159259086889747,0.539628612649509,0.0404895983618001,0.4263381399038686,0.4712772411218442,0.1023846189742871,,,,0.6818205680088194,0.3181794319911806,0.0,0.4829249144843829,0.5170750855156171,0.0,0.4557026,0.5231109,0.03225715,0.4507129,0.5173831,0.031903952,0.4105935,0.55689716,0.036063716,0.40913928,0.5549248,0.035935987,0.4325674,0.57333153,0.0,0.43003064,0.5699693,0.0,국민의힘,0.06667021,0.3896,3,0.5662,4,0.0442,0
강원도,고성군,고성군,32600,27774,0.1208684381075826,0.0993735147980125,0.1034420681212645,0.1600777705767984,0.2041117591992511,0.2130049686757399,0.3135306401670627,0.6164038309210053,0.4718081659105638,0.3058150207872145,0.3527887263106743,0.3363209329949786,0.3912105263157894,0.5706315789473684,0.0348947368421052,0.4125058817378574,0.5141945940293825,0.0732995242327599,,,,0.6530658123981341,0.3469341876018659,0.0,0.4425500370644922,0.5574499629355077,0.0,0.44305977,0.5003164,0.048669424,0.44661233,0.504328,0.049059667,0.37543324,0.5862258,0.033784796,0.37715158,0.588909,0.03393943,0.39642486,0.5989992,0.0,0.3982472,0.6017528,0.0,국민의힘,0.057715684,0.3896,3,0.5662,4,0.0442,0
강원도,양양군,양양군,32610,26687,0.0689474275864653,0.0815003559785663,0.1174729268932439,0.1733802975231386,0.2238168396597594,0.2394049537227863,0.3514819949788286,0.5802450631393562,0.4887773073031813,0.2829188518581176,0.3791800597755597,0.3321491005470027,0.3755241894241587,0.5882683849851693,0.0340595274624117,0.4126650967543769,0.5274905293334698,0.0598443739121531,,,,0.6295933648197213,0.3704066351802788,0.0,0.4167592935655181,0.5832407064344819,0.0,0.42123067,0.5555925,0.028543228,0.41898227,0.5526269,0.028390873,0.3575715,0.6053218,0.033047743,0.3590288,0.6077888,0.033182427,0.3798661,0.6191068,0.0,0.38025665,0.61974335,0.0,국민의힘,0.13364464,0.3896,3,0.5662,4,0.0442,0
충청북도,충주시,충주시,33020,215904,0.1238513413368904,0.1140090040017785,0.1329340818141396,0.1696772639691715,0.1701913813546761,0.1498304802134281,0.2305330146731881,0.676101415443901,0.486781161997925,0.3435027802973537,0.3051070710257522,0.3476988602752691,0.4368930596111123,0.5231556813706915,0.0364145658263305,0.460451490608306,0.4519214199551956,0.0876270894364983,0.488847079562019,0.511152920437981,0.0,0.6151766313698886,0.3072786085793784,0.0775447600507329,0.3899415417510179,0.6100584582489821,0.0,0.42840552,0.5229159,0.042832088,0.43092492,0.5259911,0.043083977,0.37731692,0.57596195,0.041669775,0.37923256,0.5788861,0.04188133,0.40832615,0.5719812,0.0096588535,0.41246474,0.5777785,0.00975675,국민의힘,0.09506616,0.4058,2,0.545,3,0.0493,0
충청북도,제천시,제천시,33030,130733,0.1182027491146076,0.0919737174240627,0.1202297813099982,0.173957608254993,0.1897837577352313,0.1721600514024768,0.2654570766371153,0.6458813000543092,0.4945499606067328,0.3386455129499222,0.3215333277915662,0.3353204526832049,0.4223005075671541,0.5388091871972559,0.0349850511043641,0.443964098898231,0.4784922444996652,0.0775436566021036,0.4282467319188071,0.4778952900216777,0.0938579780595152,0.6069276670062582,0.3140736428467472,0.0789986901469946,0.3868214794662521,0.6131785205337479,0.0,0.41228497,0.5206826,0.04099227,0.42330799,0.5346038,0.04208826,0.3648289,0.5857444,0.039427627,0.3685137,0.59166044,0.039825846,0.4033666,0.59854203,0.0,0.40259817,0.5974018,0.0,국민의힘,0.11129579,0.4058,2,0.545,3,0.0493,0
충청북도,청주시 상당구,청주시상당구,33041,195499,0.1081898117125918,0.1252538376155376,0.1512846613026153,0.1754740433454902,0.1504457823313674,0.1181847477480703,0.1864510815912101,0.6893283341602771,0.5025038491245479,0.399701461515933,0.2573477312019953,0.3393985772184905,0.4620602931930243,0.4939607531685363,0.0407607796419471,0.4882754457652303,0.4177733407627538,0.0939512134720158,0.5145236663119419,0.4618053949012168,0.0073751908573543,0.599320280004058,0.3033377295323121,0.0973419904636299,0.4235701200895583,0.5764298799104417,0.0,0.45216584,0.474511,0.044554356,0.46555942,0.48856646,0.045874096,0.40454137,0.53537184,0.055466898,0.40641898,0.5378567,0.055724338,0.40662915,0.5368185,0.053244308,0.40797877,0.5386002,0.053421028,국민의힘,0.023007035,0.4058,2,0.545,3,0.0493,0
충청북도,청주시 서원구,청주시서원구,33042,190979,0.1563470329198498,0.113352777006896,0.1356798391446179,0.1749354641086192,0.1502783028500516,0.1192539493871053,0.1885024007875211,0.7178171421988805,0.5008194618256457,0.4203930143996192,0.2278055456384624,0.3491238248244674,0.456770499647222,0.501017784878393,0.0394300404680999,0.4738099703970707,0.4217398041150518,0.1044502254878774,0.5246213751997169,0.4753786248002832,0.0,0.6085424387872896,0.2865605443830123,0.104897016829698,0.4276766021803516,0.5723233978196484,0.0,0.45741028,0.48234573,0.04419067,0.46487305,0.4902153,0.044911653,0.4020055,0.5415518,0.054710582,0.40270302,0.5424915,0.05480551,0.41524848,0.54187304,0.050031547,0.4122993,0.53802454,0.04967621,국민의힘,0.025342256,0.4058,2,0.545,3,0.0493,0
충청북도,청주시 흥덕구,청주시흥덕구,33043,291048,0.1377985761798741,0.1699169896374481,0.1581319919738325,0.1598602292405376,0.1225571039828481,0.0798734229405458,0.1334831368021769,0.7396477556966549,0.4903349275720843,0.4349575089411687,0.2045280047248745,0.35762050070545,0.4750526361284506,0.4814739350831373,0.0410901389840764,0.4949466061590429,0.3895241230081858,0.1155292708327712,0.5176853474482315,0.4458638818354136,0.0364507707163549,0.6239573060013088,0.2591319255620178,0.1169107684366733,0.4401528100994707,0.5598471899005293,0.0,0.47452545,0.45781535,0.05359109,0.4812964,0.46434784,0.054355774,0.42689037,0.5114293,0.059489086,0.42782784,0.51255244,0.05961973,0.4301575,0.52254164,0.048035484,0.42984173,0.522158,0.04800022,더불어민주당,0.016948551,0.4058,2,0.545,3,0.0493,0
충청북도,청주시 청원구,청주시청원구,33044,195842,0.1393317061713013,0.1479815361362731,0.1632387332645704,0.14970231104666,0.1232728423933579,0.099861112529488,0.1570245401905617,0.7173078297811502,0.4818986734204103,0.4394912775514468,0.2101396288171593,0.3472265747414603,0.4859685675335031,0.4705009817286999,0.0406152738122797,0.5046102125064889,0.3897545339936223,0.1056352534998887,0.5328661556066391,0.4671338443933609,0.0,0.6411610748587738,0.2523952202181456,0.1064437049230805,0.4528773163652601,0.5471226836347399,0.0,0.47874573,0.46327624,0.046047643,0.48452634,0.46887004,0.046603642,0.43378165,0.5050036,0.05531774,0.43635485,0.50799924,0.055645887,0.43595305,0.5196814,0.053329427,0.4320799,0.51506436,0.052855633,더불어민주당,0.015656292,0.4058,2,0.545,3,0.0493,0
충청북도,보은군,보은군,33520,29858,0.0599839239064907,0.0667492799249782,0.0896912050371759,0.1682631120637685,0.2483756447183334,0.276374840913658,0.4014334516712439,0.5358027999196195,0.4965168464063232,0.3276530520241637,0.3437471824001442,0.3203949147957803,0.3897196261682243,0.5680462839341344,0.0368936359590565,0.4201626907960881,0.5184169637144685,0.0614203454894433,0.4785019455252918,0.5214980544747082,0.0,0.48582792356222,0.4505805979701929,0.063591478467587,0.3810809380128103,0.6189190619871897,0.0,0.43713012,0.45833436,0.023476359,0.47568908,0.4987637,0.025547192,0.35384914,0.59863514,0.039137717,0.35683876,0.6036929,0.039468385,0.38454956,0.6180401,0.0,0.38355625,0.6164437,0.0,국민의힘,0.023074627,0.4058,2,0.545,3,0.0493,0
충청북도,옥천군,옥천군,33530,47416,0.0762400877340982,0.072760249704741,0.1128732917158765,0.1720305382149485,0.2210435296102581,0.2368820651256959,0.3464653281592711,0.5820819976379281,0.490066644170744,0.3394765606023803,0.3184357541899441,0.3336470731114889,0.417185517424533,0.5384047921154357,0.0392752810646522,0.4402897530646958,0.4889729602909261,0.0707372866443779,0.4920695953090455,0.5079304046909545,0.0,0.5888986724464914,0.3199336223245733,0.0911677052289352,0.4191621051125183,0.5808378948874816,0.0,0.47701174,0.5231209,0.045215067,0.4563188,0.5004277,0.04325362,0.38942984,0.5648856,0.042003114,0.3908688,0.5669729,0.04215832,0.42205206,0.5782137,0.0,0.42193994,0.5780601,0.0,국민의힘,0.044108927,0.4058,2,0.545,3,0.0493,0
충청북도,영동군,영동군,33540,43730,0.0843585639149325,0.0671621312600045,0.0969814772467413,0.1723530756917448,0.2281500114337983,0.2540589983992682,0.3678024239652412,0.5692202149554082,0.4964097873313515,0.3225327726935444,0.3400939896116745,0.3306022755379668,0.3823707047267872,0.5798658571473982,0.0336946501795988,0.4031608913320899,0.5306436307712444,0.0661954778966656,0.4643744233908168,0.5356255766091832,0.0,0.5740378559352936,0.3603606589982431,0.0656014850664633,0.3825842483188328,0.6174157516811671,0.0,0.42653605,0.49734583,0.054402653,0.43600407,0.50838566,0.055610254,0.35444638,0.5996828,0.035607327,0.35812193,0.6059014,0.03597657,0.37952194,0.6176382,0.0,0.3806028,0.6193972,0.0,국민의힘,0.072381586,0.4058,2,0.545,3,0.0493,0
충청북도,진천군,진천군,33550,96544,0.1098566456745111,0.1522000331455087,0.1673433874709976,0.1622783394100099,0.1377817368246602,0.1117625124295658,0.173268147166059,0.709417467683129,0.4514211136890951,0.3861470595403475,0.2514684019399966,0.3588506251370915,0.4938756464595404,0.4620873352257261,0.0409456779562157,0.5238558194992204,0.3880583325690177,0.0880858479317619,0.5684477809671009,0.4315522190328991,0.0,0.6469619581902928,0.274135476848363,0.0789025649613441,0.4654104820312268,0.5345895179687732,0.0,0.50368214,0.45739925,0.037738197,0.5042774,0.4579398,0.037782796,0.44790813,0.49734977,0.04512726,0.4522565,0.50217813,0.045565363,0.48892143,0.51618344,0.0014715081,0.4857271,0.512811,0.001461894,더불어민주당,0.046337605,0.4058,2,0.545,3,0.0493,0
충청북도,괴산군,괴산군,33560,37346,0.0938788625287848,0.0696727895892465,0.0884432067691319,0.166738071011621,0.2512183366357843,0.253869222942216,0.3799603705885503,0.571091950945215,0.4715899962512719,0.3067814435399057,0.3686363105207806,0.3172593775561874,0.3793255779708437,0.5854807833897806,0.030371079369754,0.4103707623115008,0.5321440719603916,0.0574851657281076,0.4439434310309489,0.5560565689690511,0.0,0.5718826103108102,0.3465967721963099,0.0815206174928798,0.3491980474198047,0.6508019525801952,0.0,0.4271815,0.47234014,0.051475096,0.44919345,0.496679,0.05412752,0.34768748,0.6065704,0.0373082,0.35064477,0.6117297,0.03762553,0.36968705,0.6270176,0.0,0.3709093,0.62909067,0.0,국민의힘,0.04748556,0.4058,2,0.545,3,0.0493,0
충청북도,음성군,음성군,33570,106652,0.1295803172936278,0.1387409518808836,0.1348497918463788,0.1755897685931815,0.1707984847916588,0.1392097663428721,0.2178862093537861,0.7078910850241908,0.4340471814874545,0.3673444064311417,0.2704341197950827,0.3570808147058302,0.4627222626598731,0.4976430626321445,0.0359779557034418,0.4896379484295661,0.4322786589702452,0.0780833926001885,0.5130772738989907,0.4869227261010093,0.0,0.6601904021760249,0.2689376767480517,0.0708719210759234,0.4344398549264557,0.5655601450735442,0.0,0.47911805,0.49370113,0.035570484,0.47513184,0.4895936,0.03527454,0.4221201,0.5406556,0.038450044,0.42160332,0.53999376,0.038402975,0.45079643,0.5626486,0.0,0.44481587,0.5551841,0.0,국민의힘,0.014461756,0.4058,2,0.545,3,0.0493,0
충청북도,단양군,단양군,33580,26597,0.0589540173703801,0.0673008234011354,0.0975673948189645,0.1817874196337932,0.2609692822498778,0.246982742414558,0.3757566642854457,0.5666428544572696,0.4885137421513704,0.2885743174924166,0.4016683518705763,0.3026794742163802,0.363132397742596,0.5980622284372971,0.0312640463467012,0.3872062398703403,0.5507495948136143,0.0620441653160453,0.3559689061632426,0.563964464186563,0.0800666296501943,0.5750890063653037,0.367191714316539,0.0577192793181573,0.3664629128952627,0.6335370871047373,0.0,0.39945063,0.4934433,0.05289139,0.4223481,0.5217287,0.055923253,0.33878365,0.62169456,0.03525369,0.34023583,0.6243594,0.0354048,0.36343783,0.6382452,0.0,0.36282718,0.6371729,0.0,국민의힘,0.09938058,0.4058,2,0.545,3,0.0493,0
충청북도,증평군,증평군,33590,38180,0.1151911995809324,0.1296490309062336,0.1437663698271346,0.1664222105814562,0.1572812991094814,0.1334730225248821,0.2074384494499738,0.6810110005238345,0.4772917757988476,0.3745842572062084,0.2598392461197339,0.361280487804878,0.4558232931726907,0.5029897367246765,0.0379741186970102,0.4785221923335575,0.4324983187626093,0.0889794889038332,0.5407716685949997,0.4592283314050002,0.0,0.6145022100610398,0.2754683224584298,0.1100294674805304,0.4416027791087685,0.5583972208912314,0.0,0.46293908,0.47661927,0.049167506,0.46821782,0.482054,0.049728148,0.4151444,0.53189003,0.04278962,0.4194123,0.5373581,0.043229517,0.44443166,0.5465978,0.0014362631,0.44780558,0.5507473,0.0014471665,국민의힘,0.013836175,0.4058,2,0.545,3,0.0493,0
충청남도,천안시 동남구,천안시동남구,34011,279621,0.1478036342048701,0.1280161361271149,0.150718293690388,0.1682777759896431,0.1423104845487284,0.1067337574788731,0.1685495724570043,0.7304458534945516,0.4917692161890559,0.3967921618675387,0.2330302305176677,0.3671598734412805,0.4605154368266217,0.4983944674823584,0.0385199618005037,0.4836196293746211,0.4180746076302455,0.0983057629951332,0.5257280881519084,0.4477066841684637,0.0204753166619786,0.6699879400447941,0.313041980129788,0.0,0.4791065003037525,0.5208934996962475,0.0,0.46688122,0.47235492,0.044355657,0.4746697,0.4802347,0.045095596,0.41197684,0.5314724,0.047887556,0.41557705,0.53611684,0.04830604,0.42971247,0.5390117,0.02843035,0.4309387,0.5405498,0.02851148,국민의힘,0.0055650175,0.4165,2,0.5373,3,0.0462,0
충청남도,천안시 서북구,천안시서북구,34012,415144,0.1464720675235581,0.166718054458212,0.1739300098279151,0.1590436089646002,0.1071218661476499,0.0668587285375676,0.1106652149615555,0.7603554429306457,0.4801273774882932,0.4453174119193151,0.177399912072951,0.3748906820964455,0.4901796925374147,0.4673575525163742,0.040049037906811,0.5044912501143192,0.3802512237115739,0.115257526174107,0.5512765279937063,0.4179669207859591,0.0307565512203345,0.7447560898047446,0.2380398142848057,0.0,0.5179930392499709,0.4820069607500291,0.0,0.50192374,0.41004345,0.049455944,0.5220633,0.42649636,0.051440354,0.4547165,0.47721434,0.052764054,0.46178415,0.4846317,0.053584166,0.48395172,0.48520643,0.036282655,0.48133287,0.48258078,0.036086317,더불어민주당,0.09556696,0.4165,2,0.5373,3,0.0462,0
충청남도,공주시,공주시,34020,104393,0.1233416033642102,0.0889523243895663,0.1115496249748546,0.1589091222591553,0.1943521117316295,0.2007605873957066,0.2954412652189323,0.6334715929228971,0.5032138170183824,0.3758143444714641,0.2781680626857606,0.3410789876609925,0.4171660488491011,0.5471714700150914,0.0323365225417942,0.4505843623765507,0.4734557164009603,0.0759599212224889,0.5194547091885849,0.4712293885662826,0.0093159022451324,0.5902335456475584,0.3892971854755294,0.0,0.4334703699989973,0.5665296300010028,0.0,0.44329768,0.52147007,0.03535791,0.44324198,0.52140456,0.03535347,0.385982,0.5737123,0.036115736,0.38760605,0.5761262,0.036267698,0.41862723,0.58741957,0.0,0.4161111,0.58388895,0.0,국민의힘,0.07816258,0.4165,2,0.5373,3,0.0462,0
충청남도,보령시,보령시,34030,96182,0.0916595620802229,0.1004137988396997,0.1289534424320559,0.1674221787860514,0.191252001413986,0.2024079349566447,0.2946705204716059,0.6237549645463808,0.474880954856418,0.3313831407184189,0.312997900203568,0.350954525782615,0.4029862221675482,0.5602318858408168,0.0326762209373846,0.4270132244692086,0.502356445943603,0.0706303295871885,0.4407121089512921,0.5543292987379694,0.0049585923107384,0.5344977038416849,0.4399771306320429,0.0,0.3742431712848831,0.6257568287151168,0.0,0.3967082,0.5559265,0.037013467,0.4008578,0.56174153,0.037400633,0.35660353,0.60425764,0.034494974,0.35826725,0.60707676,0.03465591,0.37857884,0.6204024,1.0609201e-06,0.3789645,0.62103444,1.0620009e-06,국민의힘,0.16088372,0.4165,2,0.5373,3,0.0462,0
충청남도,아산시,아산시,34040,392509,0.1306772583558593,0.1575225026687286,0.1768851160100787,0.1481596600332731,0.1088994137714039,0.0874374855098863,0.1351510411226239,0.7285922106244698,0.470335712047367,0.4245564353002369,0.2135121077269837,0.3591515922094434,0.4880016744283397,0.4711004133744964,0.0383967348647375,0.5106821792187162,0.3860387031554625,0.1032791176258213,0.5743204854324804,0.4162935775646561,0.0093859370028635,0.6657265740675457,0.3147038316607519,0.0,0.4899041018339023,0.5100958981660977,0.0,0.49566957,0.43518898,0.048180774,0.50628155,0.44450614,0.0492123,0.44310522,0.48833874,0.052695572,0.45024636,0.49620885,0.05354482,0.48606482,0.5103644,0.015672255,0.48025307,0.50426215,0.015484867,더불어민주당,0.061775416,0.4165,2,0.5373,3,0.0462,0
충청남도,서산시,서산시,34050,178586,0.0986695485648371,0.1226187943063846,0.1534386794037606,0.1713572172510723,0.150162946703549,0.1449777698139832,0.2124802616106525,0.6728466957096301,0.4728702137905547,0.3799339263024142,0.2507547649301143,0.3649911054637865,0.4507227575982209,0.5088120830244626,0.0372034840622683,0.481179473764917,0.4282402605017003,0.0905802657333826,0.5042453842302623,0.4957546157697377,0.0,0.6234429574731781,0.3557505727412712,0.0,0.4627191095045471,0.5372808904954528,0.0,0.45525625,0.48787367,0.04480165,0.4608176,0.49383348,0.04534894,0.40439114,0.54280967,0.047892686,0.4063851,0.5454861,0.048128832,0.42618775,0.55865484,0.007982172,0.42926785,0.5626923,0.00803986,국민의힘,0.033015877,0.4165,2,0.5373,3,0.0462,0
충청남도,논산시,논산시,34060,114692,0.1065375091549541,0.1013845778258291,0.1182122554319394,0.1591566979388274,0.1858804450179611,0.2044083283925644,0.2959055557493112,0.6233390297492415,0.4990583475743731,0.3923678109860211,0.2364062912114607,0.3660202395990949,0.4645368640808702,0.4974041314141303,0.0343643555653224,0.486584734980356,0.4406834165233561,0.0727318484962879,0.5245195596741091,0.4600099508675913,0.0154704894582996,0.5883461418716306,0.3911547347895194,0.0,0.468421459492888,0.531578540507112,0.0,0.45510885,0.5108911,0.0414763,0.45173162,0.50709987,0.04116852,0.41159856,0.54760545,0.038465112,0.4125602,0.54888487,0.03855498,0.44180095,0.56105626,0.0030831231,0.439192,0.5577431,0.0030649165,국민의힘,0.055368245,0.4165,2,0.5373,3,0.0462,0
충청남도,계룡시,계룡시,34070,45026,0.0883267445475947,0.116621507573402,0.1801403633456225,0.1829609558921512,0.1320570337138542,0.0951894460978101,0.1550215431084262,0.70241638164616,0.50151023852885,0.3620467791991522,0.238248429339187,0.3964499280902278,0.428365575128787,0.5303505169494578,0.038690154544472,0.4673109352704631,0.432351796601375,0.1003372681281618,0.5243245308976956,0.4548477089463828,0.0208277601559215,0.6370005069825322,0.3379729916578329,0.0,0.458907011226435,0.5410929887735649,0.0,0.4515531,0.48710462,0.050104883,0.45668504,0.4926406,0.05067433,0.4035542,0.5519529,0.046987403,0.40255007,0.5505795,0.04687049,0.42738286,0.55539656,0.0033880651,0.4333776,0.5631869,0.0034355882,국민의힘,0.035955578,0.4165,2,0.5373,3,0.0462,0
충청남도,당진시,당진시,34080,177715,0.0905494752834594,0.1339504262442675,0.1650676645190333,0.1651464423374504,0.1457108291365388,0.1363925386151984,0.2027009537743015,0.6763638409813465,0.4562698702979489,0.3915501558157163,0.2495578202644656,0.3529331255790449,0.4690112395504179,0.4924203031878725,0.0356685732570697,0.5056971279853595,0.4140924599269811,0.0802104120876594,0.51780345523895,0.48219654476105,0.0,0.6144623404397513,0.3613580164405534,0.0,0.4632494090397093,0.5367505909602907,0.0,0.47237685,0.48133928,0.03843741,0.47611263,0.48514593,0.03874139,0.40713874,0.53781474,0.045730863,0.41096717,0.54287195,0.04616088,0.44043672,0.5527244,0.01564583,0.43659168,0.5478991,0.015509241,국민의힘,0.0090332925,0.4165,2,0.5373,3,0.0462,0
충청남도,금산군,금산군,34510,53212,0.1070811095241674,0.0816733067729083,0.1105953544313312,0.1621250845673908,0.1994099075396527,0.2244982334811696,0.3215628053822446,0.6119860181913854,0.5041907840336766,0.3417795030106672,0.2889934896231317,0.3626555001986735,0.4196739000119889,0.5450485553290972,0.0307816808536146,0.4470577767232174,0.4895005338711591,0.0634416894056234,0.4598152812762384,0.5110999160369437,0.0290848026868178,0.5647042956369276,0.3948681637332254,0.0,0.4696875570984835,0.5303124429015166,0.0,0.43291393,0.53566974,0.021812804,0.43711174,0.54086393,0.022024315,0.3883632,0.5736845,0.036599565,0.38888928,0.5744616,0.03664914,0.42203936,0.5830366,0.0,0.41990793,0.5800921,0.0,국민의힘,0.103752196,0.4165,2,0.5373,3,0.0462,0
충청남도,부여군,부여군,34530,59930,0.0753545803437343,0.0748039379275821,0.0986150508927081,0.1540297013182045,0.2229601201401635,0.2806774570332054,0.3950442182546304,0.5438344735524779,0.5023861171366595,0.3137528487047114,0.3212176177852193,0.3579135854146318,0.3858847831076428,0.5770025246729401,0.0325682809272435,0.4151805132666377,0.5224735392199507,0.0623459475134116,0.5005210583839564,0.4905065704191342,0.0089723711969092,0.5321812913907285,0.44140625,0.0,0.4433539142590866,0.5566460857409133,0.0,0.50806916,0.4574828,0.01642422,0.51739454,0.46587974,0.01672568,0.38668573,0.5733963,0.036546443,0.38799384,0.57533604,0.036670074,0.415822,0.59324694,0.0,0.41208482,0.5879152,0.0,더불어민주당,0.051514804,0.4165,2,0.5373,3,0.0462,0
충청남도,서천군,서천군,34540,48575,0.0688419969119917,0.0789294904786412,0.0984662892434379,0.1543180648481729,0.2154400411734431,0.2952547606793618,0.4054966546577457,0.5342665980442615,0.4901080802882141,0.3620162639137205,0.286291020243382,0.346213737816483,0.4436241417942604,0.5221338082789923,0.0294447157507684,0.4616704288939052,0.4783446200150489,0.0599849510910459,0.5429842832796818,0.4515874518714889,0.0054282648488291,0.5378839590443686,0.4034439962767608,0.0,0.4350268246138336,0.5649731753861664,0.0,0.50537455,0.47947893,0.0,0.51314694,0.48685303,0.0,0.4136175,0.550261,0.036497943,0.41346183,0.55005395,0.036484208,0.43455684,0.56710947,0.0,0.43383393,0.56616604,0.0,더불어민주당,0.026293904,0.4165,2,0.5373,3,0.0462,0
충청남도,청양군,청양군,34550,29818,0.0891407874438258,0.0746864310148232,0.0910859212556174,0.1528606881749279,0.2272117512911664,0.27550472868737,0.3873834596552418,0.5575491313971427,0.4861493057884499,0.3012370933177479,0.3473602181959867,0.3452172218975258,0.359470706503951,0.6049469303782672,0.0314209566559124,0.390027487100352,0.5407243092057674,0.0692482036938805,0.4775255448734081,0.5137665475411486,0.0087079075854431,0.5306021960707076,0.4404943621054705,0.0,0.4437892231118805,0.5562107768881195,0.0,0.46862778,0.4751774,0.03655586,0.47801548,0.4846963,0.03728816,0.37663433,0.5812476,0.03544665,0.3791639,0.58515143,0.03568472,0.4021167,0.60525024,0.00022371812,0.39908734,0.6006906,0.00022203274,국민의힘,0.0066808164,0.4165,2,0.5373,3,0.0462,0
충청남도,홍성군,홍성군,34560,102178,0.1035056470081622,0.1091232946426823,0.1340699563506821,0.1568439390083971,0.1633228287889761,0.1800093953688661,0.2570122727005813,0.638591477617491,0.494304057624929,0.3543362831858407,0.2822250316055625,0.3590897597977244,0.4179664139903993,0.5428552956958834,0.035751806177369,0.4521673796709446,0.4641887851327108,0.0836438351963445,0.4970918412445859,0.5029081587554142,0.0,0.5925289910703463,0.3815103640551133,0.0,0.4303751803751803,0.5696248196248196,0.0,0.42631197,0.5078907,0.04476955,0.4354689,0.5187999,0.04573118,0.37311208,0.5742722,0.041133765,0.3774459,0.5809426,0.041611545,0.41247857,0.5805736,9.36516e-05,0.41532528,0.5845804,9.429794e-05,국민의힘,0.08333099,0.4165,2,0.5373,3,0.0462,0
충청남도,예산군,예산군,34570,79848,0.0813044785091674,0.0992260294559663,0.1136784891293457,0.1616321009918845,0.2016706742811341,0.2335061617072437,0.3316300971846508,0.5945922252279331,0.4870629195471395,0.2810456192925263,0.3840889302852977,0.3307348087553404,0.3324287118977384,0.6314060963618485,0.0326647000983284,0.3768482126146359,0.5515440763615946,0.0716077110237694,0.3973445732349842,0.6026554267650158,0.0,0.5293799270502412,0.4440287092599129,0.0,0.3696182183523108,0.6303817816476892,0.0,0.38966334,0.5849146,0.035625707,0.3857275,0.5790066,0.035265863,0.3018362,0.6508883,0.03490013,0.30561832,0.6590442,0.03533744,0.33428204,0.6713776,0.0,0.3324008,0.66759926,0.0,국민의힘,0.19327912,0.4165,2,0.5373,3,0.0462,0
충청남도,태안군,태안군,34580,60814,0.0836156148255335,0.0845857861676587,0.1122767783734008,0.1627092445818397,0.2127141776564607,0.2452560265728286,0.3504456210740947,0.5864110237774197,0.4743973427171375,0.3348410408380774,0.3302659284098885,0.3303179183238451,0.4007496936348127,0.5650094913136459,0.0300117740346493,0.4318820905653059,0.5032968098516436,0.0648210995830505,0.4343941500592203,0.5656058499407797,0.0,0.5500675827889164,0.4176616355034918,0.0,0.4440028128535176,0.5559971871464824,0.0,0.43664104,0.5377675,0.03771032,0.4314128,0.5313284,0.037258785,0.37857872,0.57734877,0.034772664,0.3821325,0.58276844,0.03509908,0.4146054,0.5912487,0.0,0.41219237,0.5878076,0.0,국민의힘,0.099915594,0.4165,2,0.5373,3,0.0462,0
전라북도,전주시 완산구,전주시완산구,35011,327406,0.1369645027885866,0.1131378166557729,0.1396492428361117,0.1769729326890771,0.1481524468091604,0.1324166325601852,0.1994496130186984,0.699730609701716,0.5142514187278181,0.6689284380622602,0.0300310622262959,0.2984053026445327,0.8217262552802335,0.1531724948830727,0.0234725427862213,0.8126148892018409,0.1119300508473832,0.0754550599507758,,,,0.6392145508146666,0.022136821878866,0.3276354926166723,0.8086926094103478,0.1913073905896522,0.0,0.7445388,0.10209754,0.14973482,0.74725044,0.102469385,0.15028016,0.69240427,0.16222706,0.121008895,0.70969224,0.16627756,0.12403025,0.70344096,0.17147753,0.15104045,0.6856424,0.16713879,0.14721881,더불어민주당,0.64478105,0.733,4,0.1576,1,0.1094,1
전라북도,전주시 덕진구,전주시덕진구,35012,322228,0.1393857765309036,0.1255756793326464,0.155995133880358,0.1611467656442022,0.1242629442506548,0.1115297242945988,0.166776319872885,0.7069031865635512,0.5015392827438956,0.6689485169751522,0.0279424397479471,0.3009801463016417,0.8201572731852018,0.1527070390477789,0.0257224678644055,0.8096617957527839,0.1094920726911454,0.0808461315560707,,,,0.6262666324491208,0.0210982276866606,0.339251413417944,0.7962846148993882,0.2037153851006118,0.0,0.7046346,0.09019281,0.189017,0.71620536,0.09167386,0.19212082,0.6862941,0.16954105,0.12404467,0.700386,0.17302229,0.12659173,0.67879283,0.16959593,0.14822537,0.68109894,0.17017211,0.14872894,더불어민주당,0.6245315,0.733,4,0.1576,1,0.1094,1
전라북도,군산시,군산시,35020,265473,0.1122185683666512,0.1094235571979071,0.1511716822426386,0.1722736398805151,0.1553001623517269,0.1466401479623163,0.2201504484448512,0.674761651844067,0.4852433204129986,0.6365720936999855,0.0374101556816528,0.3235326640477229,0.819778697505947,0.1556327673030958,0.022612822827426,0.8169981286773177,0.1213774733210077,0.0616243980016746,,,,0.7563083198515599,0.0343114327994295,0.1848063608412626,0.858974057712191,0.141025942287809,0.0,0.77261364,0.09851215,0.14061858,0.7636451,0.09736861,0.13898627,0.744143,0.15694115,0.09276461,0.7487487,0.1579125,0.09333875,0.7353088,0.17451595,0.08936905,0.7359021,0.17465675,0.08944116,더불어민주당,0.6662765,0.733,4,0.1576,1,0.1094,1
전라북도,익산시,익산시,35030,272392,0.1302057329143293,0.1022203295250961,0.1299120385327028,0.174080002349555,0.1649534494405122,0.1562380686657464,0.2327564686187553,0.6744581338658991,0.499900878146201,0.6445753559155621,0.0340979120316694,0.3182976634391418,0.8239288110681535,0.1496416056917063,0.0242941282977069,0.8222830126025837,0.1129330655745481,0.064783921822868,,,,0.7511953368432362,0.0258139035134844,0.2079214569678736,0.8007821530399938,0.1992178469600061,0.0,0.7450658,0.09979759,0.17452234,0.7308968,0.09789973,0.17120342,0.72522783,0.15283953,0.10538883,0.7374277,0.1554106,0.10716169,0.7317008,0.1653106,0.114134595,0.7236352,0.16348837,0.11287648,더불어민주당,0.63299704,0.733,4,0.1576,1,0.1094,1
전라북도,정읍시,정읍시,35040,101887,0.0886079676504362,0.0888435227261574,0.1220567884028384,0.1742027932906062,0.1817700000981479,0.2226191761461226,0.3098236281370538,0.6063187649062196,0.4967463955166017,0.6261887544173227,0.030112837865495,0.3390866545687738,0.8528040835516153,0.1222513264826381,0.0213177513600644,0.8583574800364582,0.0901114149287842,0.0515311050347576,,,,0.768148100158725,0.0237763596903242,0.1851899841274983,0.8468818528065248,0.1531181471934751,0.0,0.8264958,0.081079826,0.13487506,0.7928393,0.07777809,0.12938268,0.7331203,0.1318623,0.11378144,0.7490266,0.13472328,0.11625012,0.7329598,0.14919358,0.12918891,0.7247396,0.14752036,0.12774004,더불어민주당,0.7150612,0.733,4,0.1576,1,0.1094,1
전라북도,남원시,남원시,35050,73781,0.0740027920467329,0.0802916740082134,0.1165069597863948,0.1811035361407408,0.1872568818530516,0.2341659776907333,0.3241484935145904,0.588796573643621,0.5103481926241173,0.6451665607697196,0.0357810656258509,0.3142234728147408,0.8467864214488307,0.1280079915802993,0.0204070711214969,0.857202512800029,0.0930498565670503,0.0497476306329205,,,,0.7611801743622861,0.0309170164675492,0.1783984501130125,0.8343014368694589,0.1656985631305411,0.0,0.8425535,0.09304531,0.0946978,0.81777763,0.09030925,0.09191315,0.7383594,0.15220587,0.08872329,0.7539753,0.15542494,0.09059974,0.80814517,0.18647833,0.0033737186,0.80976695,0.18685256,0.0033804888,더불어민주당,0.7274684,0.733,4,0.1576,1,0.1094,1
전라북도,김제시,김제시,35060,79692,0.0869848918335592,0.0962204487276012,0.1108768759724941,0.1577322692365607,0.1924283491442052,0.2457837675048938,0.340523515534809,0.5833333333333334,0.4924208201576068,0.6232082978612505,0.0360338447104609,0.3379606303316712,0.8512947150583448,0.1246717562561953,0.0205380588838843,0.8519963823943191,0.098563006632277,0.0494406109734039,,,,0.7593673280476516,0.0249929568962047,0.1980722018754779,0.8259742165904254,0.1740257834095745,0.0,0.747232,0.09782629,0.18587135,0.72481376,0.094891325,0.18029489,0.7425172,0.1471008,0.08720785,0.7601326,0.15059061,0.08927676,0.80088145,0.18223351,0.007785378,0.8082361,0.183907,0.007856873,더불어민주당,0.62992245,0.733,4,0.1576,1,0.1094,1
전라북도,완주군,완주군,35510,102877,0.1188992680579721,0.120716972695549,0.1330812523693342,0.1596469570457925,0.159656677391448,0.1610758478571498,0.2355725769608367,0.6629372940501764,0.4810987878728968,0.6597621725855697,0.0341796561144142,0.3027157319620762,0.8389595137202622,0.1341078258661461,0.0242346331476455,0.8309837657832663,0.1053420285833217,0.0636742056334119,,,,0.613971665852467,0.0235661944308744,0.3388177821201759,0.8201274013646549,0.179872598635345,0.0,0.7090303,0.08709097,0.2194255,0.69817585,0.08575771,0.21606636,0.72577715,0.14480275,0.11676222,0.73508173,0.14665914,0.11825913,0.746377,0.16104402,0.1080846,0.7349807,0.15858507,0.10643428,더불어민주당,0.6124181,0.733,4,0.1576,1,0.1094,1
전라북도,진안군,진안군,35520,22855,0.0626996280901334,0.0721505141106978,0.0902209582148326,0.1683220301903303,0.2273463137169109,0.2826514985779917,0.3912491796105884,0.5436009625902428,0.4914023189674032,0.6617802210006108,0.046143594869232,0.2879115997556777,0.8370985010706639,0.1377944325481798,0.0198072805139186,0.836918620245695,0.1130304168231318,0.0500509629311732,,,,0.6889522790752957,0.054258037677542,0.2224401259879954,0.82368520620507,0.17631479379493,0.0,0.8602777,0.058515266,0.12087807,0.8274518,0.05628248,0.116265684,0.7343099,0.14849444,0.09032033,0.75458974,0.15259549,0.09281475,0.77223116,0.17432505,0.008307992,0.808734,0.18256527,0.008700705,더불어민주당,0.77116936,0.733,4,0.1576,1,0.1094,1
전라북도,무주군,무주군,35530,22904,0.0631767376877401,0.0812085225288159,0.1138665735242752,0.1711928047502619,0.2094830597275585,0.2613080684596577,0.3635609500523926,0.5710792874607056,0.491617184771219,0.6136068093155219,0.0728809551956496,0.3084288923040548,0.7697475098447997,0.1985753995830438,0.0267546907574704,0.7770623042116255,0.1668407007773523,0.0560969950110221,,,,0.6924156446396974,0.0466166331075721,0.2103850143388858,0.7797681083897864,0.2202318916102136,0.0,0.7161731,0.18302062,0.20578657,0.64813197,0.16563247,0.1862355,0.7149421,0.1842994,0.072280094,0.7358993,0.1897018,0.07439885,0.7494417,0.1831788,0.019896047,0.7868018,0.19231036,0.020887876,더불어민주당,0.48249948,0.733,4,0.1576,1,0.1094,1
전라북도,장수군,장수군,35540,19838,0.0612965016634741,0.0691097892932755,0.1018751890311523,0.1691702792620223,0.2110091743119266,0.2798165137614679,0.3861276338340558,0.5419901199717714,0.4965218267970561,0.6706729264475744,0.0453834115805946,0.278998435054773,0.8436372683169548,0.1285607662644607,0.0217688767259609,0.8447930789592614,0.1072373942798114,0.0479695267609271,,,,0.6893978055626435,0.0369992344985965,0.2348175554988517,0.8396874773927512,0.1603125226072488,0.0,0.922848,0.09843031,0.049584087,0.8617803,0.091916874,0.046302952,0.7435877,0.14002918,0.09246253,0.76181066,0.14346084,0.09472849,0.7570291,0.17570996,0.036067326,0.7814039,0.18136747,0.03722862,더불어민주당,0.7698634,0.733,4,0.1576,1,0.1094,1
전라북도,임실군,임실군,35550,24275,0.0735736354273944,0.072173017507724,0.0881565396498455,0.1611534500514933,0.2112461380020597,0.2973429454170957,0.3983110195674562,0.5353244078269825,0.4957775489186405,0.6374468505883516,0.0384159003263126,0.3185503806981113,0.8516096579476862,0.121579476861167,0.0195674044265593,0.859823684074857,0.0953240191782234,0.0448522967469196,,,,0.7107580098984111,0.0403230007814535,0.2070851784318833,0.8190630048465266,0.1809369951534733,0.0,0.866487,0.08594289,0.0829771,0.8368565,0.08300397,0.0801396,0.7464007,0.13034007,0.092288606,0.770256,0.1345058,0.09523819,0.7691121,0.17605501,0.0046625994,0.80973685,0.18535429,0.0049088793,더불어민주당,0.7538525,0.733,4,0.1576,1,0.1094,1
전라북도,순창군,순창군,35560,25494,0.0653487095002745,0.0704479485369106,0.1046520749980387,0.1669804659919981,0.202714364164117,0.2748882089903506,0.374323370204754,0.5493841688240371,0.5102377029889386,0.6152039184326269,0.0351359456217513,0.3403638544582167,0.8624980951897191,0.1124599989841011,0.0189973078681363,0.8637941006362059,0.090803932909196,0.045401966454598,,,,0.753810082063306,0.03389571333911,0.1530659054997706,0.813375250071449,0.186624749928551,0.0,0.84418666,0.100088656,0.074502334,0.82862705,0.09824387,0.07312914,0.73675984,0.13263126,0.10098355,0.75925297,0.13668047,0.10406656,0.759366,0.14679098,0.019040158,0.82076126,0.15865915,0.020579569,더불어민주당,0.73038316,0.733,4,0.1576,1,0.1094,1
전라북도,고창군,고창군,35570,51371,0.0648614977321835,0.0892526912071012,0.1065387086099161,0.1581436997527788,0.1985556053026026,0.27566136536178,0.3756788849740126,0.554262132331471,0.5018006268127932,0.6138204066942595,0.032031671765341,0.347566775495514,0.8609219691633404,0.1133025488507996,0.0199838251023975,0.8629728374204788,0.0927856822321357,0.0442414803473853,,,,0.7634657121113898,0.0294540432368443,0.1661264409932636,0.8492945703292005,0.1507054296707994,0.0,0.8628896,0.11085651,0.052960232,0.8404444,0.10797295,0.05158265,0.76354367,0.1181644,0.088551335,0.78694797,0.12178639,0.091265626,0.8008918,0.14754313,0.067559995,0.7882833,0.14522034,0.066496395,더불어민주당,0.73247147,0.733,4,0.1576,1,0.1094,1
전라북도,부안군,부안군,35580,46363,0.0664754222116774,0.0774108664236568,0.1070034294588357,0.1645493173435714,0.2098224877596359,0.2730841403705541,0.3782542113323124,0.5509781506804995,0.4974872204128292,0.6172134522992451,0.0416472203157172,0.3371859986273164,0.8497700142372139,0.1253148614609572,0.0197678238966159,0.8568386986884687,0.1003520127178788,0.0428092885936524,,,,0.7827617328519856,0.0285198555956678,0.1533995186522262,0.833700691647032,0.166299308352968,0.0,0.7857583,0.09626199,0.1087961,0.7930413,0.097154215,0.109804496,0.7632529,0.1442492,0.08117705,0.7719925,0.14590092,0.08210656,0.8123454,0.1586869,0.013766198,0.82488495,0.16113643,0.013978696,더불어민주당,0.6958871,0.733,4,0.1576,1,0.1094,1
전라남도,목포시,목포시,36010,214701,0.1127847564752842,0.1032552247078495,0.1569904192341908,0.174871099808571,0.152300175593034,0.1400179784910177,0.2115360431483784,0.6792842138602055,0.4962203250101303,0.537358323962997,0.0182393885251895,0.4414083788053338,0.8723966460687015,0.1036833600343992,0.0220127748996109,0.8681518621657095,0.0779588747144077,0.0538892631198827,0.7143227322196694,0.055219652080778,0.1671964344326014,0.7486746884768553,0.0,0.2307797713355885,0.8133529198867386,0.138862276723936,0.0477848033893253,0.6636007,0.065964095,0.2202857,0.69863695,0.06944682,0.23191617,0.7073509,0.10079519,0.16369982,0.7278426,0.10371519,0.16844216,0.695073,0.087054476,0.23132849,0.6858443,0.08589862,0.22825706,더불어민주당,0.62919015,0.7497,6,0.1175,1,0.1328,1
전라남도,여수시,여수시,36020,265859,0.1070454639489353,0.1117208745989415,0.1403864454466465,0.173490459228388,0.1659902429483297,0.1553116501604234,0.2325894553127785,0.6630544762449269,0.4819396747900202,0.6363223118134098,0.0234265923480707,0.336067969045944,0.8603063001826755,0.1168804961977994,0.0202748629933302,0.8524571248754392,0.0877746892536843,0.0597681858708763,0.7855792284750784,0.08229209307161,0.1321286784533115,0.8079106990166738,0.0,0.1426491021804189,0.8024649734022626,0.1583876526560275,0.0391473739417097,0.75113934,0.080249764,0.15474433,0.7617015,0.0813782,0.15692027,0.77905554,0.107754715,0.10462244,0.78578764,0.108685866,0.10552652,0.8010687,0.10696418,0.1135472,0.7841468,0.10470464,0.1111486,더불어민주당,0.6803233,0.7497,6,0.1175,1,0.1328,1
전라남도,순천시,순천시,36030,271376,0.114984375921231,0.117770178645127,0.1432661694475561,0.177226431224574,0.1502196214845823,0.1262749837863333,0.1918813749189316,0.6872604799245328,0.501308148104475,0.6781297017435172,0.0253341003628639,0.2900201345251792,0.8512735117925516,0.124261656403167,0.0224121318754974,0.842402054254697,0.0906516156916584,0.0669463300536445,0.6434145420207743,0.0875694050991501,0.2690160528800755,0.8042007730786721,0.0,0.134606639381537,0.6365275672225326,0.3198116971196042,0.0436607356578632,0.74702126,0.0954622,0.13379827,0.76516974,0.097781405,0.13704883,0.7386612,0.12699322,0.12721965,0.7439626,0.12790465,0.1281327,0.7341116,0.12683493,0.15905668,0.719715,0.12434758,0.15593743,더불어민주당,0.6673883,0.7497,6,0.1175,1,0.1328,1
전라남도,나주시,나주시,36040,118018,0.1071277262790421,0.1318273483705875,0.1425375790133708,0.1436221593316274,0.1469945262587063,0.1652205595756579,0.2358030130996966,0.6444440678540562,0.4950007625955362,0.6176007866273353,0.0208175305520438,0.3565107458912768,0.8578035831955341,0.1184742201390011,0.0204274471285946,0.8570200573065903,0.0812559694364851,0.0617239732569245,0.6773314568891949,0.1016723309328822,0.2209962121779228,0.7968060090338516,0.0,0.155825480874964,0.7718447554918628,0.1695753744675003,0.0585798700406368,0.71183735,0.07802076,0.18679897,0.72885084,0.07988552,0.19126363,0.7075708,0.11522298,0.16173185,0.7186921,0.11703401,0.16427389,0.76444227,0.005616325,0.21066916,0.7794643,0.0057266913,0.21480902,더불어민주당,0.6489653,0.7497,6,0.1175,1,0.1328,1
전라남도,광양시,광양시,36060,150390,0.103464326085511,0.1300352417049005,0.1491389055123346,0.1988762550701509,0.1436997140767338,0.1026265044218365,0.1627169359664871,0.7104727707959306,0.4735221756765742,0.6615789857260357,0.0431862903309768,0.2907786650563774,0.8135882758414001,0.1583900260736656,0.0258239178429785,0.8041311730972663,0.1201213740883024,0.0757474528144312,0.7050004355780121,0.2257862183116996,0.0692133461102883,0.7864603243109933,0.0,0.1598865528084345,0.7116593594411831,0.2277179163260756,0.0606227242327413,0.67281914,0.14562687,0.15185975,0.6934094,0.15008348,0.1565071,0.70465696,0.15875277,0.12379997,0.7137865,0.16080956,0.12540393,0.73137367,0.14793704,0.1278151,0.72619885,0.14689033,0.12691075,더불어민주당,0.5433259,0.7497,6,0.1175,1,0.1328,1
전라남도,담양군,담양군,36510,43310,0.0815285153544216,0.0852459016393442,0.1028169014084507,0.1694758716231817,0.2057954283075502,0.2493881320711152,0.3465019625952436,0.5825906257215424,0.5014546294158393,0.6080850545299458,0.0215682690550173,0.3634314263084141,0.8757789295905888,0.1001688894065575,0.0188107856269291,0.8808869991437093,0.0725189712699678,0.0465940295863229,0.695486806805447,0.0469996943661493,0.2575134988284036,0.7753249938680402,0.0,0.1625845334454606,0.7668072148044038,0.1701413289607246,0.0630514562348715,0.7365327,0.056606364,0.22529629,0.72320026,0.055581696,0.22121805,0.74734986,0.110554546,0.12598476,0.7595874,0.11236483,0.1280477,0.79696524,0.022037102,0.18094827,0.79700464,0.022038192,0.18095721,더불어민주당,0.6676186,0.7497,6,0.1175,1,0.1328,1
전라남도,곡성군,곡성군,36520,25990,0.084070796460177,0.0686033089649865,0.0927279722970373,0.1659099653712966,0.2093882262408618,0.2908811081185071,0.3900346287033474,0.5538283955367449,0.4988457098884186,0.5773470163435956,0.0300741163055872,0.3838369441277081,0.8529167683670978,0.1164266536490114,0.0230412496948987,0.864062958255939,0.0882784240883761,0.0476586176556848,0.6541013773490214,0.3154519600736073,0.0304466625773713,0.7167964746874359,0.0,0.2176163148186103,0.5415414280043102,0.409743095332615,0.0487154766630749,0.7781811,0.22136909,0.06555767,0.7306125,0.20783725,0.06155027,0.73162514,0.12333565,0.123279676,0.74789906,0.12607907,0.12602185,0.74437684,0.13255902,0.122613914,0.7447122,0.13261873,0.122669145,더불어민주당,0.5227753,0.7497,6,0.1175,1,0.1328,1
전라남도,구례군,구례군,36530,22724,0.0576923076923076,0.0554479845097694,0.0944816053511705,0.1792818165815877,0.2217919380390776,0.2966027107903538,0.40010561520859,0.5340168984333744,0.5164583700052807,0.6311732496943278,0.0335973632449098,0.3275742916378714,0.851152486945514,0.124109921409357,0.0206761960018988,0.8572269492160325,0.100551185315995,0.0422218654679723,0.7243130775350346,0.2269138975582889,0.0487730249066764,0.7157710408230272,0.0,0.2078362701105395,0.7123941958887545,0.2214026602176541,0.0662031438935912,0.77628547,0.13842805,0.06477756,0.7925396,0.1413265,0.066133894,0.717812,0.12825944,0.14384237,0.72512573,0.12956627,0.14530797,0.76432025,0.12969957,0.067551315,0.794866,0.13488297,0.07025098,더불어민주당,0.6512131,0.7497,6,0.1175,1,0.1328,1
전라남도,고흥군,고흥군,36550,58776,0.059820334830543,0.0667959711446849,0.0880971825234789,0.1533789301755818,0.2184224853681775,0.3315128623928134,0.4434122771199129,0.4992684088743705,0.4990302164148632,0.5766936971725233,0.0292401424464753,0.3810657742309177,0.8666766614550984,0.1098926988070506,0.0177764451393202,0.877895190856157,0.0855725684709941,0.0365322406728488,0.9047939183947872,0.0952060816052128,0.0,0.7112085441259134,0.0,0.2502304665542439,0.7778500843576766,0.1637261990841166,0.0584237165582067,0.8426922,0.054629344,0.035900813,0.9029919,0.0585384,0.03846973,0.7758294,0.11338876,0.0951258,0.78816897,0.11519222,0.096638784,0.8240177,0.12659015,0.10327494,0.7818874,0.12011786,0.09799471,더불어민주당,0.8444535,0.7497,6,0.1175,1,0.1328,1
전라남도,보성군,보성군,36560,36033,0.0593067465934004,0.0734049343657203,0.0906946410235062,0.1567452057835872,0.212027863347487,0.3182638137263064,0.42644242777454,0.5132239891210835,0.5133905031498904,0.559618548739129,0.0250159497666297,0.4070716228467815,0.8685497760936962,0.1069583189803651,0.0196693076128143,0.8749823521106875,0.0852393053790766,0.0397783425102357,0.9109809663250366,0.0890190336749634,0.0,0.7464829904629664,0.0,0.1953082179267,0.727240366645902,0.1998754115867224,0.0728842217673756,0.8479531,0.107245035,0.09719862,0.8057352,0.10190552,0.09235929,0.73960567,0.116180085,0.12757894,0.75211734,0.11814547,0.12973715,0.82568544,0.05986637,0.113065034,0.8268291,0.05994929,0.11322164,더불어민주당,0.70382965,0.7497,6,0.1175,1,0.1328,1
전라남도,화순군,화순군,36570,59174,0.0958191097441443,0.0803731368506438,0.1103863183154763,0.1824111941055193,0.1865853246358197,0.2228005542974955,0.3092743434616554,0.61043701625714,0.5109507553993308,0.5968114069493794,0.0180425453370864,0.3777859812652854,0.8783445749765489,0.098181980613749,0.019453254120695,0.8803458493653531,0.069855380124718,0.0497987705099287,0.7701680784544265,0.0739919300964647,0.1558399914491088,0.7675599359235427,0.0,0.1718932421058347,0.7655056867609628,0.1582627186905951,0.0762315945484421,0.7597772,0.08819124,0.14421155,0.7657655,0.088886335,0.14534818,0.73084337,0.10290907,0.15725197,0.7374774,0.103843205,0.15867938,0.7842473,0.023040535,0.1784967,0.7955565,0.02337279,0.18107072,더불어민주당,0.67687917,0.7497,6,0.1175,1,0.1328,1
전라남도,장흥군,장흥군,36580,33351,0.0666246889148751,0.0753200803574105,0.1027855236724536,0.1653023897334412,0.2050313333933015,0.2802614614254445,0.3830170009894755,0.5428622829900153,0.508890288147282,0.5491700014821402,0.0239736179042537,0.4152956869719875,0.8786681084305903,0.0955665759349714,0.0204332749170364,0.8809578632281833,0.0775577557755775,0.0414843809962391,0.919041568342712,0.080958431657288,0.0,0.7399055068090682,0.0,0.1889863818636598,0.7732736804049168,0.1455169920462762,0.0812093275488069,0.88935566,0.08128879,0.10231471,0.82888114,0.07576131,0.09535751,0.7422142,0.1042221,0.13565673,0.7557473,0.10612243,0.13813022,0.7674194,0.035653442,0.17168762,0.7872903,0.03657662,0.17613314,더불어민주당,0.7531198,0.7497,6,0.1175,1,0.1328,1
전라남도,강진군,강진군,36590,31042,0.0658462727917015,0.0747052380645577,0.0975452612589395,0.1582372269827975,0.2103923716255396,0.2838090329231364,0.390148830616584,0.534662715031248,0.5095998969138587,0.4989202591378069,0.0307126289690474,0.4636487243061665,0.8532771611439682,0.122134003078668,0.0195252369764238,0.8608720834022836,0.094241270891941,0.0448866457057752,0.8934801676249878,0.1065198323750121,0.0,0.747570690711722,0.0,0.2102775102862645,0.7602322345376902,0.163715752603042,0.0760520128592677,0.8357415,0.09445002,0.12526187,0.79183173,0.08948763,0.118680626,0.7232922,0.12768437,0.13310261,0.73499393,0.1297501,0.135256,0.7507828,0.08870968,0.12967397,0.77466863,0.09153194,0.1337995,더불어민주당,0.7023441,0.7497,6,0.1175,1,0.1328,1
전라남도,해남군,해남군,36600,62068,0.070954437069021,0.0822646130050911,0.1107978346329831,0.1651092350325449,0.2018592511439066,0.2599407101888251,0.3606528323773925,0.5621092994779919,0.4907520783656635,0.5394805357105663,0.0244110724625606,0.4300056237112328,0.8783456511754144,0.0980207941876487,0.0186646624076161,0.8853576672959933,0.0733375288441367,0.0413048038598699,0.91551337814683,0.0844866218531699,0.0,0.7493947015820033,0.0,0.2131825768082555,0.8075955362164402,0.1237308705561969,0.0686735932273628,0.7990056,0.08715502,0.12599635,0.7894088,0.08610821,0.12448302,0.73231804,0.10396705,0.15082337,0.741882,0.10532485,0.15279311,0.7750533,0.014553957,0.22824627,0.76145864,0.014298676,0.22424275,더불어민주당,0.7033006,0.7497,6,0.1175,1,0.1328,1
전라남도,영암군,영암군,36610,60323,0.1215622565190723,0.132470202078809,0.138802778376407,0.1675977653631284,0.1584967591134393,0.173499328614293,0.2461084495134526,0.6786963513087877,0.4308141173350132,0.5252550385668077,0.0230847916839457,0.4459097066710901,0.8627784988102963,0.1107505948518278,0.022442137140385,0.8685623330725443,0.0810963930180484,0.0503412739094072,0.7254927988318842,0.0689254662507466,0.1981482710559501,0.7316806053365194,0.0,0.2365259524757732,0.7954180064308681,0.1525138848289973,0.0520681087401344,0.698203,0.080821015,0.18376952,0.72518456,0.08394428,0.19087115,0.70905143,0.10762238,0.14748274,0.7354111,0.11162334,0.15296555,0.7011881,0.07325681,0.22924449,0.6986106,0.072987534,0.22840182,더불어민주당,0.6412403,0.7497,6,0.1175,1,0.1328,1
전라남도,무안군,무안군,36620,92913,0.1187885441219205,0.1235672080333215,0.157771248372133,0.145125009417412,0.1293145200348713,0.1374081129658928,0.1980131951395391,0.6660424267863485,0.4921700946046301,0.5648454693330782,0.0191560616208975,0.4115587025165056,0.8677344863165135,0.1086981444176943,0.0202099608575312,0.8589150129092381,0.0779595765158806,0.0631254105748812,0.6767690838175595,0.0572116532675316,0.2589150680569927,0.7641037306642402,0.0,0.2022292993630573,0.7969278965186196,0.1603506644434338,0.0427214390379465,0.7504731,0.064416304,0.15934964,0.77031726,0.06611961,0.16356319,0.72658163,0.10808822,0.13931333,0.7459899,0.110975444,0.14303464,0.77393377,0.059387524,0.19098316,0.7555701,0.057978395,0.18645157,더불어민주당,0.70419765,0.7497,6,0.1175,1,0.1328,1
전라남도,함평군,함평군,36630,29009,0.0724257988899996,0.074769898996863,0.0951084146299424,0.1635009824537212,0.2103485125305939,0.2952531972836016,0.4009790065152194,0.5403840187528008,0.4921576062601261,0.5835775862068966,0.0207758620689655,0.3907327586206897,0.8864394300316167,0.0889601108753085,0.0179306163107973,0.8917463075586447,0.0688097306689835,0.0394439617723718,0.4283669742881113,0.0387899126486699,0.5328431130632186,0.7052472059102103,0.0,0.2473479825724569,0.7957466428447928,0.1614316177741916,0.0428217393810155,0.80683774,0.050791092,0.17737556,0.7795501,0.049073312,0.17137662,0.7603497,0.110485844,0.11688758,0.7698004,0.11185913,0.11834043,0.751599,0.059421275,0.17693034,0.76076573,0.060145993,0.17908823,더불어민주당,0.73047674,0.7497,6,0.1175,1,0.1328,1
전라남도,영광군,영광군,36640,50012,0.0796808765896184,0.0999960009597696,0.1162321042949692,0.16044149404143,0.1777373430376709,0.2281452451411661,0.3150443893465568,0.5831600415900184,0.4975605854594897,0.5766484670306594,0.0233795324093518,0.3876802463950721,0.8584664181180791,0.1129875911190251,0.0218407434199543,0.8597258829731155,0.0836056931997891,0.0566684238270954,0.4904731660844713,0.04144172753255,0.4680851063829787,0.7738015286705683,0.0,0.1572164124212478,0.7658686433603793,0.156699722862199,0.0774316337774216,0.6706974,0.07887709,0.24725617,0.6728298,0.07912788,0.24804232,0.7394657,0.11528077,0.13039163,0.7506214,0.117019914,0.13235873,0.74104434,0.037296128,0.20325239,0.7549407,0.037995517,0.20706385,더불어민주당,0.59370196,0.7497,6,0.1175,1,0.1328,1
전라남도,장성군,장성군,36650,40067,0.0823370853819851,0.0868545186812089,0.1132602890158983,0.1691416876731474,0.1919784361194998,0.2429929867471984,0.3354131829186113,0.5845458856415504,0.4893802880175705,0.5693971166448231,0.028440366972477,0.3969855832241153,0.8633340757946988,0.1136920482387755,0.0191236834569001,0.8666916307807526,0.0835673719028896,0.0497409973163577,0.6109273369262219,0.0531128043114662,0.3359598587623118,0.7416378726890607,0.0,0.1746518006625583,0.7858224418233981,0.1572362129423015,0.0569413452343002,0.68302244,0.09442304,0.23473863,0.6748006,0.093286425,0.23191297,0.74934995,0.11753992,0.10786867,0.7687544,0.12058362,0.11066194,0.7984183,0.09387939,0.16526584,0.7549601,0.0887695,0.15627037,더불어민주당,0.5815141,0.7497,6,0.1175,1,0.1328,1
전라남도,완도군,완도군,36660,48182,0.0844921339919472,0.1181354032626292,0.1213108629778755,0.1466522767838612,0.1819559171474824,0.2402556971483126,0.3296666805030924,0.5905109792038521,0.4487567971441617,0.6054693146012199,0.0223744688231723,0.3664903304136675,0.888907967032967,0.0883985805860805,0.017485119047619,0.8990569332867622,0.0626382582372802,0.0383048084759576,0.932445912014584,0.067554087985416,0.0,0.8534033001698617,0.0,0.1128366901237563,0.8566312019382704,0.0969837424066856,0.046385055655044,0.86087996,0.08736803,0.10705976,0.815762,0.082789145,0.10144886,0.79386705,0.09522658,0.09172369,0.8093934,0.09708901,0.09351761,0.8271307,0.05241277,0.16375744,0.7928017,0.050237447,0.1569609,더불어민주당,0.73297286,0.7497,6,0.1175,1,0.1328,1
전라남도,진도군,진도군,36670,29448,0.0890043466449334,0.1062890518880738,0.1085302906818799,0.1544077696278185,0.1889771801140994,0.2516299918500407,0.3451847324096713,0.5834691659875034,0.466347459929367,0.4946216087577344,0.0247977153736316,0.4733460257020466,0.868183929400836,0.1074779377612633,0.0182071528100325,0.8760884749708964,0.079254947613504,0.0446565774155995,0.926279710063494,0.0737202899365061,0.0,0.7541429631461786,0.0,0.1992085085332673,0.81055788221912,0.1246574634196784,0.0647846543612016,0.79488623,0.09864028,0.17142849,0.7464036,0.0926239,0.16097252,0.7535404,0.10858378,0.10823151,0.776561,0.11190101,0.11153797,0.7311561,0.04098714,0.23269661,0.72763443,0.040789723,0.2315758,더불어민주당,0.6537797,0.7497,6,0.1175,1,0.1328,1
전라남도,신안군,신안군,36680,35572,0.0628303159788597,0.0802597548633756,0.1052232092657146,0.1669571573147419,0.2191049139772855,0.2826099179129652,0.3905881030023614,0.5489711008658495,0.4533903069830203,0.4998782481650259,0.0252548091974814,0.4689184958430445,0.8835129161486394,0.0948680757010636,0.0153681447713772,0.8873296179413147,0.0741287853353924,0.0385415967232928,0.6811496531219029,0.0768681863230921,0.23599603567889,0.7121972666984209,0.0,0.2323672736599128,0.8031115231147475,0.146426988029503,0.0504614888557494,0.79875046,0.04117968,0.22542764,0.7497485,0.03865338,0.21159805,0.7686966,0.10533178,0.10864773,0.7822482,0.10718871,0.110563114,0.773301,0.07419421,0.19422883,0.7423281,0.07122252,0.18644942,더불어민주당,0.71109515,0.7497,6,0.1175,1,0.1328,1
경상북도,포항시 남구,포항시남구,37011,222544,0.103004349701632,0.1128495937881946,0.1485234380616867,0.1751204256236969,0.1753855417355669,0.1391095693435904,0.2242972176288734,0.6712200733338126,0.4739467251419944,0.2321833560127004,0.4437885215720804,0.3211398383094533,0.255519437441953,0.7080469682897704,0.0337004113042324,0.2692202387471252,0.6470197678238966,0.0837599934289782,0.3021925079450943,0.6978074920549057,0.0,0.4248175432879085,0.4674751078445666,0.1077073488675248,0.2286260924693202,0.7713739075306797,0.0,0.2359063,0.66531986,0.051080227,0.24772102,0.6986405,0.053638436,0.21405777,0.74127764,0.040733155,0.21490265,0.74420345,0.040893927,0.2212562,0.7439014,0.040776074,0.21995108,0.73951334,0.04053555,국민의힘,0.4509195,0.2035,1,0.7528,5,0.0437,0
경상북도,포항시 북구,포항시북구,37012,270531,0.0986873962688194,0.1147705808206822,0.1449482684054692,0.1730966136967667,0.1751333488583563,0.1377254362716287,0.2205551304656398,0.6671028458845751,0.5012475464918993,0.2263347239148776,0.4535073122714915,0.3173689884691103,0.2480810105392993,0.7185225157759105,0.0307148442232084,0.267488649323263,0.6508241344436555,0.0816872162330815,0.2890569492266491,0.6233877138328687,0.087555336940482,0.4201318031875599,0.4696201698374037,0.1102480269750363,0.2227375064945061,0.7772624935054939,0.0,0.23348358,0.66380966,0.053460736,0.2455773,0.6981929,0.056229834,0.20919308,0.74515855,0.043765657,0.20958766,0.7465641,0.04384821,0.21861604,0.74608016,0.035887174,0.21848859,0.7456452,0.035866253,국민의힘,0.4526156,0.2035,1,0.7528,5,0.0437,0
경상북도,경주시,경주시,37020,258733,0.1059470573912102,0.109638121151921,0.1313670849872262,0.1783885318069206,0.1784928864891606,0.169197589793339,0.2529943996320531,0.6600936100149575,0.4892302102940096,0.2289719345279242,0.4834125786692794,0.283600122624894,0.2497402831059238,0.7151703684787845,0.0315026435987765,0.2664934853135611,0.6572581819452615,0.0762483327411773,0.2426719056974459,0.6577888908733702,0.0893731023397035,0.3298212171530265,0.5439436472892172,0.1262351355577563,0.2140410958904109,0.785958904109589,0.0,0.19439285,0.6660151,0.099661134,0.20247798,0.6937158,0.10380621,0.19645935,0.7480809,0.042459108,0.19904709,0.7579345,0.043018375,0.22058524,0.76476157,0.012191841,0.22112952,0.7666486,0.012221924,국민의힘,0.49123782,0.2035,1,0.7528,5,0.0437,0
경상북도,김천시,김천시,37030,136187,0.094164641265319,0.1065373346942072,0.1306218655231409,0.1644356656655921,0.1774104723652037,0.1825651493901767,0.2663176367788408,0.6341501024326844,0.4955318789605469,0.2430328047874896,0.4822325601712314,0.270257283885904,0.2336181132713083,0.7317330742504726,0.0307520091242224,0.2511242119758159,0.6738171568732921,0.0750586311508918,0.232255495176064,0.6578538302437019,0.109890674580234,0.3281205502519718,0.5606280103512747,0.1112514393967534,0.2118250597494329,0.788174940250567,0.0,0.15357813,0.70270556,0.11699196,0.15779512,0.7220006,0.12020435,0.19425164,0.7545079,0.042515103,0.19596148,0.76114917,0.042889327,0.22270656,0.770755,0.004568126,0.22314623,0.77227664,0.0045771445,국민의힘,0.56420547,0.2035,1,0.7528,5,0.0437,0
경상북도,안동시,안동시,37040,153692,0.1083725893345131,0.0949951851755459,0.1269747286781355,0.1640228508965984,0.176573927074929,0.1938812690315696,0.277978033990058,0.6314837467142076,0.5031621684928298,0.2168196779729362,0.4984011178108911,0.2798747151551525,0.2913583509513742,0.6786941256418001,0.0257663847780126,0.3128029229736783,0.6127339497427485,0.0744631272835731,0.2997608810613202,0.6632906444715242,0.0216586577150346,0.3100629068671503,0.438397299607654,0.2515397935251956,0.2822513812154696,0.7177486187845303,0.0,0.24532571,0.6120451,0.124108426,0.24995506,0.6235945,0.12645037,0.22890025,0.72336674,0.041476306,0.23034143,0.7279211,0.041737445,0.2510446,0.7431524,0.007255585,0.25068048,0.7420745,0.007245061,국민의힘,0.37363946,0.2035,1,0.7528,5,0.0437,0
경상북도,구미시,구미시,37050,407365,0.1197255532507702,0.147671007573061,0.1736968075313294,0.1753366145839726,0.1266824592196187,0.0770144710517594,0.1284130939084113,0.7414039006787525,0.480551839259632,0.2550855679937383,0.4041997211600394,0.3383013591409772,0.2674212241219096,0.6939176766649517,0.0355623088181923,0.2813169776950952,0.6206654651861326,0.0980175571187721,0.3022716969727497,0.6914118772981414,0.0,0.4306261360348902,0.4508823545465958,0.1184915094185138,0.242564677837762,0.757435322162238,0.0,0.2546687,0.60505784,0.0607832,0.27666053,0.6573074,0.06603211,0.23698623,0.71470207,0.04295135,0.23826341,0.7185538,0.043182824,0.25690714,0.735669,0.029398173,0.25138316,0.7198508,0.028766058,국민의힘,0.38064685,0.2035,1,0.7528,5,0.0437,0
경상북도,영주시,영주시,37060,99151,0.0890661717985698,0.0815523797036842,0.1187380863531381,0.169852043852306,0.1914050286936087,0.2188984478220088,0.311857671632157,0.6039172575163135,0.4994906758378634,0.2170762892456315,0.4915328881943457,0.2866316238102003,0.255487344566781,0.715427236600339,0.0255814947227484,0.2759084791386272,0.6585376558019779,0.0655538650593949,0.2738743410249762,0.7261256589750238,0.0,0.3234843546284224,0.5157431551499349,0.1607724902216427,0.234873679375287,0.7651263206247129,0.0,0.17409137,0.6585719,0.16211043,0.175006,0.6620318,0.16296211,0.21174374,0.74383545,0.041676216,0.2123265,0.74588263,0.041790918,0.23228085,0.76082736,0.004117034,0.23292717,0.76294434,0.0041284896,국민의힘,0.48702583,0.2035,1,0.7528,5,0.0437,0
경상북도,영천시,영천시,37070,99523,0.0872260683460104,0.1004390944806728,0.1148277282638184,0.1697296102408488,0.2020035569667313,0.2197582468374144,0.3175446881625353,0.6071159430483406,0.4794871537232599,0.1867719704824053,0.5409373665914496,0.2659327925840092,0.2041508197655371,0.7629873367235018,0.0283891001809039,0.2053981457412702,0.7416890506310834,0.0529128036276463,0.2137976302679413,0.5966911269691666,0.1895112427628921,0.2937478230581679,0.5707070707070707,0.1355451062347614,0.1871401344166917,0.8128598655833082,0.0,0.124555565,0.62052584,0.2297696,0.12776881,0.63653404,0.23569715,0.18737598,0.7636446,0.040993884,0.18888433,0.76979184,0.04132388,0.2178813,0.7767618,0.005852582,0.21777336,0.77637696,0.0058496823,국민의힘,0.5087652,0.2035,1,0.7528,5,0.0437,0
경상북도,상주시,상주시,37080,92458,0.0785437712258539,0.0777866707045361,0.1086763719743018,0.160126760258712,0.2094680828051656,0.2476043176361158,0.3506456985874667,0.5746717428454001,0.5037206082761903,0.1836640654031958,0.5693645484949833,0.2396729840208101,0.201570062566403,0.7666155117459568,0.0265464526029984,0.2191742950175093,0.7196657860785157,0.0611599189039749,0.1895990389470202,0.7706704737364417,0.0397304873165381,0.2652749231370284,0.6218511661089501,0.1128739107540215,0.1912271300620072,0.8087728699379928,0.0,0.17780939,0.71057016,0.13020809,0.17456463,0.6976033,0.12783198,0.17736465,0.7710423,0.04112879,0.17924026,0.77919596,0.04156372,0.2133154,0.7914525,0.0,0.21230316,0.7876969,0.0,국민의힘,0.5230386,0.2035,1,0.7528,5,0.0437,0
경상북도,문경시,문경시,37090,65505,0.0690176322418136,0.0765437752843294,0.1140523624150828,0.1636821616670483,0.2141210594611098,0.2477978780245782,0.3540951072437218,0.5675749942752462,0.5062056331577742,0.1765718501516517,0.5725469300762358,0.2448151487826871,0.2012915803582307,0.7664595264205353,0.0259128386336866,0.2173388377262623,0.7258812321371864,0.0567799301365512,0.1866472444768147,0.7846079145423647,0.0287448409808205,0.2475963193281167,0.6094219692971385,0.1429817113747447,0.1875736914953606,0.8124263085046394,0.0,0.14147165,0.7097486,0.19159904,0.13566267,0.6806056,0.18373178,0.16161935,0.7813956,0.042728625,0.16395679,0.79269665,0.04334659,0.21497369,0.7970444,0.0,0.21242079,0.7875792,0.0,국민의힘,0.5449429,0.2035,1,0.7528,5,0.0437,0
경상북도,경산시,경산시,37100,298529,0.1801533519356578,0.1184072569164134,0.1333069819012558,0.1594451460327137,0.1382512251741036,0.1213918915750228,0.1842668551464011,0.7245091766629038,0.4920259003312911,0.2226976173944591,0.453270531129001,0.3209730588551733,0.2305582593758946,0.7339822502147152,0.0317663899227025,0.2442450857844492,0.6668233758476123,0.0889315383679384,0.0,0.4343477928025109,0.5027107155036225,0.3591063656736435,0.5038374014692013,0.1370562328571552,0.2124458254967699,0.7875541745032301,0.0,0.15153903,0.5605453,0.19663228,0.16676159,0.61685383,0.2163846,0.19135389,0.7460165,0.04811947,0.19417132,0.7570006,0.04882797,0.21963327,0.7738075,0.014581609,0.2178853,0.7676491,0.014465559,국민의힘,0.45009226,0.2035,1,0.7528,5,0.0437,0
경상북도,의성군,의성군,37520,47094,0.044379326453476,0.065570985688198,0.0796492122138701,0.1485964241729307,0.2522826687051429,0.3392364207754703,0.4691468127574638,0.4828003567333418,0.5035885675457595,0.1427545101378319,0.6350912670959502,0.213799159171944,0.165580988181982,0.8031102757537527,0.025798810474008,0.1819977808449027,0.7718870937187086,0.0461151254363887,0.0,0.8419013018468059,0.158098698153194,0.2228757977706538,0.6185112202582277,0.1586129819711185,0.2206958879349299,0.77930411206507,0.0,0.12692156,0.68688476,0.2251881,0.12215808,0.66110533,0.21673658,0.14956588,0.7836109,0.044395216,0.1529973,0.80158895,0.04541376,0.1829542,0.81205475,0.006440581,0.18268938,0.8108793,0.0064312583,국민의힘,0.5389472,0.2035,1,0.7528,5,0.0437,0
경상북도,청송군,청송군,37530,23079,0.0527752502274795,0.0711469301096234,0.0872221500064994,0.1633086355561332,0.2461111833268339,0.3060791195459075,0.4276181810303739,0.5181766974305646,0.4983751462368387,0.1758277783848759,0.5849633919790187,0.2293192000874221,0.1996668636827682,0.7668583096018484,0.0260598570737735,0.2095917690009957,0.738356012833278,0.0520522181657263,0.0,0.8095238095238095,0.1904761904761904,0.2577966200127766,0.5520645798246123,0.190138800162611,0.2167253412389599,0.7832746587610401,0.0,0.1264977,0.704002,0.22512978,0.11983153,0.66690254,0.21326591,0.17285195,0.7626587,0.0476477,0.17581293,0.77572316,0.04846391,0.2095268,0.8014354,0.0,0.20725483,0.7927451,0.0,국민의힘,0.547071,0.2035,1,0.7528,5,0.0437,0
경상북도,영양군,영양군,37540,15059,0.0446908825287203,0.0685304469088252,0.0963543395975828,0.1663457068862474,0.2399893751245102,0.3024105186267348,0.417491201274985,0.5270602297629324,0.502423799721097,0.1908946355343543,0.5501715624738471,0.2390995062348313,0.2339972133431686,0.7351036800262274,0.0235226620768789,0.2472651501996874,0.703594374023268,0.0491404757770446,0.2342862643180286,0.7657137356819713,0.0,0.2739322533136966,0.5407461953853706,0.1853215513009327,0.2184904627178972,0.7815095372821028,0.0,0.19499993,0.71131,0.007155705,0.21347265,0.7786938,0.007833578,0.19374569,0.7496945,0.04641069,0.19573219,0.75738126,0.04688655,0.21739525,0.7812391,0.0033798038,0.21695825,0.7796687,0.00337301,국민의힘,0.56522113,0.2035,1,0.7528,5,0.0437,0
경상북도,영덕군,영덕군,37550,32655,0.0548767416934619,0.0757311284642474,0.0983922829581993,0.1614454141785331,0.2186495176848874,0.3091410197519522,0.4198744449548308,0.5212677997243914,0.5069361506660542,0.1461324687355257,0.6314651844989965,0.2159950594410992,0.1694505151420543,0.8044801748360911,0.02009834530128,0.1810897435897435,0.7716962524654832,0.0472140039447731,0.0,0.8353014893719574,0.1646985106280426,0.3012738853503184,0.5986066878980891,0.1001194267515923,0.1690895918860178,0.8309104081139821,0.0,0.11322776,0.7428399,0.20180032,0.10703392,0.7022047,0.19076134,0.14535397,0.8062549,0.040547673,0.14650306,0.81262875,0.04086822,0.19477051,0.7919255,0.0028232513,0.19683348,0.8003134,0.0028531544,국민의힘,0.5951708,0.2035,1,0.7528,5,0.0437,0
경상북도,청도군,청도군,37560,39479,0.0561311076774994,0.0695306365409458,0.0905798019200081,0.159401200638314,0.2479292788571139,0.2994250107652169,0.4243015273943109,0.52638111400998,0.5120950378682337,0.1765095997612494,0.5881221606923765,0.2268461717014291,0.1843675612221606,0.78393713111814,0.0259888479473049,0.201506716890563,0.7493583119437315,0.0491349711657055,0.1650774507217427,0.7362152790864207,0.0987072701918365,0.2675694520899849,0.6320965907005762,0.1003339572094388,0.1742204218893304,0.8257795781106695,0.0,0.1675975,0.66231406,0.12784033,0.17499052,0.69152987,0.13347958,0.16106002,0.77933854,0.043023147,0.16377513,0.7924764,0.04374842,0.203923,0.7891024,0.002353217,0.20486979,0.7927661,0.0023641428,국민의힘,0.51653934,0.2035,1,0.7528,5,0.0437,0
경상북도,고령군,고령군,37570,30934,0.084599469839012,0.0919376737570311,0.1097821167647249,0.1741772806620547,0.2161052563522338,0.2386047714488912,0.3415012607486907,0.6016034137195319,0.4712290683390444,0.1690305731910486,0.5989913998829304,0.2254491422396325,0.1747255738002358,0.792388641930509,0.0261271886056427,0.1880777813197322,0.7597795892344824,0.0521426294457853,0.176200285216289,0.8015105899751757,0.0222891248085353,0.2588892914445422,0.6002794886393044,0.1408312199161534,0.1797705819094276,0.8202294180905724,0.0,0.09225353,0.7052732,0.21503639,0.09110892,0.6965227,0.21236838,0.1527231,0.7859573,0.043112252,0.15555535,0.8005328,0.043911766,0.20059873,0.78844655,0.0,0.20282058,0.79717946,0.0,국민의힘,0.6054138,0.2035,1,0.7528,5,0.0437,0
경상북도,성주군,성주군,37580,41068,0.0681065549819811,0.0951348982175903,0.0992013246323171,0.1668208824388818,0.237873770332132,0.2522645368656862,0.3651504821272036,0.5780169475017045,0.4680529852926853,0.1810847003682624,0.5640441914964848,0.2481754268496819,0.1820044122281752,0.7873306019539867,0.0249606051055783,0.1908114824608914,0.7574792111383694,0.0517093064007391,0.167222640697299,0.8122601241077514,0.0205172351949496,0.2688435772595819,0.5999926785518176,0.1311637441886005,0.1790036698680409,0.820996330131959,0.0,0.1077279,0.5999955,0.3085437,0.10600354,0.5903916,0.30360496,0.15571399,0.781281,0.04283204,0.15891989,0.79736626,0.04371388,0.21432835,0.78874207,0.0012248202,0.2134117,0.78536874,0.0012195818,국민의힘,0.48438805,0.2035,1,0.7528,5,0.0437,0
경상북도,칠곡군,칠곡군,37590,110043,0.0954626827694628,0.1171632907136301,0.1739501831102387,0.1902074643548431,0.1479876048453786,0.1272139072907863,0.1921521587015984,0.7042065374444535,0.4691711421898712,0.2356391670507395,0.4424100222063937,0.3190039245261937,0.2485141106546383,0.7127186480877558,0.0349272231869326,0.2638420938471549,0.6606752946280096,0.0754826115248355,0.2523322080656285,0.7236560310719082,0.0240117608624632,0.3961220394921897,0.4915896262681193,0.1122883342396909,0.2277049100394948,0.7722950899605051,0.0,0.22326627,0.62912655,0.0776176,0.24006858,0.6764726,0.083458856,0.2060564,0.74347496,0.0433805,0.20752738,0.7487824,0.04369018,0.22977142,0.7470459,0.028421484,0.22857398,0.7431527,0.028273366,국민의힘,0.43640402,0.2035,1,0.7528,5,0.0437,0
경상북도,예천군,예천군,37600,53609,0.0611651028745173,0.0969240239512022,0.1303885541606819,0.1385215169094741,0.1823760935663787,0.2380756962450335,0.3301497882818183,0.5527803167378612,0.5072842246637691,0.1652220337918472,0.5940267571132467,0.2311412599711073,0.2362650135606354,0.7318610357742477,0.0252615265401007,0.265870388516645,0.6638152493445272,0.0703143621388278,0.2618580356873283,0.7047794450650645,0.0134053923492648,0.2553598542362587,0.600425144245369,0.1442150015183723,0.2935030328529855,0.7064969671470145,0.0,0.21812473,0.72972137,0.05573302,0.21734682,0.7271189,0.055534255,0.1983474,0.73778987,0.046725195,0.20180586,0.7506542,0.047539912,0.2313297,0.7544956,0.0036076186,0.23380028,0.7625536,0.0036461477,국민의힘,0.50977206,0.2035,1,0.7528,5,0.0437,0
경상북도,봉화군,봉화군,37610,27972,0.0456170456170456,0.0586658086658086,0.0914128414128414,0.1667739167739167,0.252002002002002,0.3015515515515515,0.426068926068926,0.5187330187330187,0.4951022451022451,0.1847430101391388,0.5522099811262784,0.2536101479173067,0.2335779408494551,0.7320435846119635,0.0264176117411607,0.2496788619820162,0.7002711832151862,0.0500499548027974,0.2447670137793205,0.7552329862206795,0.0,0.2695125260016279,0.5286244008320521,0.20186307316632,0.2218057546025796,0.7781942453974203,0.0,0.20235598,0.6657859,0.08324202,0.21269645,0.6998078,0.08749572,0.1929447,0.7444669,0.04772464,0.19585586,0.7556994,0.04844471,0.22348784,0.78189117,0.0,0.22229214,0.77770793,0.0,국민의힘,0.4871114,0.2035,1,0.7528,5,0.0437,0
경상북도,울진군,울진군,37620,45274,0.0751424658744533,0.1025533418739232,0.1205990193046781,0.1717762954455095,0.1967796086053805,0.2212749039183637,0.3141979944338914,0.6053805716305164,0.4735388964968856,0.2155510898129541,0.5226464677693615,0.254815272839697,0.207695091062598,0.762694487999035,0.0235797853093716,0.225120594832089,0.7106338525824193,0.0642455525854917,0.0,0.8352146967684816,0.1647853032315183,0.2946566855962829,0.5574664429530202,0.1478768714506969,0.1919578212601641,0.8080421787398359,0.0,0.10015231,0.7389105,0.25907752,0.091201745,0.6728744,0.23592387,0.17920712,0.766162,0.04172484,0.1815502,0.7761794,0.04227038,0.21795323,0.79331475,0.0,0.2155247,0.78447527,0.0,국민의힘,0.58167267,0.2035,1,0.7528,5,0.0437,0
경상북도,울릉군,울릉군,37630,8515,0.0751614797416324,0.099236641221374,0.1295361127422196,0.2064591896652965,0.2189078097475044,0.1907222548443922,0.2941867293012331,0.6458015267175573,0.4331180270111567,0.2133037694013304,0.5218033998521804,0.2619364375461936,0.2407267221801665,0.729447388342165,0.0269492808478425,0.2726179741508867,0.653892395551548,0.0734896302975653,0.246395097332372,0.753604902667628,0.0,0.2921332586786114,0.5909854423292273,0.1168812989921612,0.1876059811931555,0.8123940188068445,0.0,0.1406317,0.71060246,0.088421375,0.14966305,0.7562372,0.094099775,0.20650004,0.7471373,0.04697742,0.20637317,0.7466783,0.046948556,0.22853398,0.7621437,0.0026731372,0.23006372,0.76724523,0.0026910305,국민의힘,0.6065742,0.2035,1,0.7528,5,0.0437,0
경상남도,진주시,진주시,38030,346145,0.1273483655693423,0.1196001675598376,0.1427320920423521,0.1675973941556284,0.1497551604096549,0.1314131361134784,0.2007973537101503,0.687784021147207,0.5017550448511462,0.3335890297224491,0.423988231949715,0.2390294968346291,0.3321004606661942,0.6266521970233877,0.0383194542877391,0.3506958059934297,0.5548932981291228,0.0944108958774475,0.3691738075824474,0.5739860412403912,0.0568401511771613,0.511885802551333,0.4454819036459027,0.0426322938027643,0.276505368590794,0.6854032014893087,0.0315429290611848,0.32885936,0.56747633,0.041809395,0.3505421,0.60489184,0.04456602,0.2848575,0.647623,0.051230736,0.28957433,0.65834665,0.05207904,0.29508469,0.65396315,0.053144548,0.29443917,0.6525326,0.05302829,국민의힘,0.25434974,0.3306,3,0.6152,5,0.0542,0
경상남도,통영시,통영시,38050,120204,0.0776596452697081,0.0988735815779841,0.1606102958304216,0.1784965558550464,0.1822568300555722,0.156666999434295,0.2440351402615553,0.656409104522312,0.4793351302785265,0.3094234669711065,0.4400451801741623,0.2463898368898551,0.3325980639306242,0.6275335282847635,0.0361752546132903,0.3557223121122166,0.5743078824323807,0.0699698054554025,0.4127692774478783,0.5872307225521217,0.0,0.4616096596407085,0.4978613600347792,0.0405289803245123,0.3025607703970277,0.6715482914313323,0.0180103630396028,0.34141815,0.5709194,0.042793244,0.35745695,0.59773946,0.04480354,0.28781483,0.6603129,0.036615964,0.29227385,0.6705429,0.037183244,0.31390324,0.6822913,0.016206555,0.31005818,0.6739338,0.016008038,국민의힘,0.2402825,0.3306,3,0.6152,5,0.0542,0
경상남도,사천시,사천시,38060,109218,0.0842535113259719,0.1095881631232947,0.152181874782545,0.1737900346096797,0.1644600706843194,0.1746232306030141,0.2535571059715431,0.6468347708253218,0.4811294841509641,0.3147778121745982,0.4578420060225706,0.2233838966594433,0.3298411625549172,0.6289990987946378,0.0373718598625661,0.3484009882541303,0.572731915363487,0.0788670963823825,0.2984577441104402,0.5228455662145065,0.1786966896750532,0.4608316608128449,0.498416332162569,0.040752007024586,0.2385553766127987,0.7110938338794173,0.0354861998111845,0.27335972,0.59458417,0.08843982,0.2858264,0.62170047,0.09247316,0.26832277,0.67316264,0.04786967,0.27120978,0.6804055,0.048384722,0.29508144,0.6880224,0.003867484,0.29897672,0.69710475,0.0039185374,국민의힘,0.33587405,0.3306,3,0.6152,5,0.0542,0
경상남도,김해시,김해시,38070,549861,0.1114845388198108,0.1332227599338742,0.1687826559803295,0.1902917282731454,0.1339065691147399,0.0884914551132013,0.1454094762130793,0.7316994658650096,0.4834203553261642,0.4672529485135071,0.2626300582597849,0.2680581650536021,0.4623536865154786,0.4934493384754488,0.041638218958168,0.4779008969559178,0.4278679824726751,0.094231120571407,0.5435463626103558,0.4564536373896442,0.0,0.650231608067681,0.3138852253353492,0.0358831665969697,0.3887325627144642,0.5764551200003984,0.0307085476938707,0.4587601,0.47450867,0.044285312,0.46929383,0.485404,0.04530216,0.4133442,0.52995014,0.053623527,0.41462213,0.53158855,0.053789314,0.41129053,0.5261922,0.055641998,0.41413784,0.5298349,0.0560272,국민의힘,0.016110182,0.3306,3,0.6152,5,0.0542,0
경상남도,밀양시,밀양시,38080,102535,0.0887891939337787,0.0948261569220266,0.1134441897888525,0.1641000633929877,0.2166869849319744,0.2166382210952357,0.3257131711123031,0.602906324669625,0.509348027502804,0.2968861286003247,0.4630922195948833,0.2358337369305717,0.3151171655853964,0.6457700994001467,0.0351137131924565,0.3342777432457827,0.6024371557842698,0.0632851009699475,0.3314597315436242,0.6685402684563758,0.0,0.4534695361830143,0.5096862706205164,0.0368441931964693,0.2327348066298342,0.7242647058823529,0.0329460513487162,0.2574429,0.6494802,0.046439096,0.27003682,0.6812523,0.048710864,0.2654061,0.68981075,0.041739002,0.2662165,0.69191706,0.041866448,0.28428814,0.7083457,0.0056793373,0.2847685,0.70954263,0.0056889337,국민의힘,0.41121548,0.3306,3,0.6152,5,0.0542,0
경상남도,거제시,거제시,38090,241284,0.0858283184960461,0.1290595315064405,0.1970955388670612,0.1850392069096997,0.1345426965733326,0.0852522338820643,0.1467482303012218,0.7189038643258566,0.4548996203643838,0.4571200985314002,0.2606664256931336,0.2795828480394126,0.4469624886271296,0.4988366682177757,0.0508323899349228,0.475062275498548,0.4368918677144548,0.0880458567869971,0.4667510291441114,0.5123458236667995,0.0209031471890891,0.6004817675886701,0.3536672481103081,0.0458509843010216,0.3771725405250028,0.5761171965629459,0.0411768933055467,0.42742294,0.5010071,0.039165378,0.44173726,0.5177857,0.04047702,0.39160466,0.53655505,0.07150916,0.39173436,0.5367328,0.071532845,0.3834153,0.5463642,0.071586646,0.38289222,0.5456188,0.071488984,국민의힘,0.07604846,0.3306,3,0.6152,5,0.0542,0
경상남도,양산시,양산시,38100,359629,0.0961685514794413,0.1311462646227084,0.1714211034149081,0.1731590055306996,0.1450327976887292,0.1090484916399956,0.1748468560655564,0.6966818582483615,0.4962475217515829,0.4194065798140596,0.2967754586913783,0.2812988671617701,0.4218765739613,0.5354719365561955,0.0399499995421203,0.4469864907988511,0.4665418572492288,0.08647165195192,0.4685985972416771,0.5233734480040566,0.0080279547542662,0.5703524445495733,0.3849111762101445,0.0447363792402821,0.359268389311969,0.6104752681545392,0.0249446082962832,0.41387042,0.5048413,0.04386794,0.42995963,0.52446705,0.045573305,0.37270704,0.5836966,0.04591507,0.37184483,0.5823463,0.04580885,0.38424242,0.5877832,0.013194412,0.3900067,0.59660095,0.01339235,국민의힘,0.094507426,0.3306,3,0.6152,5,0.0542,0
경상남도,창원시 의창구,창원시의창구,38111,210801,0.1125374168054231,0.1261995910835337,0.1498901807866186,0.1858198016138443,0.1681253883994857,0.105995702107675,0.1794061697999535,0.7115336265008231,0.491311711045014,0.3722330798968282,0.3497239972307824,0.2754513763378935,0.3692986792852603,0.5857193304611907,0.0420509923017162,0.3823697887560076,0.5203070861741366,0.0973231250698558,0.4269272170240953,0.5730727829759046,0.0,0.5466466278414428,0.4062821717076836,0.0470712004508735,0.2556235253926058,0.6938154565544631,0.0466109385175458,0.35822156,0.56031185,0.057245668,0.36711338,0.57421994,0.058666624,0.31881276,0.624078,0.061157763,0.31752723,0.6215615,0.06091116,0.3203801,0.629342,0.058420584,0.3177924,0.6242589,0.057948723,국민의힘,0.20710656,0.3306,3,0.6152,5,0.0542,0
경상남도,창원시 성산구,창원시성산구,38112,244140,0.1199352830343245,0.1481035471450807,0.1527729990988777,0.1995822069304497,0.1562136479069386,0.0666093225198656,0.1276071106742033,0.7605472270009012,0.4835217498156795,0.4174140336855621,0.2764810313992414,0.3040806566784804,0.3990128179237102,0.5530595516696564,0.0452309958540728,0.4109727621882003,0.4741708377200463,0.1148564000917533,0.4638196100531246,0.4570707938449697,0.0,0.6130892920439532,0.3384783939677118,0.0484323139883349,0.2674262614699411,0.6079471264779008,0.1209419214051907,0.40273592,0.4950726,0.06562078,0.41802332,0.513865,0.068111666,0.33929792,0.5544463,0.08987613,0.34494805,0.56367916,0.09137279,0.3488444,0.55225176,0.10445594,0.3469183,0.54920256,0.1038792,국민의힘,0.095841676,0.3306,3,0.6152,5,0.0542,0
경상남도,창원시 마산합포구,창원시마산합포구,38113,178265,0.0958068044764816,0.111121083779766,0.1470731775727148,0.1595602053123159,0.1773483297338232,0.1666339438476425,0.2561018708103105,0.6400471208593947,0.5016015482568087,0.2999014147406028,0.4600645438535882,0.2378179795920087,0.3142823759170081,0.6471260818401088,0.0353950542067618,0.3372321782832959,0.5840249305647401,0.078742891151964,0.3595102813852814,0.6404897186147186,0.0,0.454009796487201,0.5014346320168876,0.0445555714959113,0.241592063876119,0.7251754173723688,0.029240261311396,0.3100727,0.62493795,0.042882275,0.31708246,0.6390658,0.043851707,0.26948127,0.690339,0.04165613,0.269084,0.68932134,0.041594718,0.27338108,0.68830574,0.040588073,0.2727606,0.6867435,0.04049595,국민의힘,0.32198334,0.3306,3,0.6152,5,0.0542,0
경상남도,창원시 마산회원구,창원시마산회원구,38114,178865,0.0971179381097475,0.1065608140217482,0.1485533782461633,0.1807843904620803,0.1787437452827551,0.1451933022111648,0.2304307718111425,0.6720767058955078,0.5008078718586644,0.3307615436616407,0.4149178496899156,0.2519913000029392,0.3350005243584675,0.6236074249159009,0.0384637103605166,0.3507123517276947,0.565409038164002,0.0838786101083032,0.4022792450000937,0.5977207549999063,0.0,0.490349243414042,0.4667667417229589,0.0428840148629991,0.2615215020624911,0.7038073111753829,0.0308306860746289,0.33765668,0.5802524,0.038848527,0.35291767,0.606478,0.040604357,0.29207775,0.6545454,0.044820137,0.29459852,0.6601945,0.045206957,0.29607248,0.65654826,0.040412284,0.29814968,0.6611545,0.04069581,국민의힘,0.2535603,0.3306,3,0.6152,5,0.0542,0
경상남도,창원시 진해구,창원시진해구,38115,188972,0.0963740659991956,0.1221874140084245,0.1811061956268653,0.167411045022543,0.1405657981076561,0.1134612535190398,0.1803812204982748,0.690446203670385,0.4800393709120928,0.3611522129317515,0.3515912971150899,0.284848750164164,0.3895784165577194,0.5630083026300151,0.0445268859194865,0.4108215274048986,0.4968981041675271,0.0922803684275742,0.4975566109160988,0.5024433890839012,0.0,0.5449665010661212,0.4076154603803401,0.0474180385535387,0.2995679179044018,0.6601269241155819,0.0362813934647583,0.40095434,0.51438487,0.04189212,0.41886878,0.53736734,0.04376384,0.33561623,0.6109859,0.051643062,0.3362062,0.61205995,0.051733848,0.33682385,0.60784364,0.056772336,0.3363396,0.6069697,0.05669071,국민의힘,0.118498564,0.3306,3,0.6152,5,0.0542,0
경상남도,의령군,의령군,38510,24609,0.0616034784022105,0.0761510016660571,0.0937868259579828,0.1639237677272542,0.2362143931082124,0.2887561461254013,0.4068023893697428,0.5371205656467146,0.4975415498394896,0.268588531821046,0.5336588951900861,0.1874081075404327,0.2870670851731659,0.6719689312124275,0.0326115869553652,0.3014010897364617,0.6426665184032024,0.0559323918603358,0.3101554787759131,0.6898445212240869,0.0,0.3917531202275001,0.5544789088419612,0.0537679709305387,0.2034370645610775,0.7169066418950302,0.0448792382721783,0.23804507,0.51587284,0.12672266,0.27030897,0.58579266,0.14389828,0.22647439,0.6778947,0.060229804,0.23478608,0.7027737,0.062440258,0.2812427,0.7173856,0.0016761947,0.2811571,0.71716726,0.0016756846,국민의힘,0.3154837,0.3306,3,0.6152,5,0.0542,0
경상남도,함안군,함안군,38520,61675,0.0866315362788812,0.0989217673287393,0.1343656262667207,0.1707498986623429,0.1900932306445075,0.1951033644102148,0.2891609241994325,0.6287150385083097,0.461305229023105,0.3121800022959476,0.4557915279531627,0.2278268855470095,0.3263648887062861,0.6302535224883389,0.0389830098847185,0.3427961155403223,0.58999577776122,0.0672081066984576,0.3637542504754769,0.6362457495245231,0.0,0.4594525779758115,0.5022278803309994,0.038319541693189,0.2472347266881029,0.6996463022508038,0.0383922829581993,0.31109455,0.64330894,0.031062655,0.31568262,0.65279657,0.031520773,0.28104544,0.6605031,0.045952186,0.28460276,0.6688634,0.046533827,0.30817553,0.6756923,0.0,0.31322858,0.6867714,0.0,국민의힘,0.33711395,0.3306,3,0.6152,5,0.0542,0
경상남도,창녕군,창녕군,38530,57766,0.0709413842052418,0.0905549977495412,0.1088702697088252,0.1627947235397984,0.2237475331509884,0.2433957691375549,0.3550185230066129,0.5781947858601946,0.4860817782086348,0.2428739693757361,0.5774087161366314,0.1742520612485276,0.2669955069349482,0.6959122875561633,0.0317689001758155,0.2869014744959099,0.6593549731673006,0.0537435523367894,0.3083167906136114,0.6916832093863885,0.0,0.3939765959669836,0.5716748511127364,0.03434855292028,0.1935036342250505,0.7508520071176524,0.0337786892662183,0.21763779,0.69780445,0.060616907,0.22297603,0.7149203,0.062103722,0.21319157,0.72544235,0.041433237,0.21752751,0.7401966,0.042275917,0.2530733,0.7489309,0.0,0.2525671,0.7474329,0.0,국민의힘,0.49194425,0.3306,3,0.6152,5,0.0542,0
경상남도,고성군,고성군,38540,47664,0.0657938905673044,0.0739551863041289,0.1149924471299093,0.1719746559248069,0.2147113125209802,0.2510699899295065,0.3555933199060087,0.5764308492782813,0.48539778449144,0.2867959694798765,0.4906517560719902,0.2173102685071932,0.3049359068808015,0.6548990717548254,0.0349786356269338,0.3230306674684305,0.6185508117859291,0.0584185207456404,0.3235178254874926,0.6764821745125074,0.0,0.497354336455419,0.4694684344970198,0.0331772290475611,0.2700729927007299,0.6866089092025377,0.0303226686677126,0.34405598,0.6406588,0.036314305,0.33696985,0.6274639,0.03556638,0.27871674,0.6678754,0.039260782,0.28271633,0.6774595,0.039824177,0.31029394,0.6927671,0.0,0.309347,0.69065297,0.0,국민의힘,0.29049402,0.3306,3,0.6152,5,0.0542,0
경상남도,남해군,남해군,38550,39011,0.0601368844684832,0.0646227986978031,0.0958191279382738,0.1621593909410166,0.2231165568685755,0.302427520442952,0.4132167850093563,0.5272615416164671,0.5008074645612776,0.2900294039026998,0.4745388933440256,0.2294840951617214,0.3391400294235656,0.6187642102447506,0.0363782265614551,0.3493878412609063,0.5913312693498453,0.0592808893892485,0.3304771697322822,0.6343348947027686,0.0351879355649491,0.4520305260288907,0.5083469610248024,0.0396225129463068,0.3188411373167635,0.6354507329460197,0.0360124658535647,0.3983941,0.53353846,0.034732513,0.4121325,0.5519372,0.035930246,0.32681566,0.6216354,0.04585628,0.32868677,0.6251944,0.04611882,0.3624261,0.63502425,0.003658227,0.36202478,0.6343211,0.0036541761,국민의힘,0.13980472,0.3306,3,0.6152,5,0.0542,0
경상남도,하동군,하동군,38560,38704,0.0534828441504754,0.0618799090533278,0.0928586192641587,0.1785345183960314,0.2418354692021496,0.288393964448119,0.406288755684167,0.5373863166597768,0.5028937577511369,0.3300556422409986,0.4392793004975417,0.2221273589071746,0.3544839790178853,0.599886241547115,0.038235479997472,0.3666565789031238,0.5728168398399408,0.0605265812569353,0.3725701943844492,0.5560115190784737,0.071418286537077,0.4959372200080328,0.4646399110204838,0.0394228689714833,0.2914505906078939,0.6373883607029674,0.0444396427542495,0.3612721,0.51074,0.08041222,0.37931845,0.53625256,0.08442899,0.32188293,0.6112779,0.05605669,0.32539147,0.61794084,0.05666771,0.35422537,0.63995343,0.0014894302,0.35576648,0.6427377,0.0014959102,국민의힘,0.15693411,0.3306,3,0.6152,5,0.0542,0
경상남도,산청군,산청군,38570,32480,0.0549261083743842,0.0637623152709359,0.0852216748768472,0.1744766009852216,0.2416871921182266,0.3019704433497537,0.4191502463054187,0.5303571428571429,0.5099137931034483,0.2700555669890924,0.5180078205392056,0.204033751800782,0.2890935648786821,0.6739836078876897,0.030998945062079,0.306337306951784,0.6369259759944288,0.0567367170537872,0.3010645073241743,0.6989354926758257,0.0,0.4117300324196876,0.5444823375857859,0.0437876299945265,0.2372267987238702,0.6973001285653064,0.0484738821960859,0.25171405,0.59239894,0.08044905,0.2722522,0.6407347,0.08701315,0.23684627,0.6743659,0.05766102,0.2444554,0.69603115,0.059513487,0.290233,0.70993495,0.0,0.29018426,0.70981574,0.0,국민의힘,0.36848247,0.3306,3,0.6152,5,0.0542,0
경상남도,함양군,함양군,38580,35073,0.056396658398198,0.0628118495708949,0.0998773985686995,0.1771448122487383,0.2245887149659282,0.2775639380720212,0.3885324893792946,0.5446924985031221,0.5101645140136287,0.280230617508724,0.4950690335305719,0.2160901228948566,0.3203336339044184,0.6376239855725879,0.0351292455665765,0.3320165832290363,0.6063438673341677,0.061639549436796,0.3180009619168379,0.6819990380831621,0.0,0.4181511703635597,0.5364517488411293,0.0453970807953108,0.2497462753217229,0.6732432103276093,0.0439248163033329,0.24311154,0.56772107,0.1250638,0.2597633,0.6066067,0.13362996,0.27249587,0.6517608,0.055267885,0.27819198,0.6653849,0.056423176,0.31591082,0.6834915,0.0,0.31609973,0.68390024,0.0,국민의힘,0.34684342,0.3306,3,0.6152,5,0.0542,0
경상남도,거창군,거창군,38590,58393,0.0786738136420461,0.0819618789923449,0.1145171510283766,0.1701402565375986,0.1909817957631908,0.2240165773294744,0.3167502954121213,0.5939924305995582,0.5051632901203912,0.2748785074116584,0.4889496691005885,0.229382890913087,0.292172426425693,0.6660642325070216,0.0360727805592868,0.3084874996945184,0.6172927002126152,0.0742198000928664,0.2909163098040327,0.7090836901959672,0.0,0.3629654740794826,0.600344216126004,0.0366903097945134,0.2261986969706067,0.7139940553036899,0.0353379169543939,0.1768227,0.6602513,0.15275393,0.17863983,0.6670364,0.15432371,0.24348082,0.686259,0.048155263,0.24898462,0.7017716,0.049243797,0.28012547,0.72078305,0.0040485403,0.2787437,0.7172277,0.0040285704,국민의힘,0.48839658,0.3306,3,0.6152,5,0.0542,0
경상남도,합천군,합천군,38600,38950,0.053992297817715,0.0618998716302952,0.0854942233632862,0.1609242618741977,0.2412066752246469,0.3216944801026957,0.4430808729139923,0.5065211810012837,0.5065982028241335,0.2183669102136896,0.6033444407080187,0.1692091345418972,0.2241502335236118,0.7379021795537104,0.0297742605085625,0.2450729863128785,0.7047292330311198,0.0501977806560016,0.2554935671182967,0.7445064328817033,0.0,0.3335162883802021,0.626448842540277,0.0400348690795208,0.172720962517353,0.7684713867036865,0.0349760913157488,0.20970988,0.70709634,0.07896701,0.21060003,0.71009773,0.0793022,0.20472968,0.734958,0.043044273,0.20832708,0.7478723,0.043800626,0.23822998,0.76953906,0.0,0.23639344,0.7636066,0.0,국민의힘,0.4994977,0.3306,3,0.6152,5,0.0542,0
제주특별자치도,제주시,제주시,39010,493908,0.1128691983122362,0.1309859326028329,0.1614288490974027,0.1741984337164006,0.1339723187314236,0.1099293795605659,0.1699992711193177,0.702683495711752,0.4969042817690744,0.4625689896239605,0.1777062329825594,0.3562293031128118,0.537018685573593,0.415904702553048,0.0439231872064948,0.5565413410119292,0.3364014808720691,0.1070571781160016,0.6374929189932832,0.3457594885490005,0.0,0.3980320912992587,0.0357044153986214,0.5302542593315126,0.5560851813005694,0.3911587878333832,0.0322051992807911,0.5378525,0.35561877,0.08099812,0.55194396,0.3649358,0.08312023,0.47425187,0.4136004,0.07552111,0.4922825,0.42932513,0.07839236,0.5691557,0.4039556,0.077346355,0.5418169,0.38455203,0.07363111,더불어민주당,0.18700817,0.4833,2,0.4366,2,0.0801,0
제주특별자치도,서귀포시,서귀포시,39020,180909,0.0887296928289913,0.1135598560602291,0.1578141496553516,0.1761161689025974,0.1574437977104511,0.1484337429315291,0.2207408144426203,0.6632892780348131,0.4901469799733567,0.4350107321726687,0.2002444550441211,0.3587427458462517,0.4967783562895984,0.4565593382860318,0.0431046070849277,0.5239426220862778,0.3785289878001617,0.0975283901135604,0.5400814672124569,0.4599185327875431,0.0,0.4055156459271886,0.0249198425260765,0.5357969073420188,0.5394419984918878,0.4043564982608061,0.0396487558074481,0.49802256,0.40744224,0.102087535,0.49428955,0.4043882,0.10132232,0.43728504,0.4347556,0.08076337,0.45894545,0.4562907,0.08476389,0.5089759,0.4631195,0.07951529,0.4839965,0.44039065,0.07561286,더불어민주당,0.08990136,0.4833,2,0.4366,2,0.0801,0
경기도,부천시,부천시,93156,794082,0.11651315607204293,0.14060008915955782,0.14833858468017158,0.17838334076329648,0.17178200739973956,0.3383528764689338,0.18655252228359287,0.7195642263645317,0.507277585942006,0.442374345288848,0.1868625909397942,0.3683250836959851,0.5397160892831463,0.424630446794178,0.0332673574580491,0.5455176946164403,0.3628084457833807,0.091673859600179,0.570439766935691,0.3826792481738338,0.0468809848904751,0.5898633512256723,0.3200045266674725,0.0826965563891596,0.5295389865786054,0.4504088627134066,0.018232399136054,0.5253233,0.44452482,0.0,0.5416552,0.4583448,0.0,0.49878794,0.45893645,0.045994584,0.49693984,0.457236,0.045824166,0.504529,0.46965864,0.03826913,0.49832153,0.46388018,0.037798285,더불어민주당,0.083310395,0.4636,10,0.4897,11,0.0467,1
