sg_id,sg_typecode,election_name,sido,sigungu,sgg_name,total_voters,total_voted,valid_votes,invalid_votes,party_더불어민주당,party_자유한국당,party_바른미래당,party_대한애국당,party_민주평화당,party_무소속,party_민중당,party_정의당,party_우리미래,party_녹색당,party_한국국민당,party_노동당,party_대한당,party_새누리당
20180613,6,7회지방선거_기초의원지역구,서울특별시,종로구,종로구가선거구,34647,22584,21969,615,5648.0,4935.0,3269.0,186.0,0.0,0.0,0.0,0.0,0.0,0.0,0.0,0.0,0.0,0.0
20180613,6,7회지방선거_기초의원지역구,서울특별시,종로구,종로구나선거구,31301,19376,18787,589,4562.0,5713.0,1731.0,0.0,0.0,0.0,0.0,0.0,0.0,0.0,0.0,0.0,0.0,0.0
20180613,6,7회지방선거_기초의원지역구,서울특별시,종로구,종로구다선거구,29679,17608,16981,627,4360.0,3557.0,2522.0,0.0,0.0,0.0,0.0,0.0,0.0,0.0,0.0,0.0,0.0,0.0
20180613,6,7회지방선거_기초의원지역구,서울특별시,종로구,종로구라선거구,39336,21584,20653,931,5536.0,1201.0,1883.0,0.0,0.0,0.0,0.0,0.0,0.0,0.0,0.0,0.0,0.0,0.0
20180613,6,7회지방선거_기초의원지역구,서울특별시,중구,중구가선거구,28700,16458,15981,477,2612.0,4719.0,1572.0,0.0,1100.0,0.0,0.0,0.0,0.0,0.0,0.0,0.0,0.0,0.0
20180613,6,7회지방선거_기초의원지역구,서울특별시,중구,중구나선거구,28814,16772,16293,479,3460.0,3876.0,1710.0,0.0,1433.0,0.0,0.0,0.0,0.0,0.0,0.0,0.0,0.0,0.0
20180613,6,7회지방선거_기초의원지역구,서울특별시,중구,중구다선거구,26238,15042,14567,475,2645.0,3871.0,1223.0,0.0,416.0,1566.0,0.0,0.0,0.0,0.0,0.0,0.0,0.0,0.0
20180613,6,7회지방선거_기초의원지역구,서울특별시,중구,중구라선거구,28584,18183,17677,506,2416.0,4089.0,3129.0,0.0,1452.0,0.0,0.0,0.0,0.0,0.0,0.0,0.0,0.0,0.0
20180613,6,7회지방선거_기초의원지역구,서울특별시,용산구,용산구가선거구,33598,18918,18271,647,10400.0,5514.0,1765.0,0.0,0.0,0.0,592.0,0.0,0.0,0.0,0.0,0.0,0.0,0.0
20180613,6,7회지방선거_기초의원지역구,서울특별시,용산구,용산구나선거구,36353,22899,22238,661,10034.0,5867.0,3143.0,0.0,0.0,0.0,0.0,3194.0,0.0,0.0,0.0,0.0,0.0,0.0
20180613,6,7회지방선거_기초의원지역구,서울특별시,용산구,용산구다선거구,45957,27584,26758,826,12231.0,10266.0,4261.0,0.0,0.0,0.0,0.0,0.0,0.0,0.0,0.0,0.0,0.0,0.0
20180613,6,7회지방선거_기초의원지역구,서울특별시,용산구,용산구라선거구,34122,19712,19022,690,11152.0,4823.0,2522.0,0.0,0.0,525.0,0.0,0.0,0.0,0.0,0.0,0.0,0.0,0.0
20180613,6,7회지방선거_기초의원지역구,서울특별시,용산구,용산구마선거구,49979,26911,25848,1063,4103.0,3422.0,1883.0,0.0,0.0,0.0,0.0,4129.0,0.0,0.0,0.0,0.0,0.0,0.0
20180613,6,7회지방선거_기초의원지역구,서울특별시,성동구,성동구가선거구,69471,41857,40166,1691,7520.0,4516.0,4097.0,0.0,3756.0,0.0,0.0,0.0,0.0,0.0,0.0,0.0,0.0,0.0
20180613,6,7회지방선거_기초의원지역구,서울특별시,성동구,성동구나선거구,68539,40412,37957,2455,12098.0,1645.0,0.0,0.0,0.0,0.0,0.0,0.0,0.0,0.0,0.0,0.0,0.0,0.0
20180613,6,7회지방선거_기초의원지역구,서울특별시,성동구,성동구다선거구,71513,43931,42440,1491,12008.0,9114.0,4047.0,0.0,0.0,0.0,0.0,0.0,0.0,0.0,0.0,0.0,0.0,0.0
20180613,6,7회지방선거_기초의원지역구,서울특별시,성동구,성동구라선거구,55111,31603,30247,1356,6867.0,6357.0,3573.0,0.0,0.0,0.0,0.0,0.0,0.0,0.0,0.0,0.0,0.0,0.0
20180613,6,7회지방선거_기초의원지역구,서울특별시,광진구,광진구가선거구,76673,43682,41832,1850,11000.0,3025.0,1993.0,0.0,613.0,0.0,0.0,2651.0,0.0,0.0,0.0,0.0,0.0,0.0
20180613,6,7회지방선거_기초의원지역구,서울특별시,광진구,광진구나선거구,77363,47263,45182,2081,11292.0,9877.0,5565.0,0.0,0.0,0.0,0.0,0.0,0.0,0.0,0.0,0.0,0.0,0.0
20180613,6,7회지방선거_기초의원지역구,서울특별시,광진구,광진구다선거구,90153,53232,51060,2172,12218.0,5336.0,5760.0,0.0,0.0,0.0,0.0,0.0,0.0,0.0,0.0,0.0,0.0,0.0
20180613,6,7회지방선거_기초의원지역구,서울특별시,광진구,광진구라선거구,63985,36120,35046,1074,7018.0,7541.0,3457.0,0.0,2226.0,0.0,0.0,2505.0,0.0,0.0,0.0,0.0,0.0,0.0
20180613,6,7회지방선거_기초의원지역구,서울특별시,동대문구,동대문구가선거구,27812,15126,14548,578,3264.0,3534.0,1297.0,0.0,0.0,0.0,0.0,0.0,0.0,0.0,0.0,0.0,0.0,0.0
20180613,6,7회지방선거_기초의원지역구,서울특별시,동대문구,동대문구나선거구,42659,24515,23786,729,4577.0,5447.0,3888.0,0.0,0.0,971.0,0.0,0.0,0.0,0.0,0.0,0.0,0.0,0.0
20180613,6,7회지방선거_기초의원지역구,서울특별시,동대문구,동대문구다선거구,42097,25220,24552,668,14324.0,6799.0,3429.0,0.0,0.0,0.0,0.0,0.0,0.0,0.0,0.0,0.0,0.0,0.0
20180613,6,7회지방선거_기초의원지역구,서울특별시,동대문구,동대문구라선거구,42856,25424,24845,579,12536.0,5734.0,3289.0,0.0,0.0,0.0,0.0,3286.0,0.0,0.0,0.0,0.0,0.0,0.0
20180613,6,7회지방선거_기초의원지역구,서울특별시,동대문구,동대문구마선거구,25615,14924,14492,432,7808.0,4052.0,1882.0,0.0,0.0,0.0,750.0,0.0,0.0,0.0,0.0,0.0,0.0,0.0
20180613,6,7회지방선거_기초의원지역구,서울특별시,동대문구,동대문구바선거구,37675,23118,22464,654,5784.0,5053.0,2460.0,0.0,0.0,0.0,0.0,0.0,0.0,0.0,0.0,0.0,0.0,0.0
20180613,6,7회지방선거_기초의원지역구,서울특별시,동대문구,동대문구사선거구,50739,30506,29724,782,7305.0,7554.0,2426.0,0.0,0.0,1508.0,0.0,0.0,0.0,0.0,0.0,0.0,0.0,0.0
20180613,6,7회지방선거_기초의원지역구,서울특별시,동대문구,동대문구아선거구,33486,19168,18579,589,4610.0,4695.0,1333.0,0.0,0.0,0.0,0.0,0.0,0.0,0.0,0.0,0.0,0.0,0.0
20180613,6,7회지방선거_기초의원지역구,서울특별시,중랑구,중랑구가선거구,40058,21222,20221,1001,3279.0,5930.0,1550.0,0.0,0.0,0.0,0.0,0.0,0.0,0.0,0.0,0.0,0.0,0.0
20180613,6,7회지방선거_기초의원지역구,서울특별시,중랑구,중랑구나선거구,37832,21174,20348,826,3944.0,5236.0,2264.0,0.0,0.0,0.0,0.0,0.0,0.0,0.0,0.0,0.0,0.0,0.0
20180613,6,7회지방선거_기초의원지역구,서울특별시,중랑구,중랑구다선거구,80673,42331,40342,1989,10472.0,2407.0,2563.0,0.0,761.0,518.0,0.0,0.0,0.0,0.0,0.0,0.0,0.0,0.0
20180613,6,7회지방선거_기초의원지역구,서울특별시,중랑구,중랑구라선거구,47972,28657,27883,774,6252.0,6968.0,1617.0,0.0,0.0,1525.0,0.0,0.0,0.0,0.0,0.0,0.0,0.0,0.0
20180613,6,7회지방선거_기초의원지역구,서울특별시,중랑구,중랑구마선거구,43497,23451,22624,827,13522.0,5961.0,3141.0,0.0,0.0,0.0,0.0,0.0,0.0,0.0,0.0,0.0,0.0,0.0
20180613,6,7회지방선거_기초의원지역구,서울특별시,중랑구,중랑구바선거구,40586,25458,24659,799,14522.0,7242.0,2895.0,0.0,0.0,0.0,0.0,0.0,0.0,0.0,0.0,0.0,0.0,0.0
20180613,6,7회지방선거_기초의원지역구,서울특별시,중랑구,중랑구사선거구,61423,36509,35682,827,20314.0,10433.0,2612.0,0.0,0.0,1006.0,1317.0,0.0,0.0,0.0,0.0,0.0,0.0,0.0
20180613,6,7회지방선거_기초의원지역구,서울특별시,성북구,성북구가선거구,38181,22304,21488,816,11958.0,4910.0,4620.0,0.0,0.0,0.0,0.0,0.0,0.0,0.0,0.0,0.0,0.0,0.0
20180613,6,7회지방선거_기초의원지역구,서울특별시,성북구,성북구나선거구,62915,37830,36729,1101,7510.0,6951.0,4620.0,0.0,0.0,0.0,149.0,2687.0,0.0,0.0,0.0,0.0,0.0,0.0
20180613,6,7회지방선거_기초의원지역구,서울특별시,성북구,성북구다선거구,57352,33953,33001,952,7390.0,6824.0,4265.0,0.0,0.0,1112.0,0.0,0.0,0.0,0.0,0.0,0.0,0.0,0.0
20180613,6,7회지방선거_기초의원지역구,서울특별시,성북구,성북구라선거구,43632,29069,28492,577,10465.0,4992.0,3943.0,0.0,0.0,762.0,0.0,0.0,0.0,0.0,0.0,0.0,0.0,0.0
20180613,6,7회지방선거_기초의원지역구,서울특별시,성북구,성북구마선거구,48193,29692,28615,1077,17740.0,6266.0,4609.0,0.0,0.0,0.0,0.0,0.0,0.0,0.0,0.0,0.0,0.0,0.0
20180613,6,7회지방선거_기초의원지역구,서울특별시,성북구,성북구바선거구,50097,29682,28862,820,7171.0,6321.0,3034.0,0.0,460.0,0.0,0.0,0.0,0.0,0.0,0.0,0.0,0.0,0.0
20180613,6,7회지방선거_기초의원지역구,서울특별시,성북구,성북구사선거구,33583,17416,16750,666,9826.0,4889.0,2035.0,0.0,0.0,0.0,0.0,0.0,0.0,0.0,0.0,0.0,0.0,0.0
20180613,6,7회지방선거_기초의원지역구,서울특별시,성북구,성북구아선거구,39221,22081,21198,883,11792.0,5391.0,4015.0,0.0,0.0,0.0,0.0,0.0,0.0,0.0,0.0,0.0,0.0,0.0
20180613,6,7회지방선거_기초의원지역구,서울특별시,강북구,강북구가선거구,74464,40668,39366,1302,10195.0,10484.0,3240.0,0.0,0.0,0.0,437.0,0.0,0.0,0.0,0.0,0.0,0.0,0.0
20180613,6,7회지방선거_기초의원지역구,서울특별시,강북구,강북구나선거구,66982,36333,35230,1103,7726.0,7831.0,2784.0,0.0,0.0,0.0,466.0,3362.0,0.0,0.0,0.0,0.0,0.0,0.0
20180613,6,7회지방선거_기초의원지역구,서울특별시,강북구,강북구다선거구,76526,43809,42505,1304,10488.0,8346.0,4732.0,0.0,575.0,0.0,0.0,0.0,0.0,0.0,0.0,0.0,0.0,0.0
20180613,6,7회지방선거_기초의원지역구,서울특별시,강북구,강북구라선거구,62888,35435,34298,1137,6896.0,6070.0,1601.0,0.0,0.0,2280.0,147.0,0.0,0.0,0.0,0.0,0.0,0.0,0.0
20180613,6,7회지방선거_기초의원지역구,서울특별시,도봉구,도봉구가선거구,68746,44038,42123,1915,9224.0,4958.0,2121.0,0.0,0.0,0.0,223.0,0.0,3463.0,0.0,0.0,0.0,0.0,0.0
20180613,6,7회지방선거_기초의원지역구,서울특별시,도봉구,도봉구나선거구,74027,41791,40050,1741,10250.0,7212.0,2779.0,0.0,0.0,0.0,0.0,3784.0,0.0,0.0,0.0,0.0,0.0,0.0
20180613,6,7회지방선거_기초의원지역구,서울특별시,도봉구,도봉구다선거구,58847,35993,34903,1090,8516.0,8565.0,2986.0,0.0,0.0,0.0,0.0,0.0,0.0,0.0,0.0,0.0,0.0,0.0
20180613,6,7회지방선거_기초의원지역구,서울특별시,도봉구,도봉구라선거구,45830,27162,26327,835,14378.0,7277.0,4672.0,0.0,0.0,0.0,0.0,0.0,0.0,0.0,0.0,0.0,0.0,0.0
20180613,6,7회지방선거_기초의원지역구,서울특별시,도봉구,도봉구마선거구,45246,24673,24069,604,14313.0,7297.0,2459.0,0.0,0.0,0.0,0.0,0.0,0.0,0.0,0.0,0.0,0.0,0.0
20180613,6,7회지방선거_기초의원지역구,서울특별시,노원구,노원구가선거구,71068,43065,41668,1397,7328.0,10056.0,3182.0,0.0,0.0,0.0,5704.0,0.0,0.0,0.0,0.0,0.0,0.0,0.0
20180613,6,7회지방선거_기초의원지역구,서울특별시,노원구,노원구나선거구,67305,41369,40149,1220,9001.0,8141.0,4701.0,0.0,0.0,0.0,4527.0,0.0,0.0,0.0,0.0,0.0,0.0,0.0
20180613,6,7회지방선거_기초의원지역구,서울특별시,노원구,노원구다선거구,84760,53748,52118,1630,15023.0,9443.0,6795.0,0.0,0.0,1465.0,428.0,0.0,0.0,0.0,0.0,0.0,0.0,0.0
20180613,6,7회지방선거_기초의원지역구,서울특별시,노원구,노원구라선거구,80693,50801,49175,1626,9724.0,9966.0,3846.0,0.0,824.0,0.0,0.0,6121.0,0.0,0.0,0.0,0.0,0.0,0.0
20180613,6,7회지방선거_기초의원지역구,서울특별시,노원구,노원구마선거구,65086,37523,36233,1290,8076.0,7309.0,6143.0,0.0,1352.0,0.0,853.0,0.0,0.0,0.0,0.0,0.0,0.0,0.0
20180613,6,7회지방선거_기초의원지역구,서울특별시,노원구,노원구바선거구,87458,56381,54813,1568,7763.0,9868.0,7032.0,0.0,424.0,0.0,0.0,8450.0,0.0,0.0,0.0,0.0,0.0,0.0
20180613,6,7회지방선거_기초의원지역구,서울특별시,은평구,은평구가선거구,50214,28682,27669,1013,5926.0,5431.0,4653.0,0.0,0.0,0.0,0.0,0.0,0.0,0.0,0.0,0.0,0.0,0.0
20180613,6,7회지방선거_기초의원지역구,서울특별시,은평구,은평구나선거구,40700,22989,22086,903,5070.0,4774.0,2957.0,0.0,0.0,0.0,0.0,0.0,0.0,0.0,0.0,0.0,0.0,0.0
20180613,6,7회지방선거_기초의원지역구,서울특별시,은평구,은평구다선거구,44215,26170,25174,996,6292.0,5147.0,3045.0,0.0,0.0,0.0,0.0,0.0,0.0,0.0,0.0,0.0,0.0,0.0
20180613,6,7회지방선거_기초의원지역구,서울특별시,은평구,은평구라선거구,66620,37861,36806,1055,5904.0,7176.0,3760.0,0.0,0.0,0.0,0.0,4951.0,0.0,0.0,0.0,0.0,0.0,0.0
20180613,6,7회지방선거_기초의원지역구,서울특별시,은평구,은평구마선거구,47961,26437,25620,817,14116.0,6352.0,3481.0,0.0,0.0,0.0,0.0,0.0,0.0,1671.0,0.0,0.0,0.0,0.0
20180613,6,7회지방선거_기초의원지역구,서울특별시,은평구,은평구바선거구,43681,28394,27349,1045,5938.0,5603.0,3255.0,0.0,0.0,0.0,0.0,0.0,0.0,0.0,0.0,0.0,0.0,0.0
20180613,6,7회지방선거_기초의원지역구,서울특별시,은평구,은평구사선거구,62321,36066,35005,1061,5289.0,6553.0,2685.0,0.0,0.0,3635.0,0.0,0.0,0.0,0.0,0.0,0.0,0.0,0.0
20180613,6,7회지방선거_기초의원지역구,서울특별시,은평구,은평구아선거구,57400,31473,30419,1054,6640.0,5728.0,3642.0,0.0,0.0,0.0,0.0,0.0,0.0,2259.0,0.0,0.0,0.0,0.0
20180613,6,7회지방선거_기초의원지역구,서울특별시,서대문구,서대문구가선거구,63835,38062,36255,1807,8605.0,3301.0,5444.0,0.0,0.0,0.0,1274.0,0.0,0.0,0.0,0.0,0.0,0.0,0.0
20180613,6,7회지방선거_기초의원지역구,서울특별시,서대문구,서대문구나선거구,33868,19929,19333,596,11309.0,4707.0,2536.0,0.0,0.0,781.0,0.0,0.0,0.0,0.0,0.0,0.0,0.0,0.0
20180613,6,7회지방선거_기초의원지역구,서울특별시,서대문구,서대문구다선거구,32657,20923,20248,675,11728.0,5567.0,2420.0,0.0,0.0,533.0,0.0,0.0,0.0,0.0,0.0,0.0,0.0,0.0
20180613,6,7회지방선거_기초의원지역구,서울특별시,서대문구,서대문구라선거구,60479,36746,35542,1204,8164.0,8772.0,4960.0,0.0,881.0,0.0,0.0,0.0,0.0,0.0,0.0,0.0,0.0,0.0
20180613,6,7회지방선거_기초의원지역구,서울특별시,서대문구,서대문구마선거구,78343,48234,46715,1519,11559.0,8202.0,3895.0,0.0,776.0,305.0,113.0,8810.0,0.0,0.0,0.0,0.0,0.0,0.0
20180613,6,7회지방선거_기초의원지역구,서울특별시,마포구,마포구가선거구,35908,23105,22526,579,13657.0,5925.0,2944.0,0.0,0.0,0.0,0.0,0.0,0.0,0.0,0.0,0.0,0.0,0.0
20180613,6,7회지방선거_기초의원지역구,서울특별시,마포구,마포구나선거구,19918,11444,11136,308,5209.0,2370.0,1489.0,0.0,0.0,2068.0,0.0,0.0,0.0,0.0,0.0,0.0,0.0,0.0
20180613,6,7회지방선거_기초의원지역구,서울특별시,마포구,마포구다선거구,35068,20773,20139,634,11881.0,4959.0,3299.0,0.0,0.0,0.0,0.0,0.0,0.0,0.0,0.0,0.0,0.0,0.0
20180613,6,7회지방선거_기초의원지역구,서울특별시,마포구,마포구라선거구,40623,25807,25006,801,14807.0,6395.0,3804.0,0.0,0.0,0.0,0.0,0.0,0.0,0.0,0.0,0.0,0.0,0.0
20180613,6,7회지방선거_기초의원지역구,서울특별시,마포구,마포구마선거구,38441,23566,23033,533,12513.0,5164.0,2776.0,0.0,0.0,2070.0,510.0,0.0,0.0,0.0,0.0,0.0,0.0,0.0
20180613,6,7회지방선거_기초의원지역구,서울특별시,마포구,마포구바선거구,41292,24335,23571,764,12264.0,4541.0,2453.0,0.0,0.0,0.0,0.0,4313.0,0.0,0.0,0.0,0.0,0.0,0.0
20180613,6,7회지방선거_기초의원지역구,서울특별시,마포구,마포구사선거구,49418,29701,28706,995,17911.0,6080.0,3630.0,0.0,0.0,1085.0,0.0,0.0,0.0,0.0,0.0,0.0,0.0,0.0
20180613,6,7회지방선거_기초의원지역구,서울특별시,마포구,마포구아선거구,59423,38436,37694,742,21008.0,7748.0,5024.0,0.0,0.0,448.0,0.0,0.0,0.0,2255.0,0.0,0.0,0.0,0.0
20180613,6,7회지방선거_기초의원지역구,서울특별시,양천구,양천구가선거구,46010,27820,27042,778,16315.0,5825.0,3996.0,0.0,0.0,906.0,0.0,0.0,0.0,0.0,0.0,0.0,0.0,0.0
20180613,6,7회지방선거_기초의원지역구,서울특별시,양천구,양천구나선거구,54598,35647,34526,1121,9082.0,9560.0,4676.0,0.0,0.0,0.0,0.0,0.0,0.0,0.0,0.0,0.0,0.0,0.0
20180613,6,7회지방선거_기초의원지역구,서울특별시,양천구,양천구다선거구,57922,38130,37083,1047,6086.0,9317.0,3922.0,0.0,0.0,0.0,0.0,3187.0,0.0,0.0,0.0,0.0,0.0,0.0
20180613,6,7회지방선거_기초의원지역구,서울특별시,양천구,양천구라선거구,45066,30582,29350,1232,6131.0,7494.0,4330.0,0.0,0.0,0.0,0.0,0.0,0.0,0.0,0.0,0.0,0.0,0.0
20180613,6,7회지방선거_기초의원지역구,서울특별시,양천구,양천구마선거구,47737,26198,25409,789,4722.0,6129.0,1890.0,0.0,0.0,1121.0,0.0,0.0,0.0,0.0,0.0,0.0,0.0,0.0
20180613,6,7회지방선거_기초의원지역구,서울특별시,양천구,양천구바선거구,35561,21477,20634,843,11429.0,4774.0,1972.0,0.0,0.0,2459.0,0.0,0.0,0.0,0.0,0.0,0.0,0.0,0.0
20180613,6,7회지방선거_기초의원지역구,서울특별시,양천구,양천구사선거구,50410,29672,28614,1058,16830.0,7914.0,3870.0,0.0,0.0,0.0,0.0,0.0,0.0,0.0,0.0,0.0,0.0,0.0
20180613,6,7회지방선거_기초의원지역구,서울특별시,양천구,양천구아선거구,45800,28952,28215,737,6394.0,5068.0,2330.0,0.0,0.0,1114.0,0.0,0.0,0.0,0.0,0.0,0.0,0.0,0.0
20180613,6,7회지방선거_기초의원지역구,서울특별시,강서구,강서구가선거구,87821,47661,46169,1492,10814.0,8698.0,2982.0,378.0,0.0,0.0,0.0,3645.0,0.0,0.0,0.0,0.0,0.0,0.0
20180613,6,7회지방선거_기초의원지역구,서울특별시,강서구,강서구나선거구,49408,31347,30360,987,18075.0,6930.0,3225.0,0.0,0.0,2130.0,0.0,0.0,0.0,0.0,0.0,0.0,0.0,0.0
20180613,6,7회지방선거_기초의원지역구,서울특별시,강서구,강서구다선거구,36558,23518,22810,708,14360.0,5915.0,2535.0,0.0,0.0,0.0,0.0,0.0,0.0,0.0,0.0,0.0,0.0,0.0
20180613,6,7회지방선거_기초의원지역구,서울특별시,강서구,강서구라선거구,81876,48002,46137,1865,9616.0,10998.0,4291.0,0.0,0.0,0.0,0.0,0.0,0.0,0.0,0.0,0.0,0.0,0.0
20180613,6,7회지방선거_기초의원지역구,서울특별시,강서구,강서구마선거구,50887,30952,29849,1103,7406.0,6959.0,2304.0,0.0,0.0,0.0,0.0,0.0,0.0,0.0,0.0,0.0,0.0,0.0
20180613,6,7회지방선거_기초의원지역구,서울특별시,강서구,강서구바선거구,44228,27373,26310,1063,7867.0,5864.0,0.0,0.0,0.0,3605.0,0.0,0.0,0.0,0.0,0.0,0.0,0.0,0.0
20180613,6,7회지방선거_기초의원지역구,서울특별시,강서구,강서구사선거구,67547,43351,42122,1229,26605.0,9912.0,5605.0,0.0,0.0,0.0,0.0,0.0,0.0,0.0,0.0,0.0,0.0,0.0
20180613,6,7회지방선거_기초의원지역구,서울특별시,강서구,강서구아선거구,38635,22208,21534,674,13613.0,5916.0,2005.0,0.0,0.0,0.0,0.0,0.0,0.0,0.0,0.0,0.0,0.0,0.0
20180613,6,7회지방선거_기초의원지역구,서울특별시,강서구,강서구자선거구,52061,29120,28206,914,14926.0,7655.0,0.0,0.0,0.0,0.0,1337.0,4288.0,0.0,0.0,0.0,0.0,0.0,0.0
20180613,6,7회지방선거_기초의원지역구,서울특별시,구로구,구로구가선거구,53389,28720,27198,1522,17453.0,5239.0,4506.0,0.0,0.0,0.0,0.0,0.0,0.0,0.0,0.0,0.0,0.0,0.0
20180613,6,7회지방선거_기초의원지역구,서울특별시,구로구,구로구나선거구,57239,36516,35240,1276,21658.0,8657.0,4925.0,0.0,0.0,0.0,0.0,0.0,0.0,0.0,0.0,0.0,0.0,0.0
20180613,6,7회지방선거_기초의원지역구,서울특별시,구로구,구로구다선거구,42952,24527,23627,900,15313.0,6967.0,0.0,0.0,0.0,1347.0,0.0,0.0,0.0,0.0,0.0,0.0,0.0,0.0
20180613,6,7회지방선거_기초의원지역구,서울특별시,구로구,구로구라선거구,74290,44308,43025,1283,7813.0,9897.0,4822.0,0.0,0.0,0.0,4247.0,0.0,0.0,0.0,0.0,0.0,0.0,0.0
20180613,6,7회지방선거_기초의원지역구,서울특별시,구로구,구로구마선거구,47074,29232,28084,1148,16317.0,8790.0,2977.0,0.0,0.0,0.0,0.0,0.0,0.0,0.0,0.0,0.0,0.0,0.0
20180613,6,7회지방선거_기초의원지역구,서울특별시,구로구,구로구바선거구,76513,47806,46627,1179,6537.0,11893.0,2124.0,0.0,0.0,1133.0,0.0,11084.0,0.0,0.0,0.0,0.0,0.0,0.0
20180613,6,7회지방선거_기초의원지역구,서울특별시,금천구,금천구가선거구,51456,29341,28251,1090,5341.0,5855.0,2739.0,0.0,0.0,0.0,0.0,0.0,0.0,0.0,0.0,0.0,0.0,0.0
20180613,6,7회지방선거_기초의원지역구,서울특별시,금천구,금천구나선거구,57378,29947,28724,1223,6317.0,3542.0,3870.0,0.0,0.0,0.0,0.0,0.0,0.0,0.0,0.0,0.0,0.0,0.0
20180613,6,7회지방선거_기초의원지역구,서울특별시,금천구,금천구다선거구,49854,27908,27139,769,5699.0,5859.0,2350.0,0.0,0.0,2246.0,0.0,0.0,0.0,0.0,0.0,0.0,0.0,0.0
20180613,6,7회지방선거_기초의원지역구,서울특별시,금천구,금천구라선거구,48074,29709,28905,804,5047.0,5267.0,2671.0,0.0,0.0,4012.0,381.0,0.0,0.0,0.0,0.0,0.0,0.0,0.0
20180613,6,7회지방선거_기초의원지역구,서울특별시,영등포구,영등포구가선거구,34303,20442,19671,771,11830.0,5852.0,1989.0,0.0,0.0,0.0,0.0,0.0,0.0,0.0,0.0,0.0,0.0,0.0
20180613,6,7회지방선거_기초의원지역구,서울특별시,영등포구,영등포구나선거구,43431,27615,26792,823,11313.0,6402.0,1949.0,0.0,0.0,7128.0,0.0,0.0,0.0,0.0,0.0,0.0,0.0,0.0
20180613,6,7회지방선거_기초의원지역구,서울특별시,영등포구,영등포구다선거구,53256,31940,30957,983,18585.0,7536.0,4836.0,0.0,0.0,0.0,0.0,0.0,0.0,0.0,0.0,0.0,0.0,0.0
20180613,6,7회지방선거_기초의원지역구,서울특별시,영등포구,영등포구라선거구,52672,33489,32482,1007,19903.0,7732.0,4847.0,0.0,0.0,0.0,0.0,0.0,0.0,0.0,0.0,0.0,0.0,0.0
20180613,6,7회지방선거_기초의원지역구,서울특별시,영등포구,영등포구마선거구,43958,26433,25910,523,12431.0,8921.0,3233.0,0.0,0.0,1186.0,139.0,0.0,0.0,0.0,0.0,0.0,0.0,0.0
20180613,6,7회지방선거_기초의원지역구,서울특별시,영등포구,영등포구사선거구,65083,36491,34907,1584,7750.0,2980.0,4118.0,0.0,0.0,5014.0,586.0,0.0,0.0,0.0,0.0,0.0,0.0,0.0
20180613,6,7회지방선거_기초의원지역구,서울특별시,동작구,동작구가선거구,40675,25348,24515,833,12592.0,5307.0,3143.0,0.0,0.0,3473.0,0.0,0.0,0.0,0.0,0.0,0.0,0.0,0.0
20180613,6,7회지방선거_기초의원지역구,서울특별시,동작구,동작구나선거구,48879,29835,29034,801,17563.0,6095.0,5376.0,0.0,0.0,0.0,0.0,0.0,0.0,0.0,0.0,0.0,0.0,0.0
20180613,6,7회지방선거_기초의원지역구,서울특별시,동작구,동작구다선거구,55939,35227,34222,1005,20678.0,7040.0,4988.0,0.0,1516.0,0.0,0.0,0.0,0.0,0.0,0.0,0.0,0.0,0.0
20180613,6,7회지방선거_기초의원지역구,서울특별시,동작구,동작구라선거구,37806,23649,22969,680,14207.0,5932.0,2830.0,0.0,0.0,0.0,0.0,0.0,0.0,0.0,0.0,0.0,0.0,0.0
20180613,6,7회지방선거_기초의원지역구,서울특별시,동작구,동작구마선거구,51111,32321,31104,1217,9586.0,8944.0,0.0,0.0,0.0,0.0,0.0,0.0,0.0,0.0,0.0,0.0,0.0,0.0
20180613,6,7회지방선거_기초의원지역구,서울특별시,동작구,동작구바선거구,34574,22604,21979,625,4371.0,5865.0,2600.0,0.0,0.0,0.0,0.0,0.0,0.0,0.0,0.0,0.0,0.0,0.0
20180613,6,7회지방선거_기초의원지역구,서울특별시,동작구,동작구사선거구,71505,44164,42442,1722,7350.0,2145.0,4231.0,0.0,0.0,0.0,0.0,4270.0,0.0,0.0,0.0,0.0,0.0,0.0
20180613,6,7회지방선거_기초의원지역구,서울특별시,관악구,관악구가선거구,72414,41945,40688,1257,7099.0,6292.0,7797.0,0.0,0.0,0.0,1509.0,4023.0,0.0,0.0,0.0,0.0,0.0,0.0
20180613,6,7회지방선거_기초의원지역구,서울특별시,관악구,관악구나선거구,40293,23445,22474,971,13309.0,3477.0,4778.0,0.0,910.0,0.0,0.0,0.0,0.0,0.0,0.0,0.0,0.0,0.0
20180613,6,7회지방선거_기초의원지역구,서울특별시,관악구,관악구다선거구,68342,43691,42492,1199,8910.0,6920.0,8249.0,0.0,0.0,0.0,0.0,4686.0,0.0,0.0,0.0,0.0,0.0,0.0
20180613,6,7회지방선거_기초의원지역구,서울특별시,관악구,관악구라선거구,56448,34771,33239,1532,8206.0,5106.0,6059.0,0.0,0.0,0.0,0.0,0.0,0.0,0.0,0.0,0.0,0.0,0.0
20180613,6,7회지방선거_기초의원지역구,서울특별시,관악구,관악구마선거구,66555,37400,36377,1023,6274.0,6939.0,5180.0,0.0,386.0,0.0,888.0,3929.0,0.0,0.0,0.0,0.0,0.0,0.0
20180613,6,7회지방선거_기초의원지역구,서울특별시,관악구,관악구바선거구,39316,22787,21978,809,13028.0,3998.0,4952.0,0.0,0.0,0.0,0.0,0.0,0.0,0.0,0.0,0.0,0.0,0.0
20180613,6,7회지방선거_기초의원지역구,서울특별시,관악구,관악구사선거구,60956,34276,33146,1130,7193.0,6362.0,4561.0,0.0,0.0,0.0,1165.0,0.0,0.0,0.0,0.0,0.0,0.0,0.0
20180613,6,7회지방선거_기초의원지역구,서울특별시,관악구,관악구아선거구,45418,27036,26423,613,11220.0,4844.0,3118.0,0.0,0.0,395.0,0.0,6846.0,0.0,0.0,0.0,0.0,0.0,0.0
20180613,6,7회지방선거_기초의원지역구,서울특별시,서초구,서초구가선거구,81625,49434,47434,2000,6200.0,7308.0,5657.0,0.0,0.0,924.0,0.0,0.0,0.0,0.0,0.0,0.0,0.0,0.0
20180613,6,7회지방선거_기초의원지역구,서울특별시,서초구,서초구나선거구,80876,52462,50488,1974,7135.0,6991.0,5096.0,0.0,0.0,0.0,0.0,0.0,0.0,0.0,0.0,0.0,0.0,0.0
20180613,6,7회지방선거_기초의원지역구,서울특별시,서초구,서초구라선거구,73079,46545,45696,849,25471.0,3519.0,3253.0,0.0,0.0,692.0,0.0,2237.0,0.0,0.0,0.0,0.0,0.0,0.0
20180613,6,7회지방선거_기초의원지역구,서울특별시,서초구,서초구마선거구,85399,53801,52610,1191,25113.0,4893.0,6736.0,260.0,1079.0,0.0,0.0,0.0,0.0,0.0,0.0,0.0,0.0,0.0
20180613,6,7회지방선거_기초의원지역구,서울특별시,강남구,강남구나선거구,47746,26962,25655,1307,9996.0,4387.0,0.0,0.0,0.0,0.0,0.0,0.0,0.0,0.0,0.0,0.0,0.0,0.0
20180613,6,7회지방선거_기초의원지역구,서울특별시,강남구,강남구다선거구,80777,40936,39315,1621,5734.0,2782.0,3444.0,0.0,0.0,0.0,144.0,2934.0,0.0,0.0,0.0,0.0,0.0,0.0
20180613,6,7회지방선거_기초의원지역구,서울특별시,강남구,강남구라선거구,29507,17979,17474,505,8408.0,1623.0,2491.0,0.0,0.0,0.0,0.0,0.0,0.0,0.0,0.0,0.0,0.0,0.0
20180613,6,7회지방선거_기초의원지역구,서울특별시,강남구,강남구마선거구,39806,25461,24483,978,4328.0,7742.0,3312.0,0.0,0.0,0.0,0.0,0.0,0.0,0.0,0.0,0.0,0.0,0.0
20180613,6,7회지방선거_기초의원지역구,서울특별시,강남구,강남구바선거구,69538,44892,43352,1540,22958.0,13577.0,5770.0,0.0,0.0,1047.0,0.0,0.0,0.0,0.0,0.0,0.0,0.0,0.0
20180613,6,7회지방선거_기초의원지역구,서울특별시,강남구,강남구사선거구,35772,21009,20387,622,8909.0,8373.0,3105.0,0.0,0.0,0.0,0.0,0.0,0.0,0.0,0.0,0.0,0.0,0.0
20180613,6,7회지방선거_기초의원지역구,서울특별시,강남구,강남구아선거구,45830,28759,27885,874,10169.0,12692.0,5024.0,0.0,0.0,0.0,0.0,0.0,0.0,0.0,0.0,0.0,0.0,0.0
20180613,6,7회지방선거_기초의원지역구,서울특별시,강남구,강남구자선거구,69199,41767,40840,927,16131.0,5921.0,6890.0,158.0,0.0,399.0,0.0,0.0,0.0,0.0,0.0,0.0,0.0,0.0
20180613,6,7회지방선거_기초의원지역구,서울특별시,송파구,송파구가선거구,73041,47385,45611,1774,8062.0,4680.0,5790.0,0.0,0.0,2138.0,0.0,0.0,0.0,0.0,0.0,0.0,0.0,0.0
20180613,6,7회지방선거_기초의원지역구,서울특별시,송파구,송파구다선거구,54017,34491,33569,922,18159.0,10756.0,2877.0,0.0,0.0,1777.0,0.0,0.0,0.0,0.0,0.0,0.0,0.0,0.0
20180613,6,7회지방선거_기초의원지역구,서울특별시,송파구,송파구라선거구,61034,38881,37300,1581,7299.0,2984.0,3809.0,382.0,0.0,0.0,0.0,0.0,0.0,0.0,0.0,0.0,0.0,0.0
20180613,6,7회지방선거_기초의원지역구,서울특별시,송파구,송파구마선거구,57968,36703,35371,1332,5427.0,3059.0,3152.0,0.0,0.0,3121.0,0.0,2707.0,0.0,0.0,0.0,0.0,0.0,0.0
20180613,6,7회지방선거_기초의원지역구,서울특별시,송파구,송파구바선거구,56763,34785,33713,1072,7734.0,8374.0,3487.0,0.0,0.0,0.0,0.0,0.0,0.0,0.0,0.0,0.0,0.0,0.0
20180613,6,7회지방선거_기초의원지역구,서울특별시,송파구,송파구사선거구,56710,34823,33778,1045,19362.0,10092.0,4324.0,0.0,0.0,0.0,0.0,0.0,0.0,0.0,0.0,0.0,0.0,0.0
20180613,6,7회지방선거_기초의원지역구,서울특별시,송파구,송파구아선거구,46260,29973,29200,773,16453.0,9064.0,3683.0,0.0,0.0,0.0,0.0,0.0,0.0,0.0,0.0,0.0,0.0,0.0
20180613,6,7회지방선거_기초의원지역구,서울특별시,송파구,송파구자선거구,47695,27680,26861,819,15615.0,6854.0,4392.0,0.0,0.0,0.0,0.0,0.0,0.0,0.0,0.0,0.0,0.0,0.0
20180613,6,7회지방선거_기초의원지역구,서울특별시,송파구,송파구차선거구,64233,41035,40291,744,22646.0,9237.0,6032.0,0.0,0.0,528.0,1848.0,0.0,0.0,0.0,0.0,0.0,0.0,0.0
20180613,6,7회지방선거_기초의원지역구,서울특별시,강동구,강동구가선거구,53501,34328,33424,904,8341.0,8129.0,2164.0,0.0,0.0,604.0,0.0,0.0,0.0,0.0,0.0,0.0,0.0,0.0
20180613,6,7회지방선거_기초의원지역구,서울특별시,강동구,강동구나선거구,59491,36295,34371,1924,8979.0,8811.0,3739.0,0.0,0.0,0.0,0.0,0.0,0.0,0.0,0.0,0.0,0.0,0.0
20180613,6,7회지방선거_기초의원지역구,서울특별시,강동구,강동구다선거구,23442,15346,14873,473,7865.0,5015.0,1993.0,0.0,0.0,0.0,0.0,0.0,0.0,0.0,0.0,0.0,0.0,0.0
20180613,6,7회지방선거_기초의원지역구,서울특별시,강동구,강동구라선거구,61221,36336,34736,1600,7642.0,9274.0,2972.0,0.0,0.0,0.0,0.0,0.0,0.0,0.0,0.0,0.0,0.0,0.0
20180613,6,7회지방선거_기초의원지역구,서울특별시,강동구,강동구마선거구,50446,28130,26602,1528,5259.0,7307.0,2709.0,0.0,0.0,0.0,0.0,0.0,0.0,0.0,0.0,0.0,0.0,0.0
20180613,6,7회지방선거_기초의원지역구,서울특별시,강동구,강동구바선거구,32101,17287,16677,610,9047.0,5297.0,1268.0,0.0,0.0,0.0,0.0,1065.0,0.0,0.0,0.0,0.0,0.0,0.0
20180613,6,7회지방선거_기초의원지역구,서울특별시,강동구,강동구사선거구,60734,35974,35261,713,18880.0,8969.0,3051.0,0.0,2447.0,1914.0,0.0,0.0,0.0,0.0,0.0,0.0,0.0,0.0
20180613,6,7회지방선거_기초의원지역구,서울특별시,강동구,강동구아선거구,24240,14718,14253,465,8438.0,4404.0,1411.0,0.0,0.0,0.0,0.0,0.0,0.0,0.0,0.0,0.0,0.0,0.0
20180613,6,7회지방선거_기초의원지역구,부산광역시,중구,중구가선거구,19878,11293,10518,775,2248.0,1709.0,0.0,0.0,0.0,0.0,0.0,0.0,0.0,0.0,0.0,0.0,0.0,0.0
20180613,6,7회지방선거_기초의원지역구,부산광역시,중구,중구나선거구,19954,11199,10426,773,2557.0,1263.0,0.0,131.0,0.0,1101.0,0.0,0.0,0.0,0.0,0.0,0.0,0.0,0.0
20180613,6,7회지방선거_기초의원지역구,부산광역시,서구,서구가선거구,48355,29213,27745,1468,5835.0,1967.0,0.0,0.0,0.0,1336.0,265.0,0.0,0.0,0.0,0.0,0.0,0.0,0.0
20180613,6,7회지방선거_기초의원지역구,부산광역시,서구,서구나선거구,25629,13643,13172,471,4670.0,2075.0,0.0,0.0,0.0,1548.0,0.0,0.0,0.0,0.0,164.0,0.0,0.0,0.0
20180613,6,7회지방선거_기초의원지역구,부산광역시,서구,서구다선거구,23139,12506,12178,328,5455.0,4310.0,0.0,0.0,0.0,2413.0,0.0,0.0,0.0,0.0,0.0,0.0,0.0,0.0
20180613,6,7회지방선거_기초의원지역구,부산광역시,동구,동구가선거구,38433,22221,20943,1278,3525.0,3268.0,890.0,0.0,0.0,2122.0,0.0,0.0,0.0,0.0,0.0,0.0,0.0,0.0
20180613,6,7회지방선거_기초의원지역구,부산광역시,동구,동구나선거구,40658,24053,22559,1494,4434.0,1984.0,1790.0,0.0,0.0,766.0,0.0,0.0,0.0,0.0,0.0,0.0,0.0,0.0
20180613,6,7회지방선거_기초의원지역구,부산광역시,영도구,영도구가선거구,50444,28455,26865,1590,4349.0,3528.0,1423.0,0.0,188.0,0.0,2774.0,0.0,0.0,0.0,0.0,0.0,0.0,0.0
20180613,6,7회지방선거_기초의원지역구,부산광역시,영도구,영도구나선거구,27590,15715,15004,711,8092.0,2087.0,0.0,0.0,0.0,0.0,0.0,0.0,0.0,0.0,0.0,0.0,0.0,0.0
20180613,6,7회지방선거_기초의원지역구,부산광역시,영도구,영도구다선거구,29896,17139,16346,793,4054.0,5819.0,0.0,0.0,0.0,0.0,0.0,0.0,0.0,0.0,0.0,0.0,0.0,0.0
20180613,6,7회지방선거_기초의원지역구,부산광역시,부산진구,부산진구가선거구,29817,16873,16284,589,7744.0,1297.0,0.0,0.0,0.0,902.0,0.0,0.0,0.0,0.0,0.0,0.0,0.0,0.0
20180613,6,7회지방선거_기초의원지역구,부산광역시,부산진구,부산진구나선거구,52220,30556,29113,1443,5585.0,3662.0,2246.0,0.0,363.0,0.0,0.0,0.0,0.0,0.0,0.0,0.0,0.0,0.0
20180613,6,7회지방선거_기초의원지역구,부산광역시,부산진구,부산진구다선거구,37459,22420,21156,1264,3993.0,3956.0,0.0,0.0,0.0,989.0,0.0,0.0,0.0,0.0,0.0,0.0,0.0,0.0
20180613,6,7회지방선거_기초의원지역구,부산광역시,부산진구,부산진구라선거구,41314,24583,23295,1288,12993.0,2619.0,0.0,388.0,0.0,0.0,0.0,0.0,0.0,0.0,0.0,0.0,0.0,0.0
20180613,6,7회지방선거_기초의원지역구,부산광역시,부산진구,부산진구마선거구,44158,23467,22223,1244,4918.0,2071.0,0.0,0.0,0.0,0.0,368.0,0.0,0.0,0.0,0.0,0.0,0.0,0.0
20180613,6,7회지방선거_기초의원지역구,부산광역시,부산진구,부산진구바선거구,47625,25853,23828,2025,5383.0,2129.0,0.0,0.0,0.0,0.0,0.0,0.0,0.0,0.0,0.0,0.0,0.0,0.0
20180613,6,7회지방선거_기초의원지역구,부산광역시,부산진구,부산진구사선거구,25719,15768,14911,857,7545.0,2019.0,0.0,0.0,0.0,0.0,0.0,0.0,0.0,0.0,0.0,0.0,0.0,0.0
20180613,6,7회지방선거_기초의원지역구,부산광역시,부산진구,부산진구아선거구,41090,24490,23412,1078,12223.0,8306.0,0.0,0.0,0.0,1466.0,0.0,0.0,0.0,0.0,0.0,1417.0,0.0,0.0
20180613,6,7회지방선거_기초의원지역구,부산광역시,동래구,동래구가선거구,54379,33619,32015,1604,5652.0,5587.0,2573.0,0.0,0.0,2313.0,0.0,0.0,0.0,0.0,0.0,0.0,0.0,0.0
20180613,6,7회지방선거_기초의원지역구,부산광역시,동래구,동래구나선거구,62804,35932,34241,1691,5413.0,4838.0,2774.0,226.0,0.0,542.0,0.0,1073.0,0.0,0.0,0.0,0.0,0.0,0.0
20180613,6,7회지방선거_기초의원지역구,부산광역시,동래구,동래구다선거구,44821,27960,26089,1871,14323.0,9028.0,1840.0,0.0,0.0,898.0,0.0,0.0,0.0,0.0,0.0,0.0,0.0,0.0
20180613,6,7회지방선거_기초의원지역구,부산광역시,동래구,동래구라선거구,64709,38063,36451,1612,6476.0,5195.0,3787.0,0.0,0.0,0.0,0.0,0.0,0.0,0.0,0.0,0.0,0.0,0.0
20180613,6,7회지방선거_기초의원지역구,부산광역시,남구,남구가선거구,38584,22906,21120,1786,10292.0,7747.0,0.0,0.0,0.0,2728.0,353.0,0.0,0.0,0.0,0.0,0.0,0.0,0.0
20180613,6,7회지방선거_기초의원지역구,부산광역시,남구,남구나선거구,40721,24081,23491,590,4268.0,8043.0,0.0,0.0,0.0,0.0,312.0,0.0,1368.0,0.0,0.0,0.0,0.0,0.0
20180613,6,7회지방선거_기초의원지역구,부산광역시,남구,남구라선거구,35376,21300,19895,1405,9287.0,4241.0,0.0,0.0,0.0,0.0,787.0,0.0,0.0,0.0,0.0,0.0,0.0,0.0
20180613,6,7회지방선거_기초의원지역구,부산광역시,남구,남구마선거구,42531,25910,25077,833,10683.0,3979.0,1986.0,0.0,0.0,676.0,519.0,0.0,0.0,0.0,0.0,0.0,0.0,0.0
20180613,6,7회지방선거_기초의원지역구,부산광역시,북구,북구가선거구,68925,36726,34350,2376,5985.0,5285.0,1891.0,387.0,0.0,0.0,0.0,0.0,0.0,0.0,0.0,0.0,0.0,0.0
20180613,6,7회지방선거_기초의원지역구,부산광역시,북구,북구나선거구,32833,18936,17609,1327,3896.0,970.0,0.0,0.0,0.0,0.0,0.0,0.0,0.0,0.0,0.0,0.0,0.0,0.0
20180613,6,7회지방선거_기초의원지역구,부산광역시,북구,북구다선거구,41858,25978,24929,1049,5046.0,8349.0,2253.0,0.0,0.0,0.0,0.0,0.0,0.0,0.0,0.0,0.0,0.0,0.0
20180613,6,7회지방선거_기초의원지역구,부산광역시,북구,북구라선거구,49873,30885,29658,1227,15421.0,2695.0,3780.0,0.0,0.0,0.0,0.0,0.0,0.0,0.0,0.0,0.0,0.0,0.0
20180613,6,7회지방선거_기초의원지역구,부산광역시,북구,북구마선거구,60418,39550,37855,1695,5880.0,4108.0,3288.0,0.0,0.0,0.0,0.0,0.0,0.0,0.0,0.0,0.0,0.0,0.0
20180613,6,7회지방선거_기초의원지역구,부산광역시,해운대구,해운대구가선거구,38396,21521,20660,861,10112.0,2739.0,0.0,0.0,0.0,1049.0,0.0,0.0,0.0,0.0,0.0,0.0,0.0,0.0
20180613,6,7회지방선거_기초의원지역구,부산광역시,해운대구,해운대구나선거구,47834,28899,27927,972,12352.0,2436.0,2486.0,0.0,0.0,0.0,0.0,0.0,0.0,0.0,0.0,0.0,0.0,0.0
20180613,6,7회지방선거_기초의원지역구,부산광역시,해운대구,해운대구다선거구,50831,28714,27849,865,14843.0,9929.0,3077.0,0.0,0.0,0.0,0.0,0.0,0.0,0.0,0.0,0.0,0.0,0.0
20180613,6,7회지방선거_기초의원지역구,부산광역시,해운대구,해운대구라선거구,49023,30866,29999,867,5034.0,8298.0,4190.0,335.0,0.0,0.0,0.0,0.0,0.0,0.0,0.0,0.0,0.0,0.0
20180613,6,7회지방선거_기초의원지역구,부산광역시,해운대구,해운대구마선거구,21567,11533,11035,498,4994.0,894.0,1679.0,0.0,0.0,0.0,0.0,0.0,0.0,0.0,0.0,0.0,0.0,0.0
20180613,6,7회지방선거_기초의원지역구,부산광역시,해운대구,해운대구바선거구,53528,30572,29344,1228,16592.0,10492.0,2260.0,0.0,0.0,0.0,0.0,0.0,0.0,0.0,0.0,0.0,0.0,0.0
20180613,6,7회지방선거_기초의원지역구,부산광역시,해운대구,해운대구사선거구,42801,26811,25640,1171,4584.0,2585.0,1535.0,0.0,0.0,0.0,537.0,0.0,0.0,0.0,0.0,0.0,0.0,0.0
20180613,6,7회지방선거_기초의원지역구,부산광역시,해운대구,해운대구아선거구,38099,21364,20639,725,7666.0,2862.0,0.0,0.0,0.0,1029.0,2306.0,0.0,0.0,0.0,0.0,0.0,0.0,0.0
20180613,6,7회지방선거_기초의원지역구,부산광역시,사하구,사하구가선거구,55794,32363,31498,865,11658.0,2634.0,2428.0,0.0,0.0,3481.0,0.0,0.0,0.0,0.0,0.0,0.0,0.0,0.0
20180613,6,7회지방선거_기초의원지역구,부산광역시,사하구,사하구나선거구,66978,39040,37306,1734,10005.0,2115.0,1704.0,0.0,0.0,0.0,0.0,0.0,0.0,0.0,0.0,2278.0,0.0,0.0
20180613,6,7회지방선거_기초의원지역구,부산광역시,사하구,사하구다선거구,64702,36010,34247,1763,5735.0,1577.0,1178.0,0.0,0.0,2980.0,0.0,2614.0,0.0,0.0,0.0,0.0,0.0,0.0
20180613,6,7회지방선거_기초의원지역구,부산광역시,사하구,사하구라선거구,33932,18472,17058,1414,3464.0,4613.0,0.0,0.0,0.0,0.0,0.0,0.0,0.0,0.0,0.0,0.0,0.0,0.0
20180613,6,7회지방선거_기초의원지역구,부산광역시,사하구,사하구마선거구,59693,34742,33131,1611,7486.0,3095.0,0.0,0.0,0.0,4707.0,0.0,0.0,0.0,0.0,0.0,0.0,0.0,0.0
20180613,6,7회지방선거_기초의원지역구,부산광역시,금정구,금정구가선거구,57088,31817,30831,986,13737.0,3903.0,0.0,0.0,0.0,3398.0,0.0,0.0,0.0,0.0,0.0,0.0,0.0,0.0
20180613,6,7회지방선거_기초의원지역구,부산광역시,금정구,금정구나선거구,41747,25911,25332,579,12805.0,8952.0,0.0,0.0,0.0,3575.0,0.0,0.0,0.0,0.0,0.0,0.0,0.0,0.0
20180613,6,7회지방선거_기초의원지역구,부산광역시,금정구,금정구다선거구,54793,33992,32510,1482,5667.0,2238.0,1626.0,0.0,0.0,0.0,0.0,0.0,0.0,0.0,0.0,0.0,0.0,0.0
20180613,6,7회지방선거_기초의원지역구,부산광역시,금정구,금정구라선거구,57350,34848,33363,1485,5376.0,3301.0,0.0,0.0,0.0,0.0,0.0,0.0,0.0,2386.0,0.0,0.0,0.0,0.0
20180613,6,7회지방선거_기초의원지역구,부산광역시,강서구,강서구가선거구,42429,25728,24602,1126,3972.0,1661.0,1791.0,0.0,0.0,5207.0,0.0,0.0,0.0,0.0,0.0,0.0,0.0,0.0
20180613,6,7회지방선거_기초의원지역구,부산광역시,강서구,강서구나선거구,50425,29779,28550,1229,5040.0,2586.0,1855.0,0.0,0.0,2575.0,0.0,0.0,0.0,0.0,0.0,0.0,0.0,0.0
20180613,6,7회지방선거_기초의원지역구,부산광역시,연제구,연제구가선거구,52212,34083,32440,1643,5278.0,4588.0,1852.0,0.0,0.0,2842.0,0.0,0.0,0.0,0.0,0.0,0.0,0.0,0.0
20180613,6,7회지방선거_기초의원지역구,부산광역시,연제구,연제구나선거구,41199,23164,22076,1088,10318.0,8196.0,1169.0,0.0,0.0,2393.0,0.0,0.0,0.0,0.0,0.0,0.0,0.0,0.0
20180613,6,7회지방선거_기초의원지역구,부산광역시,연제구,연제구다선거구,36179,21318,20800,518,9214.0,6837.0,0.0,0.0,0.0,2167.0,0.0,0.0,0.0,0.0,0.0,0.0,0.0,0.0
20180613,6,7회지방선거_기초의원지역구,부산광역시,연제구,연제구라선거구,45083,27307,26813,494,11337.0,9378.0,0.0,0.0,0.0,0.0,6098.0,0.0,0.0,0.0,0.0,0.0,0.0,0.0
20180613,6,7회지방선거_기초의원지역구,부산광역시,수영구,수영구가선거구,40081,23366,22606,760,11067.0,2112.0,1212.0,0.0,0.0,617.0,197.0,0.0,0.0,0.0,0.0,0.0,0.0,0.0
20180613,6,7회지방선거_기초의원지역구,부산광역시,수영구,수영구나선거구,43797,24889,23530,1359,12236.0,8574.0,2720.0,0.0,0.0,0.0,0.0,0.0,0.0,0.0,0.0,0.0,0.0,0.0
20180613,6,7회지방선거_기초의원지역구,부산광역시,수영구,수영구라선거구,37794,22161,21120,1041,10411.0,9606.0,0.0,0.0,1103.0,0.0,0.0,0.0,0.0,0.0,0.0,0.0,0.0,0.0
20180613,6,7회지방선거_기초의원지역구,부산광역시,사상구,사상구가선거구,59850,32884,30913,1971,5043.0,3857.0,2254.0,0.0,636.0,0.0,0.0,1078.0,0.0,0.0,0.0,0.0,0.0,0.0
20180613,6,7회지방선거_기초의원지역구,부산광역시,사상구,사상구나선거구,36123,21632,20590,1042,11033.0,3029.0,0.0,0.0,0.0,0.0,0.0,0.0,0.0,0.0,0.0,0.0,0.0,0.0
20180613,6,7회지방선거_기초의원지역구,부산광역시,사상구,사상구다선거구,47850,28504,27742,762,13067.0,2135.0,1705.0,0.0,0.0,2773.0,0.0,0.0,0.0,0.0,0.0,0.0,0.0,0.0
20180613,6,7회지방선거_기초의원지역구,부산광역시,사상구,사상구라선거구,51655,31102,29986,1116,15067.0,2475.0,4670.0,0.0,0.0,0.0,0.0,0.0,0.0,0.0,0.0,0.0,0.0,0.0
20180613,6,7회지방선거_기초의원지역구,부산광역시,기장군,기장군가선거구,46879,26957,25721,1236,11661.0,5492.0,0.0,0.0,0.0,1714.0,0.0,0.0,0.0,0.0,0.0,0.0,0.0,0.0
20180613,6,7회지방선거_기초의원지역구,부산광역시,기장군,기장군나선거구,23692,14683,14112,571,4386.0,3484.0,1346.0,0.0,0.0,1393.0,0.0,0.0,0.0,0.0,0.0,0.0,0.0,0.0
20180613,6,7회지방선거_기초의원지역구,부산광역시,기장군,기장군다선거구,57311,34617,33256,1361,3598.0,3551.0,930.0,0.0,0.0,2320.0,0.0,0.0,0.0,0.0,0.0,0.0,0.0,0.0
20180613,6,7회지방선거_기초의원지역구,대구광역시,중구,중구가선거구,32856,18361,17405,956,2244.0,1514.0,1577.0,0.0,0.0,600.0,0.0,1034.0,0.0,0.0,0.0,0.0,0.0,0.0
20180613,6,7회지방선거_기초의원지역구,대구광역시,중구,중구나선거구,35447,21493,20864,629,7528.0,3108.0,1386.0,0.0,0.0,1221.0,0.0,0.0,0.0,0.0,0.0,0.0,0.0,0.0
20180613,6,7회지방선거_기초의원지역구,대구광역시,동구,동구가선거구,40940,23105,22327,778,7084.0,4034.0,2365.0,402.0,0.0,642.0,0.0,0.0,0.0,0.0,0.0,0.0,0.0,0.0
20180613,6,7회지방선거_기초의원지역구,대구광역시,동구,동구나선거구,30630,17081,16435,646,4023.0,1794.0,1312.0,0.0,0.0,1178.0,0.0,0.0,0.0,0.0,0.0,0.0,0.0,0.0
20180613,6,7회지방선거_기초의원지역구,대구광역시,동구,동구다선거구,57427,32962,31698,1264,10156.0,2504.0,2313.0,590.0,0.0,1923.0,1234.0,0.0,0.0,0.0,0.0,0.0,0.0,0.0
20180613,6,7회지방선거_기초의원지역구,대구광역시,동구,동구라선거구,68927,41550,39925,1625,11321.0,1375.0,4164.0,0.0,0.0,1788.0,0.0,0.0,0.0,0.0,0.0,0.0,0.0,0.0
20180613,6,7회지방선거_기초의원지역구,대구광역시,동구,동구마선거구,46105,26099,25127,972,8028.0,4437.0,976.0,359.0,0.0,723.0,0.0,0.0,0.0,0.0,0.0,0.0,0.0,0.0
20180613,6,7회지방선거_기초의원지역구,대구광역시,동구,동구바선거구,51831,30771,29715,1056,12382.0,3057.0,1774.0,0.0,0.0,0.0,0.0,0.0,0.0,0.0,0.0,0.0,0.0,0.0
20180613,6,7회지방선거_기초의원지역구,대구광역시,서구,서구가선거구,34929,18642,18012,630,6557.0,2923.0,0.0,0.0,0.0,0.0,0.0,0.0,0.0,0.0,0.0,0.0,0.0,0.0
20180613,6,7회지방선거_기초의원지역구,대구광역시,서구,서구나선거구,53512,29199,28301,898,9718.0,4154.0,2849.0,0.0,0.0,2503.0,0.0,0.0,0.0,0.0,0.0,0.0,0.0,0.0
20180613,6,7회지방선거_기초의원지역구,대구광역시,서구,서구다선거구,34269,17950,16929,1021,0.0,5901.0,0.0,726.0,0.0,5315.0,0.0,0.0,0.0,0.0,0.0,0.0,0.0,0.0
20180613,6,7회지방선거_기초의원지역구,대구광역시,서구,서구라선거구,44550,23813,22903,910,6267.0,3763.0,1499.0,0.0,0.0,2368.0,0.0,0.0,0.0,0.0,0.0,0.0,0.0,0.0
20180613,6,7회지방선거_기초의원지역구,대구광역시,남구,남구가선거구,62548,34395,33085,1310,10844.0,2518.0,1705.0,0.0,0.0,750.0,0.0,0.0,0.0,0.0,0.0,0.0,0.0,0.0
20180613,6,7회지방선거_기초의원지역구,대구광역시,남구,남구나선거구,40945,21460,20471,989,6721.0,3466.0,0.0,0.0,0.0,2651.0,0.0,0.0,0.0,0.0,0.0,0.0,0.0,0.0
20180613,6,7회지방선거_기초의원지역구,대구광역시,남구,남구다선거구,31000,16370,15677,693,5327.0,2412.0,0.0,0.0,0.0,2024.0,0.0,0.0,0.0,0.0,0.0,0.0,0.0,0.0
20180613,6,7회지방선거_기초의원지역구,대구광역시,북구,북구가선거구,35917,20650,20037,613,8581.0,2069.0,0.0,0.0,0.0,1807.0,0.0,0.0,0.0,0.0,0.0,0.0,0.0,0.0
20180613,6,7회지방선거_기초의원지역구,대구광역시,북구,북구나선거구,36315,21978,21285,693,8111.0,3552.0,0.0,0.0,0.0,2727.0,0.0,0.0,0.0,0.0,0.0,0.0,0.0,0.0
20180613,6,7회지방선거_기초의원지역구,대구광역시,북구,북구다선거구,52721,30050,29161,889,9350.0,3311.0,2315.0,0.0,0.0,3029.0,0.0,0.0,0.0,0.0,0.0,0.0,0.0,0.0
20180613,6,7회지방선거_기초의원지역구,대구광역시,북구,북구라선거구,37555,21523,20769,754,8700.0,7558.0,0.0,0.0,0.0,4511.0,0.0,0.0,0.0,0.0,0.0,0.0,0.0,0.0
20180613,6,7회지방선거_기초의원지역구,대구광역시,북구,북구마선거구,64387,37311,36383,928,12245.0,1552.0,3867.0,0.0,0.0,941.0,0.0,3703.0,0.0,0.0,0.0,0.0,0.0,0.0
20180613,6,7회지방선거_기초의원지역구,대구광역시,북구,북구바선거구,43828,24362,23474,888,9519.0,4208.0,0.0,0.0,0.0,0.0,0.0,1574.0,0.0,0.0,0.0,0.0,0.0,0.0
20180613,6,7회지방선거_기초의원지역구,대구광역시,북구,북구사선거구,51270,28871,27503,1368,5380.0,3573.0,0.0,0.0,0.0,2246.0,0.0,0.0,0.0,0.0,0.0,0.0,0.0,0.0
20180613,6,7회지방선거_기초의원지역구,대구광역시,북구,북구아선거구,38017,21006,20422,584,7258.0,4560.0,1158.0,0.0,0.0,1227.0,0.0,0.0,0.0,0.0,0.0,0.0,0.0,0.0
20180613,6,7회지방선거_기초의원지역구,대구광역시,수성구,수성구가선거구,44181,26915,26100,815,12411.0,4705.0,0.0,0.0,0.0,0.0,0.0,0.0,0.0,0.0,0.0,0.0,0.0,0.0
20180613,6,7회지방선거_기초의원지역구,대구광역시,수성구,수성구나선거구,54551,33287,31403,1884,5854.0,5150.0,2437.0,0.0,0.0,0.0,0.0,1037.0,0.0,0.0,0.0,0.0,0.0,0.0
20180613,6,7회지방선거_기초의원지역구,대구광역시,수성구,수성구다선거구,25909,15890,15342,548,5469.0,2169.0,0.0,0.0,0.0,2387.0,0.0,0.0,0.0,0.0,0.0,0.0,0.0,0.0
20180613,6,7회지방선거_기초의원지역구,대구광역시,수성구,수성구라선거구,74935,47853,46424,1429,15928.0,4479.0,3026.0,0.0,0.0,3502.0,0.0,5611.0,0.0,0.0,0.0,0.0,0.0,0.0
20180613,6,7회지방선거_기초의원지역구,대구광역시,수성구,수성구마선거구,39053,24171,23572,599,8100.0,3450.0,1711.0,0.0,0.0,725.0,0.0,0.0,0.0,0.0,0.0,0.0,0.0,0.0
20180613,6,7회지방선거_기초의원지역구,대구광역시,수성구,수성구바선거구,37244,19290,18646,644,7136.0,3889.0,0.0,0.0,0.0,0.0,0.0,0.0,0.0,0.0,0.0,0.0,0.0,0.0
20180613,6,7회지방선거_기초의원지역구,대구광역시,수성구,수성구사선거구,37614,22532,22082,450,7502.0,9403.0,1365.0,390.0,0.0,3422.0,0.0,0.0,0.0,0.0,0.0,0.0,0.0,0.0
20180613,6,7회지방선거_기초의원지역구,대구광역시,수성구,수성구아선거구,38367,21853,21269,584,6320.0,10488.0,0.0,0.0,0.0,4461.0,0.0,0.0,0.0,0.0,0.0,0.0,0.0,0.0
20180613,6,7회지방선거_기초의원지역구,대구광역시,달서구,달서구가선거구,40252,22698,21828,870,9659.0,4111.0,0.0,0.0,0.0,0.0,0.0,0.0,0.0,0.0,0.0,0.0,0.0,0.0
20180613,6,7회지방선거_기초의원지역구,대구광역시,달서구,달서구나선거구,39546,22701,22127,574,8452.0,3103.0,2349.0,0.0,0.0,1614.0,0.0,0.0,0.0,0.0,0.0,0.0,0.0,0.0
20180613,6,7회지방선거_기초의원지역구,대구광역시,달서구,달서구다선거구,63617,35059,34096,963,12182.0,4937.0,3472.0,0.0,0.0,2621.0,0.0,0.0,0.0,0.0,0.0,0.0,0.0,0.0
20180613,6,7회지방선거_기초의원지역구,대구광역시,달서구,달서구라선거구,46974,27719,26611,1108,11602.0,3170.0,0.0,0.0,0.0,0.0,0.0,0.0,0.0,0.0,0.0,0.0,0.0,0.0
20180613,6,7회지방선거_기초의원지역구,대구광역시,달서구,달서구마선거구,53021,30547,29344,1203,14866.0,3050.0,0.0,0.0,0.0,0.0,0.0,0.0,0.0,0.0,0.0,0.0,0.0,0.0
20180613,6,7회지방선거_기초의원지역구,대구광역시,달서구,달서구바선거구,44420,27018,26111,907,8994.0,5261.0,2252.0,0.0,0.0,1820.0,0.0,0.0,0.0,0.0,0.0,0.0,0.0,0.0
20180613,6,7회지방선거_기초의원지역구,대구광역시,달서구,달서구사선거구,50134,29005,28146,859,8317.0,4207.0,3438.0,0.0,0.0,1948.0,0.0,2526.0,0.0,0.0,0.0,0.0,0.0,0.0
20180613,6,7회지방선거_기초의원지역구,대구광역시,달서구,달서구아선거구,68493,36751,35504,1247,11705.0,4027.0,3619.0,0.0,0.0,3052.0,0.0,0.0,0.0,0.0,0.0,0.0,0.0,0.0
20180613,6,7회지방선거_기초의원지역구,대구광역시,달서구,달서구자선거구,66212,34433,33305,1128,10824.0,3143.0,3632.0,0.0,0.0,1222.0,0.0,0.0,0.0,0.0,0.0,0.0,0.0,0.0
20180613,6,7회지방선거_기초의원지역구,대구광역시,달성군,달성군가선거구,49253,29896,29046,850,9225.0,4413.0,0.0,0.0,0.0,2192.0,0.0,0.0,0.0,0.0,0.0,0.0,0.0,0.0
20180613,6,7회지방선거_기초의원지역구,대구광역시,달성군,달성군나선거구,69040,40250,39126,1124,14449.0,3391.0,0.0,0.0,0.0,3062.0,0.0,0.0,0.0,0.0,0.0,0.0,0.0,0.0
20180613,6,7회지방선거_기초의원지역구,대구광역시,달성군,달성군다선거구,34092,19678,19127,551,5069.0,4219.0,0.0,0.0,0.0,1900.0,0.0,0.0,0.0,0.0,0.0,0.0,0.0,0.0
20180613,6,7회지방선거_기초의원지역구,대구광역시,달성군,달성군라선거구,44452,25383,24671,712,8050.0,3500.0,0.0,0.0,0.0,1615.0,2786.0,0.0,0.0,0.0,0.0,0.0,0.0,0.0
20180613,6,7회지방선거_기초의원지역구,인천광역시,중구,중구가선거구,43864,23386,22271,1115,2911.0,2758.0,1423.0,0.0,0.0,2709.0,0.0,0.0,0.0,0.0,0.0,0.0,0.0,0.0
20180613,6,7회지방선거_기초의원지역구,인천광역시,중구,중구나선거구,54744,30263,29570,693,5850.0,6691.0,1813.0,0.0,0.0,2080.0,0.0,0.0,0.0,0.0,0.0,0.0,0.0,0.0
20180613,6,7회지방선거_기초의원지역구,인천광역시,동구,동구가선거구,19527,11781,11053,728,2661.0,3538.0,0.0,0.0,0.0,571.0,0.0,0.0,0.0,0.0,0.0,0.0,0.0,0.0
20180613,6,7회지방선거_기초의원지역구,인천광역시,동구,동구나선거구,18702,11587,11115,472,4473.0,3420.0,0.0,0.0,0.0,808.0,0.0,2414.0,0.0,0.0,0.0,0.0,0.0,0.0
20180613,6,7회지방선거_기초의원지역구,인천광역시,동구,동구다선거구,19330,11379,10748,631,6226.0,1357.0,0.0,0.0,0.0,0.0,0.0,0.0,0.0,0.0,0.0,0.0,0.0,0.0
20180613,6,7회지방선거_기초의원지역구,인천광역시,남구,남구가선거구,96608,47542,45576,1966,7278.0,3589.0,2268.0,0.0,0.0,0.0,0.0,3410.0,0.0,0.0,0.0,0.0,0.0,0.0
20180613,6,7회지방선거_기초의원지역구,인천광역시,남구,남구나선거구,74024,37789,35991,1798,7663.0,2535.0,1819.0,0.0,0.0,894.0,0.0,0.0,0.0,0.0,0.0,0.0,0.0,0.0
20180613,6,7회지방선거_기초의원지역구,인천광역시,남구,남구다선거구,75349,37682,36483,1199,5922.0,10418.0,2152.0,0.0,0.0,367.0,0.0,0.0,0.0,0.0,0.0,0.0,223.0,0.0
20180613,6,7회지방선거_기초의원지역구,인천광역시,남구,남구라선거구,66556,37486,36157,1329,21055.0,10164.0,2724.0,0.0,0.0,2214.0,0.0,0.0,0.0,0.0,0.0,0.0,0.0,0.0
20180613,6,7회지방선거_기초의원지역구,인천광역시,남구,남구마선거구,43971,23289,22381,908,12002.0,7542.0,2837.0,0.0,0.0,0.0,0.0,0.0,0.0,0.0,0.0,0.0,0.0,0.0
20180613,6,7회지방선거_기초의원지역구,인천광역시,연수구,연수구가선거구,92500,58260,57165,1095,9640.0,16886.0,2705.0,378.0,0.0,0.0,0.0,6251.0,0.0,0.0,0.0,0.0,0.0,0.0
20180613,6,7회지방선거_기초의원지역구,인천광역시,연수구,연수구나선거구,48090,28989,27250,1739,6055.0,2149.0,0.0,0.0,0.0,0.0,0.0,0.0,0.0,0.0,0.0,0.0,0.0,0.0
20180613,6,7회지방선거_기초의원지역구,인천광역시,연수구,연수구다선거구,62245,33128,31875,1253,5993.0,8451.0,3908.0,0.0,0.0,0.0,0.0,0.0,0.0,0.0,0.0,0.0,0.0,0.0
20180613,6,7회지방선거_기초의원지역구,인천광역시,연수구,연수구라선거구,66791,40132,38312,1820,7421.0,2198.0,2234.0,256.0,964.0,0.0,0.0,0.0,0.0,0.0,0.0,0.0,0.0,0.0
20180613,6,7회지방선거_기초의원지역구,인천광역시,남동구,남동구가선거구,82869,47961,46880,1081,10697.0,9715.0,5265.0,0.0,0.0,0.0,3759.0,0.0,0.0,0.0,0.0,0.0,0.0,0.0
20180613,6,7회지방선거_기초의원지역구,인천광역시,남동구,남동구나선거구,60566,32773,31179,1594,17950.0,8284.0,1905.0,0.0,0.0,0.0,0.0,3040.0,0.0,0.0,0.0,0.0,0.0,0.0
20180613,6,7회지방선거_기초의원지역구,인천광역시,남동구,남동구다선거구,70915,35869,34305,1564,20996.0,9608.0,3701.0,0.0,0.0,0.0,0.0,0.0,0.0,0.0,0.0,0.0,0.0,0.0
20180613,6,7회지방선거_기초의원지역구,인천광역시,남동구,남동구라선거구,75103,42841,40905,1936,11618.0,3316.0,2747.0,306.0,0.0,0.0,396.0,0.0,0.0,0.0,0.0,0.0,0.0,0.0
20180613,6,7회지방선거_기초의원지역구,인천광역시,남동구,남동구마선거구,71349,39938,38328,1610,20421.0,9741.0,2163.0,0.0,0.0,0.0,0.0,6003.0,0.0,0.0,0.0,0.0,0.0,0.0
20180613,6,7회지방선거_기초의원지역구,인천광역시,남동구,남동구바선거구,80330,47098,45136,1962,7228.0,5551.0,2384.0,0.0,0.0,0.0,0.0,6444.0,0.0,0.0,0.0,0.0,0.0,0.0
20180613,6,7회지방선거_기초의원지역구,인천광역시,부평구,부평구가선거구,64349,32717,31483,1234,19773.0,7635.0,3165.0,0.0,0.0,0.0,910.0,0.0,0.0,0.0,0.0,0.0,0.0,0.0
20180613,6,7회지방선거_기초의원지역구,인천광역시,부평구,부평구나선거구,84350,45949,43790,2159,7726.0,4427.0,3027.0,0.0,0.0,0.0,0.0,0.0,0.0,0.0,0.0,0.0,0.0,0.0
20180613,6,7회지방선거_기초의원지역구,인천광역시,부평구,부평구다선거구,90222,43557,42194,1363,6686.0,10316.0,2649.0,0.0,1687.0,0.0,0.0,0.0,0.0,0.0,0.0,0.0,0.0,0.0
20180613,6,7회지방선거_기초의원지역구,인천광역시,부평구,부평구라선거구,77410,43420,42208,1212,9811.0,8261.0,2725.0,0.0,0.0,0.0,0.0,5802.0,0.0,0.0,0.0,0.0,0.0,0.0
20180613,6,7회지방선거_기초의원지역구,인천광역시,부평구,부평구마선거구,63886,35267,34136,1131,22044.0,8138.0,2972.0,0.0,982.0,0.0,0.0,0.0,0.0,0.0,0.0,0.0,0.0,0.0
20180613,6,7회지방선거_기초의원지역구,인천광역시,부평구,부평구바선거구,68401,40872,39820,1052,8751.0,7810.0,2335.0,0.0,0.0,0.0,0.0,7735.0,0.0,0.0,0.0,0.0,0.0,0.0
20180613,6,7회지방선거_기초의원지역구,인천광역시,계양구,계양구가선거구,50031,27470,26401,1069,5839.0,5590.0,2242.0,0.0,0.0,0.0,0.0,0.0,0.0,0.0,0.0,0.0,0.0,0.0
20180613,6,7회지방선거_기초의원지역구,인천광역시,계양구,계양구나선거구,72554,39060,37343,1717,7012.0,7699.0,2410.0,0.0,0.0,0.0,0.0,0.0,0.0,0.0,0.0,0.0,0.0,0.0
20180613,6,7회지방선거_기초의원지역구,인천광역시,계양구,계양구다선거구,52192,27029,26026,1003,15950.0,6364.0,1932.0,0.0,0.0,1780.0,0.0,0.0,0.0,0.0,0.0,0.0,0.0,0.0
20180613,6,7회지방선거_기초의원지역구,인천광역시,계양구,계양구라선거구,91439,50264,48951,1313,9343.0,9678.0,3205.0,0.0,0.0,0.0,0.0,6954.0,0.0,0.0,0.0,0.0,0.0,0.0
20180613,6,7회지방선거_기초의원지역구,인천광역시,서구,서구가선거구,43637,22265,21437,828,4050.0,6088.0,1268.0,0.0,0.0,0.0,0.0,0.0,0.0,0.0,0.0,0.0,0.0,0.0
20180613,6,7회지방선거_기초의원지역구,인천광역시,서구,서구나선거구,57959,32489,31597,892,9397.0,6140.0,3029.0,0.0,0.0,0.0,0.0,0.0,0.0,0.0,0.0,0.0,0.0,0.0
20180613,6,7회지방선거_기초의원지역구,인천광역시,서구,서구다선거구,94058,48848,47481,1367,9962.0,9489.0,4491.0,0.0,0.0,0.0,0.0,0.0,1507.0,0.0,0.0,0.0,0.0,0.0
20180613,6,7회지방선거_기초의원지역구,인천광역시,서구,서구라선거구,66591,40588,39819,769,8943.0,6101.0,3842.0,0.0,0.0,7140.0,0.0,0.0,0.0,0.0,0.0,0.0,0.0,0.0
20180613,6,7회지방선거_기초의원지역구,인천광역시,서구,서구마선거구,51109,27487,26546,941,5553.0,5689.0,2635.0,0.0,0.0,0.0,0.0,0.0,0.0,0.0,0.0,0.0,0.0,0.0
20180613,6,7회지방선거_기초의원지역구,인천광역시,서구,서구바선거구,55484,28345,27184,1161,6454.0,6908.0,2534.0,0.0,0.0,0.0,0.0,0.0,0.0,0.0,0.0,0.0,0.0,0.0
20180613,6,7회지방선거_기초의원지역구,인천광역시,서구,서구사선거구,53981,30082,29018,1064,4311.0,5549.0,5474.0,0.0,0.0,0.0,0.0,0.0,0.0,0.0,0.0,0.0,0.0,0.0
20180613,6,7회지방선거_기초의원지역구,인천광역시,강화군,강화군가선거구,30381,19930,18977,953,3482.0,2281.0,0.0,0.0,0.0,1277.0,0.0,0.0,0.0,0.0,0.0,0.0,0.0,0.0
20180613,6,7회지방선거_기초의원지역구,인천광역시,강화군,강화군나선거구,30374,20003,19034,969,3107.0,2271.0,0.0,200.0,0.0,1266.0,0.0,0.0,0.0,0.0,0.0,0.0,0.0,0.0
20180613,6,7회지방선거_기초의원지역구,인천광역시,옹진군,옹진군가선거구,5858,4466,4240,226,655.0,681.0,0.0,0.0,0.0,867.0,0.0,0.0,0.0,0.0,0.0,0.0,0.0,0.0
20180613,6,7회지방선거_기초의원지역구,인천광역시,옹진군,옹진군나선거구,6825,4656,4391,265,603.0,454.0,0.0,0.0,0.0,0.0,0.0,0.0,0.0,0.0,0.0,0.0,0.0,0.0
20180613,6,7회지방선거_기초의원지역구,인천광역시,옹진군,옹진군다선거구,6255,4784,4536,248,1327.0,1054.0,0.0,0.0,0.0,1016.0,0.0,0.0,0.0,0.0,0.0,0.0,0.0,0.0
20180613,6,7회지방선거_기초의원지역구,광주광역시,동구,동구가선거구,36571,22312,21614,698,2248.0,0.0,1591.0,0.0,3672.0,1062.0,2170.0,0.0,0.0,0.0,0.0,0.0,0.0,0.0
20180613,6,7회지방선거_기초의원지역구,광주광역시,동구,동구나선거구,45694,29236,28130,1106,4616.0,0.0,1080.0,0.0,3134.0,1843.0,1921.0,0.0,0.0,0.0,0.0,0.0,0.0,0.0
20180613,6,7회지방선거_기초의원지역구,광주광역시,서구,서구가선거구,51654,30161,29268,893,3732.0,0.0,0.0,0.0,3789.0,0.0,2588.0,2479.0,0.0,0.0,0.0,0.0,0.0,0.0
20180613,6,7회지방선거_기초의원지역구,광주광역시,서구,서구나선거구,74378,44237,42914,1323,2502.0,0.0,2707.0,0.0,4921.0,1220.0,6002.0,0.0,0.0,0.0,0.0,0.0,0.0,0.0
20180613,6,7회지방선거_기초의원지역구,광주광역시,서구,서구다선거구,53695,32997,31598,1399,10298.0,0.0,0.0,0.0,5813.0,0.0,3283.0,0.0,0.0,0.0,0.0,0.0,0.0,0.0
20180613,6,7회지방선거_기초의원지역구,광주광역시,서구,서구라선거구,67548,40365,39115,1250,6042.0,0.0,0.0,0.0,6959.0,1957.0,3038.0,3702.0,0.0,0.0,0.0,0.0,0.0,0.0
20180613,6,7회지방선거_기초의원지역구,광주광역시,남구,남구가선거구,60208,33707,32460,1247,5797.0,0.0,2096.0,0.0,3975.0,0.0,0.0,0.0,0.0,0.0,0.0,0.0,0.0,0.0
20180613,6,7회지방선거_기초의원지역구,광주광역시,남구,남구나선거구,43257,25938,24485,1453,4078.0,0.0,0.0,0.0,4450.0,0.0,0.0,0.0,0.0,0.0,0.0,0.0,0.0,0.0
20180613,6,7회지방선거_기초의원지역구,광주광역시,남구,남구다선거구,73499,46633,44966,1667,6860.0,0.0,0.0,0.0,7592.0,0.0,3811.0,0.0,0.0,0.0,0.0,0.0,0.0,0.0
20180613,6,7회지방선거_기초의원지역구,광주광역시,북구,북구가선거구,36254,19899,18996,903,4243.0,0.0,0.0,0.0,3902.0,0.0,1635.0,0.0,0.0,0.0,0.0,0.0,0.0,0.0
20180613,6,7회지방선거_기초의원지역구,광주광역시,북구,북구나선거구,61620,35658,33878,1780,7337.0,0.0,0.0,0.0,7829.0,0.0,3735.0,0.0,0.0,0.0,0.0,0.0,0.0,0.0
20180613,6,7회지방선거_기초의원지역구,광주광역시,북구,북구다선거구,58301,33815,32482,1333,6321.0,0.0,0.0,0.0,2755.0,0.0,1419.0,2605.0,0.0,0.0,0.0,0.0,0.0,0.0
20180613,6,7회지방선거_기초의원지역구,광주광역시,북구,북구라선거구,79737,48163,46668,1495,4368.0,0.0,0.0,0.0,4334.0,0.0,6831.0,0.0,0.0,0.0,0.0,0.0,0.0,0.0
20180613,6,7회지방선거_기초의원지역구,광주광역시,북구,북구마선거구,58624,35846,34777,1069,9685.0,0.0,0.0,0.0,2317.0,0.0,3652.0,0.0,0.0,0.0,0.0,0.0,0.0,0.0
20180613,6,7회지방선거_기초의원지역구,광주광역시,북구,북구바선거구,64378,37144,35972,1172,10546.0,0.0,0.0,0.0,1726.0,2749.0,2790.0,0.0,0.0,0.0,0.0,0.0,0.0,0.0
20180613,6,7회지방선거_기초의원지역구,광주광역시,광산구,광산구가선거구,61825,36583,35196,1387,3038.0,2634.0,2689.0,0.0,0.0,2094.0,6221.0,2160.0,0.0,0.0,0.0,0.0,0.0,0.0
20180613,6,7회지방선거_기초의원지역구,광주광역시,광산구,광산구나선거구,73271,41048,40000,1048,6092.0,0.0,1723.0,0.0,2405.0,0.0,4412.0,4029.0,0.0,0.0,0.0,0.0,0.0,0.0
20180613,6,7회지방선거_기초의원지역구,광주광역시,광산구,광산구다선거구,74194,43071,41944,1127,5986.0,0.0,2568.0,0.0,0.0,3788.0,4385.0,4451.0,0.0,0.0,0.0,0.0,0.0,0.0
20180613,6,7회지방선거_기초의원지역구,광주광역시,광산구,광산구라선거구,42853,24909,24394,515,5990.0,0.0,1642.0,0.0,2993.0,0.0,2026.0,2201.0,0.0,0.0,0.0,0.0,0.0,0.0
20180613,6,7회지방선거_기초의원지역구,광주광역시,광산구,광산구마선거구,54868,32382,31196,1186,8295.0,0.0,3433.0,0.0,0.0,0.0,0.0,4815.0,0.0,0.0,0.0,0.0,0.0,0.0
20180613,6,7회지방선거_기초의원지역구,대전광역시,동구,동구가선거구,28972,15887,15382,505,2582.0,4684.0,1576.0,0.0,0.0,284.0,0.0,0.0,0.0,0.0,0.0,0.0,0.0,0.0
20180613,6,7회지방선거_기초의원지역구,대전광역시,동구,동구나선거구,48886,28482,27662,820,5794.0,5902.0,4827.0,0.0,0.0,0.0,0.0,0.0,0.0,0.0,0.0,0.0,0.0,0.0
20180613,6,7회지방선거_기초의원지역구,대전광역시,동구,동구다선거구,54566,30609,28616,1993,5983.0,3092.0,1115.0,0.0,0.0,0.0,0.0,1677.0,0.0,0.0,0.0,0.0,0.0,0.0
20180613,6,7회지방선거_기초의원지역구,대전광역시,동구,동구라선거구,58938,31323,30315,1008,17137.0,8587.0,4591.0,0.0,0.0,0.0,0.0,0.0,0.0,0.0,0.0,0.0,0.0,0.0
20180613,6,7회지방선거_기초의원지역구,대전광역시,중구,중구가선거구,58368,30364,28755,1609,7432.0,1886.0,2152.0,0.0,0.0,759.0,0.0,1388.0,0.0,0.0,0.0,0.0,0.0,0.0
20180613,6,7회지방선거_기초의원지역구,대전광역시,중구,중구나선거구,32193,19348,18772,576,3650.0,4241.0,2793.0,0.0,0.0,0.0,0.0,0.0,0.0,0.0,0.0,0.0,0.0,0.0
20180613,6,7회지방선거_기초의원지역구,대전광역시,중구,중구다선거구,41924,26041,25310,731,6015.0,6692.0,2646.0,0.0,0.0,931.0,0.0,0.0,0.0,0.0,0.0,0.0,0.0,0.0
20180613,6,7회지방선거_기초의원지역구,대전광역시,중구,중구라선거구,73557,41175,39269,1906,6898.0,4345.0,3401.0,0.0,0.0,0.0,0.0,0.0,0.0,0.0,0.0,0.0,0.0,0.0
20180613,6,7회지방선거_기초의원지역구,대전광역시,서구,서구가선거구,62364,33106,31079,2027,6308.0,8185.0,2508.0,0.0,0.0,0.0,0.0,0.0,0.0,0.0,0.0,0.0,0.0,0.0
20180613,6,7회지방선거_기초의원지역구,대전광역시,서구,서구나선거구,62419,34233,32053,2180,8681.0,2055.0,2008.0,0.0,0.0,0.0,0.0,0.0,0.0,0.0,0.0,0.0,0.0,0.0
20180613,6,7회지방선거_기초의원지역구,대전광역시,서구,서구다선거구,81919,49022,46519,2503,10476.0,3101.0,4143.0,0.0,0.0,0.0,0.0,0.0,0.0,0.0,0.0,0.0,0.0,0.0
20180613,6,7회지방선거_기초의원지역구,대전광역시,서구,서구라선거구,76537,39200,37251,1949,8485.0,3316.0,2063.0,0.0,0.0,0.0,0.0,3862.0,0.0,0.0,0.0,0.0,0.0,0.0
20180613,6,7회지방선거_기초의원지역구,대전광역시,서구,서구마선거구,58970,38083,36230,1853,7944.0,8314.0,3789.0,0.0,0.0,0.0,0.0,0.0,0.0,0.0,0.0,0.0,0.0,0.0
20180613,6,7회지방선거_기초의원지역구,대전광역시,서구,서구바선거구,53158,32804,30790,2014,7041.0,7613.0,2866.0,0.0,0.0,0.0,0.0,0.0,0.0,0.0,0.0,0.0,0.0,0.0
20180613,6,7회지방선거_기초의원지역구,대전광역시,유성구,유성구가선거구,63379,37979,36704,1275,7008.0,8356.0,3622.0,0.0,0.0,0.0,0.0,0.0,0.0,0.0,0.0,0.0,0.0,0.0
20180613,6,7회지방선거_기초의원지역구,대전광역시,유성구,유성구나선거구,79775,46327,43738,2589,11437.0,5568.0,1734.0,353.0,0.0,703.0,1294.0,0.0,0.0,0.0,0.0,0.0,0.0,0.0
20180613,6,7회지방선거_기초의원지역구,대전광역시,유성구,유성구다선거구,64921,42447,41445,1002,7486.0,8998.0,3030.0,0.0,0.0,0.0,0.0,5279.0,0.0,0.0,0.0,0.0,0.0,0.0
20180613,6,7회지방선거_기초의원지역구,대전광역시,유성구,유성구라선거구,64588,41481,40602,879,25281.0,9957.0,5364.0,0.0,0.0,0.0,0.0,0.0,0.0,0.0,0.0,0.0,0.0,0.0
20180613,6,7회지방선거_기초의원지역구,대전광역시,대덕구,대덕구나선거구,56123,32076,30982,1094,6679.0,8406.0,2002.0,0.0,0.0,0.0,1423.0,0.0,0.0,0.0,0.0,0.0,0.0,0.0
20180613,6,7회지방선거_기초의원지역구,대전광역시,대덕구,대덕구다선거구,52914,30448,28657,1791,5114.0,2492.0,3074.0,0.0,0.0,1632.0,0.0,1422.0,0.0,0.0,0.0,0.0,0.0,0.0
20180613,6,7회지방선거_기초의원지역구,울산광역시,중구,중구가선거구,55657,35062,33356,1706,11788.0,13871.0,0.0,0.0,0.0,0.0,0.0,0.0,0.0,0.0,0.0,7697.0,0.0,0.0
20180613,6,7회지방선거_기초의원지역구,울산광역시,중구,중구나선거구,37886,25241,24118,1123,8465.0,3620.0,0.0,0.0,0.0,0.0,0.0,4818.0,0.0,0.0,0.0,0.0,0.0,0.0
20180613,6,7회지방선거_기초의원지역구,울산광역시,중구,중구다선거구,68388,46074,43931,2143,7965.0,7411.0,1832.0,0.0,0.0,0.0,3337.0,0.0,0.0,0.0,0.0,0.0,0.0,0.0
20180613,6,7회지방선거_기초의원지역구,울산광역시,중구,중구라선거구,32977,21932,20934,998,9821.0,3652.0,0.0,0.0,0.0,0.0,0.0,2350.0,0.0,0.0,0.0,0.0,0.0,0.0
20180613,6,7회지방선거_기초의원지역구,울산광역시,남구,남구가선거구,60582,38555,37361,1194,15753.0,4723.0,0.0,0.0,0.0,3093.0,1979.0,0.0,0.0,0.0,0.0,0.0,0.0,0.0
20180613,6,7회지방선거_기초의원지역구,울산광역시,남구,남구나선거구,40248,27744,26438,1306,13051.0,10639.0,2748.0,0.0,0.0,0.0,0.0,0.0,0.0,0.0,0.0,0.0,0.0,0.0
20180613,6,7회지방선거_기초의원지역구,울산광역시,남구,남구다선거구,48192,31697,30352,1345,14682.0,11295.0,1883.0,0.0,0.0,0.0,2492.0,0.0,0.0,0.0,0.0,0.0,0.0,0.0
20180613,6,7회지방선거_기초의원지역구,울산광역시,남구,남구라선거구,52505,30906,30153,753,11967.0,10500.0,1106.0,0.0,0.0,2789.0,3791.0,0.0,0.0,0.0,0.0,0.0,0.0,0.0
20180613,6,7회지방선거_기초의원지역구,울산광역시,남구,남구마선거구,37420,23943,22858,1085,10153.0,8750.0,0.0,0.0,0.0,0.0,3955.0,0.0,0.0,0.0,0.0,0.0,0.0,0.0
20180613,6,7회지방선거_기초의원지역구,울산광역시,남구,남구바선거구,35983,23797,22859,938,10407.0,2697.0,0.0,0.0,0.0,0.0,3161.0,0.0,0.0,0.0,0.0,0.0,0.0,0.0
20180613,6,7회지방선거_기초의원지역구,울산광역시,동구,동구가선거구,61464,37290,36098,1192,13631.0,2848.0,0.0,0.0,0.0,0.0,7602.0,2477.0,0.0,0.0,0.0,0.0,0.0,0.0
20180613,6,7회지방선거_기초의원지역구,울산광역시,동구,동구나선거구,35856,24338,23348,990,9359.0,7431.0,0.0,0.0,0.0,0.0,5275.0,1283.0,0.0,0.0,0.0,0.0,0.0,0.0
20180613,6,7회지방선거_기초의원지역구,울산광역시,동구,동구다선거구,36996,25121,24549,572,9874.0,8301.0,1070.0,0.0,0.0,1799.0,0.0,0.0,0.0,0.0,0.0,3505.0,0.0,0.0
20180613,6,7회지방선거_기초의원지역구,울산광역시,북구,북구가선거구,57571,37966,37146,820,16958.0,10520.0,0.0,0.0,0.0,2699.0,4542.0,2427.0,0.0,0.0,0.0,0.0,0.0,0.0
20180613,6,7회지방선거_기초의원지역구,울산광역시,북구,북구나선거구,57156,37163,36450,713,17607.0,9105.0,2673.0,326.0,0.0,0.0,4328.0,2411.0,0.0,0.0,0.0,0.0,0.0,0.0
20180613,6,7회지방선거_기초의원지역구,울산광역시,북구,북구다선거구,44303,28977,27693,1284,14036.0,8512.0,0.0,0.0,0.0,0.0,5145.0,0.0,0.0,0.0,0.0,0.0,0.0,0.0
20180613,6,7회지방선거_기초의원지역구,울산광역시,울주군,울주군가선거구,55646,32655,31329,1326,3758.0,4368.0,0.0,0.0,0.0,4519.0,0.0,0.0,0.0,0.0,0.0,0.0,0.0,0.0
20180613,6,7회지방선거_기초의원지역구,울산광역시,울주군,울주군나선거구,70110,48017,46040,1977,8319.0,6368.0,1365.0,0.0,0.0,1379.0,4177.0,2183.0,0.0,0.0,0.0,0.0,0.0,0.0
20180613,6,7회지방선거_기초의원지역구,울산광역시,울주군,울주군다선거구,53610,34074,32457,1617,4978.0,3919.0,1984.0,0.0,0.0,710.0,0.0,0.0,0.0,0.0,0.0,0.0,0.0,0.0
20180613,6,7회지방선거_기초의원지역구,경기도,수원시장안구,수원시가선거구,61762,33333,32222,1111,17151.0,10538.0,4034.0,0.0,0.0,0.0,499.0,0.0,0.0,0.0,0.0,0.0,0.0,0.0
20180613,6,7회지방선거_기초의원지역구,경기도,수원시장안구,수원시나선거구,54583,33379,32486,893,19103.0,8605.0,4778.0,0.0,0.0,0.0,0.0,0.0,0.0,0.0,0.0,0.0,0.0,0.0
20180613,6,7회지방선거_기초의원지역구,경기도,수원시장안구,수원시다선거구,85795,55172,53779,1393,6461.0,10357.0,4614.0,0.0,0.0,0.0,0.0,4928.0,0.0,0.0,0.0,0.0,0.0,0.0
20180613,6,7회지방선거_기초의원지역구,경기도,수원시권선구,수원시라선거구,61286,35239,34211,1028,22784.0,7857.0,3570.0,0.0,0.0,0.0,0.0,0.0,0.0,0.0,0.0,0.0,0.0,0.0
20180613,6,7회지방선거_기초의원지역구,경기도,수원시권선구,수원시마선거구,48844,31506,30781,725,12400.0,6080.0,2273.0,0.0,0.0,0.0,10028.0,0.0,0.0,0.0,0.0,0.0,0.0,0.0
20180613,6,7회지방선거_기초의원지역구,경기도,수원시권선구,수원시바선거구,93976,54580,52874,1706,12366.0,11580.0,4489.0,0.0,0.0,0.0,0.0,4775.0,0.0,0.0,0.0,0.0,0.0,0.0
20180613,6,7회지방선거_기초의원지역구,경기도,수원시팔달구,수원시사선거구,90250,48064,46402,1662,11244.0,12049.0,3444.0,0.0,0.0,0.0,0.0,0.0,0.0,3821.0,0.0,0.0,0.0,0.0
20180613,6,7회지방선거_기초의원지역구,경기도,수원시팔달구,수원시아선거구,71423,40281,38484,1797,22857.0,12106.0,3521.0,0.0,0.0,0.0,0.0,0.0,0.0,0.0,0.0,0.0,0.0,0.0
20180613,6,7회지방선거_기초의원지역구,경기도,수원시영통구,수원시자선거구,79104,48110,46365,1745,7640.0,2714.0,2023.0,0.0,0.0,1746.0,0.0,6209.0,0.0,0.0,0.0,0.0,0.0,0.0
20180613,6,7회지방선거_기초의원지역구,경기도,수원시영통구,수원시차선거구,47986,30290,29494,796,9748.0,5746.0,2197.0,0.0,0.0,0.0,307.0,0.0,0.0,0.0,0.0,0.0,0.0,0.0
20180613,6,7회지방선거_기초의원지역구,경기도,수원시영통구,수원시카선거구,58176,38892,37930,962,10173.0,6757.0,5348.0,0.0,0.0,2059.0,0.0,0.0,0.0,0.0,0.0,0.0,0.0,0.0
20180613,6,7회지방선거_기초의원지역구,경기도,수원시권선구,수원시타선거구,74409,37248,36158,1090,9598.0,8421.0,2544.0,0.0,0.0,1628.0,0.0,0.0,0.0,0.0,0.0,0.0,0.0,0.0
20180613,6,7회지방선거_기초의원지역구,경기도,수원시권선구,수원시파선거구,64382,38700,37428,1272,8828.0,8155.0,3179.0,0.0,0.0,0.0,0.0,0.0,0.0,0.0,0.0,0.0,0.0,0.0
20180613,6,7회지방선거_기초의원지역구,경기도,수원시영통구,수원시하선거구,88265,57306,56129,1177,13202.0,10476.0,6237.0,0.0,0.0,0.0,0.0,0.0,2408.0,0.0,0.0,0.0,0.0,0.0
20180613,6,7회지방선거_기초의원지역구,경기도,고양시덕양구,고양시가선거구,106909,59408,57887,1521,11050.0,10585.0,4594.0,0.0,0.0,0.0,0.0,13278.0,0.0,0.0,0.0,0.0,0.0,0.0
20180613,6,7회지방선거_기초의원지역구,경기도,고양시덕양구,고양시나선거구,71198,39839,39107,732,13687.0,9218.0,1813.0,0.0,0.0,3714.0,0.0,10675.0,0.0,0.0,0.0,0.0,0.0,0.0
20180613,6,7회지방선거_기초의원지역구,경기도,고양시덕양구,고양시다선거구,61476,38193,37075,1118,14428.0,8542.0,2253.0,0.0,0.0,0.0,0.0,11852.0,0.0,0.0,0.0,0.0,0.0,0.0
20180613,6,7회지방선거_기초의원지역구,경기도,고양시덕양구,고양시라선거구,36618,21358,20531,827,5532.0,5346.0,1482.0,0.0,0.0,0.0,0.0,0.0,0.0,0.0,0.0,0.0,0.0,0.0
20180613,6,7회지방선거_기초의원지역구,경기도,고양시덕양구,고양시마선거구,59621,37014,35385,1629,9954.0,6874.0,4345.0,0.0,0.0,0.0,0.0,0.0,0.0,0.0,0.0,0.0,0.0,0.0
20180613,6,7회지방선거_기초의원지역구,경기도,고양시덕양구,고양시바선거구,63044,36182,34581,1601,8239.0,8267.0,2673.0,0.0,0.0,0.0,0.0,0.0,0.0,0.0,0.0,0.0,0.0,0.0
20180613,6,7회지방선거_기초의원지역구,경기도,고양시일산동구,고양시사선거구,86472,47951,46844,1107,10417.0,9946.0,3366.0,0.0,0.0,0.0,793.0,6644.0,0.0,0.0,0.0,0.0,0.0,0.0
20180613,6,7회지방선거_기초의원지역구,경기도,고양시일산동구,고양시아선거구,73257,40168,38889,1279,23329.0,8899.0,3301.0,0.0,0.0,3360.0,0.0,0.0,0.0,0.0,0.0,0.0,0.0,0.0
20180613,6,7회지방선거_기초의원지역구,경기도,고양시일산동구,고양시자선거구,74325,44562,43546,1016,6272.0,10745.0,3713.0,295.0,737.0,0.0,0.0,4608.0,0.0,0.0,0.0,0.0,0.0,0.0
20180613,6,7회지방선거_기초의원지역구,경기도,고양시일산서구,고양시차선거구,63310,36444,35299,1145,21706.0,9490.0,4103.0,0.0,0.0,0.0,0.0,0.0,0.0,0.0,0.0,0.0,0.0,0.0
20180613,6,7회지방선거_기초의원지역구,경기도,고양시일산서구,고양시카선거구,53244,30970,29774,1196,8126.0,7317.0,0.0,0.0,465.0,0.0,0.0,0.0,0.0,0.0,0.0,0.0,0.0,0.0
20180613,6,7회지방선거_기초의원지역구,경기도,고양시일산서구,고양시타선거구,49133,30984,29997,987,18866.0,8010.0,3121.0,0.0,0.0,0.0,0.0,0.0,0.0,0.0,0.0,0.0,0.0,0.0
20180613,6,7회지방선거_기초의원지역구,경기도,고양시일산서구,고양시파선거구,56398,34386,33336,1050,22487.0,7543.0,3306.0,0.0,0.0,0.0,0.0,0.0,0.0,0.0,0.0,0.0,0.0,0.0
20180613,6,7회지방선거_기초의원지역구,경기도,용인시처인구,용인시가선거구,106217,59405,56850,2555,13467.0,5293.0,2612.0,325.0,661.0,713.0,0.0,0.0,0.0,0.0,0.0,0.0,0.0,0.0
20180613,6,7회지방선거_기초의원지역구,경기도,용인시처인구,용인시나선거구,44259,24240,22833,1407,11193.0,8073.0,2967.0,0.0,0.0,600.0,0.0,0.0,0.0,0.0,0.0,0.0,0.0,0.0
20180613,6,7회지방선거_기초의원지역구,경기도,용인시처인구,용인시다선거구,42097,23013,21413,1600,10708.0,7524.0,2788.0,0.0,393.0,0.0,0.0,0.0,0.0,0.0,0.0,0.0,0.0,0.0
20180613,6,7회지방선거_기초의원지역구,경기도,용인시기흥구,용인시라선거구,79687,49453,47516,1937,11978.0,11105.0,4203.0,0.0,0.0,0.0,0.0,0.0,0.0,0.0,0.0,0.0,0.0,0.0
20180613,6,7회지방선거_기초의원지역구,경기도,용인시기흥구,용인시마선거구,101113,62448,59720,2728,13864.0,13150.0,5041.0,0.0,0.0,0.0,0.0,0.0,0.0,0.0,0.0,0.0,0.0,0.0
20180613,6,7회지방선거_기초의원지역구,경기도,용인시수지구,용인시바선거구,96389,63629,61427,2202,11933.0,2866.0,4529.0,0.0,0.0,4091.0,0.0,0.0,0.0,0.0,0.0,0.0,0.0,0.0
20180613,6,7회지방선거_기초의원지역구,경기도,용인시수지구,용인시사선거구,58040,36583,35658,925,21731.0,10223.0,3317.0,387.0,0.0,0.0,0.0,0.0,0.0,0.0,0.0,0.0,0.0,0.0
20180613,6,7회지방선거_기초의원지역구,경기도,용인시수지구,용인시아선거구,60760,38846,38047,799,19853.0,14366.0,3828.0,0.0,0.0,0.0,0.0,0.0,0.0,0.0,0.0,0.0,0.0,0.0
20180613,6,7회지방선거_기초의원지역구,경기도,용인시기흥구,용인시자선거구,116469,75409,72458,2951,17197.0,5548.0,5562.0,942.0,0.0,0.0,0.0,0.0,0.0,0.0,0.0,0.0,0.0,0.0
20180613,6,7회지방선거_기초의원지역구,경기도,용인시기흥구,용인시차선거구,89840,58063,56501,1562,17480.0,14992.0,4193.0,0.0,0.0,0.0,2310.0,0.0,0.0,0.0,0.0,0.0,0.0,0.0
20180613,6,7회지방선거_기초의원지역구,경기도,성남시수정구,성남시가선거구,41061,21337,20437,900,12718.0,4621.0,3098.0,0.0,0.0,0.0,0.0,0.0,0.0,0.0,0.0,0.0,0.0,0.0
20180613,6,7회지방선거_기초의원지역구,경기도,성남시수정구,성남시나선거구,33329,19201,18568,633,10890.0,4741.0,2937.0,0.0,0.0,0.0,0.0,0.0,0.0,0.0,0.0,0.0,0.0,0.0
20180613,6,7회지방선거_기초의원지역구,경기도,성남시수정구,성남시라선거구,79016,47465,46247,1218,9774.0,8824.0,3991.0,0.0,0.0,0.0,2940.0,3303.0,0.0,0.0,0.0,0.0,0.0,0.0
20180613,6,7회지방선거_기초의원지역구,경기도,성남시중원구,성남시마선거구,49268,26474,25393,1081,6807.0,6221.0,1669.0,0.0,0.0,0.0,0.0,0.0,0.0,0.0,0.0,0.0,0.0,0.0
20180613,6,7회지방선거_기초의원지역구,경기도,성남시중원구,성남시바선거구,70016,42653,41551,1102,25124.0,9713.0,6714.0,0.0,0.0,0.0,0.0,0.0,0.0,0.0,0.0,0.0,0.0,0.0
20180613,6,7회지방선거_기초의원지역구,경기도,성남시중원구,성남시사선거구,75908,43028,41763,1265,8494.0,8866.0,4553.0,0.0,0.0,0.0,2162.0,1394.0,0.0,0.0,0.0,0.0,0.0,0.0
20180613,6,7회지방선거_기초의원지역구,경기도,성남시분당구,성남시아선거구,52263,35612,34819,793,7975.0,9295.0,5195.0,0.0,0.0,552.0,0.0,0.0,0.0,0.0,0.0,0.0,0.0,0.0
20180613,6,7회지방선거_기초의원지역구,경기도,성남시분당구,성남시자선거구,56075,37706,36556,1150,8129.0,9348.0,5971.0,0.0,0.0,0.0,0.0,0.0,0.0,0.0,0.0,0.0,0.0,0.0
20180613,6,7회지방선거_기초의원지역구,경기도,성남시분당구,성남시차선거구,41560,28001,27501,500,11288.0,7099.0,9114.0,0.0,0.0,0.0,0.0,0.0,0.0,0.0,0.0,0.0,0.0,0.0
20180613,6,7회지방선거_기초의원지역구,경기도,성남시분당구,성남시카선거구,56563,38120,36962,1158,10505.0,10166.0,3863.0,0.0,0.0,0.0,0.0,0.0,0.0,0.0,0.0,0.0,0.0,0.0
20180613,6,7회지방선거_기초의원지역구,경기도,성남시분당구,성남시타선거구,48455,30233,29577,656,16118.0,10283.0,3176.0,0.0,0.0,0.0,0.0,0.0,0.0,0.0,0.0,0.0,0.0,0.0
20180613,6,7회지방선거_기초의원지역구,경기도,성남시분당구,성남시파선거구,57951,38180,37383,797,21698.0,11202.0,4483.0,0.0,0.0,0.0,0.0,0.0,0.0,0.0,0.0,0.0,0.0,0.0
20180613,6,7회지방선거_기초의원지역구,경기도,성남시분당구,성남시하선거구,88805,58977,56736,2241,11834.0,5737.0,3752.0,0.0,0.0,3095.0,762.0,4386.0,0.0,0.0,0.0,0.0,0.0,0.0
20180613,6,7회지방선거_기초의원지역구,경기도,부천시,부천시가선거구,81326,43649,42381,1268,11941.0,8581.0,3707.0,0.0,0.0,0.0,1612.0,0.0,0.0,0.0,0.0,0.0,0.0,0.0
20180613,6,7회지방선거_기초의원지역구,경기도,부천시,부천시나선거구,60659,28785,27709,1076,6908.0,6063.0,2797.0,0.0,0.0,0.0,0.0,0.0,0.0,0.0,0.0,0.0,0.0,0.0
20180613,6,7회지방선거_기초의원지역구,경기도,부천시,부천시다선거구,110585,65027,62693,2334,13839.0,4634.0,4196.0,0.0,0.0,2187.0,0.0,0.0,0.0,0.0,0.0,0.0,0.0,0.0
20180613,6,7회지방선거_기초의원지역구,경기도,부천시,부천시라선거구,57893,33691,32450,1241,10851.0,6913.0,3138.0,0.0,0.0,0.0,0.0,0.0,0.0,0.0,0.0,0.0,0.0,0.0
20180613,6,7회지방선거_기초의원지역구,경기도,부천시,부천시마선거구,49557,31840,30876,964,7908.0,6431.0,2192.0,0.0,0.0,0.0,0.0,0.0,0.0,0.0,0.0,0.0,0.0,0.0
20180613,6,7회지방선거_기초의원지역구,경기도,부천시,부천시바선거구,75042,40875,39893,982,6892.0,8599.0,3469.0,0.0,0.0,0.0,0.0,3331.0,0.0,0.0,0.0,0.0,0.0,0.0
20180613,6,7회지방선거_기초의원지역구,경기도,부천시,부천시사선거구,49701,27804,26674,1130,4927.0,6148.0,2068.0,0.0,0.0,0.0,0.0,0.0,0.0,0.0,0.0,0.0,0.0,0.0
20180613,6,7회지방선거_기초의원지역구,경기도,부천시,부천시아선거구,78305,47288,45923,1365,30629.0,9081.0,6213.0,0.0,0.0,0.0,0.0,0.0,0.0,0.0,0.0,0.0,0.0,0.0
20180613,6,7회지방선거_기초의원지역구,경기도,부천시,부천시자선거구,75838,39046,37977,1069,7287.0,7046.0,3917.0,0.0,0.0,2710.0,323.0,0.0,0.0,0.0,0.0,0.0,0.0,0.0
20180613,6,7회지방선거_기초의원지역구,경기도,부천시,부천시차선거구,76375,37847,36693,1154,3736.0,6905.0,2506.0,0.0,0.0,1618.0,0.0,0.0,0.0,0.0,0.0,0.0,0.0,0.0
20180613,6,7회지방선거_기초의원지역구,경기도,안산시상록구,안산시가선거구,93072,50972,49545,1427,11234.0,10718.0,4471.0,0.0,0.0,0.0,1746.0,0.0,0.0,0.0,0.0,0.0,0.0,0.0
20180613,6,7회지방선거_기초의원지역구,경기도,안산시상록구,안산시나선거구,75540,38907,37829,1078,6589.0,9131.0,2905.0,0.0,0.0,0.0,608.0,0.0,0.0,0.0,0.0,0.0,0.0,0.0
20180613,6,7회지방선거_기초의원지역구,경기도,안산시상록구,안산시다선거구,68577,36621,35554,1067,20219.0,7511.0,4295.0,0.0,0.0,3529.0,0.0,0.0,0.0,0.0,0.0,0.0,0.0,0.0
20180613,6,7회지방선거_기초의원지역구,경기도,안산시상록구,안산시라선거구,63973,33468,32042,1426,7476.0,6158.0,3181.0,0.0,0.0,0.0,0.0,0.0,0.0,0.0,0.0,0.0,0.0,0.0
20180613,6,7회지방선거_기초의원지역구,경기도,안산시단원구,안산시마선거구,74003,36219,35186,1033,6046.0,8748.0,3220.0,0.0,0.0,0.0,1649.0,0.0,0.0,0.0,0.0,0.0,0.0,0.0
20180613,6,7회지방선거_기초의원지역구,경기도,안산시단원구,안산시바선거구,63998,30930,29860,1070,18265.0,8508.0,3087.0,0.0,0.0,0.0,0.0,0.0,0.0,0.0,0.0,0.0,0.0,0.0
20180613,6,7회지방선거_기초의원지역구,경기도,안산시단원구,안산시사선거구,50542,29040,28117,923,14252.0,6804.0,3040.0,0.0,0.0,0.0,0.0,4021.0,0.0,0.0,0.0,0.0,0.0,0.0
20180613,6,7회지방선거_기초의원지역구,경기도,안산시단원구,안산시아선거구,63994,38393,37271,1122,9835.0,9365.0,3308.0,0.0,0.0,0.0,0.0,0.0,0.0,0.0,0.0,0.0,0.0,0.0
20180613,6,7회지방선거_기초의원지역구,경기도,화성시,화성시가선거구,75340,38197,36869,1328,8439.0,8665.0,3308.0,0.0,0.0,0.0,0.0,0.0,0.0,0.0,0.0,0.0,0.0,0.0
20180613,6,7회지방선거_기초의원지역구,경기도,화성시,화성시나선거구,34318,17850,17112,738,8363.0,5487.0,3262.0,0.0,0.0,0.0,0.0,0.0,0.0,0.0,0.0,0.0,0.0,0.0
20180613,6,7회지방선거_기초의원지역구,경기도,화성시,화성시다선거구,67518,34978,33599,1379,6403.0,9211.0,2586.0,0.0,0.0,0.0,0.0,0.0,0.0,0.0,0.0,0.0,0.0,0.0
20180613,6,7회지방선거_기초의원지역구,경기도,화성시,화성시라선거구,95664,60049,58144,1905,16571.0,2288.0,8615.0,0.0,0.0,0.0,2253.0,0.0,0.0,0.0,0.0,0.0,0.0,0.0
20180613,6,7회지방선거_기초의원지역구,경기도,화성시,화성시마선거구,94644,58799,57438,1361,17801.0,7827.0,3976.0,0.0,0.0,4614.0,439.0,0.0,0.0,0.0,0.0,0.0,0.0,0.0
20180613,6,7회지방선거_기초의원지역구,경기도,화성시,화성시바선거구,88185,48732,47056,1676,13176.0,2293.0,3995.0,0.0,0.0,0.0,0.0,0.0,0.0,0.0,0.0,0.0,0.0,0.0
20180613,6,7회지방선거_기초의원지역구,경기도,화성시,화성시사선거구,96052,55061,53263,1798,12007.0,9658.0,6492.0,0.0,0.0,0.0,0.0,0.0,0.0,0.0,0.0,0.0,0.0,0.0
20180613,6,7회지방선거_기초의원지역구,경기도,남양주시,남양주시가선거구,66804,38696,37106,1590,9946.0,7917.0,3468.0,0.0,0.0,0.0,0.0,0.0,0.0,0.0,0.0,0.0,0.0,0.0
20180613,6,7회지방선거_기초의원지역구,경기도,남양주시,남양주시나선거구,95889,47662,45543,2119,14015.0,3274.0,1643.0,0.0,0.0,0.0,0.0,2663.0,0.0,0.0,0.0,0.0,0.0,0.0
20180613,6,7회지방선거_기초의원지역구,경기도,남양주시,남양주시다선거구,71842,41297,40242,1055,7359.0,9158.0,2574.0,0.0,0.0,0.0,2766.0,0.0,0.0,0.0,0.0,0.0,0.0,0.0
20180613,6,7회지방선거_기초의원지역구,경기도,남양주시,남양주시라선거구,73870,36869,35714,1155,7203.0,8215.0,2067.0,0.0,0.0,1572.0,0.0,0.0,0.0,0.0,0.0,0.0,0.0,0.0
20180613,6,7회지방선거_기초의원지역구,경기도,남양주시,남양주시마선거구,43068,21438,20754,684,5329.0,3788.0,872.0,0.0,0.0,3494.0,0.0,0.0,0.0,0.0,0.0,0.0,0.0,0.0
20180613,6,7회지방선거_기초의원지역구,경기도,남양주시,남양주시바선거구,104448,60609,58284,2325,11316.0,5453.0,5603.0,0.0,0.0,0.0,1513.0,0.0,0.0,0.0,0.0,0.0,0.0,0.0
20180613,6,7회지방선거_기초의원지역구,경기도,남양주시,남양주시사선거구,81428,48102,45975,2127,11214.0,12971.0,4117.0,0.0,0.0,0.0,0.0,0.0,0.0,0.0,0.0,0.0,0.0,0.0
20180613,6,7회지방선거_기초의원지역구,경기도,안양시만안구,안양시가선거구,64841,38190,36177,2013,8692.0,5881.0,2474.0,0.0,0.0,0.0,0.0,0.0,0.0,0.0,0.0,0.0,0.0,0.0
20180613,6,7회지방선거_기초의원지역구,경기도,안양시만안구,안양시나선거구,41046,23924,23025,899,6396.0,6601.0,0.0,0.0,0.0,0.0,0.0,0.0,0.0,0.0,0.0,0.0,0.0,0.0
20180613,6,7회지방선거_기초의원지역구,경기도,안양시만안구,안양시다선거구,52805,31150,30308,842,16512.0,8569.0,0.0,0.0,0.0,3212.0,0.0,0.0,0.0,0.0,0.0,0.0,0.0,0.0
20180613,6,7회지방선거_기초의원지역구,경기도,안양시만안구,안양시라선거구,57806,36511,35326,1185,9331.0,9616.0,0.0,0.0,0.0,0.0,0.0,0.0,0.0,0.0,0.0,0.0,0.0,0.0
20180613,6,7회지방선거_기초의원지역구,경기도,안양시동안구,안양시마선거구,63661,41805,40295,1510,10589.0,11032.0,2622.0,0.0,0.0,0.0,767.0,0.0,0.0,0.0,0.0,0.0,0.0,0.0
20180613,6,7회지방선거_기초의원지역구,경기도,안양시동안구,안양시바선거구,80848,50119,48021,2098,10692.0,5532.0,2396.0,0.0,0.0,0.0,511.0,3936.0,0.0,0.0,0.0,0.0,0.0,0.0
20180613,6,7회지방선거_기초의원지역구,경기도,안양시동안구,안양시사선거구,66099,46045,44243,1802,12672.0,4680.0,3039.0,0.0,0.0,0.0,0.0,0.0,0.0,0.0,0.0,0.0,0.0,0.0
20180613,6,7회지방선거_기초의원지역구,경기도,안양시동안구,안양시아선거구,57396,36851,35852,999,21144.0,11156.0,3552.0,0.0,0.0,0.0,0.0,0.0,0.0,0.0,0.0,0.0,0.0,0.0
20180613,6,7회지방선거_기초의원지역구,경기도,평택시,평택시가선거구,54509,27270,25644,1626,13760.0,8518.0,3366.0,0.0,0.0,0.0,0.0,0.0,0.0,0.0,0.0,0.0,0.0,0.0
20180613,6,7회지방선거_기초의원지역구,경기도,평택시,평택시나선거구,60867,31408,30345,1063,9085.0,7214.0,3584.0,320.0,0.0,0.0,0.0,0.0,0.0,0.0,0.0,0.0,0.0,0.0
20180613,6,7회지방선거_기초의원지역구,경기도,평택시,평택시다선거구,34896,19511,18446,1065,10493.0,6183.0,1770.0,0.0,0.0,0.0,0.0,0.0,0.0,0.0,0.0,0.0,0.0,0.0
20180613,6,7회지방선거_기초의원지역구,경기도,평택시,평택시라선거구,65396,34935,33997,938,18082.0,4398.0,3191.0,0.0,0.0,1207.0,0.0,0.0,0.0,0.0,0.0,0.0,0.0,0.0
20180613,6,7회지방선거_기초의원지역구,경기도,평택시,평택시마선거구,83896,42480,39037,3443,7548.0,10088.0,4561.0,0.0,0.0,0.0,0.0,0.0,0.0,0.0,0.0,0.0,0.0,0.0
20180613,6,7회지방선거_기초의원지역구,경기도,평택시,평택시바선거구,94658,54057,51780,2277,7343.0,5196.0,3921.0,0.0,0.0,2698.0,2216.0,0.0,0.0,0.0,0.0,0.0,0.0,0.0
20180613,6,7회지방선거_기초의원지역구,경기도,의정부시,의정부시가선거구,85493,40593,38851,1742,10271.0,10472.0,0.0,0.0,0.0,2003.0,0.0,0.0,0.0,0.0,0.0,0.0,0.0,0.0
20180613,6,7회지방선거_기초의원지역구,경기도,의정부시,의정부시나선거구,85574,48236,46152,2084,11633.0,8504.0,2592.0,0.0,0.0,0.0,0.0,0.0,0.0,0.0,0.0,0.0,0.0,0.0
20180613,6,7회지방선거_기초의원지역구,경기도,의정부시,의정부시다선거구,90225,52507,50496,2011,12871.0,14664.0,0.0,689.0,0.0,0.0,0.0,0.0,0.0,0.0,0.0,0.0,0.0,0.0
20180613,6,7회지방선거_기초의원지역구,경기도,의정부시,의정부시라선거구,105167,57071,54879,2192,15772.0,13646.0,0.0,0.0,0.0,0.0,3285.0,0.0,0.0,0.0,0.0,0.0,0.0,0.0
20180613,6,7회지방선거_기초의원지역구,경기도,파주시,파주시가선거구,93940,53344,52445,899,28579.0,10378.0,3821.0,0.0,0.0,0.0,6095.0,3572.0,0.0,0.0,0.0,0.0,0.0,0.0
20180613,6,7회지방선거_기초의원지역구,경기도,파주시,파주시나선거구,104616,59603,56961,2642,11445.0,6961.0,4040.0,0.0,0.0,0.0,0.0,0.0,0.0,1891.0,0.0,0.0,0.0,0.0
20180613,6,7회지방선거_기초의원지역구,경기도,파주시,파주시다선거구,92747,48629,46383,2246,10669.0,4974.0,1966.0,0.0,0.0,0.0,1430.0,0.0,0.0,2427.0,0.0,0.0,0.0,0.0
20180613,6,7회지방선거_기초의원지역구,경기도,파주시,파주시라선거구,61215,32153,30638,1515,5661.0,3231.0,3134.0,0.0,0.0,0.0,0.0,0.0,0.0,0.0,0.0,0.0,0.0,0.0
20180613,6,7회지방선거_기초의원지역구,경기도,시흥시,시흥시가선거구,87907,48637,46553,2084,9962.0,4649.0,2227.0,0.0,0.0,0.0,0.0,0.0,0.0,3825.0,0.0,0.0,0.0,0.0
20180613,6,7회지방선거_기초의원지역구,경기도,시흥시,시흥시나선거구,90681,53631,51310,2321,15968.0,4983.0,2590.0,0.0,0.0,0.0,2073.0,0.0,0.0,0.0,0.0,0.0,0.0,0.0
20180613,6,7회지방선거_기초의원지역구,경기도,시흥시,시흥시다선거구,77105,32464,31068,1396,6501.0,2483.0,3058.0,0.0,0.0,1221.0,0.0,0.0,0.0,0.0,0.0,0.0,0.0,0.0
20180613,6,7회지방선거_기초의원지역구,경기도,시흥시,시흥시라선거구,94893,50495,49266,1229,8812.0,8535.0,4071.0,0.0,0.0,3311.0,0.0,2467.0,0.0,0.0,0.0,0.0,0.0,0.0
20180613,6,7회지방선거_기초의원지역구,경기도,김포시,김포시가선거구,80228,47104,45024,2080,8670.0,2158.0,1960.0,0.0,0.0,1332.0,322.0,0.0,0.0,0.0,0.0,0.0,0.0,0.0
20180613,6,7회지방선거_기초의원지역구,경기도,김포시,김포시나선거구,71565,41864,40953,911,23610.0,10923.0,3278.0,0.0,0.0,3142.0,0.0,0.0,0.0,0.0,0.0,0.0,0.0,0.0
20180613,6,7회지방선거_기초의원지역구,경기도,김포시,김포시다선거구,67387,33404,32317,1087,16116.0,12479.0,0.0,0.0,0.0,3722.0,0.0,0.0,0.0,0.0,0.0,0.0,0.0,0.0
20180613,6,7회지방선거_기초의원지역구,경기도,김포시,김포시라선거구,97066,57635,55522,2113,13295.0,4301.0,3126.0,0.0,0.0,0.0,0.0,0.0,0.0,0.0,0.0,0.0,0.0,0.0
20180613,6,7회지방선거_기초의원지역구,경기도,광명시,광명시가선거구,54841,31059,29589,1470,6767.0,6280.0,3751.0,0.0,0.0,0.0,0.0,0.0,0.0,0.0,0.0,0.0,0.0,0.0
20180613,6,7회지방선거_기초의원지역구,경기도,광명시,광명시나선거구,65450,38881,37156,1725,9500.0,8153.0,4789.0,0.0,0.0,0.0,0.0,0.0,0.0,0.0,0.0,0.0,0.0,0.0
20180613,6,7회지방선거_기초의원지역구,경기도,광명시,광명시다선거구,63402,41991,40936,1055,10325.0,8304.0,4948.0,0.0,1304.0,0.0,0.0,0.0,0.0,0.0,0.0,0.0,0.0,0.0
20180613,6,7회지방선거_기초의원지역구,경기도,광명시,광명시라선거구,87099,54889,53410,1479,11534.0,8376.0,8904.0,0.0,1925.0,0.0,720.0,0.0,0.0,0.0,0.0,0.0,0.0,0.0
20180613,6,7회지방선거_기초의원지역구,경기도,광주시,광주시가선거구,65121,34830,32961,1869,8240.0,9279.0,2087.0,0.0,0.0,0.0,0.0,0.0,0.0,0.0,0.0,0.0,0.0,0.0
20180613,6,7회지방선거_기초의원지역구,경기도,광주시,광주시나선거구,80750,44834,42896,1938,8320.0,5236.0,2030.0,0.0,0.0,0.0,412.0,2291.0,0.0,0.0,0.0,604.0,0.0,0.0
20180613,6,7회지방선거_기초의원지역구,경기도,광주시,광주시다선거구,61722,33383,31396,1987,18192.0,9118.0,4086.0,0.0,0.0,0.0,0.0,0.0,0.0,0.0,0.0,0.0,0.0,0.0
20180613,6,7회지방선거_기초의원지역구,경기도,광주시,광주시라선거구,80400,43036,42088,948,8746.0,8688.0,3214.0,0.0,3584.0,753.0,0.0,0.0,0.0,0.0,0.0,0.0,0.0,0.0
20180613,6,7회지방선거_기초의원지역구,경기도,군포시,군포시가선거구,61766,34000,32895,1105,20169.0,9457.0,3269.0,0.0,0.0,0.0,0.0,0.0,0.0,0.0,0.0,0.0,0.0,0.0
20180613,6,7회지방선거_기초의원지역구,경기도,군포시,군포시나선거구,53695,35042,33830,1212,9894.0,6593.0,2652.0,0.0,0.0,0.0,0.0,0.0,0.0,0.0,0.0,0.0,0.0,0.0
20180613,6,7회지방선거_기초의원지역구,경기도,군포시,군포시다선거구,61564,41498,40111,1387,25095.0,9618.0,3354.0,0.0,0.0,2044.0,0.0,0.0,0.0,0.0,0.0,0.0,0.0,0.0
20180613,6,7회지방선거_기초의원지역구,경기도,군포시,군포시라선거구,51974,33949,32864,1085,19218.0,7900.0,5746.0,0.0,0.0,0.0,0.0,0.0,0.0,0.0,0.0,0.0,0.0,0.0
20180613,6,7회지방선거_기초의원지역구,경기도,이천시,이천시가선거구,66001,37329,35896,1433,9223.0,2656.0,3769.0,0.0,0.0,0.0,0.0,0.0,0.0,0.0,0.0,0.0,0.0,0.0
20180613,6,7회지방선거_기초의원지역구,경기도,이천시,이천시나선거구,41605,21659,21027,632,9551.0,8022.0,3454.0,0.0,0.0,0.0,0.0,0.0,0.0,0.0,0.0,0.0,0.0,0.0
20180613,6,7회지방선거_기초의원지역구,경기도,이천시,이천시다선거구,63912,34703,33057,1646,8838.0,5271.0,1088.0,0.0,0.0,0.0,0.0,0.0,0.0,0.0,0.0,0.0,0.0,0.0
20180613,6,7회지방선거_기초의원지역구,경기도,오산시,오산시가선거구,88108,49525,47582,1943,11009.0,2989.0,3121.0,0.0,0.0,2605.0,0.0,0.0,0.0,0.0,0.0,0.0,0.0,0.0
20180613,6,7회지방선거_기초의원지역구,경기도,오산시,오산시나선거구,81530,40494,38823,1671,11996.0,4938.0,2569.0,0.0,0.0,0.0,0.0,0.0,0.0,0.0,0.0,0.0,0.0,0.0
20180613,6,7회지방선거_기초의원지역구,경기도,하남시,하남시가선거구,71585,42142,40196,1946,10205.0,4390.0,3236.0,0.0,0.0,0.0,0.0,0.0,0.0,0.0,0.0,0.0,0.0,0.0
20180613,6,7회지방선거_기초의원지역구,경기도,하남시,하남시나선거구,68487,38675,37016,1659,12605.0,3673.0,1896.0,0.0,0.0,0.0,0.0,0.0,0.0,0.0,0.0,0.0,0.0,0.0
20180613,6,7회지방선거_기초의원지역구,경기도,하남시,하남시다선거구,54109,34557,33812,745,9118.0,7305.0,1418.0,0.0,0.0,0.0,0.0,3211.0,0.0,0.0,0.0,0.0,0.0,0.0
20180613,6,7회지방선거_기초의원지역구,경기도,양주시,양주시가선거구,83338,45412,43252,2160,10257.0,4367.0,3194.0,0.0,0.0,0.0,1814.0,0.0,0.0,0.0,0.0,0.0,0.0,0.0
20180613,6,7회지방선거_기초의원지역구,경기도,양주시,양주시나선거구,43223,23471,22217,1254,12903.0,3470.0,0.0,0.0,0.0,0.0,0.0,0.0,0.0,0.0,0.0,0.0,0.0,0.0
20180613,6,7회지방선거_기초의원지역구,경기도,양주시,양주시다선거구,44682,25268,24036,1232,6324.0,5829.0,2739.0,0.0,0.0,0.0,0.0,0.0,0.0,0.0,0.0,0.0,0.0,0.0
20180613,6,7회지방선거_기초의원지역구,경기도,구리시,구리시가선거구,87106,52329,49821,2508,13634.0,4849.0,2810.0,430.0,0.0,0.0,0.0,0.0,0.0,0.0,0.0,0.0,0.0,0.0
20180613,6,7회지방선거_기초의원지역구,경기도,구리시,구리시나선거구,78189,45360,43170,2190,13046.0,3482.0,3412.0,362.0,0.0,1911.0,0.0,0.0,0.0,0.0,0.0,0.0,0.0,0.0
20180613,6,7회지방선거_기초의원지역구,경기도,안성시,안성시가선거구,51924,27412,26347,1065,6914.0,7641.0,0.0,0.0,0.0,0.0,0.0,0.0,0.0,0.0,0.0,0.0,0.0,0.0
20180613,6,7회지방선거_기초의원지역구,경기도,안성시,안성시나선거구,37728,20658,19794,864,4134.0,5113.0,0.0,0.0,0.0,0.0,0.0,3763.0,0.0,0.0,0.0,0.0,0.0,0.0
20180613,6,7회지방선거_기초의원지역구,경기도,안성시,안성시다선거구,59974,33941,32239,1702,6809.0,4222.0,2375.0,0.0,0.0,0.0,1852.0,0.0,0.0,0.0,0.0,0.0,0.0,0.0
20180613,6,7회지방선거_기초의원지역구,경기도,포천시,포천시가선거구,63475,35426,33314,2112,4596.0,4238.0,2231.0,418.0,0.0,1558.0,616.0,0.0,0.0,0.0,0.0,0.0,0.0,0.0
20180613,6,7회지방선거_기초의원지역구,경기도,포천시,포천시나선거구,65574,35282,33582,1700,6393.0,2782.0,0.0,0.0,0.0,3287.0,0.0,0.0,0.0,0.0,0.0,0.0,0.0,0.0
20180613,6,7회지방선거_기초의원지역구,경기도,의왕시,의왕시가선거구,64677,41455,40381,1074,9176.0,9357.0,3477.0,0.0,0.0,3985.0,0.0,0.0,0.0,0.0,0.0,0.0,0.0,0.0
20180613,6,7회지방선거_기초의원지역구,경기도,의왕시,의왕시나선거구,63283,40884,39790,1094,11931.0,9213.0,3947.0,0.0,0.0,1677.0,0.0,0.0,0.0,0.0,0.0,0.0,0.0,0.0
20180613,6,7회지방선거_기초의원지역구,경기도,여주시,여주시가선거구,54169,31726,30320,1406,7131.0,6534.0,2040.0,0.0,0.0,3133.0,0.0,0.0,0.0,0.0,0.0,0.0,0.0,0.0
20180613,6,7회지방선거_기초의원지역구,경기도,여주시,여주시나선거구,39967,23670,22545,1125,4217.0,3495.0,1763.0,0.0,0.0,3261.0,0.0,0.0,0.0,0.0,0.0,0.0,0.0,0.0
20180613,6,7회지방선거_기초의원지역구,경기도,양평군,양평군가선거구,50326,30991,29544,1447,2967.0,3375.0,2312.0,0.0,0.0,778.0,0.0,2338.0,0.0,0.0,0.0,0.0,0.0,0.0
20180613,6,7회지방선거_기초의원지역구,경기도,양평군,양평군나선거구,48256,29996,29061,935,10930.0,2203.0,2931.0,0.0,0.0,698.0,0.0,0.0,0.0,0.0,0.0,0.0,0.0,0.0
20180613,6,7회지방선거_기초의원지역구,경기도,동두천시,동두천시가선거구,35055,19734,18761,973,3164.0,3209.0,961.0,154.0,0.0,0.0,0.0,0.0,0.0,0.0,0.0,0.0,0.0,0.0
20180613,6,7회지방선거_기초의원지역구,경기도,동두천시,동두천시나선거구,45548,23936,22726,1210,3879.0,3041.0,772.0,248.0,0.0,4437.0,0.0,0.0,0.0,0.0,0.0,0.0,0.0,0.0
20180613,6,7회지방선거_기초의원지역구,경기도,과천시,과천시가선거구,23295,15751,15375,376,2620.0,3833.0,1001.0,0.0,0.0,1387.0,0.0,0.0,0.0,0.0,0.0,0.0,0.0,0.0
20180613,6,7회지방선거_기초의원지역구,경기도,과천시,과천시나선거구,23420,17013,16462,551,2729.0,1896.0,2022.0,0.0,0.0,2401.0,0.0,0.0,0.0,0.0,0.0,0.0,0.0,0.0
20180613,6,7회지방선거_기초의원지역구,경기도,가평군,가평군가선거구,20357,13713,13257,456,4348.0,3757.0,0.0,0.0,0.0,2140.0,0.0,0.0,0.0,0.0,0.0,0.0,0.0,0.0
20180613,6,7회지방선거_기초의원지역구,경기도,가평군,가평군나선거구,20736,12963,12609,354,3475.0,2619.0,0.0,0.0,0.0,1950.0,0.0,0.0,0.0,0.0,0.0,0.0,0.0,0.0
20180613,6,7회지방선거_기초의원지역구,경기도,가평군,가평군다선거구,13490,8647,8349,298,2353.0,2510.0,0.0,0.0,0.0,586.0,0.0,0.0,0.0,0.0,0.0,0.0,0.0,0.0
20180613,6,7회지방선거_기초의원지역구,경기도,연천군,연천군가선거구,15662,10436,9922,514,1875.0,2175.0,0.0,0.0,0.0,1621.0,0.0,0.0,0.0,0.0,0.0,0.0,0.0,0.0
20180613,6,7회지방선거_기초의원지역구,경기도,연천군,연천군나선거구,22835,14348,13585,763,3324.0,1644.0,770.0,0.0,0.0,481.0,0.0,0.0,0.0,0.0,0.0,0.0,0.0,0.0
20180613,6,7회지방선거_기초의원지역구,강원도,춘천시,춘천시가선거구,22165,13919,13544,375,2689.0,3541.0,1417.0,0.0,0.0,916.0,76.0,0.0,0.0,0.0,0.0,0.0,0.0,0.0
20180613,6,7회지방선거_기초의원지역구,강원도,춘천시,춘천시나선거구,22356,13894,13113,781,6796.0,4528.0,1789.0,0.0,0.0,0.0,0.0,0.0,0.0,0.0,0.0,0.0,0.0,0.0
20180613,6,7회지방선거_기초의원지역구,강원도,춘천시,춘천시다선거구,45917,28922,27716,1206,4341.0,1714.0,2619.0,0.0,0.0,1557.0,0.0,3556.0,0.0,0.0,0.0,0.0,0.0,0.0
20180613,6,7회지방선거_기초의원지역구,강원도,춘천시,춘천시라선거구,26219,16253,15426,827,3382.0,4334.0,2425.0,0.0,0.0,0.0,0.0,0.0,0.0,0.0,0.0,0.0,0.0,0.0
20180613,6,7회지방선거_기초의원지역구,강원도,춘천시,춘천시마선거구,21835,12800,12481,319,5628.0,3400.0,1523.0,0.0,0.0,1755.0,175.0,0.0,0.0,0.0,0.0,0.0,0.0,0.0
20180613,6,7회지방선거_기초의원지역구,강원도,춘천시,춘천시바선거구,14115,8909,8369,540,1556.0,1362.0,679.0,0.0,0.0,0.0,0.0,0.0,0.0,0.0,0.0,0.0,0.0,0.0
20180613,6,7회지방선거_기초의원지역구,강원도,춘천시,춘천시사선거구,32830,20622,19545,1077,5004.0,4741.0,2537.0,0.0,0.0,0.0,0.0,0.0,0.0,0.0,0.0,0.0,0.0,0.0
20180613,6,7회지방선거_기초의원지역구,강원도,춘천시,춘천시아선거구,45993,29136,28207,929,5690.0,6940.0,3356.0,0.0,0.0,0.0,370.0,0.0,0.0,0.0,0.0,0.0,0.0,0.0
20180613,6,7회지방선거_기초의원지역구,강원도,원주시,원주시가선거구,19585,10583,10053,530,2316.0,3337.0,0.0,0.0,0.0,0.0,0.0,0.0,0.0,0.0,0.0,0.0,0.0,0.0
20180613,6,7회지방선거_기초의원지역구,강원도,원주시,원주시나선거구,18802,11063,10472,591,2656.0,1275.0,0.0,0.0,0.0,361.0,0.0,0.0,0.0,0.0,0.0,0.0,0.0,0.0
20180613,6,7회지방선거_기초의원지역구,강원도,원주시,원주시다선거구,48786,26435,25040,1395,6537.0,3084.0,1099.0,229.0,0.0,446.0,0.0,0.0,0.0,0.0,0.0,0.0,0.0,0.0
20180613,6,7회지방선거_기초의원지역구,강원도,원주시,원주시라선거구,49076,28247,27130,1117,5004.0,2323.0,0.0,0.0,0.0,0.0,0.0,4315.0,0.0,0.0,0.0,0.0,0.0,0.0
20180613,6,7회지방선거_기초의원지역구,강원도,원주시,원주시마선거구,36769,20791,19502,1289,4604.0,1788.0,0.0,0.0,0.0,0.0,0.0,0.0,0.0,0.0,0.0,0.0,0.0,0.0
20180613,6,7회지방선거_기초의원지역구,강원도,원주시,원주시바선거구,45708,26871,25731,1140,6397.0,2207.0,1348.0,0.0,0.0,753.0,0.0,0.0,0.0,0.0,0.0,0.0,0.0,0.0
20180613,6,7회지방선거_기초의원지역구,강원도,원주시,원주시사선거구,27907,16614,15983,631,8251.0,3381.0,0.0,0.0,0.0,0.0,0.0,0.0,0.0,0.0,0.0,0.0,0.0,0.0
20180613,6,7회지방선거_기초의원지역구,강원도,원주시,원주시아선거구,32358,18570,17713,857,3795.0,2779.0,2479.0,0.0,0.0,0.0,0.0,0.0,0.0,0.0,0.0,0.0,0.0,0.0
20180613,6,7회지방선거_기초의원지역구,강원도,강릉시,강릉시가선거구,16188,10882,10493,389,1054.0,2119.0,0.0,0.0,0.0,177.0,0.0,0.0,0.0,0.0,0.0,0.0,0.0,0.0
20180613,6,7회지방선거_기초의원지역구,강원도,강릉시,강릉시나선거구,29108,17462,16983,479,8300.0,3261.0,0.0,0.0,0.0,0.0,0.0,0.0,0.0,0.0,0.0,0.0,0.0,0.0
20180613,6,7회지방선거_기초의원지역구,강원도,강릉시,강릉시다선거구,47514,28600,27554,1046,4094.0,5200.0,2559.0,423.0,0.0,744.0,1112.0,0.0,0.0,0.0,0.0,0.0,0.0,0.0
20180613,6,7회지방선거_기초의원지역구,강원도,강릉시,강릉시라선거구,45882,26846,25885,961,6608.0,4292.0,1960.0,0.0,0.0,0.0,0.0,0.0,0.0,0.0,0.0,0.0,0.0,0.0
20180613,6,7회지방선거_기초의원지역구,강원도,강릉시,강릉시마선거구,25484,15152,14532,620,3515.0,2457.0,1400.0,0.0,0.0,423.0,0.0,0.0,0.0,0.0,0.0,0.0,0.0,0.0
20180613,6,7회지방선거_기초의원지역구,강원도,강릉시,강릉시바선거구,15591,9807,9600,207,3301.0,1150.0,0.0,0.0,0.0,1700.0,0.0,0.0,0.0,0.0,0.0,0.0,0.0,0.0
20180613,6,7회지방선거_기초의원지역구,강원도,동해시,동해시가선거구,31543,19890,19026,864,1946.0,2184.0,0.0,0.0,0.0,668.0,0.0,0.0,0.0,0.0,0.0,0.0,0.0,0.0
20180613,6,7회지방선거_기초의원지역구,강원도,동해시,동해시나선거구,44204,27024,25525,1499,1834.0,2949.0,0.0,0.0,0.0,703.0,0.0,0.0,0.0,0.0,0.0,0.0,0.0,0.0
20180613,6,7회지방선거_기초의원지역구,강원도,태백시,태백시가선거구,15332,9861,9582,279,2992.0,1260.0,0.0,0.0,0.0,1571.0,0.0,0.0,0.0,0.0,0.0,0.0,0.0,0.0
20180613,6,7회지방선거_기초의원지역구,강원도,태백시,태백시나선거구,23054,15457,14874,583,1641.0,2095.0,0.0,0.0,0.0,1661.0,0.0,0.0,0.0,0.0,0.0,0.0,0.0,0.0
20180613,6,7회지방선거_기초의원지역구,강원도,속초시,속초시가선거구,27129,16197,15296,901,2440.0,2218.0,0.0,0.0,0.0,1418.0,0.0,0.0,0.0,0.0,0.0,0.0,0.0,0.0
20180613,6,7회지방선거_기초의원지역구,강원도,속초시,속초시나선거구,41105,24295,23311,984,6637.0,2918.0,2200.0,0.0,0.0,0.0,0.0,0.0,0.0,0.0,0.0,0.0,0.0,0.0
20180613,6,7회지방선거_기초의원지역구,강원도,삼척시,삼척시가선거구,32284,22431,21433,998,1839.0,1279.0,446.0,0.0,0.0,177.0,0.0,0.0,0.0,0.0,0.0,0.0,0.0,0.0
20180613,6,7회지방선거_기초의원지역구,강원도,삼척시,삼척시나선거구,26833,18596,17989,607,3682.0,1906.0,0.0,0.0,0.0,2889.0,0.0,0.0,0.0,0.0,0.0,0.0,0.0,0.0
20180613,6,7회지방선거_기초의원지역구,강원도,홍천군,홍천군가선거구,32591,21269,19971,1298,2207.0,4487.0,0.0,0.0,0.0,2945.0,0.0,0.0,0.0,0.0,0.0,0.0,0.0,0.0
20180613,6,7회지방선거_기초의원지역구,강원도,홍천군,홍천군나선거구,16802,10891,10313,578,1484.0,1912.0,0.0,0.0,0.0,837.0,900.0,0.0,0.0,0.0,0.0,0.0,0.0,0.0
20180613,6,7회지방선거_기초의원지역구,강원도,홍천군,홍천군다선거구,10993,7794,7500,294,2075.0,849.0,0.0,0.0,0.0,1519.0,0.0,0.0,0.0,0.0,0.0,0.0,0.0,0.0
20180613,6,7회지방선거_기초의원지역구,강원도,횡성군,횡성군가선거구,22609,15793,15055,738,2257.0,1219.0,0.0,0.0,0.0,1517.0,0.0,0.0,0.0,0.0,0.0,0.0,0.0,278.0
20180613,6,7회지방선거_기초의원지역구,강원도,횡성군,횡성군나선거구,17956,12145,11604,541,1910.0,2272.0,0.0,0.0,0.0,0.0,0.0,0.0,0.0,0.0,0.0,0.0,0.0,0.0
20180613,6,7회지방선거_기초의원지역구,강원도,영월군,영월군가선거구,18648,12752,12241,511,2552.0,1316.0,0.0,0.0,0.0,1517.0,0.0,0.0,0.0,0.0,0.0,0.0,0.0,0.0
20180613,6,7회지방선거_기초의원지역구,강원도,영월군,영월군나선거구,16566,11228,10848,380,3778.0,763.0,1683.0,0.0,0.0,323.0,0.0,0.0,0.0,0.0,0.0,0.0,0.0,0.0
20180613,6,7회지방선거_기초의원지역구,강원도,평창군,평창군가선거구,16412,11676,11301,375,3366.0,1656.0,0.0,0.0,0.0,1412.0,0.0,0.0,0.0,0.0,0.0,0.0,0.0,0.0
20180613,6,7회지방선거_기초의원지역구,강원도,평창군,평창군나선거구,21094,13804,13144,660,2722.0,1908.0,0.0,0.0,0.0,0.0,0.0,0.0,0.0,0.0,0.0,0.0,0.0,0.0
20180613,6,7회지방선거_기초의원지역구,강원도,정선군,정선군가선거구,18397,13499,12813,686,2299.0,1959.0,743.0,0.0,0.0,1306.0,0.0,0.0,0.0,0.0,0.0,0.0,0.0,0.0
20180613,6,7회지방선거_기초의원지역구,강원도,정선군,정선군나선거구,14896,9590,9092,498,722.0,1007.0,0.0,0.0,0.0,610.0,0.0,0.0,0.0,0.0,0.0,0.0,0.0,0.0
20180613,6,7회지방선거_기초의원지역구,강원도,철원군,철원군가선거구,17939,11829,11251,578,1408.0,2317.0,0.0,0.0,0.0,590.0,0.0,0.0,0.0,0.0,0.0,0.0,0.0,0.0
20180613,6,7회지방선거_기초의원지역구,강원도,철원군,철원군나선거구,21415,14401,13432,969,6334.0,2833.0,0.0,0.0,0.0,0.0,0.0,0.0,0.0,0.0,0.0,0.0,0.0,0.0
20180613,6,7회지방선거_기초의원지역구,강원도,화천군,화천군가선거구,9774,7475,7153,322,1281.0,974.0,390.0,0.0,0.0,532.0,0.0,0.0,0.0,0.0,0.0,0.0,0.0,0.0
20180613,6,7회지방선거_기초의원지역구,강원도,화천군,화천군나선거구,12009,8755,8379,376,1914.0,2027.0,0.0,0.0,0.0,0.0,0.0,0.0,0.0,0.0,0.0,0.0,0.0,0.0
20180613,6,7회지방선거_기초의원지역구,강원도,양구군,양구군가선거구,11683,8507,8147,360,1046.0,571.0,443.0,0.0,0.0,1399.0,0.0,0.0,0.0,0.0,0.0,0.0,0.0,0.0
20180613,6,7회지방선거_기초의원지역구,강원도,양구군,양구군나선거구,7913,5880,5633,247,911.0,324.0,0.0,0.0,0.0,971.0,0.0,0.0,0.0,0.0,0.0,0.0,0.0,0.0
20180613,6,7회지방선거_기초의원지역구,강원도,인제군,인제군가선거구,17850,12844,12304,540,2388.0,1855.0,0.0,0.0,0.0,250.0,0.0,0.0,0.0,0.0,0.0,0.0,0.0,0.0
20180613,6,7회지방선거_기초의원지역구,강원도,인제군,인제군나선거구,9393,6789,6517,272,745.0,1198.0,0.0,0.0,0.0,516.0,0.0,0.0,0.0,0.0,0.0,0.0,0.0,0.0
20180613,6,7회지방선거_기초의원지역구,강원도,고성군,고성군가선거구,17003,11985,11297,688,954.0,1174.0,1042.0,0.0,0.0,994.0,0.0,0.0,0.0,0.0,0.0,0.0,0.0,0.0
20180613,6,7회지방선거_기초의원지역구,강원도,고성군,고성군나선거구,8493,6368,6124,244,1621.0,1115.0,0.0,0.0,0.0,825.0,0.0,0.0,0.0,0.0,0.0,0.0,0.0,0.0
20180613,6,7회지방선거_기초의원지역구,강원도,양양군,양양군가선거구,16462,12135,11626,509,1417.0,1673.0,0.0,0.0,0.0,579.0,0.0,0.0,0.0,0.0,0.0,0.0,0.0,0.0
20180613,6,7회지방선거_기초의원지역구,강원도,양양군,양양군나선거구,7626,5727,5533,194,624.0,730.0,0.0,0.0,0.0,786.0,0.0,0.0,0.0,0.0,0.0,0.0,0.0,0.0
20180613,6,7회지방선거_기초의원지역구,충청북도,청주시상당구,청주시가선거구,55746,31818,30457,1361,6290.0,2333.0,0.0,0.0,0.0,0.0,0.0,0.0,0.0,0.0,0.0,0.0,0.0,0.0
20180613,6,7회지방선거_기초의원지역구,충청북도,청주시상당구,청주시나선거구,63162,35175,33607,1568,4198.0,4134.0,1933.0,0.0,0.0,1597.0,0.0,0.0,0.0,0.0,0.0,0.0,0.0,0.0
20180613,6,7회지방선거_기초의원지역구,충청북도,청주시상당구,청주시다선거구,21497,13138,12325,813,5530.0,1607.0,1370.0,0.0,0.0,0.0,0.0,0.0,0.0,0.0,0.0,0.0,0.0,0.0
20180613,6,7회지방선거_기초의원지역구,충청북도,청주시서원구,청주시라선거구,61258,34308,32814,1494,6340.0,4234.0,0.0,0.0,0.0,1687.0,0.0,2947.0,0.0,0.0,0.0,0.0,0.0,0.0
20180613,6,7회지방선거_기초의원지역구,충청북도,청주시서원구,청주시마선거구,60645,36570,35204,1366,3819.0,3050.0,2601.0,0.0,0.0,1489.0,0.0,0.0,0.0,0.0,0.0,0.0,0.0,0.0
20180613,6,7회지방선거_기초의원지역구,충청북도,청주시서원구,청주시바선거구,52404,29296,28149,1147,5439.0,3061.0,1288.0,0.0,0.0,0.0,0.0,2172.0,0.0,0.0,0.0,0.0,0.0,0.0
20180613,6,7회지방선거_기초의원지역구,충청북도,청주시흥덕구,청주시사선거구,65663,34087,33265,822,7967.0,6737.0,4479.0,0.0,0.0,950.0,0.0,1838.0,0.0,0.0,0.0,0.0,0.0,0.0
20180613,6,7회지방선거_기초의원지역구,충청북도,청주시흥덕구,청주시아선거구,69709,38758,37264,1494,7064.0,5958.0,3104.0,0.0,0.0,1069.0,0.0,0.0,960.0,0.0,0.0,0.0,0.0,0.0
20180613,6,7회지방선거_기초의원지역구,충청북도,청주시흥덕구,청주시자선거구,69267,37215,35677,1538,6173.0,2837.0,2435.0,0.0,0.0,1103.0,0.0,2686.0,0.0,0.0,0.0,0.0,0.0,0.0
20180613,6,7회지방선거_기초의원지역구,충청북도,청주시청원구,청주시차선거구,70827,39210,37527,1683,4704.0,5850.0,1964.0,0.0,0.0,0.0,0.0,0.0,0.0,1142.0,0.0,0.0,0.0,0.0
20180613,6,7회지방선거_기초의원지역구,충청북도,청주시청원구,청주시카선거구,35637,19773,19085,688,12751.0,5124.0,0.0,0.0,0.0,0.0,1210.0,0.0,0.0,0.0,0.0,0.0,0.0,0.0
20180613,6,7회지방선거_기초의원지역구,충청북도,청주시청원구,청주시타선거구,47785,26633,26027,606,3851.0,5579.0,3122.0,0.0,0.0,718.0,0.0,1690.0,0.0,0.0,0.0,0.0,0.0,0.0
20180613,6,7회지방선거_기초의원지역구,충청북도,충주시,충주시가선거구,16600,9803,9171,632,2320.0,1531.0,0.0,0.0,0.0,0.0,0.0,0.0,0.0,0.0,0.0,0.0,0.0,0.0
20180613,6,7회지방선거_기초의원지역구,충청북도,충주시,충주시나선거구,16493,9790,9400,390,1584.0,1361.0,1166.0,0.0,0.0,0.0,0.0,0.0,0.0,0.0,0.0,0.0,0.0,0.0
20180613,6,7회지방선거_기초의원지역구,충청북도,충주시,충주시다선거구,29606,17431,16575,856,2764.0,3261.0,887.0,0.0,0.0,977.0,0.0,0.0,0.0,0.0,0.0,0.0,0.0,0.0
20180613,6,7회지방선거_기초의원지역구,충청북도,충주시,충주시라선거구,14346,9386,9069,317,2928.0,1219.0,0.0,0.0,0.0,1765.0,0.0,0.0,0.0,0.0,0.0,0.0,0.0,0.0
20180613,6,7회지방선거_기초의원지역구,충청북도,충주시,충주시마선거구,17781,10595,10047,548,2984.0,1796.0,0.0,0.0,0.0,0.0,0.0,0.0,0.0,0.0,0.0,0.0,0.0,0.0
20180613,6,7회지방선거_기초의원지역구,충청북도,충주시,충주시바선거구,20808,12063,11556,507,4772.0,3360.0,592.0,0.0,0.0,0.0,0.0,0.0,0.0,0.0,0.0,0.0,0.0,0.0
20180613,6,7회지방선거_기초의원지역구,충청북도,충주시,충주시사선거구,59780,34531,32441,2090,4154.0,1815.0,3523.0,0.0,0.0,568.0,0.0,1227.0,0.0,0.0,0.0,0.0,0.0,0.0
20180613,6,7회지방선거_기초의원지역구,충청북도,제천시,제천시가선거구,13924,8638,8268,370,3608.0,1249.0,0.0,0.0,0.0,0.0,0.0,0.0,0.0,0.0,0.0,0.0,0.0,0.0
20180613,6,7회지방선거_기초의원지역구,충청북도,제천시,제천시나선거구,23109,14612,13832,780,2946.0,3187.0,0.0,0.0,0.0,0.0,0.0,0.0,0.0,0.0,0.0,0.0,0.0,0.0
20180613,6,7회지방선거_기초의원지역구,충청북도,제천시,제천시다선거구,27016,16324,15572,752,2420.0,1898.0,1839.0,0.0,0.0,1889.0,0.0,0.0,0.0,0.0,0.0,0.0,0.0,0.0
20180613,6,7회지방선거_기초의원지역구,충청북도,제천시,제천시라선거구,20730,12655,12109,546,2804.0,1227.0,1193.0,0.0,0.0,1561.0,0.0,0.0,0.0,0.0,0.0,0.0,0.0,0.0
20180613,6,7회지방선거_기초의원지역구,충청북도,제천시,제천시마선거구,29734,18055,17359,696,4252.0,2874.0,0.0,0.0,0.0,2522.0,0.0,0.0,0.0,0.0,0.0,0.0,0.0,0.0
20180613,6,7회지방선거_기초의원지역구,충청북도,보은군,보은군가선거구,12748,9603,9067,536,1205.0,1590.0,0.0,0.0,0.0,0.0,0.0,0.0,0.0,0.0,0.0,0.0,0.0,0.0
20180613,6,7회지방선거_기초의원지역구,충청북도,보은군,보은군나선거구,7236,5470,5179,291,1952.0,1479.0,0.0,0.0,0.0,0.0,0.0,0.0,0.0,0.0,0.0,0.0,0.0,0.0
20180613,6,7회지방선거_기초의원지역구,충청북도,보은군,보은군다선거구,10032,7658,7351,307,1482.0,664.0,0.0,0.0,0.0,782.0,0.0,0.0,0.0,0.0,0.0,0.0,0.0,0.0
20180613,6,7회지방선거_기초의원지역구,충청북도,옥천군,옥천군가선거구,24132,16331,15551,780,1363.0,1890.0,698.0,238.0,0.0,2185.0,0.0,641.0,0.0,0.0,0.0,0.0,0.0,0.0
20180613,6,7회지방선거_기초의원지역구,충청북도,옥천군,옥천군나선거구,12174,8170,7744,426,3646.0,2406.0,0.0,0.0,0.0,1509.0,0.0,0.0,0.0,0.0,0.0,0.0,0.0,0.0
20180613,6,7회지방선거_기초의원지역구,충청북도,옥천군,옥천군다선거구,8556,5983,5689,294,665.0,1015.0,535.0,0.0,0.0,0.0,0.0,0.0,0.0,0.0,0.0,0.0,0.0,0.0
20180613,6,7회지방선거_기초의원지역구,충청북도,영동군,영동군가선거구,21484,15559,14745,814,3368.0,2138.0,0.0,0.0,0.0,0.0,0.0,0.0,0.0,0.0,0.0,0.0,0.0,0.0
20180613,6,7회지방선거_기초의원지역구,충청북도,영동군,영동군나선거구,11949,8317,7877,440,2827.0,1496.0,0.0,0.0,0.0,1470.0,0.0,0.0,0.0,0.0,0.0,0.0,0.0,0.0
20180613,6,7회지방선거_기초의원지역구,충청북도,영동군,영동군다선거구,10471,7347,6891,456,1366.0,1465.0,0.0,0.0,0.0,0.0,0.0,0.0,0.0,0.0,0.0,0.0,0.0,0.0
20180613,6,7회지방선거_기초의원지역구,충청북도,증평군,증평군가선거구,12317,7520,7321,199,2838.0,2667.0,0.0,0.0,0.0,1816.0,0.0,0.0,0.0,0.0,0.0,0.0,0.0,0.0
20180613,6,7회지방선거_기초의원지역구,충청북도,증평군,증평군나선거구,11336,7537,7335,202,1718.0,1565.0,0.0,0.0,0.0,1413.0,0.0,0.0,0.0,0.0,0.0,0.0,0.0,0.0
20180613,6,7회지방선거_기초의원지역구,충청북도,증평군,증평군다선거구,6985,4374,4172,202,1617.0,1097.0,0.0,0.0,0.0,0.0,0.0,0.0,0.0,0.0,0.0,0.0,0.0,0.0
20180613,6,7회지방선거_기초의원지역구,충청북도,진천군,진천군가선거구,30491,18930,18049,881,2249.0,1182.0,583.0,0.0,0.0,530.0,2054.0,0.0,0.0,0.0,0.0,0.0,0.0,0.0
20180613,6,7회지방선거_기초의원지역구,충청북도,진천군,진천군나선거구,31224,17800,17009,791,1922.0,1959.0,484.0,0.0,0.0,0.0,0.0,0.0,0.0,0.0,0.0,0.0,0.0,0.0
20180613,6,7회지방선거_기초의원지역구,충청북도,괴산군,괴산군가선거구,15629,11208,10709,499,1404.0,1360.0,0.0,0.0,0.0,1701.0,0.0,0.0,0.0,0.0,0.0,0.0,0.0,0.0
20180613,6,7회지방선거_기초의원지역구,충청북도,괴산군,괴산군나선거구,8740,6369,6089,280,2288.0,2434.0,0.0,0.0,0.0,1367.0,0.0,0.0,0.0,0.0,0.0,0.0,0.0,0.0
20180613,6,7회지방선거_기초의원지역구,충청북도,괴산군,괴산군다선거구,10533,7498,7238,260,2290.0,1053.0,0.0,0.0,0.0,709.0,0.0,0.0,0.0,0.0,0.0,0.0,0.0,0.0
20180613,6,7회지방선거_기초의원지역구,충청북도,음성군,음성군가선거구,31594,19621,18616,1005,2895.0,2783.0,889.0,0.0,0.0,372.0,0.0,0.0,0.0,0.0,0.0,0.0,0.0,0.0
20180613,6,7회지방선거_기초의원지역구,충청북도,음성군,음성군나선거구,31006,17395,16016,1379,4099.0,1906.0,0.0,0.0,0.0,0.0,0.0,0.0,0.0,0.0,0.0,0.0,0.0,0.0
20180613,6,7회지방선거_기초의원지역구,충청북도,음성군,음성군다선거구,19226,10516,10219,297,2232.0,2892.0,0.0,0.0,0.0,980.0,0.0,669.0,0.0,0.0,0.0,0.0,0.0,0.0
20180613,6,7회지방선거_기초의원지역구,충청북도,단양군,단양군가선거구,14669,10679,10273,406,1477.0,1038.0,0.0,0.0,0.0,1297.0,0.0,0.0,0.0,0.0,0.0,0.0,0.0,0.0
20180613,6,7회지방선거_기초의원지역구,충청북도,단양군,단양군나선거구,12127,8395,8021,374,1293.0,857.0,0.0,0.0,0.0,564.0,0.0,0.0,0.0,0.0,0.0,0.0,0.0,0.0
20180613,6,7회지방선거_기초의원지역구,충청남도,천안시동남구,천안시가선거구,37857,20219,19708,511,7959.0,2525.0,4497.0,0.0,0.0,0.0,0.0,0.0,0.0,0.0,0.0,0.0,0.0,0.0
20180613,6,7회지방선거_기초의원지역구,충청남도,천안시동남구,천안시나선거구,54808,28020,27271,749,14732.0,2201.0,1943.0,0.0,0.0,0.0,0.0,0.0,0.0,0.0,0.0,0.0,0.0,0.0
20180613,6,7회지방선거_기초의원지역구,충청남도,천안시동남구,천안시다선거구,73542,32320,31386,934,7156.0,7431.0,4128.0,337.0,0.0,0.0,0.0,0.0,0.0,0.0,0.0,0.0,0.0,0.0
20180613,6,7회지방선거_기초의원지역구,충청남도,천안시서북구,천안시라선거구,40584,24473,23967,506,4388.0,3354.0,1404.0,0.0,0.0,3626.0,0.0,0.0,0.0,0.0,0.0,0.0,0.0,0.0
20180613,6,7회지방선거_기초의원지역구,충청남도,천안시서북구,천안시마선거구,65079,32344,31567,777,15029.0,9627.0,4337.0,0.0,0.0,0.0,0.0,2574.0,0.0,0.0,0.0,0.0,0.0,0.0
20180613,6,7회지방선거_기초의원지역구,충청남도,천안시서북구,천안시바선거구,69381,34565,32965,1600,8875.0,1967.0,1366.0,0.0,455.0,0.0,0.0,2006.0,0.0,0.0,0.0,0.0,0.0,0.0
20180613,6,7회지방선거_기초의원지역구,충청남도,천안시서북구,천안시사선거구,29482,17175,16901,274,11340.0,4253.0,1308.0,0.0,0.0,0.0,0.0,0.0,0.0,0.0,0.0,0.0,0.0,0.0
20180613,6,7회지방선거_기초의원지역구,충청남도,천안시서북구,천안시아선거구,46217,25974,25235,739,6502.0,5249.0,2752.0,0.0,0.0,0.0,0.0,0.0,0.0,0.0,0.0,0.0,0.0,0.0
20180613,6,7회지방선거_기초의원지역구,충청남도,천안시서북구,천안시자선거구,47350,24860,24117,743,5342.0,5505.0,2057.0,0.0,0.0,0.0,0.0,0.0,0.0,0.0,0.0,0.0,0.0,0.0
20180613,6,7회지방선거_기초의원지역구,충청남도,천안시동남구,천안시차선거구,45517,25827,25296,531,15446.0,7645.0,2205.0,0.0,0.0,0.0,0.0,0.0,0.0,0.0,0.0,0.0,0.0,0.0
20180613,6,7회지방선거_기초의원지역구,충청남도,공주시,공주시가선거구,15811,9500,9077,423,1664.0,1903.0,0.0,0.0,0.0,1314.0,0.0,0.0,0.0,0.0,0.0,0.0,0.0,0.0
20180613,6,7회지방선거_기초의원지역구,충청남도,공주시,공주시나선거구,25001,15066,14346,720,2576.0,2677.0,725.0,0.0,0.0,527.0,0.0,0.0,0.0,0.0,0.0,0.0,0.0,0.0
20180613,6,7회지방선거_기초의원지역구,충청남도,공주시,공주시다선거구,18490,11508,11112,396,3771.0,2264.0,1682.0,0.0,0.0,568.0,0.0,0.0,0.0,0.0,0.0,0.0,0.0,0.0
20180613,6,7회지방선거_기초의원지역구,충청남도,공주시,공주시라선거구,33633,20670,19821,849,2189.0,2546.0,1915.0,0.0,0.0,2822.0,0.0,0.0,0.0,0.0,0.0,0.0,0.0,0.0
20180613,6,7회지방선거_기초의원지역구,충청남도,보령시,보령시가선거구,21049,14312,13534,778,1271.0,1622.0,331.0,0.0,0.0,1007.0,0.0,0.0,0.0,0.0,0.0,0.0,0.0,0.0
20180613,6,7회지방선거_기초의원지역구,충청남도,보령시,보령시나선거구,19061,12075,11564,511,2032.0,2683.0,0.0,0.0,0.0,1845.0,0.0,0.0,0.0,0.0,0.0,0.0,0.0,0.0
20180613,6,7회지방선거_기초의원지역구,충청남도,보령시,보령시다선거구,17561,11683,11059,624,2339.0,1980.0,933.0,0.0,0.0,2002.0,0.0,0.0,0.0,0.0,0.0,0.0,0.0,0.0
20180613,6,7회지방선거_기초의원지역구,충청남도,보령시,보령시라선거구,29610,18278,17312,966,3631.0,2262.0,1057.0,0.0,0.0,0.0,0.0,0.0,0.0,0.0,0.0,0.0,0.0,0.0
20180613,6,7회지방선거_기초의원지역구,충청남도,아산시,아산시가선거구,60607,31349,29741,1608,3982.0,3060.0,1960.0,0.0,0.0,2415.0,0.0,0.0,0.0,0.0,0.0,0.0,0.0,0.0
20180613,6,7회지방선거_기초의원지역구,충청남도,아산시,아산시나선거구,65321,35855,34288,1567,4276.0,4169.0,1682.0,0.0,0.0,0.0,0.0,0.0,0.0,0.0,0.0,0.0,0.0,0.0
20180613,6,7회지방선거_기초의원지역구,충청남도,아산시,아산시다선거구,64632,32965,31416,1549,7298.0,4325.0,2060.0,0.0,0.0,0.0,0.0,1737.0,0.0,0.0,0.0,0.0,0.0,0.0
20180613,6,7회지방선거_기초의원지역구,충청남도,아산시,아산시라선거구,53733,29777,29099,678,7144.0,5950.0,2336.0,0.0,0.0,0.0,0.0,3383.0,0.0,0.0,0.0,0.0,0.0,0.0
20180613,6,7회지방선거_기초의원지역구,충청남도,서산시,서산시가선거구,22834,13313,12588,725,2309.0,1722.0,0.0,0.0,0.0,0.0,0.0,0.0,0.0,0.0,0.0,0.0,0.0,0.0
20180613,6,7회지방선거_기초의원지역구,충청남도,서산시,서산시나선거구,44602,26339,25640,699,4893.0,4667.0,3457.0,0.0,0.0,3041.0,0.0,1747.0,0.0,0.0,0.0,0.0,0.0,0.0
20180613,6,7회지방선거_기초의원지역구,충청남도,서산시,서산시다선거구,18183,10540,10068,472,3625.0,1703.0,1591.0,0.0,609.0,0.0,0.0,0.0,0.0,0.0,0.0,0.0,0.0,0.0
20180613,6,7회지방선거_기초의원지역구,충청남도,서산시,서산시라선거구,20219,12141,11583,558,5289.0,2666.0,1038.0,0.0,0.0,0.0,0.0,0.0,0.0,0.0,0.0,0.0,0.0,0.0
20180613,6,7회지방선거_기초의원지역구,충청남도,서산시,서산시마선거구,33691,19644,19074,570,8526.0,2919.0,654.0,0.0,0.0,0.0,0.0,2362.0,0.0,0.0,0.0,0.0,0.0,0.0
20180613,6,7회지방선거_기초의원지역구,충청남도,논산시,논산시가선거구,14851,9537,9072,465,1960.0,773.0,0.0,0.0,0.0,340.0,0.0,0.0,0.0,0.0,0.0,0.0,0.0,0.0
20180613,6,7회지방선거_기초의원지역구,충청남도,논산시,논산시나선거구,44257,26786,25608,1178,3061.0,2283.0,0.0,315.0,0.0,0.0,0.0,0.0,0.0,0.0,0.0,0.0,0.0,0.0
20180613,6,7회지방선거_기초의원지역구,충청남도,논산시,논산시다선거구,22726,13173,12476,697,4019.0,1387.0,0.0,0.0,0.0,0.0,0.0,0.0,0.0,0.0,0.0,0.0,0.0,0.0
20180613,6,7회지방선거_기초의원지역구,충청남도,논산시,논산시라선거구,21533,13447,12674,773,1498.0,1498.0,1032.0,0.0,0.0,0.0,0.0,0.0,0.0,0.0,0.0,0.0,0.0,0.0
20180613,6,7회지방선거_기초의원지역구,충청남도,계룡시,계룡시가선거구,20774,13731,13097,634,1524.0,1250.0,1239.0,0.0,0.0,245.0,0.0,0.0,0.0,0.0,0.0,0.0,0.0,0.0
20180613,6,7회지방선거_기초의원지역구,충청남도,계룡시,계룡시나선거구,12319,8407,8258,149,1406.0,1831.0,519.0,0.0,0.0,1946.0,0.0,0.0,0.0,0.0,0.0,0.0,0.0,0.0
20180613,6,7회지방선거_기초의원지역구,충청남도,당진시,당진시가선거구,48313,27552,26448,1104,4536.0,1889.0,1718.0,0.0,0.0,2542.0,0.0,0.0,0.0,0.0,0.0,0.0,0.0,0.0
20180613,6,7회지방선거_기초의원지역구,충청남도,당진시,당진시나선거구,19722,11318,10493,825,2170.0,3053.0,969.0,0.0,0.0,1519.0,0.0,0.0,0.0,0.0,0.0,0.0,0.0,0.0
20180613,6,7회지방선거_기초의원지역구,충청남도,당진시,당진시다선거구,21884,13456,12883,573,2370.0,1819.0,1712.0,0.0,0.0,0.0,0.0,0.0,0.0,0.0,0.0,0.0,0.0,0.0
20180613,6,7회지방선거_기초의원지역구,충청남도,당진시,당진시라선거구,46013,24323,23197,1126,2991.0,1349.0,1190.0,0.0,0.0,631.0,0.0,0.0,0.0,0.0,0.0,0.0,0.0,0.0
20180613,6,7회지방선거_기초의원지역구,충청남도,금산군,금산군가선거구,26213,17742,17064,678,2809.0,1529.0,0.0,0.0,0.0,3849.0,0.0,1477.0,0.0,0.0,0.0,0.0,0.0,0.0
20180613,6,7회지방선거_기초의원지역구,충청남도,금산군,금산군나선거구,20097,13039,12436,603,3827.0,1594.0,0.0,0.0,0.0,1253.0,0.0,0.0,0.0,0.0,0.0,0.0,0.0,0.0
20180613,6,7회지방선거_기초의원지역구,충청남도,부여군,부여군가선거구,36489,23981,22541,1440,2423.0,2801.0,0.0,0.0,0.0,0.0,0.0,0.0,0.0,0.0,0.0,0.0,0.0,0.0
20180613,6,7회지방선거_기초의원지역구,충청남도,부여군,부여군나선거구,13435,9382,8897,485,878.0,1234.0,0.0,0.0,0.0,0.0,0.0,0.0,0.0,0.0,0.0,0.0,0.0,0.0
20180613,6,7회지방선거_기초의원지역구,충청남도,부여군,부여군다선거구,10410,6850,6530,320,1114.0,1764.0,0.0,0.0,0.0,1725.0,0.0,0.0,0.0,0.0,0.0,0.0,0.0,0.0
20180613,6,7회지방선거_기초의원지역구,충청남도,서천군,서천군가선거구,23041,15986,15120,866,1358.0,776.0,0.0,0.0,0.0,1366.0,1601.0,0.0,0.0,0.0,0.0,0.0,0.0,0.0
20180613,6,7회지방선거_기초의원지역구,충청남도,서천군,서천군나선거구,25366,17983,17082,901,2999.0,2323.0,575.0,0.0,0.0,326.0,0.0,0.0,0.0,0.0,0.0,0.0,0.0,0.0
20180613,6,7회지방선거_기초의원지역구,충청남도,청양군,청양군가선거구,17201,12710,12159,551,1179.0,1324.0,0.0,0.0,0.0,1115.0,0.0,0.0,0.0,0.0,0.0,0.0,0.0,0.0
20180613,6,7회지방선거_기초의원지역구,충청남도,청양군,청양군나선거구,11540,8517,8161,356,600.0,902.0,0.0,0.0,0.0,1017.0,0.0,0.0,0.0,0.0,0.0,0.0,0.0,0.0
20180613,6,7회지방선거_기초의원지역구,충청남도,홍성군,홍성군가선거구,32315,18637,18067,570,7056.0,1673.0,2045.0,0.0,0.0,2036.0,0.0,0.0,0.0,0.0,0.0,0.0,0.0,0.0
20180613,6,7회지방선거_기초의원지역구,충청남도,홍성군,홍성군나선거구,29490,18329,17609,720,3121.0,3424.0,2158.0,0.0,0.0,0.0,0.0,0.0,0.0,0.0,0.0,0.0,0.0,0.0
20180613,6,7회지방선거_기초의원지역구,충청남도,홍성군,홍성군다선거구,22123,14064,13285,779,1341.0,1999.0,0.0,0.0,0.0,0.0,0.0,0.0,0.0,803.0,0.0,0.0,0.0,0.0
20180613,6,7회지방선거_기초의원지역구,충청남도,예산군,예산군가선거구,29372,17930,17124,806,2248.0,2420.0,0.0,0.0,0.0,1925.0,0.0,0.0,0.0,0.0,0.0,0.0,0.0,0.0
20180613,6,7회지방선거_기초의원지역구,충청남도,예산군,예산군나선거구,8629,6075,5771,304,983.0,1530.0,0.0,0.0,0.0,0.0,0.0,0.0,0.0,0.0,0.0,0.0,0.0,0.0
20180613,6,7회지방선거_기초의원지역구,충청남도,예산군,예산군다선거구,16047,9815,9402,413,2841.0,1376.0,0.0,0.0,0.0,1399.0,0.0,0.0,0.0,0.0,0.0,0.0,0.0,0.0
20180613,6,7회지방선거_기초의원지역구,충청남도,예산군,예산군라선거구,16606,10421,9953,468,1315.0,2350.0,0.0,0.0,0.0,795.0,0.0,0.0,0.0,0.0,0.0,0.0,0.0,0.0
20180613,6,7회지방선거_기초의원지역구,충청남도,태안군,태안군가선거구,30578,20507,19513,994,3576.0,2197.0,0.0,0.0,0.0,928.0,0.0,0.0,0.0,0.0,0.0,0.0,0.0,0.0
20180613,6,7회지방선거_기초의원지역구,충청남도,태안군,태안군나선거구,25214,16731,15891,840,3149.0,1148.0,995.0,0.0,0.0,1573.0,0.0,0.0,0.0,0.0,0.0,0.0,0.0,0.0
20180613,6,7회지방선거_기초의원지역구,전라북도,전주시완산구,전주시가선거구,41809,24790,23944,846,8671.0,0.0,0.0,0.0,4381.0,0.0,0.0,0.0,0.0,0.0,0.0,0.0,0.0,0.0
20180613,6,7회지방선거_기초의원지역구,전라북도,전주시완산구,전주시나선거구,62242,39889,38417,1472,5978.0,0.0,0.0,0.0,1746.0,1213.0,0.0,2571.0,0.0,0.0,0.0,0.0,0.0,0.0
20180613,6,7회지방선거_기초의원지역구,전라북도,전주시완산구,전주시다선거구,42133,24951,23982,969,3663.0,0.0,0.0,0.0,1776.0,1150.0,0.0,0.0,0.0,0.0,0.0,0.0,0.0,0.0
20180613,6,7회지방선거_기초의원지역구,전라북도,전주시완산구,전주시라선거구,33036,20883,20329,554,11453.0,0.0,0.0,0.0,0.0,4001.0,0.0,0.0,0.0,0.0,0.0,0.0,0.0,0.0
20180613,6,7회지방선거_기초의원지역구,전라북도,전주시완산구,전주시마선거구,56296,33754,32844,910,12347.0,0.0,1709.0,0.0,2079.0,0.0,0.0,0.0,0.0,0.0,0.0,0.0,0.0,0.0
20180613,6,7회지방선거_기초의원지역구,전라북도,전주시완산구,전주시바선거구,33971,21281,20586,695,6662.0,0.0,0.0,0.0,3240.0,2949.0,0.0,0.0,0.0,0.0,0.0,0.0,0.0,0.0
20180613,6,7회지방선거_기초의원지역구,전라북도,전주시완산구,전주시사선거구,44442,27657,26778,879,3957.0,0.0,1269.0,0.0,1294.0,617.0,0.0,3451.0,0.0,0.0,0.0,0.0,0.0,0.0
20180613,6,7회지방선거_기초의원지역구,전라북도,전주시덕진구,전주시아선거구,57081,37457,36236,1221,6169.0,0.0,0.0,0.0,1869.0,0.0,2629.0,0.0,0.0,0.0,0.0,0.0,0.0,0.0
20180613,6,7회지방선거_기초의원지역구,전라북도,전주시덕진구,전주시자선거구,58272,35543,34307,1236,4299.0,0.0,0.0,0.0,3500.0,4949.0,0.0,0.0,0.0,0.0,0.0,0.0,0.0,0.0
20180613,6,7회지방선거_기초의원지역구,전라북도,전주시덕진구,전주시차선거구,56569,34568,33035,1533,7294.0,0.0,0.0,0.0,2707.0,0.0,0.0,0.0,0.0,0.0,0.0,0.0,0.0,0.0
20180613,6,7회지방선거_기초의원지역구,전라북도,전주시덕진구,전주시카선거구,38352,23111,22031,1080,5463.0,0.0,0.0,0.0,2690.0,0.0,0.0,5504.0,0.0,0.0,0.0,0.0,0.0,0.0
20180613,6,7회지방선거_기초의원지역구,전라북도,군산시,군산시가선거구,16478,11560,11160,400,1594.0,0.0,1079.0,0.0,1799.0,1739.0,0.0,0.0,0.0,0.0,0.0,0.0,0.0,0.0
20180613,6,7회지방선거_기초의원지역구,전라북도,군산시,군산시나선거구,28926,14542,14077,465,1881.0,0.0,2709.0,0.0,1420.0,1808.0,0.0,0.0,0.0,0.0,0.0,0.0,0.0,0.0
20180613,6,7회지방선거_기초의원지역구,전라북도,군산시,군산시다선거구,18278,11956,11450,506,1808.0,0.0,0.0,0.0,0.0,1826.0,0.0,0.0,0.0,0.0,0.0,0.0,0.0,0.0
20180613,6,7회지방선거_기초의원지역구,전라북도,군산시,군산시라선거구,29784,18103,17602,501,4209.0,0.0,2501.0,0.0,1380.0,2795.0,0.0,0.0,0.0,0.0,0.0,0.0,0.0,0.0
20180613,6,7회지방선거_기초의원지역구,전라북도,군산시,군산시마선거구,24019,14288,13841,447,2332.0,0.0,2531.0,0.0,1316.0,2485.0,0.0,0.0,0.0,0.0,0.0,0.0,0.0,0.0
20180613,6,7회지방선거_기초의원지역구,전라북도,군산시,군산시바선거구,40318,25191,24485,706,3963.0,0.0,1451.0,0.0,0.0,5432.0,0.0,0.0,0.0,0.0,0.0,0.0,0.0,0.0
20180613,6,7회지방선거_기초의원지역구,전라북도,군산시,군산시사선거구,38642,23210,22426,784,3696.0,0.0,3574.0,0.0,0.0,1215.0,0.0,0.0,0.0,0.0,0.0,0.0,0.0,0.0
20180613,6,7회지방선거_기초의원지역구,전라북도,군산시,군산시아선거구,26989,15573,15173,400,8740.0,0.0,0.0,0.0,1589.0,4379.0,465.0,0.0,0.0,0.0,0.0,0.0,0.0,0.0
20180613,6,7회지방선거_기초의원지역구,전라북도,익산시,익산시가선거구,46426,29570,28685,885,4326.0,0.0,0.0,0.0,3264.0,0.0,0.0,4479.0,0.0,0.0,0.0,0.0,0.0,0.0
20180613,6,7회지방선거_기초의원지역구,전라북도,익산시,익산시나선거구,22805,13535,13071,464,1200.0,0.0,0.0,0.0,1425.0,2012.0,0.0,0.0,0.0,0.0,0.0,0.0,0.0,0.0
20180613,6,7회지방선거_기초의원지역구,전라북도,익산시,익산시다선거구,25977,15114,14546,568,2818.0,0.0,790.0,0.0,0.0,4358.0,258.0,0.0,0.0,0.0,0.0,0.0,0.0,0.0
20180613,6,7회지방선거_기초의원지역구,전라북도,익산시,익산시라선거구,23357,15756,15084,672,3071.0,0.0,0.0,0.0,1460.0,2693.0,0.0,0.0,0.0,0.0,0.0,0.0,0.0,0.0
20180613,6,7회지방선거_기초의원지역구,전라북도,익산시,익산시마선거구,25221,16675,15916,759,2313.0,0.0,403.0,0.0,2019.0,336.0,0.0,0.0,0.0,0.0,0.0,0.0,0.0,0.0
20180613,6,7회지방선거_기초의원지역구,전라북도,익산시,익산시바선거구,36871,23084,22379,705,4196.0,0.0,0.0,0.0,2254.0,437.0,0.0,0.0,0.0,0.0,0.0,0.0,0.0,0.0
20180613,6,7회지방선거_기초의원지역구,전라북도,익산시,익산시사선거구,39559,24252,23530,722,5008.0,0.0,0.0,0.0,3492.0,1257.0,0.0,3636.0,0.0,0.0,0.0,0.0,0.0,0.0
20180613,6,7회지방선거_기초의원지역구,전라북도,익산시,익산시아선거구,25350,15263,14667,596,4578.0,0.0,866.0,0.0,1470.0,0.0,0.0,0.0,0.0,0.0,0.0,0.0,0.0,0.0
20180613,6,7회지방선거_기초의원지역구,전라북도,정읍시,정읍시가선거구,14794,9688,9176,512,553.0,0.0,0.0,0.0,651.0,926.0,1095.0,0.0,0.0,0.0,0.0,0.0,0.0,0.0
20180613,6,7회지방선거_기초의원지역구,전라북도,정읍시,정읍시나선거구,8613,6085,5767,318,771.0,0.0,0.0,0.0,853.0,589.0,0.0,0.0,0.0,0.0,0.0,0.0,0.0,0.0
20180613,6,7회지방선거_기초의원지역구,전라북도,정읍시,정읍시다선거구,13743,9091,8650,441,2387.0,0.0,0.0,0.0,1733.0,0.0,0.0,1441.0,0.0,0.0,0.0,0.0,0.0,0.0
20180613,6,7회지방선거_기초의원지역구,전라북도,정읍시,정읍시라선거구,10712,7445,7034,411,1368.0,0.0,0.0,0.0,1592.0,0.0,0.0,0.0,0.0,0.0,0.0,0.0,0.0,0.0
20180613,6,7회지방선거_기초의원지역구,전라북도,정읍시,정읍시마선거구,16465,11329,10912,417,2034.0,0.0,0.0,0.0,1843.0,3231.0,0.0,0.0,0.0,0.0,0.0,0.0,0.0,0.0
20180613,6,7회지방선거_기초의원지역구,전라북도,정읍시,정읍시바선거구,17206,10806,10379,427,2864.0,0.0,0.0,0.0,0.0,2225.0,0.0,683.0,0.0,0.0,0.0,0.0,0.0,0.0
20180613,6,7회지방선거_기초의원지역구,전라북도,정읍시,정읍시사선거구,14469,9877,9440,437,2359.0,0.0,0.0,0.0,1458.0,0.0,0.0,0.0,0.0,0.0,0.0,0.0,0.0,0.0
20180613,6,7회지방선거_기초의원지역구,전라북도,남원시,남원시가선거구,9750,7362,7016,346,1439.0,0.0,371.0,0.0,871.0,1214.0,0.0,0.0,0.0,0.0,0.0,0.0,0.0,0.0
20180613,6,7회지방선거_기초의원지역구,전라북도,남원시,남원시나선거구,6280,4968,4657,311,1640.0,0.0,0.0,0.0,0.0,1246.0,0.0,0.0,0.0,0.0,0.0,0.0,0.0,0.0
20180613,6,7회지방선거_기초의원지역구,전라북도,남원시,남원시다선거구,20281,14602,14203,399,3030.0,0.0,577.0,0.0,0.0,2955.0,1154.0,0.0,0.0,0.0,0.0,0.0,0.0,0.0
20180613,6,7회지방선거_기초의원지역구,전라북도,남원시,남원시라선거구,8677,6472,5960,512,602.0,0.0,0.0,0.0,0.0,1021.0,0.0,0.0,0.0,0.0,0.0,0.0,0.0,0.0
20180613,6,7회지방선거_기초의원지역구,전라북도,남원시,남원시마선거구,5459,4213,3858,355,1257.0,0.0,0.0,0.0,0.0,966.0,0.0,0.0,0.0,0.0,0.0,0.0,0.0,0.0
20180613,6,7회지방선거_기초의원지역구,전라북도,남원시,남원시바선거구,19483,13907,13448,459,2672.0,0.0,0.0,0.0,0.0,683.0,0.0,629.0,0.0,0.0,0.0,0.0,0.0,0.0
20180613,6,7회지방선거_기초의원지역구,전라북도,김제시,김제시가선거구,19563,13373,12847,526,1402.0,0.0,0.0,0.0,1547.0,309.0,0.0,0.0,0.0,0.0,0.0,0.0,0.0,0.0
20180613,6,7회지방선거_기초의원지역구,전라북도,김제시,김제시나선거구,21275,14454,13849,605,1332.0,0.0,0.0,0.0,1927.0,516.0,0.0,0.0,0.0,0.0,0.0,0.0,0.0,0.0
20180613,6,7회지방선거_기초의원지역구,전라북도,김제시,김제시다선거구,9358,6725,6393,332,1021.0,0.0,0.0,0.0,1093.0,0.0,0.0,0.0,0.0,0.0,0.0,0.0,0.0,0.0
20180613,6,7회지방선거_기초의원지역구,전라북도,김제시,김제시라선거구,9652,6883,6598,285,1297.0,0.0,0.0,0.0,1480.0,1223.0,0.0,0.0,0.0,0.0,0.0,0.0,0.0,0.0
20180613,6,7회지방선거_기초의원지역구,전라북도,김제시,김제시마선거구,15144,10223,9818,405,1590.0,0.0,0.0,0.0,2797.0,250.0,0.0,0.0,0.0,0.0,0.0,0.0,0.0,0.0
20180613,6,7회지방선거_기초의원지역구,전라북도,완주군,완주군가선거구,24289,15663,15319,344,5247.0,0.0,0.0,0.0,1839.0,2491.0,0.0,875.0,0.0,0.0,0.0,0.0,0.0,0.0
20180613,6,7회지방선거_기초의원지역구,전라북도,완주군,완주군나선거구,15114,10470,10024,446,2656.0,0.0,0.0,0.0,1670.0,2467.0,0.0,0.0,0.0,0.0,0.0,0.0,0.0,0.0
20180613,6,7회지방선거_기초의원지역구,전라북도,완주군,완주군다선거구,26619,17721,17207,514,2308.0,0.0,0.0,0.0,3244.0,2284.0,0.0,0.0,0.0,0.0,0.0,0.0,0.0,0.0
20180613,6,7회지방선거_기초의원지역구,전라북도,완주군,완주군라선거구,12509,8994,8572,422,4753.0,0.0,0.0,0.0,907.0,802.0,0.0,0.0,0.0,0.0,0.0,0.0,0.0,0.0
20180613,6,7회지방선거_기초의원지역구,전라북도,진안군,진안군가선거구,14163,10658,10324,334,1651.0,0.0,0.0,0.0,0.0,1783.0,0.0,0.0,0.0,0.0,0.0,0.0,0.0,0.0
20180613,6,7회지방선거_기초의원지역구,전라북도,진안군,진안군나선거구,8866,6927,6644,283,1429.0,0.0,0.0,0.0,0.0,1635.0,0.0,0.0,0.0,281.0,0.0,0.0,0.0,0.0
20180613,6,7회지방선거_기초의원지역구,전라북도,무주군,무주군가선거구,11724,9453,9093,360,1533.0,0.0,0.0,0.0,0.0,1048.0,0.0,0.0,0.0,0.0,0.0,0.0,0.0,0.0
20180613,6,7회지방선거_기초의원지역구,전라북도,무주군,무주군나선거구,9849,7921,7607,314,1244.0,0.0,0.0,0.0,0.0,624.0,0.0,0.0,0.0,0.0,0.0,0.0,0.0,0.0
20180613,6,7회지방선거_기초의원지역구,전라북도,장수군,장수군가선거구,10535,8731,8368,363,1538.0,0.0,0.0,0.0,0.0,1517.0,0.0,0.0,0.0,0.0,0.0,0.0,0.0,0.0
20180613,6,7회지방선거_기초의원지역구,전라북도,장수군,장수군나선거구,9537,7860,7595,265,675.0,0.0,0.0,0.0,0.0,756.0,0.0,0.0,0.0,0.0,0.0,0.0,0.0,0.0
20180613,6,7회지방선거_기초의원지역구,전라북도,임실군,임실군가선거구,7828,6009,5775,234,1215.0,0.0,0.0,0.0,0.0,870.0,0.0,0.0,0.0,0.0,0.0,0.0,0.0,0.0
20180613,6,7회지방선거_기초의원지역구,전라북도,임실군,임실군나선거구,7689,5953,5635,318,1802.0,0.0,0.0,0.0,0.0,1618.0,0.0,0.0,0.0,0.0,0.0,0.0,0.0,0.0
20180613,6,7회지방선거_기초의원지역구,전라북도,임실군,임실군다선거구,10425,8112,7756,356,680.0,0.0,0.0,0.0,0.0,1570.0,0.0,0.0,0.0,0.0,0.0,0.0,0.0,0.0
20180613,6,7회지방선거_기초의원지역구,전라북도,순창군,순창군가선거구,9400,7655,7388,267,1902.0,0.0,0.0,0.0,0.0,1739.0,0.0,0.0,0.0,0.0,0.0,0.0,0.0,0.0
20180613,6,7회지방선거_기초의원지역구,전라북도,순창군,순창군나선거구,4836,3945,3739,206,992.0,0.0,0.0,0.0,0.0,834.0,0.0,0.0,0.0,0.0,0.0,0.0,0.0,0.0
20180613,6,7회지방선거_기초의원지역구,전라북도,순창군,순창군다선거구,11205,8995,8612,383,1242.0,0.0,0.0,0.0,0.0,1085.0,0.0,0.0,0.0,0.0,0.0,0.0,0.0,0.0
20180613,6,7회지방선거_기초의원지역구,전라북도,고창군,고창군가선거구,19609,14741,14215,526,1458.0,0.0,0.0,0.0,0.0,382.0,0.0,0.0,0.0,0.0,0.0,0.0,0.0,0.0
20180613,6,7회지방선거_기초의원지역구,전라북도,고창군,고창군다선거구,9994,7483,6941,542,970.0,0.0,0.0,0.0,1478.0,2286.0,0.0,0.0,0.0,0.0,0.0,0.0,0.0,0.0
20180613,6,7회지방선거_기초의원지역구,전라북도,고창군,고창군라선거구,10655,7948,7314,634,1849.0,0.0,0.0,0.0,0.0,2307.0,0.0,0.0,0.0,0.0,0.0,0.0,0.0,0.0
20180613,6,7회지방선거_기초의원지역구,전라북도,부안군,부안군가선거구,19613,14298,13772,526,2831.0,0.0,0.0,0.0,0.0,2541.0,0.0,0.0,0.0,0.0,0.0,0.0,0.0,0.0
20180613,6,7회지방선거_기초의원지역구,전라북도,부안군,부안군나선거구,7686,5599,5322,277,838.0,0.0,0.0,0.0,795.0,1227.0,0.0,0.0,0.0,0.0,0.0,0.0,0.0,0.0
20180613,6,7회지방선거_기초의원지역구,전라북도,부안군,부안군다선거구,11611,8024,7404,620,2446.0,0.0,0.0,0.0,0.0,1063.0,0.0,0.0,0.0,0.0,0.0,0.0,0.0,0.0
20180613,6,7회지방선거_기초의원지역구,전라북도,부안군,부안군라선거구,9662,6924,6536,388,1565.0,0.0,0.0,0.0,1175.0,596.0,0.0,0.0,0.0,0.0,0.0,0.0,0.0,0.0
20180613,6,7회지방선거_기초의원지역구,전라남도,목포시,목포시가선거구,31193,20090,19523,567,1946.0,0.0,0.0,0.0,1956.0,0.0,0.0,3028.0,0.0,0.0,0.0,0.0,0.0,0.0
20180613,6,7회지방선거_기초의원지역구,전라남도,목포시,목포시나선거구,23715,15168,14561,607,2466.0,0.0,0.0,0.0,4433.0,2211.0,0.0,0.0,0.0,0.0,0.0,0.0,0.0,0.0
20180613,6,7회지방선거_기초의원지역구,전라남도,목포시,목포시다선거구,21166,12864,12267,597,1580.0,0.0,0.0,0.0,2442.0,280.0,0.0,0.0,0.0,0.0,0.0,0.0,0.0,0.0
20180613,6,7회지방선거_기초의원지역구,전라남도,목포시,목포시라선거구,25500,15862,15260,602,784.0,0.0,0.0,0.0,872.0,2018.0,0.0,1151.0,0.0,0.0,0.0,0.0,0.0,0.0
20180613,6,7회지방선거_기초의원지역구,전라남도,목포시,목포시마선거구,17924,11268,10924,344,1895.0,0.0,0.0,0.0,1331.0,0.0,727.0,1153.0,0.0,0.0,0.0,0.0,0.0,0.0
20180613,6,7회지방선거_기초의원지역구,전라남도,목포시,목포시바선거구,27597,18370,17816,554,1219.0,0.0,447.0,0.0,1014.0,2655.0,0.0,2173.0,0.0,0.0,0.0,0.0,0.0,0.0
20180613,6,7회지방선거_기초의원지역구,전라남도,목포시,목포시사선거구,39769,26313,25560,753,2202.0,0.0,0.0,0.0,2647.0,1840.0,0.0,4271.0,0.0,0.0,0.0,0.0,0.0,0.0
20180613,6,7회지방선거_기초의원지역구,전라남도,여수시,여수시가선거구,16898,10995,10489,506,1490.0,0.0,0.0,0.0,1573.0,1124.0,0.0,0.0,0.0,0.0,0.0,0.0,0.0,0.0
20180613,6,7회지방선거_기초의원지역구,전라남도,여수시,여수시나선거구,22369,13946,13420,526,3110.0,0.0,1001.0,0.0,2859.0,0.0,0.0,0.0,0.0,0.0,0.0,0.0,0.0,0.0
20180613,6,7회지방선거_기초의원지역구,전라남도,여수시,여수시다선거구,44218,29021,28192,829,2728.0,0.0,0.0,0.0,729.0,4055.0,0.0,0.0,0.0,0.0,0.0,0.0,0.0,0.0
20180613,6,7회지방선거_기초의원지역구,전라남도,여수시,여수시라선거구,32643,21129,20348,781,1752.0,0.0,0.0,0.0,1212.0,2407.0,0.0,0.0,0.0,0.0,0.0,0.0,0.0,0.0
20180613,6,7회지방선거_기초의원지역구,전라남도,여수시,여수시마선거구,18578,11678,11286,392,2131.0,0.0,1598.0,0.0,0.0,3029.0,0.0,0.0,0.0,0.0,0.0,0.0,0.0,0.0
20180613,6,7회지방선거_기초의원지역구,전라남도,여수시,여수시바선거구,22714,14808,14193,615,4014.0,0.0,0.0,0.0,0.0,755.0,2012.0,0.0,0.0,0.0,0.0,0.0,0.0,0.0
20180613,6,7회지방선거_기초의원지역구,전라남도,여수시,여수시사선거구,35595,23539,22840,699,2064.0,0.0,0.0,0.0,3111.0,2554.0,0.0,0.0,0.0,0.0,0.0,0.0,0.0,0.0
20180613,6,7회지방선거_기초의원지역구,전라남도,여수시,여수시아선거구,42344,28427,27615,812,2099.0,0.0,0.0,0.0,3479.0,903.0,2180.0,1085.0,0.0,0.0,0.0,0.0,0.0,0.0
20180613,6,7회지방선거_기초의원지역구,전라남도,순천시,순천시가선거구,25596,16155,15658,497,3859.0,0.0,0.0,0.0,1371.0,3282.0,0.0,0.0,0.0,0.0,0.0,0.0,0.0,0.0
20180613,6,7회지방선거_기초의원지역구,전라남도,순천시,순천시나선거구,10933,7002,6652,350,1576.0,0.0,0.0,0.0,1906.0,0.0,0.0,0.0,0.0,0.0,0.0,0.0,0.0,0.0
20180613,6,7회지방선거_기초의원지역구,전라남도,순천시,순천시다선거구,12406,7755,7498,257,1824.0,0.0,0.0,0.0,0.0,2571.0,0.0,0.0,0.0,0.0,0.0,0.0,0.0,0.0
20180613,6,7회지방선거_기초의원지역구,전라남도,순천시,순천시라선거구,35343,22595,21941,654,3955.0,0.0,0.0,0.0,0.0,1771.0,1897.0,0.0,0.0,0.0,0.0,0.0,0.0,0.0
20180613,6,7회지방선거_기초의원지역구,전라남도,순천시,순천시마선거구,43253,27240,26186,1054,3430.0,0.0,0.0,0.0,0.0,4588.0,0.0,0.0,0.0,0.0,0.0,0.0,0.0,0.0
20180613,6,7회지방선거_기초의원지역구,전라남도,순천시,순천시바선거구,41764,26070,25351,719,4805.0,0.0,0.0,0.0,0.0,4267.0,3704.0,0.0,0.0,0.0,0.0,0.0,0.0,0.0
20180613,6,7회지방선거_기초의원지역구,전라남도,순천시,순천시사선거구,10677,7833,7478,355,1455.0,0.0,0.0,0.0,0.0,1206.0,1846.0,0.0,0.0,0.0,0.0,0.0,0.0,0.0
20180613,6,7회지방선거_기초의원지역구,전라남도,순천시,순천시아선거구,29990,19453,18807,646,4565.0,0.0,0.0,0.0,0.0,7490.0,0.0,0.0,0.0,0.0,0.0,0.0,0.0,0.0
20180613,6,7회지방선거_기초의원지역구,전라남도,순천시,순천시자선거구,15711,10187,9968,219,3812.0,0.0,0.0,0.0,0.0,1926.0,980.0,0.0,0.0,0.0,0.0,0.0,0.0,0.0
20180613,6,7회지방선거_기초의원지역구,전라남도,나주시,나주시가선거구,23175,15056,14387,669,2477.0,0.0,1100.0,0.0,734.0,1595.0,0.0,0.0,0.0,0.0,0.0,0.0,0.0,0.0
20180613,6,7회지방선거_기초의원지역구,전라남도,나주시,나주시나선거구,23927,16036,15482,554,2592.0,0.0,0.0,0.0,618.0,2293.0,2684.0,0.0,0.0,0.0,0.0,0.0,0.0,0.0
20180613,6,7회지방선거_기초의원지역구,전라남도,나주시,나주시다선거구,27688,17908,17360,548,1704.0,0.0,0.0,0.0,0.0,3675.0,0.0,0.0,0.0,0.0,0.0,0.0,0.0,0.0
20180613,6,7회지방선거_기초의원지역구,전라남도,나주시,나주시라선거구,18723,12431,11837,594,2963.0,0.0,183.0,0.0,329.0,2270.0,0.0,0.0,0.0,0.0,0.0,0.0,0.0,0.0
20180613,6,7회지방선거_기초의원지역구,전라남도,광양시,광양시가선거구,44081,30213,27621,2592,6635.0,0.0,0.0,0.0,0.0,6083.0,0.0,0.0,0.0,0.0,0.0,0.0,0.0,0.0
20180613,6,7회지방선거_기초의원지역구,전라남도,광양시,광양시나선거구,43972,29043,28447,596,6603.0,0.0,2420.0,0.0,4562.0,3079.0,3816.0,1698.0,0.0,0.0,0.0,0.0,0.0,0.0
20180613,6,7회지방선거_기초의원지역구,전라남도,광양시,광양시다선거구,11689,8846,8455,391,2251.0,0.0,0.0,0.0,1141.0,1177.0,0.0,0.0,0.0,0.0,0.0,0.0,0.0,0.0
20180613,6,7회지방선거_기초의원지역구,전라남도,광양시,광양시라선거구,22412,15616,14865,751,4292.0,0.0,0.0,0.0,2846.0,2317.0,0.0,0.0,0.0,0.0,0.0,0.0,0.0,0.0
20180613,6,7회지방선거_기초의원지역구,전라남도,담양군,담양군가선거구,12326,8856,8590,266,3105.0,0.0,0.0,0.0,0.0,2650.0,0.0,0.0,0.0,0.0,0.0,0.0,0.0,0.0
20180613,6,7회지방선거_기초의원지역구,전라남도,담양군,담양군다선거구,10628,7532,7219,313,1965.0,0.0,0.0,0.0,0.0,1051.0,0.0,0.0,0.0,0.0,0.0,0.0,0.0,0.0
20180613,6,7회지방선거_기초의원지역구,전라남도,담양군,담양군라선거구,9628,6907,6573,334,2216.0,0.0,0.0,0.0,0.0,1516.0,0.0,0.0,0.0,0.0,0.0,0.0,0.0,0.0
20180613,6,7회지방선거_기초의원지역구,전라남도,곡성군,곡성군가선거구,13319,10496,10104,392,2022.0,0.0,0.0,0.0,0.0,2076.0,0.0,0.0,0.0,0.0,0.0,0.0,0.0,0.0
20180613,6,7회지방선거_기초의원지역구,전라남도,곡성군,곡성군나선거구,13420,10227,9796,431,1515.0,0.0,0.0,0.0,0.0,1914.0,0.0,0.0,0.0,0.0,0.0,0.0,0.0,0.0
20180613,6,7회지방선거_기초의원지역구,전라남도,구례군,구례군가선거구,12321,10089,9773,316,901.0,0.0,0.0,0.0,741.0,0.0,0.0,0.0,0.0,0.0,0.0,0.0,0.0,0.0
20180613,6,7회지방선거_기초의원지역구,전라남도,구례군,구례군나선거구,11422,9245,8801,444,1219.0,0.0,0.0,0.0,1386.0,790.0,0.0,0.0,0.0,0.0,0.0,0.0,0.0,0.0
20180613,6,7회지방선거_기초의원지역구,전라남도,고흥군,고흥군가선거구,16983,13671,12966,705,2069.0,0.0,0.0,0.0,1840.0,0.0,0.0,0.0,0.0,0.0,0.0,0.0,0.0,0.0
20180613,6,7회지방선거_기초의원지역구,전라남도,고흥군,고흥군나선거구,10750,8581,8019,562,1643.0,0.0,0.0,0.0,1342.0,884.0,0.0,0.0,0.0,0.0,0.0,0.0,0.0,0.0
20180613,6,7회지방선거_기초의원지역구,전라남도,고흥군,고흥군다선거구,19842,16081,15204,877,3254.0,0.0,0.0,0.0,1947.0,1192.0,0.0,0.0,0.0,0.0,0.0,0.0,0.0,0.0
20180613,6,7회지방선거_기초의원지역구,전라남도,고흥군,고흥군라선거구,11871,9630,8973,657,1136.0,0.0,758.0,0.0,874.0,278.0,0.0,0.0,0.0,0.0,0.0,0.0,0.0,0.0
20180613,6,7회지방선거_기초의원지역구,전라남도,보성군,보성군가선거구,18515,14152,13522,630,1751.0,0.0,0.0,0.0,861.0,3651.0,0.0,0.0,0.0,0.0,0.0,0.0,0.0,0.0
20180613,6,7회지방선거_기초의원지역구,전라남도,보성군,보성군나선거구,11484,8290,7871,419,1924.0,0.0,0.0,0.0,1081.0,2006.0,0.0,0.0,0.0,0.0,0.0,0.0,0.0,0.0
20180613,6,7회지방선거_기초의원지역구,전라남도,보성군,보성군다선거구,8547,6664,6204,460,1206.0,0.0,0.0,0.0,0.0,1396.0,0.0,0.0,0.0,0.0,0.0,0.0,0.0,0.0
20180613,6,7회지방선거_기초의원지역구,전라남도,화순군,화순군가선거구,31858,22026,21449,577,4065.0,0.0,0.0,0.0,0.0,1118.0,2883.0,0.0,0.0,0.0,0.0,0.0,0.0,0.0
20180613,6,7회지방선거_기초의원지역구,전라남도,화순군,화순군나선거구,6612,4829,4606,223,971.0,0.0,0.0,0.0,705.0,653.0,0.0,0.0,0.0,0.0,0.0,0.0,0.0,0.0
20180613,6,7회지방선거_기초의원지역구,전라남도,화순군,화순군다선거구,16073,11512,10853,659,1698.0,0.0,0.0,0.0,501.0,683.0,0.0,0.0,0.0,0.0,0.0,0.0,0.0,0.0
20180613,6,7회지방선거_기초의원지역구,전라남도,장흥군,장흥군가선거구,18706,14300,13815,485,1462.0,0.0,0.0,0.0,1440.0,2596.0,0.0,0.0,0.0,0.0,0.0,0.0,0.0,0.0
20180613,6,7회지방선거_기초의원지역구,전라남도,장흥군,장흥군나선거구,16071,12334,11766,568,1624.0,0.0,0.0,0.0,0.0,2531.0,0.0,0.0,0.0,0.0,0.0,0.0,0.0,0.0
20180613,6,7회지방선거_기초의원지역구,전라남도,강진군,강진군가선거구,18821,13966,13374,592,1394.0,0.0,0.0,0.0,1644.0,2173.0,0.0,0.0,0.0,0.0,0.0,0.0,0.0,0.0
20180613,6,7회지방선거_기초의원지역구,전라남도,강진군,강진군나선거구,13098,9935,9412,523,1724.0,0.0,0.0,0.0,1092.0,193.0,0.0,0.0,0.0,0.0,0.0,0.0,0.0,0.0
20180613,6,7회지방선거_기초의원지역구,전라남도,해남군,해남군가선거구,25670,18108,17300,808,1942.0,0.0,0.0,0.0,1499.0,559.0,3052.0,1144.0,0.0,0.0,0.0,0.0,0.0,0.0
20180613,6,7회지방선거_기초의원지역구,전라남도,해남군,해남군나선거구,12129,8432,7875,557,2123.0,0.0,0.0,0.0,2869.0,1488.0,0.0,0.0,0.0,0.0,0.0,0.0,0.0,0.0
20180613,6,7회지방선거_기초의원지역구,전라남도,해남군,해남군다선거구,11455,8561,8135,426,1325.0,0.0,0.0,0.0,932.0,1084.0,0.0,0.0,0.0,0.0,0.0,0.0,0.0,0.0
20180613,6,7회지방선거_기초의원지역구,전라남도,해남군,해남군라선거구,13207,9356,8870,486,1325.0,0.0,0.0,0.0,1328.0,1904.0,0.0,0.0,0.0,0.0,0.0,0.0,0.0,0.0
20180613,6,7회지방선거_기초의원지역구,전라남도,영암군,영암군가선거구,20388,14464,13736,728,1687.0,0.0,0.0,0.0,2726.0,0.0,0.0,0.0,0.0,0.0,0.0,0.0,0.0,0.0
20180613,6,7회지방선거_기초의원지역구,전라남도,영암군,영암군나선거구,16225,9741,9486,255,4517.0,0.0,0.0,0.0,1807.0,316.0,1225.0,0.0,0.0,0.0,0.0,0.0,0.0,0.0
20180613,6,7회지방선거_기초의원지역구,전라남도,영암군,영암군다선거구,9975,7366,6997,369,1255.0,0.0,1071.0,0.0,1031.0,0.0,0.0,1271.0,0.0,0.0,0.0,0.0,0.0,0.0
20180613,6,7회지방선거_기초의원지역구,전라남도,무안군,무안군가선거구,23621,17143,16394,749,1813.0,0.0,0.0,0.0,1271.0,925.0,0.0,0.0,0.0,0.0,0.0,0.0,0.0,0.0
20180613,6,7회지방선거_기초의원지역구,전라남도,무안군,무안군나선거구,42896,28951,27636,1315,1949.0,0.0,0.0,0.0,1972.0,503.0,1362.0,0.0,0.0,0.0,0.0,0.0,0.0,0.0
20180613,6,7회지방선거_기초의원지역구,전라남도,함평군,함평군가선거구,14558,11073,10571,502,1870.0,0.0,0.0,0.0,1495.0,461.0,0.0,0.0,0.0,0.0,0.0,0.0,0.0,0.0
20180613,6,7회지방선거_기초의원지역구,전라남도,함평군,함평군나선거구,15607,11333,10715,618,1985.0,0.0,0.0,0.0,1033.0,2511.0,0.0,0.0,0.0,0.0,0.0,0.0,0.0,0.0
20180613,6,7회지방선거_기초의원지역구,전라남도,영광군,영광군가선거구,26578,18601,17964,637,3199.0,0.0,0.0,0.0,329.0,690.0,0.0,0.0,0.0,0.0,0.0,0.0,0.0,0.0
20180613,6,7회지방선거_기초의원지역구,전라남도,영광군,영광군나선거구,20111,14351,13788,563,1389.0,0.0,0.0,0.0,0.0,2162.0,0.0,0.0,0.0,0.0,0.0,0.0,0.0,0.0
20180613,6,7회지방선거_기초의원지역구,전라남도,장성군,장성군가선거구,19139,14567,13889,678,3586.0,0.0,0.0,0.0,0.0,2073.0,0.0,0.0,0.0,0.0,0.0,0.0,0.0,0.0
20180613,6,7회지방선거_기초의원지역구,전라남도,장성군,장성군나선거구,10414,7786,7396,390,1482.0,0.0,0.0,0.0,0.0,2127.0,0.0,0.0,0.0,0.0,0.0,0.0,0.0,0.0
20180613,6,7회지방선거_기초의원지역구,전라남도,장성군,장성군다선거구,10050,7405,7127,278,2284.0,0.0,0.0,0.0,0.0,1342.0,0.0,0.0,0.0,0.0,0.0,0.0,0.0,0.0
20180613,6,7회지방선거_기초의원지역구,전라남도,완도군,완도군가선거구,24738,18955,18171,784,1182.0,0.0,0.0,0.0,1625.0,2885.0,713.0,0.0,0.0,0.0,0.0,0.0,0.0,0.0
20180613,6,7회지방선거_기초의원지역구,전라남도,완도군,완도군다선거구,10827,8638,8053,585,2114.0,0.0,0.0,0.0,1865.0,1064.0,0.0,0.0,0.0,0.0,0.0,0.0,0.0,0.0
20180613,6,7회지방선거_기초의원지역구,전라남도,진도군,진도군가선거구,18244,14321,13692,629,319.0,0.0,0.0,0.0,217.0,900.0,0.0,0.0,0.0,0.0,0.0,0.0,0.0,0.0
20180613,6,7회지방선거_기초의원지역구,전라남도,진도군,진도군나선거구,9197,7092,6569,523,1509.0,0.0,0.0,0.0,1454.0,1341.0,0.0,0.0,0.0,0.0,0.0,0.0,0.0,0.0
20180613,6,7회지방선거_기초의원지역구,전라남도,신안군,신안군가선거구,9191,7083,6628,455,2214.0,0.0,0.0,0.0,1968.0,0.0,0.0,0.0,0.0,0.0,0.0,0.0,0.0,0.0
20180613,6,7회지방선거_기초의원지역구,전라남도,신안군,신안군나선거구,10214,8056,7551,505,2164.0,0.0,0.0,0.0,2193.0,859.0,0.0,0.0,0.0,0.0,0.0,0.0,0.0,0.0
20180613,6,7회지방선거_기초의원지역구,전라남도,신안군,신안군다선거구,9812,7770,7366,404,1320.0,0.0,573.0,0.0,828.0,501.0,0.0,0.0,0.0,0.0,0.0,0.0,0.0,0.0
20180613,6,7회지방선거_기초의원지역구,전라남도,신안군,신안군라선거구,8806,7240,6831,409,2183.0,0.0,0.0,0.0,644.0,1408.0,0.0,0.0,0.0,0.0,0.0,0.0,0.0,0.0
20180613,6,7회지방선거_기초의원지역구,경상북도,포항시북구,포항시가선거구,27822,17888,17379,509,3738.0,2433.0,1265.0,0.0,0.0,3797.0,0.0,0.0,0.0,0.0,0.0,0.0,0.0,0.0
20180613,6,7회지방선거_기초의원지역구,경상북도,포항시북구,포항시나선거구,18857,13295,12659,636,0.0,3017.0,0.0,0.0,0.0,422.0,0.0,0.0,0.0,0.0,0.0,0.0,0.0,0.0
20180613,6,7회지방선거_기초의원지역구,경상북도,포항시북구,포항시다선거구,59910,38049,37096,953,10100.0,5954.0,3851.0,0.0,0.0,3092.0,335.0,0.0,0.0,0.0,0.0,0.0,0.0,0.0
20180613,6,7회지방선거_기초의원지역구,경상북도,포항시북구,포항시라선거구,26287,17211,16762,449,0.0,3367.0,2900.0,0.0,0.0,2424.0,0.0,0.0,0.0,0.0,0.0,0.0,0.0,0.0
20180613,6,7회지방선거_기초의원지역구,경상북도,포항시북구,포항시마선거구,34512,19334,18759,575,5608.0,4851.0,0.0,0.0,0.0,1407.0,0.0,0.0,0.0,0.0,0.0,0.0,0.0,0.0
20180613,6,7회지방선거_기초의원지역구,경상북도,포항시북구,포항시바선거구,55722,34146,33400,746,14733.0,3535.0,1943.0,0.0,0.0,4709.0,0.0,0.0,0.0,0.0,0.0,0.0,0.0,0.0
20180613,6,7회지방선거_기초의원지역구,경상북도,포항시남구,포항시사선거구,16205,10426,10075,351,2723.0,1515.0,0.0,0.0,0.0,2106.0,0.0,0.0,0.0,0.0,0.0,0.0,0.0,0.0
20180613,6,7회지방선거_기초의원지역구,경상북도,포항시남구,포항시아선거구,29872,16968,16451,517,3897.0,4163.0,1012.0,0.0,0.0,2419.0,0.0,0.0,0.0,0.0,0.0,0.0,0.0,0.0
20180613,6,7회지방선거_기초의원지역구,경상북도,포항시남구,포항시자선거구,53790,31798,30942,856,8633.0,5691.0,2114.0,0.0,0.0,4208.0,0.0,0.0,0.0,0.0,0.0,0.0,0.0,0.0
20180613,6,7회지방선거_기초의원지역구,경상북도,포항시남구,포항시차선거구,43868,23956,23281,675,8056.0,3229.0,0.0,0.0,0.0,1337.0,1092.0,0.0,0.0,0.0,0.0,0.0,0.0,0.0
20180613,6,7회지방선거_기초의원지역구,경상북도,포항시남구,포항시카선거구,13900,9007,8437,570,2461.0,1950.0,0.0,0.0,0.0,0.0,0.0,0.0,0.0,0.0,0.0,0.0,0.0,0.0
20180613,6,7회지방선거_기초의원지역구,경상북도,포항시남구,포항시타선거구,41061,27223,26704,519,11400.0,5103.0,0.0,0.0,0.0,1213.0,412.0,0.0,0.0,0.0,0.0,0.0,0.0,0.0
20180613,6,7회지방선거_기초의원지역구,경상북도,경주시,경주시가선거구,36283,24168,23442,726,6599.0,3387.0,0.0,0.0,0.0,1195.0,610.0,0.0,0.0,0.0,0.0,0.0,0.0,0.0
20180613,6,7회지방선거_기초의원지역구,경상북도,경주시,경주시나선거구,26360,16191,15441,750,0.0,4903.0,2603.0,0.0,0.0,3770.0,0.0,0.0,0.0,0.0,0.0,0.0,0.0,0.0
20180613,6,7회지방선거_기초의원지역구,경상북도,경주시,경주시다선거구,22232,14150,13763,387,3592.0,2978.0,0.0,0.0,0.0,3500.0,0.0,0.0,0.0,0.0,0.0,0.0,0.0,0.0
20180613,6,7회지방선거_기초의원지역구,경상북도,경주시,경주시라선거구,23696,14101,13474,627,0.0,3955.0,0.0,0.0,0.0,974.0,0.0,0.0,0.0,0.0,0.0,0.0,0.0,0.0
20180613,6,7회지방선거_기초의원지역구,경상북도,경주시,경주시마선거구,15177,10604,10035,569,0.0,2800.0,0.0,0.0,0.0,2536.0,0.0,0.0,0.0,0.0,0.0,0.0,0.0,0.0
20180613,6,7회지방선거_기초의원지역구,경상북도,경주시,경주시바선거구,29655,17727,16901,826,0.0,5099.0,0.0,0.0,0.0,3105.0,0.0,0.0,0.0,0.0,0.0,0.0,0.0,0.0
20180613,6,7회지방선거_기초의원지역구,경상북도,경주시,경주시사선거구,21293,13860,13439,421,3181.0,3247.0,0.0,0.0,0.0,2561.0,942.0,0.0,0.0,0.0,0.0,0.0,0.0,0.0
20180613,6,7회지방선거_기초의원지역구,경상북도,경주시,경주시아선거구,20303,13113,12200,913,0.0,4758.0,0.0,0.0,0.0,2056.0,0.0,0.0,0.0,0.0,0.0,0.0,0.0,0.0
20180613,6,7회지방선거_기초의원지역구,경상북도,경주시,경주시자선거구,23274,15216,14688,528,3482.0,3875.0,0.0,0.0,0.0,1297.0,0.0,0.0,0.0,0.0,0.0,0.0,0.0,0.0
20180613,6,7회지방선거_기초의원지역구,경상북도,김천시,김천시가선거구,31385,22025,21249,776,6418.0,1559.0,1533.0,0.0,0.0,1552.0,0.0,0.0,0.0,0.0,0.0,0.0,0.0,0.0
20180613,6,7회지방선거_기초의원지역구,경상북도,김천시,김천시다선거구,15261,10445,9978,467,0.0,1995.0,0.0,0.0,0.0,2377.0,0.0,0.0,0.0,0.0,0.0,0.0,0.0,0.0
20180613,6,7회지방선거_기초의원지역구,경상북도,김천시,김천시라선거구,19218,13338,12356,982,0.0,3835.0,0.0,0.0,0.0,1590.0,0.0,0.0,0.0,0.0,0.0,0.0,0.0,0.0
20180613,6,7회지방선거_기초의원지역구,경상북도,김천시,김천시마선거구,15447,11125,10514,611,0.0,2023.0,0.0,0.0,0.0,3026.0,0.0,0.0,0.0,0.0,0.0,0.0,0.0,0.0
20180613,6,7회지방선거_기초의원지역구,경상북도,김천시,김천시바선거구,28394,19807,18798,1009,0.0,1170.0,1199.0,0.0,0.0,710.0,0.0,0.0,0.0,0.0,0.0,0.0,0.0,0.0
20180613,6,7회지방선거_기초의원지역구,경상북도,안동시,안동시가선거구,18383,12249,11272,977,0.0,3842.0,2265.0,0.0,0.0,2511.0,0.0,0.0,0.0,0.0,0.0,0.0,0.0,0.0
20180613,6,7회지방선거_기초의원지역구,경상북도,안동시,안동시나선거구,18139,12220,11848,372,3317.0,1811.0,1635.0,0.0,0.0,347.0,0.0,0.0,0.0,0.0,0.0,0.0,0.0,0.0
20180613,6,7회지방선거_기초의원지역구,경상북도,안동시,안동시다선거구,15290,10615,9671,944,1697.0,3319.0,0.0,0.0,0.0,2077.0,0.0,0.0,0.0,0.0,0.0,0.0,0.0,0.0
20180613,6,7회지방선거_기초의원지역구,경상북도,안동시,안동시라선거구,13961,10134,9257,877,0.0,2809.0,0.0,0.0,0.0,3124.0,0.0,0.0,0.0,0.0,0.0,0.0,0.0,0.0
20180613,6,7회지방선거_기초의원지역구,경상북도,안동시,안동시마선거구,12236,8816,8432,384,0.0,2204.0,965.0,0.0,0.0,2450.0,0.0,0.0,0.0,1395.0,0.0,0.0,0.0,0.0
20180613,6,7회지방선거_기초의원지역구,경상북도,안동시,안동시바선거구,18190,12143,11307,836,0.0,5244.0,3458.0,0.0,0.0,1022.0,0.0,0.0,0.0,0.0,0.0,0.0,0.0,0.0
20180613,6,7회지방선거_기초의원지역구,경상북도,안동시,안동시사선거구,23650,15983,14964,1019,0.0,3642.0,0.0,0.0,0.0,6729.0,0.0,0.0,0.0,0.0,0.0,0.0,0.0,0.0
20180613,6,7회지방선거_기초의원지역구,경상북도,안동시,안동시아선거구,17574,12268,11689,579,0.0,2588.0,0.0,266.0,0.0,2678.0,0.0,0.0,0.0,0.0,0.0,0.0,0.0,0.0
20180613,6,7회지방선거_기초의원지역구,경상북도,구미시,구미시가선거구,60396,36628,35128,1500,11271.0,4436.0,1703.0,0.0,0.0,1066.0,0.0,2589.0,0.0,0.0,0.0,0.0,0.0,0.0
20180613,6,7회지방선거_기초의원지역구,경상북도,구미시,구미시나선거구,56821,31968,31216,752,10955.0,4814.0,0.0,0.0,0.0,6538.0,0.0,0.0,0.0,0.0,0.0,0.0,0.0,0.0
20180613,6,7회지방선거_기초의원지역구,경상북도,구미시,구미시다선거구,19839,11328,10825,503,3559.0,934.0,0.0,0.0,0.0,2837.0,0.0,0.0,0.0,0.0,0.0,0.0,0.0,0.0
20180613,6,7회지방선거_기초의원지역구,경상북도,구미시,구미시라선거구,38929,21463,20593,870,9279.0,2429.0,0.0,0.0,0.0,3755.0,0.0,0.0,0.0,0.0,0.0,0.0,0.0,0.0
20180613,6,7회지방선거_기초의원지역구,경상북도,구미시,구미시마선거구,55479,25235,24500,735,10334.0,3660.0,2333.0,0.0,0.0,0.0,0.0,2172.0,0.0,0.0,0.0,0.0,0.0,0.0
20180613,6,7회지방선거_기초의원지역구,경상북도,구미시,구미시바선거구,52009,29809,29024,785,10980.0,3367.0,7005.0,0.0,0.0,2327.0,0.0,0.0,0.0,0.0,0.0,0.0,0.0,0.0
20180613,6,7회지방선거_기초의원지역구,경상북도,구미시,구미시사선거구,19045,11850,10833,1017,0.0,3949.0,0.0,0.0,0.0,1595.0,0.0,0.0,0.0,0.0,0.0,0.0,0.0,0.0
20180613,6,7회지방선거_기초의원지역구,경상북도,구미시,구미시아선거구,30355,18910,18031,879,6034.0,4211.0,0.0,0.0,0.0,0.0,0.0,0.0,0.0,0.0,0.0,0.0,0.0,0.0
20180613,6,7회지방선거_기초의원지역구,경상북도,영주시,영주시가선거구,7064,5395,5065,330,0.0,2071.0,0.0,0.0,0.0,1336.0,0.0,0.0,0.0,0.0,0.0,0.0,0.0,0.0
20180613,6,7회지방선거_기초의원지역구,경상북도,영주시,영주시나선거구,19497,13510,13034,476,2398.0,1962.0,0.0,0.0,0.0,1627.0,0.0,0.0,0.0,0.0,0.0,0.0,0.0,0.0
20180613,6,7회지방선거_기초의원지역구,경상북도,영주시,영주시다선거구,21355,14283,13723,560,3379.0,1456.0,0.0,0.0,0.0,4333.0,0.0,0.0,0.0,0.0,0.0,0.0,0.0,0.0
20180613,6,7회지방선거_기초의원지역구,경상북도,영주시,영주시라선거구,7827,5735,5383,352,0.0,1623.0,0.0,0.0,0.0,1387.0,0.0,0.0,0.0,0.0,0.0,0.0,0.0,0.0
20180613,6,7회지방선거_기초의원지역구,경상북도,영주시,영주시마선거구,20178,13934,13546,388,2740.0,2422.0,0.0,0.0,0.0,1489.0,0.0,0.0,0.0,0.0,0.0,0.0,0.0,0.0
20180613,6,7회지방선거_기초의원지역구,경상북도,영주시,영주시바선거구,15526,10864,10316,548,1194.0,2618.0,0.0,0.0,0.0,2626.0,0.0,0.0,0.0,0.0,0.0,0.0,0.0,0.0
20180613,6,7회지방선거_기초의원지역구,경상북도,영천시,영천시가선거구,17086,11465,10649,816,0.0,3849.0,0.0,0.0,0.0,4113.0,0.0,0.0,0.0,0.0,0.0,0.0,0.0,0.0
20180613,6,7회지방선거_기초의원지역구,경상북도,영천시,영천시나선거구,23693,15898,15318,580,2103.0,1804.0,0.0,0.0,0.0,1138.0,0.0,0.0,0.0,0.0,0.0,0.0,0.0,0.0
20180613,6,7회지방선거_기초의원지역구,경상북도,영천시,영천시다선거구,31755,21515,20678,837,4148.0,2637.0,0.0,0.0,0.0,1946.0,0.0,0.0,0.0,0.0,0.0,0.0,0.0,0.0
20180613,6,7회지방선거_기초의원지역구,경상북도,영천시,영천시라선거구,15466,11185,10301,884,0.0,3280.0,0.0,0.0,0.0,1817.0,0.0,0.0,0.0,0.0,0.0,0.0,0.0,0.0
20180613,6,7회지방선거_기초의원지역구,경상북도,상주시,상주시가선거구,11736,8475,7616,859,0.0,2056.0,0.0,0.0,0.0,1224.0,0.0,0.0,0.0,0.0,0.0,0.0,0.0,0.0
20180613,6,7회지방선거_기초의원지역구,경상북도,상주시,상주시나선거구,11622,8525,7908,617,0.0,3894.0,0.0,0.0,0.0,1520.0,0.0,0.0,0.0,0.0,0.0,0.0,0.0,0.0
20180613,6,7회지방선거_기초의원지역구,경상북도,상주시,상주시다선거구,21305,14709,14176,533,2990.0,1111.0,0.0,0.0,0.0,1843.0,0.0,0.0,0.0,0.0,0.0,0.0,0.0,0.0
20180613,6,7회지방선거_기초의원지역구,경상북도,상주시,상주시마선거구,20909,14674,14226,448,2589.0,1964.0,0.0,0.0,0.0,2248.0,0.0,0.0,0.0,0.0,0.0,0.0,0.0,0.0
20180613,6,7회지방선거_기초의원지역구,경상북도,상주시,상주시바선거구,13356,9952,9462,490,0.0,2061.0,0.0,0.0,0.0,1459.0,0.0,0.0,0.0,0.0,0.0,0.0,0.0,0.0
20180613,6,7회지방선거_기초의원지역구,경상북도,문경시,문경시가선거구,16048,12026,10915,1111,0.0,3117.0,0.0,0.0,0.0,1694.0,0.0,0.0,0.0,0.0,0.0,0.0,0.0,0.0
20180613,6,7회지방선거_기초의원지역구,경상북도,문경시,문경시나선거구,21843,15774,15198,576,2404.0,2701.0,0.0,0.0,0.0,2242.0,0.0,0.0,0.0,0.0,0.0,0.0,0.0,0.0
20180613,6,7회지방선거_기초의원지역구,경상북도,문경시,문경시다선거구,9503,7295,6598,697,0.0,2477.0,0.0,0.0,0.0,1600.0,0.0,0.0,0.0,0.0,0.0,0.0,0.0,0.0
20180613,6,7회지방선거_기초의원지역구,경상북도,문경시,문경시라선거구,15291,11110,10387,723,0.0,3248.0,0.0,0.0,0.0,3472.0,0.0,0.0,0.0,0.0,0.0,0.0,0.0,0.0
20180613,6,7회지방선거_기초의원지역구,경상북도,경산시,경산시가선거구,48376,27080,26178,902,6950.0,3386.0,1949.0,226.0,0.0,1230.0,0.0,4464.0,0.0,0.0,0.0,0.0,0.0,0.0
20180613,6,7회지방선거_기초의원지역구,경상북도,경산시,경산시나선거구,30374,16358,15779,579,4676.0,4344.0,0.0,0.0,0.0,1332.0,0.0,0.0,0.0,0.0,0.0,0.0,0.0,0.0
20180613,6,7회지방선거_기초의원지역구,경상북도,경산시,경산시라선거구,60399,32803,31952,851,9845.0,4290.0,2986.0,0.0,0.0,2454.0,0.0,0.0,0.0,0.0,0.0,0.0,0.0,0.0
20180613,6,7회지방선거_기초의원지역구,경상북도,경산시,경산시마선거구,48097,27312,26312,1000,6500.0,3163.0,2213.0,0.0,0.0,2763.0,2377.0,0.0,0.0,0.0,0.0,0.0,0.0,0.0
20180613,6,7회지방선거_기초의원지역구,경상북도,군위군,군위군가선거구,13692,11232,10701,531,0.0,2079.0,0.0,0.0,0.0,1616.0,0.0,0.0,0.0,0.0,0.0,0.0,0.0,0.0
20180613,6,7회지방선거_기초의원지역구,경상북도,군위군,군위군나선거구,9061,7407,7087,320,0.0,1591.0,0.0,0.0,0.0,727.0,0.0,0.0,0.0,0.0,0.0,0.0,0.0,0.0
20180613,6,7회지방선거_기초의원지역구,경상북도,의성군,의성군가선거구,17338,12349,11884,465,2379.0,2014.0,0.0,0.0,0.0,1581.0,0.0,0.0,0.0,0.0,0.0,0.0,0.0,0.0
20180613,6,7회지방선거_기초의원지역구,경상북도,의성군,의성군나선거구,8572,6223,5969,254,0.0,1807.0,0.0,0.0,0.0,1202.0,0.0,0.0,0.0,0.0,0.0,0.0,0.0,0.0
20180613,6,7회지방선거_기초의원지역구,경상북도,의성군,의성군다선거구,7353,5446,5170,276,0.0,2190.0,0.0,0.0,0.0,1415.0,0.0,0.0,0.0,0.0,0.0,0.0,0.0,0.0
20180613,6,7회지방선거_기초의원지역구,경상북도,의성군,의성군라선거구,8239,6410,6137,273,0.0,1821.0,0.0,0.0,0.0,2386.0,0.0,0.0,0.0,0.0,0.0,0.0,0.0,0.0
20180613,6,7회지방선거_기초의원지역구,경상북도,의성군,의성군마선거구,7341,5816,5533,283,0.0,1234.0,0.0,0.0,0.0,1150.0,0.0,0.0,0.0,0.0,0.0,0.0,0.0,0.0
20180613,6,7회지방선거_기초의원지역구,경상북도,청송군,청송군가선거구,12366,9581,9266,315,1704.0,810.0,0.0,0.0,0.0,471.0,0.0,0.0,0.0,0.0,0.0,0.0,0.0,0.0
20180613,6,7회지방선거_기초의원지역구,경상북도,청송군,청송군나선거구,11156,8573,8221,352,0.0,1645.0,0.0,0.0,0.0,837.0,0.0,0.0,0.0,0.0,0.0,0.0,0.0,0.0
20180613,6,7회지방선거_기초의원지역구,경상북도,영양군,영양군가선거구,9851,8125,7865,260,0.0,1021.0,0.0,0.0,0.0,1220.0,0.0,0.0,0.0,0.0,0.0,0.0,0.0,0.0
20180613,6,7회지방선거_기초의원지역구,경상북도,영양군,영양군나선거구,5835,4779,4633,146,844.0,699.0,0.0,0.0,0.0,923.0,0.0,0.0,0.0,0.0,0.0,0.0,0.0,0.0
20180613,6,7회지방선거_기초의원지역구,경상북도,영덕군,영덕군가선거구,19336,14688,14118,570,2609.0,1435.0,0.0,0.0,0.0,1953.0,0.0,0.0,0.0,0.0,0.0,0.0,0.0,0.0
20180613,6,7회지방선거_기초의원지역구,경상북도,영덕군,영덕군나선거구,15030,11648,11202,446,1304.0,1646.0,0.0,0.0,0.0,1120.0,0.0,0.0,0.0,0.0,0.0,0.0,0.0,0.0
20180613,6,7회지방선거_기초의원지역구,경상북도,청도군,청도군가선거구,20219,14499,13955,544,2625.0,2066.0,0.0,0.0,0.0,1195.0,0.0,0.0,0.0,0.0,0.0,0.0,0.0,0.0
20180613,6,7회지방선거_기초의원지역구,경상북도,청도군,청도군나선거구,19075,13871,13492,379,1875.0,2352.0,0.0,0.0,0.0,2391.0,0.0,0.0,0.0,0.0,0.0,0.0,0.0,0.0
20180613,6,7회지방선거_기초의원지역구,경상북도,고령군,고령군가선거구,12243,8676,8384,292,853.0,1432.0,0.0,0.0,0.0,1581.0,0.0,0.0,0.0,0.0,0.0,0.0,0.0,0.0
20180613,6,7회지방선거_기초의원지역구,경상북도,고령군,고령군나선거구,10235,6669,6417,252,1166.0,1351.0,0.0,0.0,0.0,1272.0,0.0,0.0,0.0,0.0,0.0,0.0,0.0,0.0
20180613,6,7회지방선거_기초의원지역구,경상북도,고령군,고령군다선거구,6984,4951,4640,311,0.0,1406.0,0.0,0.0,0.0,1213.0,0.0,0.0,0.0,0.0,0.0,0.0,0.0,0.0
20180613,6,7회지방선거_기초의원지역구,경상북도,성주군,성주군가선거구,20911,14681,14180,501,0.0,1695.0,0.0,0.0,0.0,2201.0,0.0,0.0,0.0,0.0,0.0,0.0,0.0,0.0
20180613,6,7회지방선거_기초의원지역구,경상북도,성주군,성주군나선거구,8877,6529,6247,282,657.0,935.0,0.0,0.0,0.0,261.0,0.0,0.0,0.0,0.0,0.0,0.0,0.0,0.0
20180613,6,7회지방선거_기초의원지역구,경상북도,성주군,성주군다선거구,10451,7660,7303,357,1087.0,917.0,0.0,0.0,0.0,1586.0,0.0,0.0,0.0,0.0,0.0,0.0,0.0,0.0
20180613,6,7회지방선거_기초의원지역구,경상북도,칠곡군,칠곡군가선거구,27230,16423,15920,503,4327.0,1999.0,0.0,0.0,0.0,1361.0,0.0,0.0,0.0,0.0,0.0,0.0,0.0,0.0
20180613,6,7회지방선거_기초의원지역구,경상북도,칠곡군,칠곡군나선거구,12892,7979,7512,467,1747.0,1154.0,0.0,0.0,0.0,1638.0,0.0,0.0,0.0,0.0,0.0,0.0,0.0,0.0
20180613,6,7회지방선거_기초의원지역구,경상북도,칠곡군,칠곡군다선거구,32126,18160,17600,560,5302.0,3134.0,0.0,0.0,0.0,164.0,0.0,0.0,0.0,0.0,0.0,0.0,0.0,0.0
20180613,6,7회지방선거_기초의원지역구,경상북도,칠곡군,칠곡군라선거구,24646,12279,12046,233,4963.0,1345.0,1160.0,0.0,0.0,998.0,0.0,0.0,0.0,0.0,0.0,0.0,0.0,0.0
20180613,6,7회지방선거_기초의원지역구,경상북도,예천군,예천군가선거구,13520,10753,10424,329,1655.0,2023.0,0.0,0.0,0.0,226.0,0.0,0.0,0.0,0.0,0.0,0.0,0.0,0.0
20180613,6,7회지방선거_기초의원지역구,경상북도,예천군,예천군나선거구,6782,5655,5403,252,0.0,2011.0,0.0,0.0,0.0,1048.0,0.0,0.0,0.0,0.0,0.0,0.0,0.0,0.0
20180613,6,7회지방선거_기초의원지역구,경상북도,예천군,예천군다선거구,15093,11220,10630,590,0.0,2730.0,959.0,0.0,0.0,3131.0,0.0,0.0,0.0,0.0,0.0,0.0,0.0,0.0
20180613,6,7회지방선거_기초의원지역구,경상북도,예천군,예천군라선거구,8823,7012,6584,428,0.0,1715.0,0.0,0.0,0.0,1550.0,0.0,0.0,0.0,0.0,0.0,0.0,0.0,0.0
20180613,6,7회지방선거_기초의원지역구,경상북도,봉화군,봉화군가선거구,11900,9335,8972,363,1134.0,1514.0,0.0,0.0,0.0,1244.0,0.0,0.0,0.0,0.0,0.0,0.0,0.0,0.0
20180613,6,7회지방선거_기초의원지역구,경상북도,봉화군,봉화군나선거구,7592,6118,5921,197,733.0,1467.0,0.0,0.0,0.0,1303.0,0.0,0.0,0.0,0.0,0.0,0.0,0.0,0.0
20180613,6,7회지방선거_기초의원지역구,경상북도,봉화군,봉화군다선거구,10090,7890,7586,304,921.0,232.0,0.0,0.0,0.0,1320.0,0.0,0.0,0.0,0.0,0.0,0.0,0.0,0.0
20180613,6,7회지방선거_기초의원지역구,경상북도,울진군,울진군가선거구,12938,10148,9664,484,0.0,2360.0,0.0,0.0,0.0,4273.0,0.0,0.0,0.0,0.0,0.0,0.0,0.0,0.0
20180613,6,7회지방선거_기초의원지역구,경상북도,울진군,울진군나선거구,12096,8795,8278,517,0.0,3008.0,0.0,0.0,0.0,3181.0,0.0,0.0,0.0,0.0,0.0,0.0,0.0,0.0
20180613,6,7회지방선거_기초의원지역구,경상북도,울진군,울진군다선거구,18322,14246,13619,627,1115.0,1765.0,0.0,0.0,0.0,2347.0,0.0,0.0,0.0,0.0,0.0,0.0,0.0,0.0
20180613,6,7회지방선거_기초의원지역구,경상북도,울릉군,울릉군가선거구,6252,5073,4956,117,0.0,998.0,0.0,0.0,0.0,920.0,0.0,0.0,0.0,0.0,0.0,0.0,0.0,0.0
20180613,6,7회지방선거_기초의원지역구,경상북도,울릉군,울릉군나선거구,2805,2403,2354,49,0.0,722.0,0.0,0.0,0.0,799.0,0.0,0.0,0.0,0.0,0.0,0.0,0.0,0.0
20180613,6,7회지방선거_기초의원지역구,경상남도,창원시의창구,창원시가선거구,85095,54968,52487,2481,8891.0,5670.0,2354.0,0.0,0.0,739.0,0.0,2549.0,0.0,0.0,0.0,0.0,0.0,0.0
20180613,6,7회지방선거_기초의원지역구,경상남도,창원시의창구,창원시나선거구,69616,44863,43075,1788,6105.0,5325.0,0.0,0.0,0.0,1159.0,4748.0,0.0,0.0,0.0,0.0,0.0,0.0,0.0
20180613,6,7회지방선거_기초의원지역구,경상남도,창원시의창구,창원시다선거구,55616,35267,34313,954,17984.0,4203.0,0.0,0.0,0.0,0.0,2058.0,0.0,0.0,0.0,0.0,0.0,0.0,0.0
20180613,6,7회지방선거_기초의원지역구,경상남도,창원시성산구,창원시라선거구,64189,42581,40789,1792,19442.0,14522.0,0.0,0.0,0.0,0.0,6825.0,0.0,0.0,0.0,0.0,0.0,0.0,0.0
20180613,6,7회지방선거_기초의원지역구,경상남도,창원시성산구,창원시마선거구,64103,43760,42239,1521,4999.0,4137.0,0.0,0.0,0.0,631.0,0.0,7282.0,0.0,0.0,0.0,2369.0,0.0,0.0
20180613,6,7회지방선거_기초의원지역구,경상남도,창원시성산구,창원시바선거구,56308,39430,37961,1469,19396.0,10692.0,0.0,0.0,0.0,0.0,7873.0,0.0,0.0,0.0,0.0,0.0,0.0,0.0
20180613,6,7회지방선거_기초의원지역구,경상남도,창원시마산합포구,창원시사선거구,22714,14689,13886,803,4142.0,2910.0,0.0,0.0,0.0,1749.0,0.0,0.0,0.0,0.0,0.0,0.0,0.0,0.0
20180613,6,7회지방선거_기초의원지역구,경상남도,창원시마산합포구,창원시아선거구,61737,40885,39179,1706,16063.0,7666.0,3977.0,0.0,0.0,0.0,0.0,0.0,0.0,0.0,0.0,0.0,0.0,0.0
20180613,6,7회지방선거_기초의원지역구,경상남도,창원시마산합포구,창원시자선거구,37761,23530,22833,697,8628.0,3235.0,2587.0,0.0,0.0,723.0,0.0,0.0,0.0,0.0,0.0,0.0,0.0,0.0
20180613,6,7회지방선거_기초의원지역구,경상남도,창원시마산합포구,창원시차선거구,32099,20146,19422,724,6722.0,2861.0,0.0,0.0,0.0,715.0,0.0,0.0,0.0,0.0,0.0,0.0,0.0,0.0
20180613,6,7회지방선거_기초의원지역구,경상남도,창원시마산회원구,창원시카선거구,54617,37394,36042,1352,18028.0,8025.0,0.0,0.0,0.0,0.0,0.0,0.0,0.0,0.0,0.0,0.0,0.0,0.0
20180613,6,7회지방선거_기초의원지역구,경상남도,창원시마산회원구,창원시타선거구,44208,27688,26510,1178,11602.0,5193.0,0.0,0.0,0.0,0.0,0.0,0.0,0.0,0.0,0.0,0.0,0.0,0.0
20180613,6,7회지방선거_기초의원지역구,경상남도,창원시마산회원구,창원시파선거구,67675,44475,42186,2289,5783.0,496.0,2042.0,0.0,0.0,0.0,0.0,2479.0,0.0,0.0,0.0,0.0,0.0,0.0
20180613,6,7회지방선거_기초의원지역구,경상남도,창원시진해구,창원시하선거구,23599,15043,14399,644,5445.0,1384.0,0.0,0.0,0.0,2955.0,0.0,0.0,0.0,0.0,0.0,0.0,0.0,0.0
20180613,6,7회지방선거_기초의원지역구,경상남도,창원시진해구,창원시거선거구,35013,22471,21686,785,10412.0,4877.0,0.0,0.0,0.0,0.0,0.0,0.0,0.0,0.0,0.0,0.0,0.0,0.0
20180613,6,7회지방선거_기초의원지역구,경상남도,창원시진해구,창원시너선거구,52124,34011,32767,1244,4784.0,8813.0,0.0,0.0,0.0,6404.0,0.0,0.0,0.0,0.0,0.0,0.0,0.0,0.0
20180613,6,7회지방선거_기초의원지역구,경상남도,창원시진해구,창원시더선거구,39660,22357,21458,899,3059.0,6997.0,0.0,0.0,0.0,1850.0,0.0,0.0,0.0,0.0,0.0,0.0,0.0,0.0
20180613,6,7회지방선거_기초의원지역구,경상남도,진주시,진주시가선거구,28743,20441,19987,454,8095.0,3914.0,1748.0,0.0,0.0,2103.0,0.0,0.0,0.0,0.0,0.0,0.0,0.0,0.0
20180613,6,7회지방선거_기초의원지역구,경상남도,진주시,진주시나선거구,53130,34955,33906,1049,12314.0,4241.0,0.0,0.0,0.0,0.0,4313.0,0.0,0.0,0.0,0.0,0.0,0.0,0.0
20180613,6,7회지방선거_기초의원지역구,경상남도,진주시,진주시다선거구,35491,24574,23968,606,9104.0,9491.0,0.0,0.0,0.0,5373.0,0.0,0.0,0.0,0.0,0.0,0.0,0.0,0.0
20180613,6,7회지방선거_기초의원지역구,경상남도,진주시,진주시라선거구,33848,23350,22747,603,12224.0,3955.0,0.0,0.0,0.0,0.0,0.0,0.0,0.0,0.0,0.0,0.0,0.0,0.0
20180613,6,7회지방선거_기초의원지역구,경상남도,진주시,진주시마선거구,19903,13635,13245,390,3673.0,2615.0,0.0,0.0,0.0,1984.0,1479.0,0.0,0.0,0.0,0.0,0.0,0.0,0.0
20180613,6,7회지방선거_기초의원지역구,경상남도,진주시,진주시바선거구,42296,27289,26537,752,6167.0,2891.0,0.0,0.0,0.0,1955.0,0.0,5161.0,0.0,0.0,0.0,0.0,0.0,0.0
20180613,6,7회지방선거_기초의원지역구,경상남도,진주시,진주시사선거구,43305,30732,29447,1285,2753.0,3053.0,0.0,0.0,0.0,5204.0,2849.0,0.0,0.0,0.0,0.0,0.0,0.0,0.0
20180613,6,7회지방선거_기초의원지역구,경상남도,진주시,진주시아선거구,25333,15817,15171,646,5655.0,4259.0,0.0,0.0,0.0,1011.0,0.0,0.0,0.0,0.0,0.0,0.0,0.0,0.0
20180613,6,7회지방선거_기초의원지역구,경상남도,통영시,통영시가선거구,35598,23591,22608,983,2713.0,1455.0,0.0,0.0,0.0,3119.0,0.0,0.0,0.0,0.0,0.0,0.0,0.0,0.0
20180613,6,7회지방선거_기초의원지역구,경상남도,통영시,통영시나선거구,10079,7122,6775,347,0.0,2813.0,0.0,0.0,0.0,681.0,0.0,0.0,0.0,0.0,0.0,0.0,0.0,0.0
20180613,6,7회지방선거_기초의원지역구,경상남도,통영시,통영시다선거구,20142,12978,12585,393,3693.0,2227.0,0.0,0.0,0.0,482.0,0.0,0.0,0.0,0.0,0.0,0.0,0.0,0.0
20180613,6,7회지방선거_기초의원지역구,경상남도,통영시,통영시라선거구,16126,10371,10026,345,2623.0,1532.0,0.0,0.0,0.0,454.0,0.0,0.0,0.0,0.0,0.0,0.0,0.0,0.0
20180613,6,7회지방선거_기초의원지역구,경상남도,통영시,통영시마선거구,28372,18749,18245,504,4637.0,1670.0,0.0,0.0,0.0,4384.0,0.0,0.0,0.0,0.0,0.0,0.0,0.0,0.0
20180613,6,7회지방선거_기초의원지역구,경상남도,사천시,사천시가선거구,42083,28403,26767,1636,3039.0,4150.0,0.0,0.0,0.0,1165.0,0.0,0.0,0.0,0.0,0.0,0.0,0.0,0.0
20180613,6,7회지방선거_기초의원지역구,경상남도,사천시,사천시나선거구,11409,8443,7891,552,0.0,2348.0,0.0,0.0,0.0,1889.0,0.0,0.0,0.0,0.0,0.0,0.0,0.0,0.0
20180613,6,7회지방선거_기초의원지역구,경상남도,사천시,사천시다선거구,16729,11804,11323,481,4551.0,3743.0,0.0,0.0,0.0,0.0,0.0,0.0,0.0,0.0,0.0,0.0,0.0,0.0
20180613,6,7회지방선거_기초의원지역구,경상남도,사천시,사천시라선거구,24228,16829,16293,536,5174.0,2285.0,0.0,0.0,0.0,977.0,1653.0,0.0,0.0,0.0,0.0,0.0,0.0,0.0
20180613,6,7회지방선거_기초의원지역구,경상남도,김해시,김해시가선거구,70949,43357,41692,1665,6121.0,1820.0,2679.0,0.0,0.0,0.0,0.0,0.0,0.0,0.0,0.0,0.0,0.0,0.0
20180613,6,7회지방선거_기초의원지역구,경상남도,김해시,김해시나선거구,45253,25764,24638,1126,5594.0,8437.0,0.0,0.0,0.0,0.0,0.0,0.0,0.0,0.0,0.0,0.0,0.0,0.0
20180613,6,7회지방선거_기초의원지역구,경상남도,김해시,김해시다선거구,64017,35544,33865,1679,6407.0,3233.0,2100.0,0.0,0.0,2396.0,0.0,0.0,0.0,0.0,0.0,0.0,0.0,0.0
20180613,6,7회지방선거_기초의원지역구,경상남도,김해시,김해시라선거구,48793,29181,27588,1593,6015.0,962.0,1927.0,0.0,0.0,1721.0,0.0,0.0,0.0,0.0,0.0,0.0,0.0,0.0
20180613,6,7회지방선거_기초의원지역구,경상남도,김해시,김해시마선거구,60498,37463,36531,932,6692.0,8546.0,4182.0,0.0,0.0,1940.0,0.0,0.0,0.0,0.0,0.0,0.0,0.0,0.0
20180613,6,7회지방선거_기초의원지역구,경상남도,김해시,김해시바선거구,65909,42962,41929,1033,7290.0,8360.0,2560.0,0.0,0.0,1121.0,0.0,7184.0,0.0,0.0,0.0,0.0,0.0,0.0
20180613,6,7회지방선거_기초의원지역구,경상남도,김해시,김해시사선거구,64877,37711,36574,1137,7741.0,9130.0,2132.0,0.0,0.0,0.0,3122.0,0.0,0.0,0.0,0.0,0.0,0.0,0.0
20180613,6,7회지방선거_기초의원지역구,경상남도,밀양시,밀양시가선거구,18983,12743,12084,659,3789.0,2505.0,0.0,0.0,0.0,1141.0,0.0,0.0,0.0,0.0,0.0,0.0,0.0,0.0
20180613,6,7회지방선거_기초의원지역구,경상남도,밀양시,밀양시나선거구,19495,13498,13177,321,4588.0,2742.0,0.0,0.0,0.0,1370.0,923.0,0.0,0.0,0.0,0.0,0.0,0.0,0.0
20180613,6,7회지방선거_기초의원지역구,경상남도,밀양시,밀양시다선거구,16525,10384,10044,340,3542.0,2751.0,0.0,0.0,0.0,1802.0,0.0,0.0,0.0,0.0,0.0,0.0,0.0,0.0
20180613,6,7회지방선거_기초의원지역구,경상남도,밀양시,밀양시라선거구,21146,13831,13062,769,1796.0,2731.0,0.0,0.0,0.0,931.0,0.0,0.0,0.0,0.0,0.0,0.0,0.0,0.0
20180613,6,7회지방선거_기초의원지역구,경상남도,밀양시,밀양시마선거구,16932,11656,11057,599,2340.0,2672.0,0.0,0.0,0.0,2521.0,0.0,0.0,0.0,0.0,0.0,0.0,0.0,0.0
20180613,6,7회지방선거_기초의원지역구,경상남도,거제시,거제시가선거구,69122,43235,41389,1846,5079.0,4837.0,0.0,0.0,0.0,2378.0,0.0,1790.0,0.0,0.0,0.0,0.0,0.0,0.0
20180613,6,7회지방선거_기초의원지역구,경상남도,거제시,거제시나선거구,31331,20743,19865,878,2541.0,3867.0,2215.0,0.0,0.0,1415.0,0.0,0.0,0.0,0.0,0.0,0.0,0.0,0.0
20180613,6,7회지방선거_기초의원지역구,경상남도,거제시,거제시다선거구,28128,16896,16511,385,6002.0,3692.0,0.0,0.0,0.0,880.0,0.0,3201.0,0.0,0.0,0.0,2736.0,0.0,0.0
20180613,6,7회지방선거_기초의원지역구,경상남도,거제시,거제시라선거구,31253,20250,18776,1474,2234.0,2695.0,0.0,0.0,0.0,0.0,0.0,0.0,0.0,0.0,0.0,0.0,0.0,0.0
20180613,6,7회지방선거_기초의원지역구,경상남도,거제시,거제시마선거구,34651,21446,21006,440,8413.0,3198.0,0.0,0.0,0.0,2001.0,0.0,4476.0,0.0,0.0,0.0,2918.0,0.0,0.0
20180613,6,7회지방선거_기초의원지역구,경상남도,양산시,양산시가선거구,28021,17632,16963,669,6905.0,2897.0,0.0,0.0,0.0,1919.0,0.0,0.0,0.0,0.0,0.0,0.0,0.0,0.0
20180613,6,7회지방선거_기초의원지역구,경상남도,양산시,양산시나선거구,29217,16841,16240,601,7224.0,2979.0,0.0,0.0,0.0,0.0,0.0,0.0,0.0,0.0,0.0,0.0,0.0,0.0
20180613,6,7회지방선거_기초의원지역구,경상남도,양산시,양산시다선거구,87096,53979,51207,2772,7738.0,1029.0,3253.0,0.0,0.0,0.0,909.0,2926.0,0.0,0.0,0.0,0.0,0.0,0.0
20180613,6,7회지방선거_기초의원지역구,경상남도,양산시,양산시라선거구,53918,34213,32580,1633,7528.0,5316.0,1991.0,0.0,0.0,3603.0,0.0,0.0,0.0,0.0,0.0,0.0,0.0,0.0
20180613,6,7회지방선거_기초의원지역구,경상남도,양산시,양산시마선거구,41633,23613,22763,850,11737.0,2770.0,1369.0,0.0,0.0,0.0,0.0,0.0,0.0,0.0,0.0,0.0,0.0,0.0
20180613,6,7회지방선거_기초의원지역구,경상남도,양산시,양산시바선거구,35622,21193,20397,796,4898.0,7642.0,0.0,0.0,0.0,0.0,0.0,0.0,0.0,0.0,0.0,0.0,0.0,0.0
20180613,6,7회지방선거_기초의원지역구,경상남도,의령군,의령군가선거구,9433,7545,7187,358,1315.0,900.0,0.0,0.0,0.0,835.0,0.0,0.0,0.0,0.0,0.0,0.0,0.0,0.0
20180613,6,7회지방선거_기초의원지역구,경상남도,의령군,의령군나선거구,5383,4320,3999,321,0.0,878.0,0.0,0.0,0.0,1061.0,0.0,0.0,0.0,0.0,0.0,0.0,0.0,0.0
20180613,6,7회지방선거_기초의원지역구,경상남도,의령군,의령군다선거구,5604,4464,4220,244,0.0,649.0,0.0,0.0,0.0,1471.0,0.0,0.0,0.0,0.0,0.0,0.0,0.0,0.0
20180613,6,7회지방선거_기초의원지역구,경상남도,의령군,의령군라선거구,4552,3583,3372,211,882.0,1309.0,0.0,0.0,0.0,1181.0,0.0,0.0,0.0,0.0,0.0,0.0,0.0,0.0
20180613,6,7회지방선거_기초의원지역구,경상남도,함안군,함안군가선거구,19026,13477,12813,664,3547.0,1442.0,0.0,0.0,0.0,2118.0,0.0,0.0,0.0,0.0,0.0,0.0,0.0,0.0
20180613,6,7회지방선거_기초의원지역구,경상남도,함안군,함안군나선거구,8808,6228,5961,267,1550.0,786.0,0.0,0.0,0.0,773.0,0.0,0.0,0.0,0.0,0.0,0.0,0.0,0.0
20180613,6,7회지방선거_기초의원지역구,경상남도,함안군,함안군다선거구,17777,12832,12486,346,4134.0,2450.0,0.0,0.0,0.0,2368.0,0.0,0.0,0.0,0.0,0.0,0.0,0.0,0.0
20180613,6,7회지방선거_기초의원지역구,경상남도,함안군,함안군라선거구,11169,7909,7457,452,0.0,2243.0,0.0,0.0,0.0,2845.0,0.0,0.0,0.0,0.0,0.0,0.0,0.0,0.0
20180613,6,7회지방선거_기초의원지역구,경상남도,창녕군,창녕군가선거구,18398,13142,12646,496,3059.0,1823.0,246.0,0.0,0.0,1669.0,0.0,0.0,0.0,0.0,0.0,0.0,0.0,0.0
20180613,6,7회지방선거_기초의원지역구,경상남도,창녕군,창녕군나선거구,9805,6730,6338,392,0.0,2070.0,0.0,0.0,0.0,1354.0,0.0,0.0,0.0,0.0,0.0,0.0,0.0,0.0
20180613,6,7회지방선거_기초의원지역구,경상남도,창녕군,창녕군다선거구,15798,11004,10465,539,2488.0,2328.0,0.0,0.0,0.0,2249.0,0.0,0.0,0.0,0.0,0.0,0.0,0.0,0.0
20180613,6,7회지방선거_기초의원지역구,경상남도,창녕군,창녕군라선거구,11921,8530,8192,338,1967.0,1978.0,0.0,0.0,0.0,453.0,0.0,0.0,0.0,0.0,0.0,0.0,0.0,0.0
20180613,6,7회지방선거_기초의원지역구,경상남도,고성군,고성군가선거구,22347,15964,15469,495,3859.0,747.0,0.0,0.0,0.0,417.0,0.0,0.0,0.0,0.0,0.0,0.0,0.0,0.0
20180613,6,7회지방선거_기초의원지역구,경상남도,고성군,고성군나선거구,8406,6417,6009,408,0.0,2205.0,0.0,0.0,0.0,2387.0,0.0,0.0,0.0,0.0,0.0,0.0,0.0,0.0
20180613,6,7회지방선거_기초의원지역구,경상남도,고성군,고성군다선거구,8542,6535,6197,338,853.0,1128.0,0.0,0.0,0.0,1380.0,0.0,0.0,0.0,0.0,0.0,0.0,0.0,0.0
20180613,6,7회지방선거_기초의원지역구,경상남도,고성군,고성군라선거구,7293,5156,4756,400,0.0,1383.0,0.0,0.0,0.0,511.0,0.0,0.0,0.0,0.0,0.0,0.0,0.0,0.0
20180613,6,7회지방선거_기초의원지역구,경상남도,남해군,남해군가선거구,13562,10660,10224,436,3009.0,1053.0,0.0,0.0,0.0,394.0,0.0,0.0,0.0,0.0,0.0,0.0,0.0,0.0
20180613,6,7회지방선거_기초의원지역구,경상남도,남해군,남해군나선거구,6275,5095,4855,240,1003.0,1105.0,0.0,0.0,0.0,932.0,0.0,0.0,0.0,0.0,0.0,0.0,0.0,0.0
20180613,6,7회지방선거_기초의원지역구,경상남도,남해군,남해군다선거구,8685,6627,6181,446,1542.0,1411.0,0.0,0.0,0.0,1121.0,0.0,0.0,0.0,0.0,0.0,0.0,0.0,0.0
20180613,6,7회지방선거_기초의원지역구,경상남도,남해군,남해군라선거구,11209,8343,7957,386,1368.0,2016.0,0.0,0.0,0.0,1440.0,0.0,648.0,0.0,0.0,0.0,0.0,0.0,0.0
20180613,6,7회지방선거_기초의원지역구,경상남도,하동군,하동군가선거구,8450,6711,6388,323,2003.0,1419.0,0.0,0.0,0.0,1374.0,0.0,0.0,0.0,0.0,0.0,0.0,0.0,0.0
20180613,6,7회지방선거_기초의원지역구,경상남도,하동군,하동군나선거구,12971,10276,9760,516,1464.0,1338.0,0.0,0.0,0.0,1479.0,0.0,0.0,0.0,0.0,0.0,0.0,0.0,0.0
20180613,6,7회지방선거_기초의원지역구,경상남도,하동군,하동군다선거구,12155,9522,9048,474,2743.0,2167.0,0.0,0.0,0.0,977.0,0.0,0.0,0.0,0.0,0.0,0.0,0.0,0.0
20180613,6,7회지방선거_기초의원지역구,경상남도,하동군,하동군라선거구,8992,7261,6878,383,0.0,2423.0,0.0,0.0,0.0,2444.0,0.0,0.0,0.0,0.0,0.0,0.0,0.0,0.0
20180613,6,7회지방선거_기초의원지역구,경상남도,산청군,산청군가선거구,7402,5801,5580,221,1059.0,782.0,0.0,0.0,0.0,1191.0,0.0,0.0,0.0,0.0,0.0,0.0,0.0,0.0
20180613,6,7회지방선거_기초의원지역구,경상남도,산청군,산청군나선거구,5840,4391,4204,187,877.0,1045.0,0.0,0.0,0.0,305.0,0.0,0.0,0.0,0.0,0.0,0.0,0.0,0.0
20180613,6,7회지방선거_기초의원지역구,경상남도,산청군,산청군다선거구,10926,8315,8001,314,1352.0,910.0,0.0,0.0,0.0,1102.0,0.0,0.0,0.0,0.0,0.0,0.0,0.0,0.0
20180613,6,7회지방선거_기초의원지역구,경상남도,산청군,산청군라선거구,8240,6138,5792,346,0.0,1388.0,0.0,0.0,0.0,2694.0,0.0,0.0,0.0,0.0,0.0,0.0,0.0,0.0
20180613,6,7회지방선거_기초의원지역구,경상남도,함양군,함양군가선거구,18056,13991,13432,559,920.0,1490.0,1146.0,111.0,0.0,388.0,0.0,0.0,0.0,0.0,0.0,0.0,0.0,0.0
20180613,6,7회지방선거_기초의원지역구,경상남도,함양군,함양군나선거구,7465,5800,5575,225,1555.0,650.0,0.0,0.0,0.0,992.0,0.0,0.0,0.0,0.0,0.0,0.0,0.0,0.0
20180613,6,7회지방선거_기초의원지역구,경상남도,함양군,함양군다선거구,9451,7443,7095,348,1516.0,1140.0,0.0,0.0,0.0,527.0,0.0,0.0,0.0,0.0,0.0,0.0,0.0,0.0
20180613,6,7회지방선거_기초의원지역구,경상남도,거창군,거창군가선거구,26509,19014,18407,607,3848.0,2702.0,1399.0,0.0,0.0,2326.0,0.0,0.0,0.0,0.0,0.0,0.0,0.0,0.0
20180613,6,7회지방선거_기초의원지역구,경상남도,거창군,거창군나선거구,11567,8663,8373,290,2456.0,1715.0,0.0,0.0,0.0,1293.0,0.0,0.0,0.0,0.0,0.0,0.0,0.0,0.0
20180613,6,7회지방선거_기초의원지역구,경상남도,거창군,거창군다선거구,6167,4970,4730,240,940.0,1105.0,0.0,0.0,0.0,614.0,0.0,0.0,0.0,0.0,0.0,0.0,0.0,0.0
20180613,6,7회지방선거_기초의원지역구,경상남도,거창군,거창군라선거구,8818,6905,6555,350,1197.0,945.0,0.0,0.0,0.0,1327.0,0.0,0.0,0.0,0.0,0.0,0.0,0.0,0.0
20180613,6,7회지방선거_기초의원지역구,경상남도,합천군,합천군가선거구,13989,10978,10406,572,1878.0,1799.0,0.0,0.0,0.0,1460.0,0.0,0.0,0.0,0.0,0.0,0.0,0.0,0.0
20180613,6,7회지방선거_기초의원지역구,경상남도,합천군,합천군나선거구,9729,7394,6931,463,2131.0,1629.0,0.0,0.0,0.0,1050.0,0.0,0.0,0.0,0.0,0.0,0.0,0.0,0.0
20180613,6,7회지방선거_기초의원지역구,경상남도,합천군,합천군다선거구,10017,7705,7235,470,0.0,1800.0,0.0,0.0,0.0,1851.0,0.0,0.0,0.0,0.0,0.0,0.0,0.0,0.0
20180613,6,7회지방선거_기초의원지역구,경상남도,합천군,합천군라선거구,8430,6421,6021,400,0.0,2041.0,0.0,0.0,0.0,2124.0,0.0,0.0,0.0,0.0,0.0,0.0,0.0,0.0
