sg_id,sg_typecode,election_name,sido,sigungu,sgg_name,total_voters,total_voted,valid_votes,invalid_votes,party_더불어민주당,party_국민의힘,party_정의당,party_녹색당,party_무소속,party_통일한국당,party_미래당,party_진보당,party_시대전환,party_우리공화당,party_혁명21,party_독도당,party_신한반도평화체제당,party_기독당,party_노동당,party_깨어있는시민연대당,party_한류연합당,party_자유통일당
20220601,6,8회지방선거_기초의원지역구,서울특별시,종로구,종로구가선거구,33865,19850,18485,1365,4050.0,3033.0,0.0,0.0,0.0,0.0,0.0,0.0,0.0,0.0,0.0,0.0,0.0,0.0,0.0,0.0,0.0,0.0
20220601,6,8회지방선거_기초의원지역구,서울특별시,종로구,종로구나선거구,29875,16955,16636,319,7358.0,1759.0,0.0,0.0,0.0,0.0,0.0,0.0,0.0,0.0,0.0,0.0,0.0,0.0,0.0,0.0,0.0,0.0
20220601,6,8회지방선거_기초의원지역구,서울특별시,종로구,종로구다선거구,28555,14948,13911,1037,3583.0,2739.0,0.0,0.0,0.0,0.0,0.0,0.0,0.0,0.0,0.0,0.0,0.0,0.0,0.0,0.0,0.0,0.0
20220601,6,8회지방선거_기초의원지역구,서울특별시,종로구,종로구라선거구,37521,18887,17532,1355,3295.0,2377.0,0.0,0.0,0.0,0.0,0.0,0.0,0.0,0.0,0.0,0.0,0.0,0.0,0.0,0.0,0.0,0.0
20220601,6,8회지방선거_기초의원지역구,서울특별시,중구,중구나선거구,30134,15673,15186,487,4280.0,7175.0,0.0,0.0,0.0,0.0,0.0,0.0,0.0,0.0,0.0,0.0,0.0,0.0,0.0,0.0,0.0,0.0
20220601,6,8회지방선거_기초의원지역구,서울특별시,중구,중구다선거구,25350,13181,12775,406,1831.0,6623.0,0.0,0.0,0.0,0.0,0.0,0.0,0.0,0.0,0.0,0.0,0.0,0.0,0.0,0.0,0.0,0.0
20220601,6,8회지방선거_기초의원지역구,서울특별시,중구,중구라선거구,27140,16027,15545,482,2546.0,7790.0,0.0,0.0,0.0,0.0,0.0,0.0,0.0,0.0,0.0,0.0,0.0,0.0,0.0,0.0,0.0,0.0
20220601,6,8회지방선거_기초의원지역구,서울특별시,용산구,용산구나선거구,36745,20255,19757,498,7223.0,10529.0,2005.0,0.0,0.0,0.0,0.0,0.0,0.0,0.0,0.0,0.0,0.0,0.0,0.0,0.0,0.0,0.0
20220601,6,8회지방선거_기초의원지역구,서울특별시,용산구,용산구다선거구,48139,27838,27252,586,6927.0,18956.0,0.0,1369.0,0.0,0.0,0.0,0.0,0.0,0.0,0.0,0.0,0.0,0.0,0.0,0.0,0.0,0.0
20220601,6,8회지방선거_기초의원지역구,서울특별시,용산구,용산구라선거구,31994,16175,15820,355,6804.0,7117.0,0.0,0.0,1899.0,0.0,0.0,0.0,0.0,0.0,0.0,0.0,0.0,0.0,0.0,0.0,0.0,0.0
20220601,6,8회지방선거_기초의원지역구,서울특별시,용산구,용산구마선거구,47895,23401,22435,966,2299.0,3890.0,2388.0,0.0,0.0,110.0,0.0,0.0,0.0,0.0,0.0,0.0,0.0,0.0,0.0,0.0,0.0,0.0
20220601,6,8회지방선거_기초의원지역구,서울특별시,성동구,성동구가선거구,67367,38077,35441,2636,7157.0,5543.0,0.0,0.0,0.0,0.0,0.0,0.0,0.0,0.0,0.0,0.0,0.0,0.0,0.0,0.0,0.0,0.0
20220601,6,8회지방선거_기초의원지역구,서울특별시,성동구,성동구나선거구,69763,40155,38165,1990,7191.0,5635.0,4263.0,0.0,0.0,0.0,0.0,0.0,0.0,0.0,0.0,0.0,0.0,0.0,0.0,0.0,0.0,0.0
20220601,6,8회지방선거_기초의원지역구,서울특별시,성동구,성동구다선거구,51928,26625,24739,1886,4190.0,2822.0,0.0,0.0,0.0,0.0,0.0,0.0,0.0,0.0,0.0,0.0,0.0,0.0,0.0,0.0,0.0,0.0
20220601,6,8회지방선거_기초의원지역구,서울특별시,성동구,성동구라선거구,62932,34880,32887,1993,7767.0,5924.0,0.0,0.0,612.0,0.0,0.0,0.0,0.0,0.0,0.0,0.0,0.0,0.0,0.0,0.0,0.0,0.0
20220601,6,8회지방선거_기초의원지역구,서울특별시,광진구,광진구가선거구,74173,36587,34779,1808,4999.0,5049.0,0.0,0.0,5220.0,0.0,0.0,0.0,0.0,0.0,0.0,0.0,0.0,0.0,0.0,0.0,0.0,0.0
20220601,6,8회지방선거_기초의원지역구,서울특별시,광진구,광진구나선거구,78739,41997,39902,2095,6019.0,6139.0,2106.0,0.0,0.0,0.0,0.0,0.0,0.0,0.0,0.0,0.0,0.0,0.0,0.0,0.0,0.0,0.0
20220601,6,8회지방선거_기초의원지역구,서울특별시,광진구,광진구다선거구,88363,46703,42608,4095,11078.0,6786.0,0.0,0.0,0.0,0.0,0.0,0.0,0.0,0.0,0.0,0.0,0.0,0.0,0.0,0.0,0.0,0.0
20220601,6,8회지방선거_기초의원지역구,서울특별시,광진구,광진구라선거구,64187,31677,29983,1694,4549.0,5393.0,0.0,0.0,0.0,0.0,3049.0,0.0,0.0,0.0,0.0,0.0,0.0,0.0,0.0,0.0,0.0,0.0
20220601,6,8회지방선거_기초의원지역구,서울특별시,동대문구,동대문구가선거구,30363,14610,14182,428,3158.0,6543.0,0.0,0.0,0.0,0.0,0.0,0.0,0.0,0.0,0.0,0.0,0.0,0.0,0.0,0.0,0.0,0.0
20220601,6,8회지방선거_기초의원지역구,서울특별시,동대문구,동대문구나선거구,40073,21175,20577,598,3455.0,10544.0,0.0,0.0,0.0,0.0,0.0,0.0,0.0,0.0,0.0,0.0,0.0,0.0,0.0,0.0,0.0,0.0
20220601,6,8회지방선거_기초의원지역구,서울특별시,동대문구,동대문구라선거구,34254,18496,18134,362,7674.0,9290.0,0.0,0.0,0.0,0.0,0.0,1170.0,0.0,0.0,0.0,0.0,0.0,0.0,0.0,0.0,0.0,0.0
20220601,6,8회지방선거_기초의원지역구,서울특별시,동대문구,동대문구마선거구,66862,35548,33623,1925,4684.0,3455.0,0.0,0.0,1203.0,0.0,0.0,1520.0,0.0,0.0,0.0,0.0,0.0,0.0,0.0,0.0,0.0,0.0
20220601,6,8회지방선거_기초의원지역구,서울특별시,동대문구,동대문구바선거구,86401,44559,42016,2543,4238.0,2757.0,1075.0,0.0,816.0,0.0,0.0,0.0,0.0,0.0,0.0,0.0,0.0,0.0,0.0,0.0,0.0,0.0
20220601,6,8회지방선거_기초의원지역구,서울특별시,중랑구,중랑구다선거구,84551,39442,37014,2428,6622.0,6985.0,1754.0,0.0,0.0,0.0,0.0,0.0,0.0,0.0,0.0,0.0,0.0,0.0,0.0,0.0,0.0,0.0
20220601,6,8회지방선거_기초의원지역구,서울특별시,중랑구,중랑구마선거구,40533,20127,19158,969,9462.0,2874.0,0.0,0.0,0.0,0.0,0.0,0.0,0.0,0.0,0.0,0.0,0.0,0.0,0.0,0.0,0.0,0.0
20220601,6,8회지방선거_기초의원지역구,서울특별시,중랑구,중랑구바선거구,38667,22053,20917,1136,9882.0,4157.0,0.0,0.0,0.0,0.0,0.0,0.0,0.0,0.0,0.0,0.0,0.0,0.0,0.0,0.0,0.0,0.0
20220601,6,8회지방선거_기초의원지역구,서울특별시,성북구,성북구가선거구,98171,50677,47805,2872,5485.0,2548.0,2618.0,0.0,456.0,0.0,0.0,0.0,0.0,0.0,0.0,0.0,0.0,0.0,0.0,0.0,0.0,0.0
20220601,6,8회지방선거_기초의원지역구,서울특별시,성북구,성북구나선거구,99193,54386,50930,3456,4031.0,2205.0,0.0,0.0,3004.0,0.0,0.0,1107.0,0.0,0.0,0.0,0.0,0.0,0.0,0.0,0.0,0.0,0.0
20220601,6,8회지방선거_기초의원지역구,서울특별시,성북구,성북구라선거구,57333,31405,28864,2541,5517.0,3061.0,0.0,0.0,0.0,0.0,0.0,0.0,0.0,0.0,0.0,0.0,0.0,0.0,0.0,0.0,0.0,0.0
20220601,6,8회지방선거_기초의원지역구,서울특별시,강북구,강북구가선거구,72336,34855,32419,2436,6548.0,3092.0,0.0,0.0,0.0,0.0,0.0,0.0,0.0,0.0,0.0,0.0,0.0,0.0,0.0,0.0,0.0,0.0
20220601,6,8회지방선거_기초의원지역구,서울특별시,강북구,강북구나선거구,64268,31193,28778,2415,5582.0,4072.0,0.0,0.0,0.0,0.0,0.0,0.0,0.0,0.0,0.0,0.0,0.0,0.0,0.0,0.0,0.0,0.0
20220601,6,8회지방선거_기초의원지역구,서울특별시,강북구,강북구다선거구,70303,36086,34200,1886,5369.0,4608.0,0.0,0.0,0.0,0.0,0.0,1192.0,0.0,0.0,0.0,0.0,0.0,0.0,0.0,0.0,0.0,0.0
20220601,6,8회지방선거_기초의원지역구,서울특별시,강북구,강북구라선거구,61223,31222,29103,2119,5731.0,3660.0,0.0,0.0,0.0,0.0,0.0,0.0,0.0,0.0,0.0,0.0,0.0,0.0,0.0,0.0,0.0,0.0
20220601,6,8회지방선거_기초의원지역구,서울특별시,도봉구,도봉구가선거구,66144,37657,35816,1841,6496.0,6839.0,0.0,0.0,0.0,0.0,0.0,0.0,432.0,0.0,0.0,0.0,0.0,0.0,0.0,0.0,0.0,0.0
20220601,6,8회지방선거_기초의원지역구,서울특별시,도봉구,도봉구나선거구,72524,35872,34126,1746,4662.0,4964.0,0.0,0.0,3285.0,0.0,0.0,0.0,0.0,0.0,0.0,0.0,0.0,0.0,0.0,0.0,0.0,0.0
20220601,6,8회지방선거_기초의원지역구,서울특별시,도봉구,도봉구마선거구,43202,21470,21007,463,9217.0,10254.0,0.0,0.0,1536.0,0.0,0.0,0.0,0.0,0.0,0.0,0.0,0.0,0.0,0.0,0.0,0.0,0.0
20220601,6,8회지방선거_기초의원지역구,서울특별시,노원구,노원구가선거구,68551,38066,36105,1961,6551.0,5435.0,0.0,0.0,0.0,0.0,0.0,5142.0,0.0,0.0,0.0,0.0,0.0,0.0,0.0,0.0,0.0,0.0
20220601,6,8회지방선거_기초의원지역구,서울특별시,노원구,노원구나선거구,68421,37722,36224,1498,4583.0,6001.0,0.0,0.0,0.0,0.0,0.0,7291.0,0.0,0.0,0.0,0.0,0.0,0.0,0.0,0.0,0.0,0.0
20220601,6,8회지방선거_기초의원지역구,서울특별시,노원구,노원구다선거구,80401,45306,42779,2527,9064.0,4849.0,0.0,0.0,546.0,0.0,0.0,0.0,0.0,0.0,0.0,0.0,0.0,0.0,0.0,0.0,0.0,0.0
20220601,6,8회지방선거_기초의원지역구,서울특별시,노원구,노원구라선거구,76206,42813,40765,2048,7766.0,7242.0,2836.0,0.0,1026.0,0.0,0.0,0.0,0.0,0.0,0.0,0.0,0.0,0.0,0.0,0.0,0.0,0.0
20220601,6,8회지방선거_기초의원지역구,서울특별시,노원구,노원구마선거구,62269,32922,31128,1794,4716.0,5239.0,2722.0,0.0,0.0,0.0,0.0,0.0,0.0,0.0,0.0,0.0,0.0,0.0,0.0,0.0,0.0,0.0
20220601,6,8회지방선거_기초의원지역구,서울특별시,노원구,노원구바선거구,85900,48238,46084,2154,9102.0,7749.0,6154.0,0.0,0.0,0.0,0.0,0.0,0.0,0.0,0.0,0.0,0.0,0.0,0.0,0.0,0.0,0.0
20220601,6,8회지방선거_기초의원지역구,서울특별시,은평구,은평구나선거구,45419,22812,22224,588,3985.0,9624.0,0.0,0.0,0.0,0.0,0.0,0.0,0.0,0.0,0.0,0.0,0.0,0.0,0.0,0.0,0.0,0.0
20220601,6,8회지방선거_기초의원지역구,서울특별시,은평구,은평구다선거구,44105,24099,23501,598,11344.0,10338.0,0.0,0.0,1819.0,0.0,0.0,0.0,0.0,0.0,0.0,0.0,0.0,0.0,0.0,0.0,0.0,0.0
20220601,6,8회지방선거_기초의원지역구,서울특별시,은평구,은평구라선거구,64456,32177,30378,1799,5151.0,2092.0,1667.0,0.0,516.0,0.0,0.0,0.0,0.0,0.0,0.0,0.0,0.0,0.0,0.0,0.0,0.0,0.0
20220601,6,8회지방선거_기초의원지역구,서울특별시,은평구,은평구바선거구,45505,26657,26189,468,11698.0,12490.0,2001.0,0.0,0.0,0.0,0.0,0.0,0.0,0.0,0.0,0.0,0.0,0.0,0.0,0.0,0.0,0.0
20220601,6,8회지방선거_기초의원지역구,서울특별시,은평구,은평구아선거구,53194,25707,24972,735,12316.0,11592.0,0.0,1064.0,0.0,0.0,0.0,0.0,0.0,0.0,0.0,0.0,0.0,0.0,0.0,0.0,0.0,0.0
20220601,6,8회지방선거_기초의원지역구,서울특별시,서대문구,서대문구가선거구,65905,34555,32838,1717,5089.0,8883.0,0.0,0.0,0.0,0.0,0.0,2179.0,0.0,0.0,0.0,0.0,0.0,0.0,0.0,0.0,0.0,0.0
20220601,6,8회지방선거_기초의원지역구,서울특별시,서대문구,서대문구다선거구,32881,19331,18632,699,7253.0,8660.0,0.0,0.0,343.0,0.0,0.0,2376.0,0.0,0.0,0.0,0.0,0.0,0.0,0.0,0.0,0.0,0.0
20220601,6,8회지방선거_기초의원지역구,서울특별시,서대문구,서대문구라선거구,59737,32134,30258,1876,5344.0,4754.0,0.0,0.0,680.0,0.0,0.0,0.0,0.0,0.0,0.0,0.0,0.0,0.0,0.0,0.0,0.0,0.0
20220601,6,8회지방선거_기초의원지역구,서울특별시,서대문구,서대문구마선거구,80848,44401,40452,3949,6970.0,5464.0,0.0,0.0,0.0,0.0,0.0,0.0,0.0,0.0,0.0,0.0,0.0,0.0,0.0,0.0,0.0,0.0
20220601,6,8회지방선거_기초의원지역구,서울특별시,마포구,마포구나선거구,39637,23093,22316,777,8610.0,3015.0,0.0,0.0,0.0,0.0,0.0,0.0,0.0,0.0,0.0,0.0,0.0,0.0,0.0,0.0,0.0,0.0
20220601,6,8회지방선거_기초의원지역구,서울특별시,마포구,마포구라선거구,27580,14336,13894,442,5970.0,6768.0,0.0,1156.0,0.0,0.0,0.0,0.0,0.0,0.0,0.0,0.0,0.0,0.0,0.0,0.0,0.0,0.0
20220601,6,8회지방선거_기초의원지역구,서울특별시,마포구,마포구마선거구,37732,20319,19733,586,7881.0,9318.0,2534.0,0.0,0.0,0.0,0.0,0.0,0.0,0.0,0.0,0.0,0.0,0.0,0.0,0.0,0.0,0.0
20220601,6,8회지방선거_기초의원지역구,서울특별시,마포구,마포구바선거구,41530,20425,19805,620,9414.0,8305.0,0.0,0.0,2086.0,0.0,0.0,0.0,0.0,0.0,0.0,0.0,0.0,0.0,0.0,0.0,0.0,0.0
20220601,6,8회지방선거_기초의원지역구,서울특별시,마포구,마포구아선거구,59948,33580,31987,1593,4929.0,3315.0,2947.0,0.0,501.0,0.0,0.0,0.0,0.0,0.0,0.0,0.0,0.0,0.0,0.0,0.0,0.0,0.0
20220601,6,8회지방선거_기초의원지역구,서울특별시,양천구,양천구가선거구,46017,24229,23534,695,4373.0,11203.0,0.0,0.0,0.0,0.0,0.0,0.0,0.0,0.0,0.0,0.0,0.0,0.0,0.0,0.0,0.0,0.0
20220601,6,8회지방선거_기초의원지역구,서울특별시,강서구,강서구가선거구,86007,39018,37044,1974,8636.0,3063.0,0.0,0.0,773.0,0.0,0.0,0.0,0.0,0.0,0.0,0.0,0.0,0.0,0.0,0.0,0.0,0.0
20220601,6,8회지방선거_기초의원지역구,서울특별시,강서구,강서구나선거구,48676,26859,25964,895,12414.0,12559.0,0.0,0.0,991.0,0.0,0.0,0.0,0.0,0.0,0.0,0.0,0.0,0.0,0.0,0.0,0.0,0.0
20220601,6,8회지방선거_기초의원지역구,서울특별시,강서구,강서구라선거구,82462,42970,39544,3426,7742.0,5442.0,0.0,0.0,0.0,0.0,0.0,0.0,0.0,0.0,0.0,0.0,0.0,0.0,0.0,0.0,0.0,0.0
20220601,6,8회지방선거_기초의원지역구,서울특별시,강서구,강서구마선거구,92211,50025,47264,2761,7146.0,9439.0,1854.0,0.0,532.0,0.0,0.0,0.0,0.0,0.0,0.0,0.0,0.0,0.0,0.0,0.0,0.0,0.0
20220601,6,8회지방선거_기초의원지역구,서울특별시,강서구,강서구바선거구,70602,39128,38056,1072,17598.0,18543.0,0.0,0.0,1915.0,0.0,0.0,0.0,0.0,0.0,0.0,0.0,0.0,0.0,0.0,0.0,0.0,0.0
20220601,6,8회지방선거_기초의원지역구,서울특별시,강서구,강서구아선거구,53294,25064,24243,821,11266.0,11168.0,0.0,0.0,0.0,0.0,0.0,1809.0,0.0,0.0,0.0,0.0,0.0,0.0,0.0,0.0,0.0,0.0
20220601,6,8회지방선거_기초의원지역구,서울특별시,구로구,구로구가선거구,72918,39379,37338,2041,5161.0,7099.0,0.0,0.0,0.0,0.0,0.0,5630.0,0.0,0.0,0.0,0.0,0.0,0.0,0.0,0.0,0.0,0.0
20220601,6,8회지방선거_기초의원지역구,서울특별시,구로구,구로구다선거구,86303,47333,45153,2180,4612.0,9263.0,8367.0,0.0,0.0,0.0,0.0,0.0,0.0,0.0,0.0,0.0,0.0,0.0,0.0,0.0,0.0,0.0
20220601,6,8회지방선거_기초의원지역구,서울특별시,구로구,구로구라선거구,57292,31622,30740,882,13569.0,15755.0,0.0,0.0,1416.0,0.0,0.0,0.0,0.0,0.0,0.0,0.0,0.0,0.0,0.0,0.0,0.0,0.0
20220601,6,8회지방선거_기초의원지역구,서울특별시,구로구,구로구마선거구,41229,20904,20233,671,9578.0,10277.0,0.0,0.0,378.0,0.0,0.0,0.0,0.0,0.0,0.0,0.0,0.0,0.0,0.0,0.0,0.0,0.0
20220601,6,8회지방선거_기초의원지역구,서울특별시,금천구,금천구가선거구,64314,30427,29447,980,15094.0,13419.0,0.0,0.0,934.0,0.0,0.0,0.0,0.0,0.0,0.0,0.0,0.0,0.0,0.0,0.0,0.0,0.0
20220601,6,8회지방선거_기초의원지역구,서울특별시,금천구,금천구나선거구,54944,25521,24183,1338,4297.0,3803.0,747.0,0.0,941.0,0.0,0.0,0.0,0.0,0.0,0.0,0.0,0.0,0.0,0.0,0.0,0.0,0.0
20220601,6,8회지방선거_기초의원지역구,서울특별시,금천구,금천구다선거구,48391,24142,23143,999,11266.0,3155.0,0.0,0.0,0.0,0.0,0.0,0.0,0.0,0.0,0.0,0.0,0.0,0.0,0.0,0.0,0.0,0.0
20220601,6,8회지방선거_기초의원지역구,서울특별시,금천구,금천구라선거구,45230,25728,24803,925,8531.0,9647.0,0.0,0.0,4134.0,0.0,0.0,0.0,0.0,0.0,0.0,0.0,0.0,0.0,0.0,0.0,0.0,0.0
20220601,6,8회지방선거_기초의원지역구,서울특별시,영등포구,영등포구나선거구,43840,24182,23782,400,11027.0,11288.0,0.0,0.0,1467.0,0.0,0.0,0.0,0.0,0.0,0.0,0.0,0.0,0.0,0.0,0.0,0.0,0.0
20220601,6,8회지방선거_기초의원지역구,서울특별시,영등포구,영등포구다선거구,60793,31218,30635,583,13746.0,16351.0,0.0,0.0,304.0,0.0,0.0,0.0,0.0,234.0,0.0,0.0,0.0,0.0,0.0,0.0,0.0,0.0
20220601,6,8회지방선거_기초의원지역구,서울특별시,영등포구,영등포구라선거구,54701,29198,28487,711,13551.0,5726.0,0.0,0.0,0.0,0.0,0.0,0.0,0.0,0.0,0.0,0.0,0.0,0.0,0.0,0.0,0.0,0.0
20220601,6,8회지방선거_기초의원지역구,서울특별시,영등포구,영등포구사선거구,64698,32552,30827,1725,5349.0,5286.0,0.0,0.0,2903.0,0.0,0.0,1102.0,0.0,0.0,0.0,0.0,0.0,0.0,0.0,0.0,0.0,0.0
20220601,6,8회지방선거_기초의원지역구,서울특별시,동작구,동작구나선거구,49846,26344,25830,514,11436.0,12187.0,0.0,0.0,2207.0,0.0,0.0,0.0,0.0,0.0,0.0,0.0,0.0,0.0,0.0,0.0,0.0,0.0
20220601,6,8회지방선거_기초의원지역구,서울특별시,동작구,동작구다선거구,55109,29677,29146,531,13078.0,12928.0,0.0,0.0,3140.0,0.0,0.0,0.0,0.0,0.0,0.0,0.0,0.0,0.0,0.0,0.0,0.0,0.0
20220601,6,8회지방선거_기초의원지역구,서울특별시,동작구,동작구사선거구,74257,41086,39272,1814,4217.0,10672.0,3084.0,0.0,0.0,0.0,0.0,0.0,0.0,0.0,0.0,0.0,0.0,0.0,0.0,0.0,0.0,0.0
20220601,6,8회지방선거_기초의원지역구,서울특별시,관악구,관악구가선거구,74001,35242,32423,2819,8152.0,3496.0,0.0,0.0,0.0,0.0,0.0,0.0,0.0,0.0,0.0,0.0,0.0,0.0,0.0,0.0,0.0,0.0
20220601,6,8회지방선거_기초의원지역구,서울특별시,관악구,관악구나선거구,48265,23680,22516,1164,4114.0,9017.0,0.0,0.0,0.0,0.0,0.0,0.0,0.0,0.0,0.0,0.0,0.0,0.0,0.0,0.0,0.0,0.0
20220601,6,8회지방선거_기초의원지역구,서울특별시,관악구,관악구다선거구,65391,36408,33371,3037,6856.0,5927.0,0.0,0.0,0.0,0.0,0.0,0.0,0.0,0.0,0.0,0.0,0.0,0.0,0.0,0.0,0.0,0.0
20220601,6,8회지방선거_기초의원지역구,서울특별시,관악구,관악구마선거구,66282,32230,30553,1677,4908.0,4589.0,3587.0,0.0,0.0,0.0,0.0,0.0,0.0,0.0,0.0,0.0,0.0,0.0,0.0,0.0,0.0,0.0
20220601,6,8회지방선거_기초의원지역구,서울특별시,관악구,관악구사선거구,60646,28586,27379,1207,12352.0,12015.0,2252.0,0.0,760.0,0.0,0.0,0.0,0.0,0.0,0.0,0.0,0.0,0.0,0.0,0.0,0.0,0.0
20220601,6,8회지방선거_기초의원지역구,서울특별시,관악구,관악구아선거구,41638,22266,21321,945,7958.0,8610.0,4407.0,0.0,346.0,0.0,0.0,0.0,0.0,0.0,0.0,0.0,0.0,0.0,0.0,0.0,0.0,0.0
20220601,6,8회지방선거_기초의원지역구,서울특별시,서초구,서초구가선거구,83558,45950,44462,1488,2764.0,4243.0,0.0,0.0,996.0,0.0,0.0,0.0,0.0,0.0,0.0,0.0,0.0,0.0,0.0,0.0,0.0,0.0
20220601,6,8회지방선거_기초의원지역구,서울특별시,서초구,서초구나선거구,63764,36638,34128,2510,3284.0,7855.0,0.0,0.0,0.0,0.0,0.0,0.0,0.0,0.0,0.0,0.0,0.0,0.0,0.0,0.0,0.0,0.0
20220601,6,8회지방선거_기초의원지역구,서울특별시,서초구,서초구라선거구,46739,26712,26180,532,6295.0,7184.0,0.0,0.0,104.0,0.0,0.0,0.0,0.0,0.0,0.0,0.0,0.0,0.0,0.0,0.0,0.0,0.0
20220601,6,8회지방선거_기초의원지역구,서울특별시,강남구,강남구다선거구,81332,35540,32568,2972,2490.0,6813.0,0.0,0.0,0.0,0.0,0.0,0.0,0.0,0.0,0.0,0.0,0.0,0.0,0.0,0.0,0.0,0.0
20220601,6,8회지방선거_기초의원지역구,서울특별시,강남구,강남구라선거구,49192,29501,28740,761,8270.0,6899.0,0.0,0.0,0.0,0.0,0.0,0.0,0.0,0.0,0.0,0.0,0.0,0.0,0.0,0.0,0.0,0.0
20220601,6,8회지방선거_기초의원지역구,서울특별시,강남구,강남구바선거구,49071,27512,26352,1160,10441.0,3494.0,0.0,0.0,306.0,0.0,0.0,0.0,0.0,0.0,0.0,0.0,0.0,0.0,0.0,0.0,0.0,0.0
20220601,6,8회지방선거_기초의원지역구,서울특별시,강남구,강남구사선거구,35124,18789,18405,384,4386.0,3132.0,0.0,0.0,0.0,0.0,0.0,0.0,0.0,0.0,0.0,0.0,0.0,0.0,0.0,0.0,0.0,0.0
20220601,6,8회지방선거_기초의원지역구,서울특별시,강남구,강남구아선거구,44392,26506,26007,499,5414.0,5965.0,0.0,0.0,0.0,0.0,0.0,0.0,0.0,0.0,0.0,0.0,0.0,0.0,0.0,0.0,0.0,0.0
20220601,6,8회지방선거_기초의원지역구,서울특별시,송파구,송파구가선거구,63592,37076,34040,3036,5928.0,6604.0,0.0,0.0,0.0,0.0,0.0,0.0,0.0,0.0,0.0,0.0,0.0,0.0,0.0,0.0,0.0,0.0
20220601,6,8회지방선거_기초의원지역구,서울특별시,송파구,송파구마선거구,60303,33088,31640,1448,2879.0,6816.0,0.0,0.0,0.0,0.0,2364.0,0.0,0.0,0.0,0.0,0.0,0.0,0.0,0.0,0.0,0.0,0.0
20220601,6,8회지방선거_기초의원지역구,서울특별시,송파구,송파구바선거구,55269,30526,29301,1225,10048.0,18671.0,0.0,0.0,582.0,0.0,0.0,0.0,0.0,0.0,0.0,0.0,0.0,0.0,0.0,0.0,0.0,0.0
20220601,6,8회지방선거_기초의원지역구,서울특별시,송파구,송파구아선거구,76799,43090,41419,1671,18251.0,2302.0,0.0,0.0,0.0,0.0,0.0,2693.0,0.0,0.0,0.0,0.0,0.0,0.0,0.0,0.0,0.0,0.0
20220601,6,8회지방선거_기초의원지역구,서울특별시,강동구,강동구가선거구,84457,48879,45534,3345,8629.0,7554.0,0.0,0.0,0.0,0.0,0.0,0.0,0.0,0.0,0.0,0.0,0.0,0.0,0.0,0.0,0.0,0.0
20220601,6,8회지방선거_기초의원지역구,서울특별시,강동구,강동구나선거구,77180,42001,39162,2839,5460.0,4327.0,0.0,0.0,0.0,0.0,0.0,0.0,0.0,0.0,0.0,0.0,0.0,0.0,0.0,0.0,0.0,0.0
20220601,6,8회지방선거_기초의원지역구,서울특별시,강동구,강동구다선거구,76201,42562,39681,2881,4370.0,6565.0,0.0,0.0,0.0,0.0,0.0,0.0,0.0,0.0,0.0,0.0,0.0,0.0,0.0,0.0,0.0,0.0
20220601,6,8회지방선거_기초의원지역구,서울특별시,강동구,강동구바선거구,80977,42485,40259,2226,6369.0,8450.0,1412.0,0.0,593.0,0.0,0.0,0.0,0.0,0.0,0.0,0.0,0.0,0.0,0.0,0.0,0.0,0.0
20220601,6,8회지방선거_기초의원지역구,부산광역시,중구,중구가선거구,19860,9781,8876,905,1608.0,2145.0,0.0,0.0,0.0,0.0,0.0,0.0,0.0,0.0,0.0,0.0,0.0,0.0,0.0,0.0,0.0,0.0
20220601,6,8회지방선거_기초의원지역구,부산광역시,중구,중구나선거구,18376,9347,8513,834,1777.0,1667.0,0.0,0.0,0.0,0.0,0.0,0.0,0.0,0.0,0.0,0.0,0.0,0.0,0.0,0.0,0.0,0.0
20220601,6,8회지방선거_기초의원지역구,부산광역시,서구,서구가선거구,50179,26212,24760,1452,3201.0,3989.0,0.0,0.0,1667.0,0.0,0.0,0.0,0.0,0.0,0.0,0.0,0.0,0.0,0.0,0.0,0.0,0.0
20220601,6,8회지방선거_기초의원지역구,부산광역시,서구,서구나선거구,43247,20829,19405,1424,2595.0,3782.0,0.0,0.0,2162.0,0.0,0.0,0.0,0.0,0.0,0.0,0.0,0.0,0.0,0.0,0.0,0.0,0.0
20220601,6,8회지방선거_기초의원지역구,부산광역시,동구,동구가선거구,43205,21554,19048,2506,3637.0,4946.0,0.0,0.0,0.0,0.0,0.0,0.0,0.0,0.0,0.0,0.0,0.0,0.0,0.0,0.0,0.0,0.0
20220601,6,8회지방선거_기초의원지역구,부산광역시,동구,동구나선거구,37664,19269,18483,786,5763.0,2962.0,0.0,0.0,824.0,0.0,0.0,0.0,0.0,0.0,0.0,0.0,0.0,0.0,0.0,0.0,0.0,0.0
20220601,6,8회지방선거_기초의원지역구,부산광역시,영도구,영도구가선거구,47255,24339,22437,1902,3386.0,2504.0,0.0,0.0,0.0,0.0,0.0,3215.0,0.0,0.0,0.0,0.0,0.0,0.0,0.0,0.0,0.0,0.0
20220601,6,8회지방선거_기초의원지역구,부산광역시,영도구,영도구나선거구,52140,25885,23607,2278,3498.0,3781.0,0.0,0.0,693.0,0.0,0.0,0.0,0.0,0.0,149.0,0.0,0.0,0.0,0.0,0.0,0.0,0.0
20220601,6,8회지방선거_기초의원지역구,부산광역시,부산진구,부산진구가선거구,43448,19551,18595,956,6712.0,2266.0,0.0,0.0,0.0,0.0,0.0,0.0,0.0,0.0,0.0,0.0,0.0,0.0,0.0,0.0,0.0,0.0
20220601,6,8회지방선거_기초의원지역구,부산광역시,부산진구,부산진구나선거구,37017,19569,18564,1005,5996.0,2142.0,0.0,0.0,0.0,0.0,0.0,0.0,0.0,0.0,0.0,0.0,0.0,0.0,0.0,0.0,0.0,0.0
20220601,6,8회지방선거_기초의원지역구,부산광역시,부산진구,부산진구다선거구,34740,17035,16209,826,6288.0,9180.0,0.0,0.0,227.0,0.0,0.0,514.0,0.0,0.0,0.0,0.0,0.0,0.0,0.0,0.0,0.0,0.0
20220601,6,8회지방선거_기초의원지역구,부산광역시,부산진구,부산진구라선거구,39246,19935,18868,1067,7281.0,5440.0,0.0,0.0,0.0,0.0,0.0,0.0,0.0,0.0,0.0,0.0,0.0,0.0,0.0,0.0,0.0,0.0
20220601,6,8회지방선거_기초의원지역구,부산광역시,부산진구,부산진구바선거구,38680,16529,15619,910,5309.0,2015.0,0.0,0.0,900.0,0.0,0.0,0.0,0.0,0.0,0.0,0.0,0.0,0.0,0.0,0.0,0.0,0.0
20220601,6,8회지방선거_기초의원지역구,부산광역시,동래구,동래구가선거구,36111,18646,18315,331,5919.0,11674.0,722.0,0.0,0.0,0.0,0.0,0.0,0.0,0.0,0.0,0.0,0.0,0.0,0.0,0.0,0.0,0.0
20220601,6,8회지방선거_기초의원지역구,부산광역시,동래구,동래구나선거구,39399,18676,18246,430,6414.0,2809.0,0.0,0.0,0.0,0.0,0.0,0.0,0.0,0.0,0.0,0.0,0.0,0.0,0.0,0.0,0.0,0.0
20220601,6,8회지방선거_기초의원지역구,부산광역시,동래구,동래구다선거구,53145,26106,25310,796,7840.0,5882.0,0.0,0.0,0.0,0.0,0.0,1101.0,0.0,0.0,0.0,0.0,0.0,0.0,0.0,0.0,0.0,0.0
20220601,6,8회지방선거_기초의원지역구,부산광역시,동래구,동래구라선거구,44083,22357,20578,1779,3151.0,4383.0,0.0,0.0,0.0,0.0,0.0,0.0,0.0,0.0,0.0,0.0,0.0,0.0,0.0,0.0,0.0,0.0
20220601,6,8회지방선거_기초의원지역구,부산광역시,동래구,동래구마선거구,61296,30986,28855,2131,2510.0,4047.0,0.0,0.0,920.0,0.0,0.0,0.0,0.0,0.0,0.0,0.0,0.0,0.0,0.0,0.0,0.0,0.0
20220601,6,8회지방선거_기초의원지역구,부산광역시,남구,남구나선거구,36155,19474,18920,554,6088.0,10386.0,0.0,0.0,0.0,0.0,0.0,2446.0,0.0,0.0,0.0,0.0,0.0,0.0,0.0,0.0,0.0,0.0
20220601,6,8회지방선거_기초의원지역구,부산광역시,남구,남구다선거구,41311,21041,20253,788,7646.0,2420.0,0.0,0.0,0.0,0.0,0.0,0.0,0.0,0.0,0.0,0.0,0.0,0.0,0.0,0.0,0.0,0.0
20220601,6,8회지방선거_기초의원지역구,부산광역시,남구,남구마선거구,69305,37810,33621,4189,3793.0,8434.0,0.0,0.0,0.0,0.0,0.0,0.0,0.0,0.0,0.0,0.0,0.0,0.0,0.0,0.0,0.0,0.0
20220601,6,8회지방선거_기초의원지역구,부산광역시,북구,북구가선거구,65912,30636,27333,3303,3915.0,7352.0,0.0,0.0,0.0,0.0,0.0,0.0,0.0,0.0,0.0,0.0,0.0,0.0,0.0,0.0,0.0,0.0
20220601,6,8회지방선거_기초의원지역구,부산광역시,북구,북구다선거구,38892,20746,20090,656,7330.0,5301.0,0.0,0.0,0.0,0.0,0.0,0.0,0.0,0.0,0.0,0.0,0.0,0.0,0.0,0.0,0.0,0.0
20220601,6,8회지방선거_기초의원지역구,부산광역시,북구,북구라선거구,48356,25028,24293,735,7799.0,13737.0,0.0,0.0,2114.0,0.0,0.0,643.0,0.0,0.0,0.0,0.0,0.0,0.0,0.0,0.0,0.0,0.0
20220601,6,8회지방선거_기초의원지역구,부산광역시,북구,북구마선거구,58132,31860,29137,2723,7871.0,4557.0,0.0,0.0,0.0,0.0,0.0,0.0,0.0,0.0,0.0,0.0,0.0,0.0,0.0,0.0,0.0,0.0
20220601,6,8회지방선거_기초의원지역구,부산광역시,해운대구,해운대구나선거구,48606,24835,23439,1396,1517.0,3342.0,0.0,0.0,513.0,0.0,0.0,0.0,0.0,0.0,0.0,0.0,0.0,0.0,0.0,0.0,0.0,0.0
20220601,6,8회지방선거_기초의원지역구,부산광역시,해운대구,해운대구다선거구,50456,23700,22432,1268,2078.0,1130.0,0.0,0.0,0.0,0.0,0.0,0.0,0.0,0.0,0.0,0.0,0.0,0.0,0.0,0.0,0.0,0.0
20220601,6,8회지방선거_기초의원지역구,부산광역시,해운대구,해운대구바선거구,41270,18434,17588,846,6108.0,3872.0,0.0,0.0,0.0,0.0,0.0,0.0,0.0,0.0,0.0,0.0,0.0,0.0,0.0,0.0,0.0,0.0
20220601,6,8회지방선거_기초의원지역구,부산광역시,해운대구,해운대구사선거구,42137,21595,20886,709,7719.0,3251.0,0.0,0.0,0.0,0.0,0.0,0.0,0.0,0.0,0.0,0.0,0.0,0.0,0.0,0.0,0.0,0.0
20220601,6,8회지방선거_기초의원지역구,부산광역시,해운대구,해운대구아선거구,33979,16809,15785,1024,4516.0,2454.0,0.0,0.0,0.0,0.0,0.0,1683.0,0.0,0.0,0.0,0.0,0.0,0.0,0.0,0.0,0.0,0.0
20220601,6,8회지방선거_기초의원지역구,부산광역시,사하구,사하구가선거구,52408,26227,25359,868,6929.0,5890.0,0.0,0.0,318.0,0.0,0.0,0.0,0.0,0.0,0.0,0.0,0.0,0.0,0.0,0.0,0.0,0.0
20220601,6,8회지방선거_기초의원지역구,부산광역시,사하구,사하구나선거구,64646,30366,26937,3429,5090.0,6765.0,0.0,0.0,0.0,0.0,0.0,0.0,0.0,0.0,0.0,0.0,0.0,0.0,0.0,0.0,0.0,0.0
20220601,6,8회지방선거_기초의원지역구,부산광역시,사하구,사하구다선거구,62909,28873,25771,3102,3707.0,4417.0,0.0,0.0,0.0,0.0,0.0,0.0,0.0,0.0,0.0,0.0,0.0,0.0,0.0,0.0,0.0,0.0
20220601,6,8회지방선거_기초의원지역구,부산광역시,사하구,사하구라선거구,32566,13736,13277,459,1678.0,7467.0,0.0,0.0,0.0,0.0,0.0,0.0,0.0,0.0,0.0,0.0,0.0,0.0,0.0,0.0,0.0,0.0
20220601,6,8회지방선거_기초의원지역구,부산광역시,사하구,사하구마선거구,56334,27308,25164,2144,2303.0,4564.0,0.0,0.0,1545.0,0.0,0.0,0.0,0.0,0.0,0.0,0.0,0.0,0.0,0.0,0.0,0.0,0.0
20220601,6,8회지방선거_기초의원지역구,부산광역시,금정구,금정구가선거구,50266,24792,23863,929,7207.0,16013.0,0.0,0.0,643.0,0.0,0.0,0.0,0.0,0.0,0.0,0.0,0.0,0.0,0.0,0.0,0.0,0.0
20220601,6,8회지방선거_기초의원지역구,부산광역시,금정구,금정구나선거구,53429,28204,26021,2183,2660.0,5199.0,0.0,0.0,1152.0,0.0,0.0,0.0,0.0,0.0,0.0,0.0,0.0,0.0,0.0,0.0,0.0,0.0
20220601,6,8회지방선거_기초의원지역구,부산광역시,금정구,금정구다선거구,42674,21761,20719,1042,7206.0,3002.0,0.0,0.0,0.0,0.0,0.0,712.0,0.0,0.0,0.0,0.0,0.0,0.0,0.0,0.0,0.0,0.0
20220601,6,8회지방선거_기초의원지역구,부산광역시,금정구,금정구라선거구,54076,28097,26150,1947,4191.0,6400.0,0.0,0.0,0.0,0.0,0.0,598.0,0.0,0.0,0.0,0.0,0.0,0.0,0.0,0.0,0.0,0.0
20220601,6,8회지방선거_기초의원지역구,부산광역시,강서구,강서구가선거구,58235,27517,26830,687,7769.0,2505.0,0.0,0.0,5550.0,0.0,0.0,0.0,0.0,0.0,0.0,0.0,0.0,0.0,0.0,0.0,0.0,0.0
20220601,6,8회지방선거_기초의원지역구,부산광역시,강서구,강서구나선거구,54624,23967,21670,2297,3523.0,6044.0,0.0,0.0,0.0,0.0,0.0,0.0,0.0,0.0,0.0,0.0,0.0,0.0,0.0,0.0,0.0,0.0
20220601,6,8회지방선거_기초의원지역구,부산광역시,연제구,연제구가선거구,51457,28197,26642,1555,2414.0,2850.0,0.0,0.0,0.0,0.0,0.0,0.0,0.0,0.0,0.0,0.0,0.0,0.0,0.0,0.0,0.0,0.0
20220601,6,8회지방선거_기초의원지역구,부산광역시,연제구,연제구나선거구,47429,22603,21762,841,7240.0,3033.0,0.0,0.0,1184.0,0.0,0.0,0.0,0.0,0.0,0.0,0.0,0.0,0.0,0.0,0.0,0.0,0.0
20220601,6,8회지방선거_기초의원지역구,부산광역시,연제구,연제구라선거구,42223,21781,21369,412,5299.0,11160.0,0.0,0.0,0.0,0.0,0.0,4910.0,0.0,0.0,0.0,0.0,0.0,0.0,0.0,0.0,0.0,0.0
20220601,6,8회지방선거_기초의원지역구,부산광역시,수영구,수영구나선거구,44707,20161,19291,870,6684.0,11355.0,1252.0,0.0,0.0,0.0,0.0,0.0,0.0,0.0,0.0,0.0,0.0,0.0,0.0,0.0,0.0,0.0
20220601,6,8회지방선거_기초의원지역구,부산광역시,수영구,수영구라선거구,38484,18760,18128,632,5424.0,12233.0,471.0,0.0,0.0,0.0,0.0,0.0,0.0,0.0,0.0,0.0,0.0,0.0,0.0,0.0,0.0,0.0
20220601,6,8회지방선거_기초의원지역구,부산광역시,사상구,사상구가선거구,57509,26370,24278,2092,3533.0,4296.0,0.0,0.0,711.0,0.0,0.0,0.0,0.0,0.0,0.0,0.0,0.0,0.0,0.0,0.0,0.0,0.0
20220601,6,8회지방선거_기초의원지역구,부산광역시,기장군,기장군가선거구,46666,20888,19903,985,4930.0,3458.0,0.0,0.0,266.0,0.0,0.0,0.0,0.0,0.0,0.0,0.0,0.0,0.0,0.0,0.0,0.0,0.0
20220601,6,8회지방선거_기초의원지역구,부산광역시,기장군,기장군나선거구,28036,13956,13464,492,4137.0,2202.0,0.0,0.0,397.0,0.0,0.0,0.0,0.0,0.0,0.0,0.0,0.0,0.0,0.0,0.0,0.0,0.0
20220601,6,8회지방선거_기초의원지역구,부산광역시,기장군,기장군다선거구,69169,29396,27758,1638,2187.0,3988.0,0.0,0.0,526.0,0.0,0.0,0.0,0.0,0.0,0.0,0.0,0.0,0.0,0.0,0.0,0.0,0.0
20220601,6,8회지방선거_기초의원지역구,대구광역시,중구,중구가선거구,31499,12818,12435,383,2975.0,2012.0,0.0,0.0,109.0,0.0,0.0,0.0,0.0,0.0,0.0,0.0,0.0,0.0,0.0,0.0,0.0,0.0
20220601,6,8회지방선거_기초의원지역구,대구광역시,중구,중구나선거구,37326,16715,15949,766,3242.0,4208.0,0.0,0.0,1002.0,0.0,0.0,0.0,0.0,0.0,0.0,63.0,0.0,0.0,0.0,0.0,0.0,0.0
20220601,6,8회지방선거_기초의원지역구,대구광역시,동구,동구가선거구,37185,16494,15853,641,3439.0,5080.0,0.0,0.0,0.0,0.0,0.0,0.0,0.0,0.0,0.0,0.0,0.0,0.0,0.0,0.0,0.0,0.0
20220601,6,8회지방선거_기초의원지역구,대구광역시,동구,동구나선거구,33209,14721,14171,550,2374.0,3271.0,0.0,0.0,754.0,0.0,0.0,0.0,0.0,0.0,0.0,0.0,0.0,0.0,0.0,0.0,0.0,0.0
20220601,6,8회지방선거_기초의원지역구,대구광역시,동구,동구다선거구,53875,24350,22873,1477,2673.0,4341.0,644.0,0.0,402.0,0.0,0.0,0.0,0.0,0.0,0.0,0.0,0.0,0.0,0.0,0.0,0.0,0.0
20220601,6,8회지방선거_기초의원지역구,대구광역시,동구,동구라선거구,70895,32035,30687,1348,6101.0,2127.0,0.0,773.0,605.0,0.0,0.0,0.0,0.0,0.0,0.0,0.0,0.0,0.0,0.0,0.0,0.0,0.0
20220601,6,8회지방선거_기초의원지역구,대구광역시,동구,동구마선거구,45695,19614,18822,792,3677.0,4329.0,0.0,0.0,383.0,0.0,0.0,0.0,0.0,0.0,0.0,0.0,0.0,0.0,0.0,0.0,0.0,0.0
20220601,6,8회지방선거_기초의원지역구,대구광역시,동구,동구바선거구,56214,23766,22891,875,5519.0,4160.0,0.0,0.0,934.0,0.0,0.0,740.0,0.0,0.0,0.0,0.0,0.0,0.0,0.0,0.0,0.0,0.0
20220601,6,8회지방선거_기초의원지역구,대구광역시,서구,서구가선거구,31706,14065,13604,461,2016.0,3342.0,0.0,0.0,1525.0,0.0,0.0,0.0,0.0,0.0,0.0,0.0,0.0,0.0,0.0,0.0,0.0,0.0
20220601,6,8회지방선거_기초의원지역구,대구광역시,서구,서구나선거구,45081,20140,19442,698,3120.0,2713.0,0.0,0.0,1738.0,0.0,0.0,0.0,0.0,0.0,0.0,0.0,0.0,0.0,0.0,0.0,0.0,0.0
20220601,6,8회지방선거_기초의원지역구,대구광역시,서구,서구다선거구,30632,13704,13186,518,1847.0,4201.0,0.0,0.0,0.0,0.0,0.0,0.0,0.0,0.0,0.0,0.0,0.0,0.0,0.0,0.0,0.0,0.0
20220601,6,8회지방선거_기초의원지역구,대구광역시,서구,서구라선거구,40819,18525,17869,656,3148.0,3389.0,0.0,0.0,653.0,0.0,0.0,0.0,0.0,0.0,0.0,0.0,0.0,0.0,0.0,0.0,0.0,0.0
20220601,6,8회지방선거_기초의원지역구,대구광역시,남구,남구가선거구,59526,25482,24819,663,5009.0,3619.0,0.0,0.0,0.0,0.0,0.0,0.0,0.0,0.0,0.0,0.0,0.0,0.0,0.0,0.0,0.0,0.0
20220601,6,8회지방선거_기초의원지역구,대구광역시,남구,남구나선거구,38793,16603,16002,601,2621.0,2663.0,0.0,0.0,1454.0,0.0,0.0,0.0,0.0,0.0,0.0,0.0,0.0,0.0,0.0,0.0,0.0,0.0
20220601,6,8회지방선거_기초의원지역구,대구광역시,남구,남구다선거구,30734,12603,12110,493,2251.0,2114.0,0.0,0.0,438.0,0.0,0.0,0.0,0.0,0.0,0.0,0.0,0.0,0.0,0.0,0.0,0.0,0.0
20220601,6,8회지방선거_기초의원지역구,대구광역시,북구,북구가선거구,34160,15398,14535,863,3444.0,3519.0,0.0,0.0,1519.0,0.0,0.0,0.0,0.0,0.0,0.0,0.0,0.0,0.0,0.0,0.0,0.0,0.0
20220601,6,8회지방선거_기초의원지역구,대구광역시,북구,북구나선거구,34868,16396,15467,929,3816.0,4355.0,0.0,0.0,473.0,0.0,0.0,0.0,0.0,0.0,0.0,0.0,0.0,0.0,0.0,0.0,0.0,0.0
20220601,6,8회지방선거_기초의원지역구,대구광역시,북구,북구다선거구,50385,22189,21330,859,4155.0,3288.0,0.0,0.0,0.0,0.0,0.0,0.0,0.0,0.0,0.0,0.0,0.0,0.0,0.0,0.0,0.0,0.0
20220601,6,8회지방선거_기초의원지역구,대구광역시,북구,북구라선거구,39590,17112,16518,594,4760.0,3685.0,0.0,0.0,0.0,0.0,0.0,0.0,0.0,0.0,0.0,0.0,0.0,0.0,0.0,0.0,0.0,0.0
20220601,6,8회지방선거_기초의원지역구,대구광역시,북구,북구마선거구,79567,32772,31747,1025,6992.0,5223.0,0.0,0.0,2168.0,0.0,0.0,0.0,0.0,0.0,0.0,0.0,0.0,0.0,0.0,0.0,0.0,0.0
20220601,6,8회지방선거_기초의원지역구,대구광역시,북구,북구바선거구,74344,30957,29854,1103,5862.0,3309.0,1452.0,0.0,3510.0,0.0,0.0,0.0,0.0,0.0,0.0,0.0,0.0,0.0,0.0,0.0,0.0,0.0
20220601,6,8회지방선거_기초의원지역구,대구광역시,북구,북구사선거구,60509,25570,24698,872,4467.0,2591.0,1733.0,0.0,0.0,0.0,0.0,0.0,0.0,0.0,0.0,0.0,0.0,0.0,0.0,0.0,0.0,0.0
20220601,6,8회지방선거_기초의원지역구,대구광역시,수성구,수성구가선거구,56123,24739,24063,676,4516.0,3689.0,0.0,0.0,2779.0,0.0,0.0,0.0,0.0,0.0,0.0,0.0,0.0,0.0,0.0,0.0,0.0,0.0
20220601,6,8회지방선거_기초의원지역구,대구광역시,수성구,수성구나선거구,45080,20031,19467,564,5465.0,4756.0,0.0,0.0,0.0,0.0,0.0,0.0,0.0,0.0,0.0,0.0,0.0,0.0,0.0,0.0,0.0,0.0
20220601,6,8회지방선거_기초의원지역구,대구광역시,수성구,수성구다선거구,24922,11477,11172,305,2303.0,3542.0,0.0,0.0,881.0,0.0,0.0,0.0,0.0,0.0,0.0,0.0,0.0,0.0,0.0,0.0,0.0,0.0
20220601,6,8회지방선거_기초의원지역구,대구광역시,수성구,수성구라선거구,77121,35708,34702,1006,7376.0,6159.0,4633.0,0.0,877.0,0.0,0.0,0.0,0.0,0.0,0.0,0.0,0.0,0.0,0.0,0.0,0.0,0.0
20220601,6,8회지방선거_기초의원지역구,대구광역시,수성구,수성구마선거구,74434,32378,30007,2371,1957.0,3918.0,0.0,0.0,0.0,0.0,0.0,538.0,0.0,0.0,0.0,0.0,0.0,0.0,0.0,0.0,0.0,0.0
20220601,6,8회지방선거_기초의원지역구,대구광역시,수성구,수성구바선거구,71368,33148,31930,1218,4632.0,6462.0,0.0,0.0,530.0,0.0,0.0,0.0,0.0,0.0,0.0,0.0,0.0,0.0,0.0,0.0,0.0,0.0
20220601,6,8회지방선거_기초의원지역구,대구광역시,달서구,달서구가선거구,78177,32349,31329,1020,6386.0,4223.0,0.0,0.0,1989.0,0.0,0.0,0.0,0.0,0.0,0.0,0.0,0.0,0.0,0.0,0.0,0.0,0.0
20220601,6,8회지방선거_기초의원지역구,대구광역시,달서구,달서구나선거구,63824,25768,24874,894,5452.0,3763.0,0.0,0.0,0.0,0.0,0.0,0.0,0.0,0.0,0.0,0.0,0.0,0.0,0.0,0.0,0.0,0.0
20220601,6,8회지방선거_기초의원지역구,대구광역시,달서구,달서구다선거구,42090,17881,17374,507,3036.0,3151.0,0.0,0.0,603.0,0.0,0.0,0.0,0.0,0.0,0.0,0.0,0.0,0.0,0.0,0.0,0.0,0.0
20220601,6,8회지방선거_기초의원지역구,대구광역시,달서구,달서구라선거구,47564,20300,19660,640,4149.0,4801.0,0.0,0.0,0.0,0.0,0.0,0.0,0.0,0.0,0.0,0.0,0.0,0.0,0.0,0.0,0.0,0.0
20220601,6,8회지방선거_기초의원지역구,대구광역시,달서구,달서구마선거구,66993,27790,26955,835,6346.0,5106.0,0.0,0.0,1241.0,0.0,0.0,0.0,0.0,0.0,0.0,0.0,0.0,0.0,0.0,0.0,0.0,0.0
20220601,6,8회지방선거_기초의원지역구,대구광역시,달서구,달서구바선거구,40996,18780,17971,809,3416.0,5531.0,0.0,0.0,1049.0,0.0,0.0,0.0,0.0,0.0,0.0,0.0,0.0,0.0,0.0,0.0,0.0,0.0
20220601,6,8회지방선거_기초의원지역구,대구광역시,달서구,달서구사선거구,62939,25214,24248,966,3907.0,5423.0,0.0,0.0,2100.0,0.0,0.0,0.0,0.0,0.0,0.0,0.0,0.0,0.0,0.0,0.0,0.0,0.0
20220601,6,8회지방선거_기초의원지역구,대구광역시,달성군,달성군가선거구,47393,21964,21428,536,3255.0,3888.0,0.0,0.0,1622.0,0.0,0.0,0.0,0.0,0.0,0.0,0.0,0.0,0.0,0.0,0.0,0.0,0.0
20220601,6,8회지방선거_기초의원지역구,대구광역시,달성군,달성군나선거구,36780,16459,15917,542,2981.0,4095.0,0.0,0.0,0.0,0.0,0.0,0.0,0.0,0.0,0.0,0.0,0.0,0.0,0.0,0.0,0.0,0.0
20220601,6,8회지방선거_기초의원지역구,대구광역시,달성군,달성군다선거구,56373,22209,21536,673,3975.0,2328.0,0.0,0.0,0.0,0.0,0.0,1447.0,0.0,0.0,0.0,0.0,0.0,0.0,0.0,0.0,0.0,0.0
20220601,6,8회지방선거_기초의원지역구,대구광역시,달성군,달성군라선거구,74034,30686,29890,796,6676.0,2947.0,0.0,0.0,1027.0,0.0,0.0,0.0,0.0,0.0,0.0,0.0,0.0,0.0,0.0,0.0,0.0,0.0
20220601,6,8회지방선거_기초의원지역구,인천광역시,중구,중구가선거구,41055,19740,18485,1255,3170.0,2460.0,0.0,0.0,0.0,0.0,0.0,0.0,0.0,0.0,0.0,0.0,0.0,0.0,0.0,0.0,0.0,0.0
20220601,6,8회지방선거_기초의원지역구,인천광역시,중구,중구나선거구,83919,37611,35752,1859,3631.0,5397.0,0.0,0.0,911.0,0.0,0.0,0.0,0.0,0.0,0.0,0.0,0.0,0.0,0.0,0.0,0.0,0.0
20220601,6,8회지방선거_기초의원지역구,인천광역시,동구,동구가선거구,27182,15185,14294,891,1675.0,1964.0,2329.0,0.0,0.0,0.0,0.0,0.0,0.0,0.0,0.0,0.0,0.0,0.0,0.0,0.0,0.0,0.0
20220601,6,8회지방선거_기초의원지역구,인천광역시,동구,동구나선거구,25546,13755,12825,930,1764.0,2300.0,0.0,0.0,1066.0,0.0,0.0,0.0,0.0,0.0,0.0,0.0,0.0,0.0,0.0,0.0,0.0,0.0
20220601,6,8회지방선거_기초의원지역구,인천광역시,미추홀구,미추홀구가선거구,86346,38979,37560,1419,4442.0,17459.0,2629.0,0.0,0.0,0.0,0.0,0.0,0.0,0.0,0.0,0.0,0.0,0.0,0.0,0.0,0.0,0.0
20220601,6,8회지방선거_기초의원지역구,인천광역시,미추홀구,미추홀구나선거구,83961,35919,32843,3076,5796.0,4551.0,0.0,0.0,0.0,0.0,0.0,0.0,0.0,0.0,0.0,0.0,0.0,0.0,0.0,0.0,0.0,0.0
20220601,6,8회지방선거_기초의원지역구,인천광역시,미추홀구,미추홀구다선거구,95341,41749,37491,4258,4263.0,7690.0,0.0,0.0,0.0,0.0,0.0,0.0,0.0,0.0,0.0,0.0,0.0,0.0,0.0,0.0,0.0,0.0
20220601,6,8회지방선거_기초의원지역구,인천광역시,미추홀구,미추홀구라선거구,92964,43627,40769,2858,4603.0,4479.0,2636.0,0.0,218.0,0.0,0.0,0.0,0.0,0.0,0.0,0.0,0.0,0.0,0.0,0.0,0.0,0.0
20220601,6,8회지방선거_기초의원지역구,인천광역시,연수구,연수구가선거구,56910,26555,25592,963,10728.0,3876.0,0.0,0.0,0.0,0.0,0.0,0.0,0.0,0.0,0.0,0.0,0.0,0.0,0.0,0.0,0.0,0.0
20220601,6,8회지방선거_기초의원지역구,인천광역시,연수구,연수구나선거구,63113,33179,30360,2819,5596.0,5387.0,0.0,0.0,0.0,0.0,0.0,0.0,0.0,0.0,0.0,0.0,0.0,0.0,0.0,0.0,0.0,0.0
20220601,6,8회지방선거_기초의원지역구,인천광역시,연수구,연수구마선거구,76308,40105,37929,2176,4792.0,5599.0,3621.0,0.0,497.0,0.0,0.0,0.0,0.0,0.0,0.0,0.0,0.0,0.0,0.0,0.0,0.0,0.0
20220601,6,8회지방선거_기초의원지역구,인천광역시,남동구,남동구나선거구,71568,30682,27632,3050,4493.0,3731.0,0.0,0.0,0.0,0.0,0.0,0.0,0.0,0.0,0.0,0.0,0.0,0.0,0.0,0.0,0.0,0.0
20220601,6,8회지방선거_기초의원지역구,인천광역시,남동구,남동구다선거구,87410,42763,40308,2455,5963.0,5264.0,0.0,0.0,0.0,0.0,0.0,3254.0,0.0,0.0,0.0,0.0,0.0,0.0,0.0,0.0,0.0,0.0
20220601,6,8회지방선거_기초의원지역구,인천광역시,남동구,남동구라선거구,72131,35875,33572,2303,4829.0,3281.0,2440.0,0.0,0.0,0.0,0.0,0.0,0.0,0.0,0.0,0.0,0.0,0.0,0.0,0.0,0.0,0.0
20220601,6,8회지방선거_기초의원지역구,인천광역시,남동구,남동구마선거구,83849,42341,39688,2653,5196.0,6630.0,3702.0,0.0,0.0,0.0,0.0,0.0,0.0,0.0,0.0,0.0,95.0,0.0,0.0,0.0,0.0,0.0
20220601,6,8회지방선거_기초의원지역구,인천광역시,부평구,부평구나선거구,80774,33560,30198,3362,4074.0,5967.0,0.0,0.0,0.0,0.0,0.0,0.0,0.0,0.0,0.0,0.0,0.0,0.0,0.0,0.0,0.0,0.0
20220601,6,8회지방선거_기초의원지역구,인천광역시,부평구,부평구다선거구,79545,39300,35564,3736,5503.0,4522.0,0.0,0.0,0.0,0.0,0.0,0.0,0.0,0.0,0.0,0.0,0.0,0.0,0.0,0.0,0.0,0.0
20220601,6,8회지방선거_기초의원지역구,인천광역시,부평구,부평구라선거구,73120,36437,34022,2415,4362.0,3285.0,3331.0,0.0,0.0,0.0,0.0,0.0,0.0,0.0,0.0,0.0,0.0,0.0,0.0,0.0,0.0,0.0
20220601,6,8회지방선거_기초의원지역구,인천광역시,부평구,부평구바선거구,67119,35965,33591,2374,5139.0,3645.0,4192.0,0.0,0.0,0.0,0.0,0.0,0.0,0.0,0.0,0.0,0.0,0.0,0.0,0.0,0.0,0.0
20220601,6,8회지방선거_기초의원지역구,인천광역시,계양구,계양구라선거구,88034,53978,51065,2913,7108.0,6749.0,4294.0,0.0,0.0,0.0,0.0,0.0,0.0,0.0,0.0,0.0,0.0,0.0,0.0,0.0,0.0,0.0
20220601,6,8회지방선거_기초의원지역구,인천광역시,서구,서구가선거구,60929,29775,28090,1685,3656.0,2580.0,0.0,0.0,1281.0,0.0,0.0,0.0,0.0,0.0,0.0,0.0,0.0,0.0,0.0,0.0,0.0,0.0
20220601,6,8회지방선거_기초의원지역구,인천광역시,서구,서구나선거구,96959,44972,40639,4333,7570.0,4720.0,0.0,0.0,0.0,0.0,0.0,0.0,0.0,0.0,0.0,0.0,0.0,0.0,0.0,0.0,0.0,0.0
20220601,6,8회지방선거_기초의원지역구,인천광역시,서구,서구다선거구,68516,32713,30818,1895,3869.0,4149.0,0.0,0.0,1397.0,0.0,0.0,0.0,0.0,0.0,0.0,0.0,0.0,0.0,0.0,0.0,0.0,0.0
20220601,6,8회지방선거_기초의원지역구,인천광역시,서구,서구라선거구,74001,32188,29493,2695,5435.0,4257.0,0.0,0.0,0.0,0.0,0.0,0.0,0.0,0.0,0.0,0.0,0.0,0.0,0.0,0.0,0.0,0.0
20220601,6,8회지방선거_기초의원지역구,인천광역시,서구,서구마선거구,86631,40635,38328,2307,6944.0,3068.0,0.0,0.0,581.0,0.0,0.0,0.0,0.0,0.0,0.0,0.0,0.0,0.0,0.0,0.0,0.0,0.0
20220601,6,8회지방선거_기초의원지역구,인천광역시,서구,서구바선거구,85218,38025,36184,1841,7272.0,1536.0,1976.0,0.0,0.0,0.0,0.0,0.0,0.0,0.0,0.0,0.0,0.0,0.0,0.0,0.0,0.0,0.0
20220601,6,8회지방선거_기초의원지역구,인천광역시,강화군,강화군가선거구,31025,19018,17875,1143,2081.0,3817.0,0.0,0.0,0.0,0.0,0.0,0.0,0.0,0.0,0.0,0.0,0.0,0.0,0.0,0.0,0.0,0.0
20220601,6,8회지방선거_기초의원지역구,인천광역시,강화군,강화군나선거구,32122,20068,19048,1020,5231.0,2702.0,0.0,0.0,370.0,0.0,0.0,0.0,0.0,0.0,0.0,0.0,0.0,0.0,0.0,0.0,0.0,0.0
20220601,6,8회지방선거_기초의원지역구,인천광역시,옹진군,옹진군가선거구,5749,4013,3742,271,1053.0,678.0,0.0,0.0,895.0,0.0,0.0,0.0,0.0,0.0,0.0,0.0,0.0,0.0,0.0,0.0,0.0,0.0
20220601,6,8회지방선거_기초의원지역구,인천광역시,옹진군,옹진군다선거구,5835,3949,3735,214,1089.0,502.0,0.0,0.0,1141.0,0.0,0.0,0.0,0.0,0.0,0.0,0.0,0.0,0.0,0.0,0.0,0.0,0.0
20220601,6,8회지방선거_기초의원지역구,광주광역시,동구,동구가선거구,42662,17677,17131,546,2451.0,2419.0,0.0,0.0,0.0,0.0,0.0,3192.0,0.0,0.0,0.0,0.0,0.0,0.0,0.0,0.0,0.0,0.0
20220601,6,8회지방선거_기초의원지역구,광주광역시,동구,동구나선거구,47593,20696,19947,749,2829.0,0.0,0.0,0.0,3574.0,0.0,0.0,3104.0,0.0,0.0,0.0,0.0,0.0,0.0,0.0,0.0,0.0,0.0
20220601,6,8회지방선거_기초의원지역구,광주광역시,서구,서구가선거구,52076,20534,19736,798,4213.0,0.0,2594.0,0.0,2743.0,0.0,0.0,0.0,0.0,0.0,0.0,0.0,0.0,0.0,0.0,0.0,0.0,0.0
20220601,6,8회지방선거_기초의원지역구,광주광역시,서구,서구나선거구,76127,29252,27373,1879,5848.0,0.0,0.0,0.0,0.0,0.0,0.0,6652.0,0.0,0.0,0.0,0.0,0.0,0.0,0.0,0.0,0.0,0.0
20220601,6,8회지방선거_기초의원지역구,광주광역시,서구,서구다선거구,52016,21376,20077,1299,6423.0,0.0,3403.0,0.0,0.0,0.0,0.0,2314.0,0.0,0.0,0.0,0.0,0.0,0.0,0.0,0.0,0.0,0.0
20220601,6,8회지방선거_기초의원지역구,광주광역시,서구,서구라선거구,66622,26768,25847,921,2718.0,1985.0,1965.0,0.0,3998.0,0.0,0.0,3224.0,0.0,0.0,0.0,0.0,0.0,57.0,0.0,0.0,0.0,0.0
20220601,6,8회지방선거_기초의원지역구,광주광역시,남구,남구가선거구,58966,22065,21200,865,5587.0,0.0,0.0,1098.0,2198.0,0.0,0.0,0.0,0.0,0.0,0.0,0.0,0.0,0.0,0.0,0.0,0.0,0.0
20220601,6,8회지방선거_기초의원지역구,광주광역시,남구,남구나선거구,81231,32695,31798,897,4288.0,3806.0,0.0,0.0,2211.0,0.0,0.0,3182.0,0.0,0.0,0.0,0.0,0.0,0.0,0.0,0.0,0.0,0.0
20220601,6,8회지방선거_기초의원지역구,광주광역시,남구,남구다선거구,39961,16736,16158,578,2219.0,0.0,0.0,0.0,4277.0,0.0,0.0,0.0,0.0,0.0,0.0,0.0,0.0,0.0,0.0,0.0,0.0,0.0
20220601,6,8회지방선거_기초의원지역구,광주광역시,북구,북구가선거구,40172,14816,14144,672,2221.0,0.0,0.0,0.0,2371.0,0.0,0.0,0.0,0.0,0.0,0.0,0.0,0.0,0.0,0.0,0.0,0.0,0.0
20220601,6,8회지방선거_기초의원지역구,광주광역시,북구,북구나선거구,57089,21798,20974,824,4862.0,0.0,0.0,0.0,346.0,0.0,0.0,2975.0,0.0,0.0,0.0,0.0,0.0,0.0,0.0,0.0,0.0,0.0
20220601,6,8회지방선거_기초의원지역구,광주광역시,북구,북구다선거구,58321,23021,22142,879,4011.0,2000.0,0.0,0.0,4549.0,0.0,0.0,0.0,0.0,0.0,0.0,0.0,0.0,0.0,0.0,0.0,0.0,0.0
20220601,6,8회지방선거_기초의원지역구,광주광역시,북구,북구라선거구,80352,31087,30150,937,3906.0,3580.0,0.0,0.0,0.0,0.0,0.0,4140.0,0.0,0.0,0.0,0.0,0.0,0.0,0.0,0.0,0.0,0.0
20220601,6,8회지방선거_기초의원지역구,광주광역시,북구,북구마선거구,56619,22977,22180,797,4387.0,0.0,0.0,0.0,3960.0,0.0,0.0,2931.0,0.0,0.0,0.0,0.0,0.0,0.0,0.0,0.0,0.0,0.0
20220601,6,8회지방선거_기초의원지역구,광주광역시,북구,북구바선거구,70669,24148,23477,671,3311.0,2512.0,0.0,0.0,2004.0,0.0,0.0,1806.0,0.0,0.0,0.0,0.0,0.0,0.0,0.0,0.0,0.0,0.0
20220601,6,8회지방선거_기초의원지역구,광주광역시,광산구,광산구가선거구,63644,23315,22542,773,1197.0,1698.0,0.0,0.0,2585.0,0.0,0.0,6200.0,0.0,0.0,0.0,0.0,0.0,0.0,0.0,0.0,0.0,0.0
20220601,6,8회지방선거_기초의원지역구,광주광역시,광산구,광산구나선거구,77143,26506,25566,940,4461.0,0.0,1883.0,0.0,1133.0,0.0,0.0,3817.0,0.0,0.0,0.0,0.0,0.0,0.0,0.0,0.0,0.0,0.0
20220601,6,8회지방선거_기초의원지역구,광주광역시,광산구,광산구다선거구,58611,19383,18483,900,2580.0,0.0,2801.0,0.0,0.0,0.0,0.0,3387.0,0.0,0.0,0.0,0.0,0.0,0.0,0.0,0.0,0.0,0.0
20220601,6,8회지방선거_기초의원지역구,광주광역시,광산구,광산구라선거구,47887,15433,14774,659,3006.0,0.0,0.0,0.0,0.0,0.0,0.0,3463.0,0.0,0.0,0.0,0.0,0.0,0.0,0.0,0.0,0.0,0.0
20220601,6,8회지방선거_기초의원지역구,광주광역시,광산구,광산구마선거구,79125,24186,23242,944,1981.0,0.0,3798.0,0.0,2024.0,0.0,0.0,0.0,0.0,0.0,0.0,0.0,0.0,0.0,0.0,0.0,0.0,0.0
20220601,6,8회지방선거_기초의원지역구,대전광역시,동구,동구가선거구,73365,36828,34253,2575,2483.0,4563.0,0.0,0.0,0.0,0.0,0.0,0.0,0.0,0.0,0.0,0.0,0.0,0.0,0.0,0.0,0.0,0.0
20220601,6,8회지방선거_기초의원지역구,대전광역시,동구,동구나선거구,62144,31357,28262,3095,4648.0,4043.0,0.0,0.0,0.0,0.0,0.0,0.0,0.0,0.0,0.0,0.0,0.0,0.0,0.0,0.0,0.0,0.0
20220601,6,8회지방선거_기초의원지역구,대전광역시,중구,중구가선거구,55551,25625,22966,2659,4930.0,3454.0,0.0,0.0,0.0,0.0,0.0,0.0,0.0,0.0,0.0,0.0,0.0,0.0,0.0,0.0,0.0,0.0
20220601,6,8회지방선거_기초의원지역구,대전광역시,중구,중구나선거구,73102,39295,36385,2910,5411.0,7901.0,0.0,0.0,0.0,0.0,0.0,0.0,0.0,0.0,0.0,0.0,0.0,0.0,0.0,0.0,0.0,0.0
20220601,6,8회지방선거_기초의원지역구,대전광역시,중구,중구다선거구,71241,35403,31986,3417,4791.0,4958.0,0.0,0.0,0.0,0.0,0.0,0.0,0.0,0.0,0.0,0.0,0.0,0.0,0.0,0.0,0.0,0.0
20220601,6,8회지방선거_기초의원지역구,대전광역시,서구,서구가선거구,61124,29640,26179,3461,5375.0,4360.0,0.0,0.0,0.0,0.0,0.0,0.0,0.0,0.0,0.0,0.0,0.0,0.0,0.0,0.0,0.0,0.0
20220601,6,8회지방선거_기초의원지역구,대전광역시,서구,서구나선거구,60965,27603,25821,1782,4303.0,4025.0,0.0,0.0,0.0,0.0,0.0,1024.0,0.0,0.0,0.0,0.0,0.0,0.0,0.0,0.0,0.0,0.0
20220601,6,8회지방선거_기초의원지역구,대전광역시,서구,서구다선거구,91323,43431,40658,2773,6520.0,5519.0,3749.0,0.0,0.0,0.0,0.0,0.0,0.0,0.0,0.0,0.0,0.0,0.0,0.0,0.0,0.0,0.0
20220601,6,8회지방선거_기초의원지역구,대전광역시,서구,서구라선거구,76243,31630,28059,3571,3603.0,4154.0,0.0,0.0,0.0,0.0,0.0,0.0,0.0,0.0,0.0,0.0,0.0,0.0,0.0,0.0,0.0,0.0
20220601,6,8회지방선거_기초의원지역구,대전광역시,서구,서구마선거구,57798,32534,29411,3123,4282.0,3720.0,0.0,0.0,0.0,0.0,0.0,0.0,0.0,0.0,0.0,0.0,0.0,0.0,0.0,0.0,0.0,0.0
20220601,6,8회지방선거_기초의원지역구,대전광역시,유성구,유성구가선거구,77057,39270,36963,2307,6947.0,7527.0,0.0,0.0,0.0,0.0,0.0,1722.0,0.0,0.0,0.0,0.0,0.0,0.0,0.0,0.0,0.0,0.0
20220601,6,8회지방선거_기초의원지역구,대전광역시,유성구,유성구나선거구,76535,37642,35395,2247,4713.0,7289.0,0.0,0.0,1135.0,0.0,0.0,1076.0,0.0,0.0,0.0,0.0,0.0,0.0,0.0,0.0,0.0,0.0
20220601,6,8회지방선거_기초의원지역구,대전광역시,유성구,유성구다선거구,69081,37776,34359,3417,7133.0,6056.0,0.0,0.0,0.0,0.0,0.0,0.0,0.0,0.0,0.0,0.0,0.0,0.0,0.0,0.0,0.0,0.0
20220601,6,8회지방선거_기초의원지역구,대전광역시,유성구,유성구라선거구,67307,34855,33064,1791,3989.0,6405.0,3946.0,0.0,0.0,0.0,0.0,0.0,0.0,0.0,0.0,0.0,0.0,0.0,0.0,0.0,0.0,0.0
20220601,6,8회지방선거_기초의원지역구,대전광역시,대덕구,대덕구가선거구,44585,23089,21931,1158,8276.0,10896.0,0.0,0.0,1927.0,0.0,0.0,832.0,0.0,0.0,0.0,0.0,0.0,0.0,0.0,0.0,0.0,0.0
20220601,6,8회지방선거_기초의원지역구,대전광역시,대덕구,대덕구나선거구,54327,26506,23348,3158,4453.0,2954.0,0.0,0.0,0.0,0.0,0.0,0.0,0.0,0.0,0.0,0.0,0.0,0.0,0.0,0.0,0.0,0.0
20220601,6,8회지방선거_기초의원지역구,울산광역시,중구,중구나선거구,35670,19497,18614,883,4713.0,2656.0,0.0,0.0,0.0,0.0,0.0,3794.0,0.0,0.0,0.0,0.0,0.0,0.0,0.0,0.0,0.0,0.0
20220601,6,8회지방선거_기초의원지역구,울산광역시,중구,중구다선거구,62602,35328,31891,3437,3781.0,6885.0,0.0,0.0,0.0,0.0,0.0,0.0,0.0,0.0,0.0,0.0,0.0,0.0,0.0,0.0,0.0,0.0
20220601,6,8회지방선거_기초의원지역구,울산광역시,중구,중구라선거구,30674,16891,16271,620,6184.0,3962.0,0.0,0.0,0.0,0.0,0.0,0.0,0.0,0.0,0.0,0.0,0.0,0.0,0.0,0.0,0.0,0.0
20220601,6,8회지방선거_기초의원지역구,울산광역시,남구,남구가선거구,58328,29298,28724,574,3231.0,19054.0,0.0,0.0,0.0,0.0,0.0,0.0,0.0,0.0,0.0,0.0,0.0,0.0,0.0,0.0,0.0,0.0
20220601,6,8회지방선거_기초의원지역구,울산광역시,남구,남구나선거구,38973,21360,19194,2166,1933.0,5607.0,0.0,0.0,0.0,0.0,0.0,0.0,0.0,0.0,0.0,0.0,0.0,0.0,0.0,0.0,0.0,0.0
20220601,6,8회지방선거_기초의원지역구,울산광역시,남구,남구다선거구,45447,23567,22773,794,8658.0,4883.0,0.0,0.0,0.0,0.0,0.0,0.0,0.0,0.0,0.0,0.0,0.0,0.0,0.0,0.0,0.0,0.0
20220601,6,8회지방선거_기초의원지역구,울산광역시,남구,남구라선거구,50982,23011,22256,755,3377.0,12734.0,0.0,0.0,0.0,0.0,0.0,0.0,0.0,0.0,0.0,0.0,0.0,0.0,0.0,0.0,0.0,0.0
20220601,6,8회지방선거_기초의원지역구,울산광역시,남구,남구마선거구,37864,19076,17045,2031,2336.0,3949.0,0.0,0.0,0.0,0.0,0.0,0.0,0.0,0.0,0.0,0.0,0.0,0.0,0.0,0.0,0.0,0.0
20220601,6,8회지방선거_기초의원지역구,울산광역시,동구,동구가선거구,58996,30041,29137,904,3139.0,12414.0,0.0,0.0,799.0,0.0,0.0,6934.0,0.0,0.0,0.0,0.0,0.0,0.0,0.0,0.0,0.0,0.0
20220601,6,8회지방선거_기초의원지역구,울산광역시,동구,동구나선거구,34417,20688,20130,558,1754.0,8632.0,0.0,0.0,2149.0,0.0,0.0,0.0,0.0,0.0,0.0,0.0,0.0,0.0,2993.0,0.0,0.0,0.0
20220601,6,8회지방선거_기초의원지역구,울산광역시,동구,동구다선거구,33956,20087,19373,714,5465.0,10134.0,0.0,0.0,1098.0,0.0,0.0,0.0,0.0,0.0,0.0,0.0,0.0,0.0,2676.0,0.0,0.0,0.0
20220601,6,8회지방선거_기초의원지역구,울산광역시,북구,북구가선거구,58476,30281,29485,796,12330.0,14137.0,3018.0,0.0,0.0,0.0,0.0,0.0,0.0,0.0,0.0,0.0,0.0,0.0,0.0,0.0,0.0,0.0
20220601,6,8회지방선거_기초의원지역구,울산광역시,북구,북구나선거구,62295,30723,28566,2157,4561.0,3582.0,0.0,0.0,471.0,0.0,0.0,3605.0,0.0,0.0,0.0,0.0,0.0,0.0,0.0,0.0,0.0,0.0
20220601,6,8회지방선거_기초의원지역구,울산광역시,북구,북구다선거구,55013,27499,25803,1696,2394.0,4567.0,0.0,0.0,0.0,0.0,0.0,4661.0,0.0,0.0,0.0,0.0,0.0,0.0,0.0,0.0,0.0,0.0
20220601,6,8회지방선거_기초의원지역구,울산광역시,울주군,울주군가선거구,72952,35572,32530,3042,2091.0,4819.0,0.0,0.0,0.0,0.0,0.0,0.0,0.0,0.0,0.0,0.0,0.0,0.0,0.0,0.0,0.0,0.0
20220601,6,8회지방선거_기초의원지역구,울산광역시,울주군,울주군나선거구,60122,32562,30612,1950,2284.0,3989.0,0.0,0.0,2623.0,0.0,0.0,0.0,0.0,0.0,0.0,0.0,0.0,0.0,0.0,0.0,0.0,0.0
20220601,6,8회지방선거_기초의원지역구,울산광역시,울주군,울주군다선거구,55977,31233,30264,969,13950.0,2389.0,0.0,0.0,0.0,0.0,0.0,0.0,0.0,0.0,0.0,0.0,0.0,0.0,0.0,0.0,0.0,0.0
20220601,6,8회지방선거_기초의원지역구,경기도,수원시장안구,수원시가선거구,58092,28002,27091,911,12426.0,14167.0,0.0,0.0,498.0,0.0,0.0,0.0,0.0,0.0,0.0,0.0,0.0,0.0,0.0,0.0,0.0,0.0
20220601,6,8회지방선거_기초의원지역구,경기도,수원시장안구,수원시다선거구,87726,49063,46590,2473,6127.0,6893.0,0.0,0.0,0.0,0.0,0.0,3689.0,0.0,0.0,0.0,0.0,0.0,0.0,0.0,0.0,0.0,0.0
20220601,6,8회지방선거_기초의원지역구,경기도,수원시권선구,수원시라선거구,105546,52788,49359,3429,8894.0,9090.0,0.0,0.0,627.0,0.0,0.0,0.0,0.0,0.0,0.0,0.0,0.0,0.0,0.0,0.0,0.0,0.0
20220601,6,8회지방선거_기초의원지역구,경기도,수원시권선구,수원시마선거구,107195,54616,51603,3013,4346.0,4526.0,0.0,0.0,0.0,0.0,0.0,9052.0,0.0,0.0,0.0,0.0,0.0,0.0,0.0,0.0,0.0,0.0
20220601,6,8회지방선거_기초의원지역구,경기도,수원시팔달구,수원시바선거구,75362,38178,36644,1534,18018.0,6316.0,0.0,0.0,0.0,0.0,0.0,0.0,0.0,0.0,0.0,0.0,0.0,0.0,0.0,0.0,0.0,0.0
20220601,6,8회지방선거_기초의원지역구,경기도,수원시팔달구,수원시사선거구,88724,41066,38470,2596,5261.0,6167.0,0.0,0.0,1437.0,0.0,0.0,0.0,0.0,0.0,0.0,0.0,0.0,0.0,0.0,0.0,0.0,0.0
20220601,6,8회지방선거_기초의원지역구,경기도,수원시영통구,수원시아선거구,76503,39309,36913,2396,5889.0,7423.0,2602.0,0.0,1237.0,0.0,0.0,0.0,0.0,0.0,0.0,0.0,0.0,0.0,0.0,0.0,0.0,0.0
20220601,6,8회지방선거_기초의원지역구,경기도,수원시권선구,수원시카선거구,70578,30845,29587,1258,13682.0,14969.0,0.0,0.0,936.0,0.0,0.0,0.0,0.0,0.0,0.0,0.0,0.0,0.0,0.0,0.0,0.0,0.0
20220601,6,8회지방선거_기초의원지역구,경기도,수원시권선구,수원시타선거구,69088,35516,33487,2029,6603.0,15307.0,0.0,0.0,411.0,0.0,0.0,0.0,0.0,0.0,0.0,0.0,0.0,0.0,0.0,0.0,0.0,0.0
20220601,6,8회지방선거_기초의원지역구,경기도,수원시영통구,수원시파선거구,94443,50776,48519,2257,8253.0,9538.0,2016.0,0.0,0.0,0.0,0.0,0.0,0.0,0.0,0.0,0.0,0.0,0.0,0.0,0.0,0.0,0.0
20220601,6,8회지방선거_기초의원지역구,경기도,용인시처인구,용인시가선거구,119068,55054,49486,5568,8894.0,4808.0,0.0,0.0,0.0,0.0,0.0,0.0,0.0,0.0,0.0,0.0,0.0,0.0,0.0,0.0,0.0,0.0
20220601,6,8회지방선거_기초의원지역구,경기도,용인시처인구,용인시나선거구,58979,28369,26482,1887,5277.0,3793.0,0.0,0.0,391.0,0.0,0.0,0.0,0.0,0.0,0.0,0.0,0.0,0.0,0.0,0.0,0.0,0.0
20220601,6,8회지방선거_기초의원지역구,경기도,용인시기흥구,용인시라선거구,111040,58385,53028,5357,11193.0,7802.0,0.0,0.0,0.0,0.0,0.0,0.0,0.0,0.0,0.0,0.0,0.0,0.0,0.0,0.0,0.0,0.0
20220601,6,8회지방선거_기초의원지역구,경기도,용인시기흥구,용인시마선거구,46600,24898,24294,604,12059.0,11746.0,0.0,0.0,489.0,0.0,0.0,0.0,0.0,0.0,0.0,0.0,0.0,0.0,0.0,0.0,0.0,0.0
20220601,6,8회지방선거_기초의원지역구,경기도,용인시기흥구,용인시바선거구,68373,37254,36086,1168,5214.0,17786.0,0.0,0.0,0.0,0.0,0.0,0.0,0.0,0.0,0.0,0.0,0.0,0.0,0.0,0.0,0.0,0.0
20220601,6,8회지방선거_기초의원지역구,경기도,용인시수지구,용인시자선거구,114663,68128,61580,6548,8910.0,8978.0,0.0,0.0,0.0,0.0,0.0,0.0,0.0,0.0,0.0,0.0,0.0,0.0,0.0,0.0,0.0,0.0
20220601,6,8회지방선거_기초의원지역구,경기도,용인시기흥구,용인시차선거구,106593,60931,57545,3386,10648.0,10247.0,0.0,0.0,0.0,0.0,0.0,1029.0,0.0,0.0,0.0,0.0,0.0,0.0,0.0,0.0,0.0,0.0
20220601,6,8회지방선거_기초의원지역구,경기도,용인시기흥구,용인시카선거구,102213,59704,56565,3139,8097.0,4722.0,1371.0,0.0,318.0,0.0,0.0,0.0,0.0,0.0,0.0,0.0,0.0,0.0,0.0,0.0,0.0,0.0
20220601,6,8회지방선거_기초의원지역구,경기도,고양시덕양구,고양시가선거구,64870,33630,32191,1439,14118.0,13889.0,4184.0,0.0,0.0,0.0,0.0,0.0,0.0,0.0,0.0,0.0,0.0,0.0,0.0,0.0,0.0,0.0
20220601,6,8회지방선거_기초의원지역구,경기도,고양시덕양구,고양시나선거구,76520,35567,33457,2110,3321.0,4208.0,3028.0,0.0,0.0,0.0,0.0,0.0,0.0,0.0,0.0,0.0,0.0,0.0,0.0,0.0,0.0,0.0
20220601,6,8회지방선거_기초의원지역구,경기도,고양시덕양구,고양시다선거구,60246,33783,33322,461,13755.0,14870.0,4444.0,0.0,253.0,0.0,0.0,0.0,0.0,0.0,0.0,0.0,0.0,0.0,0.0,0.0,0.0,0.0
20220601,6,8회지방선거_기초의원지역구,경기도,고양시덕양구,고양시라선거구,96535,51024,48614,2410,4480.0,8626.0,5452.0,0.0,0.0,0.0,0.0,0.0,0.0,0.0,0.0,0.0,0.0,0.0,0.0,0.0,0.0,0.0
20220601,6,8회지방선거_기초의원지역구,경기도,고양시덕양구,고양시마선거구,104750,56490,52858,3632,8993.0,6081.0,3290.0,0.0,0.0,0.0,0.0,1193.0,0.0,0.0,0.0,0.0,0.0,0.0,0.0,0.0,0.0,0.0
20220601,6,8회지방선거_기초의원지역구,경기도,고양시덕양구,고양시바선거구,58854,30500,28969,1531,3489.0,13906.0,0.0,0.0,0.0,0.0,0.0,0.0,0.0,0.0,0.0,0.0,0.0,0.0,0.0,0.0,0.0,0.0
20220601,6,8회지방선거_기초의원지역구,경기도,고양시일산동구,고양시사선거구,84583,41673,39517,2156,4953.0,7701.0,0.0,0.0,2635.0,0.0,0.0,0.0,0.0,0.0,0.0,0.0,0.0,0.0,0.0,0.0,0.0,0.0
20220601,6,8회지방선거_기초의원지역구,경기도,고양시일산동구,고양시아선거구,76911,39560,35912,3648,8221.0,6727.0,0.0,0.0,0.0,0.0,0.0,0.0,0.0,0.0,0.0,0.0,0.0,0.0,0.0,0.0,0.0,0.0
20220601,6,8회지방선거_기초의원지역구,경기도,고양시일산서구,고양시카선거구,47820,27493,26461,1032,3465.0,12901.0,0.0,0.0,0.0,0.0,0.0,0.0,0.0,0.0,0.0,0.0,0.0,0.0,0.0,0.0,0.0,0.0
20220601,6,8회지방선거_기초의원지역구,경기도,고양시일산서구,고양시타선거구,59731,32510,31129,1381,15154.0,2600.0,0.0,0.0,0.0,0.0,0.0,0.0,0.0,0.0,0.0,0.0,0.0,0.0,0.0,0.0,0.0,0.0
20220601,6,8회지방선거_기초의원지역구,경기도,고양시일산서구,고양시파선거구,60480,31548,30525,1023,4942.0,15244.0,0.0,0.0,0.0,0.0,0.0,0.0,0.0,0.0,0.0,0.0,0.0,0.0,0.0,0.0,0.0,0.0
20220601,6,8회지방선거_기초의원지역구,경기도,성남시수정구,성남시나선거구,41355,22397,21524,873,10319.0,4208.0,0.0,0.0,0.0,0.0,0.0,0.0,0.0,0.0,0.0,0.0,0.0,0.0,0.0,0.0,0.0,0.0
20220601,6,8회지방선거_기초의원지역구,경기도,성남시수정구,성남시다선거구,52350,25198,23724,1474,12067.0,1724.0,0.0,0.0,3343.0,0.0,0.0,0.0,0.0,0.0,0.0,0.0,0.0,0.0,0.0,0.0,0.0,0.0
20220601,6,8회지방선거_기초의원지역구,경기도,성남시수정구,성남시라선거구,60402,32626,31270,1356,14107.0,4361.0,0.0,0.0,0.0,0.0,0.0,1882.0,0.0,0.0,0.0,0.0,0.0,0.0,0.0,0.0,0.0,0.0
20220601,6,8회지방선거_기초의원지역구,경기도,성남시중원구,성남시마선거구,44857,21261,20251,1010,3217.0,8527.0,0.0,0.0,0.0,0.0,0.0,0.0,0.0,0.0,0.0,0.0,0.0,0.0,0.0,0.0,0.0,0.0
20220601,6,8회지방선거_기초의원지역구,경기도,성남시중원구,성남시사선거구,69429,35459,32791,2668,4852.0,7158.0,0.0,0.0,189.0,0.0,0.0,2749.0,0.0,0.0,0.0,0.0,0.0,0.0,0.0,0.0,0.0,0.0
20220601,6,8회지방선거_기초의원지역구,경기도,성남시분당구,성남시아선거구,51348,33275,32388,887,12799.0,5508.0,0.0,0.0,0.0,0.0,0.0,0.0,0.0,0.0,0.0,0.0,0.0,0.0,0.0,0.0,0.0,0.0
20220601,6,8회지방선거_기초의원지역구,경기도,성남시분당구,성남시자선거구,53271,33486,32495,991,13176.0,19163.0,0.0,0.0,0.0,156.0,0.0,0.0,0.0,0.0,0.0,0.0,0.0,0.0,0.0,0.0,0.0,0.0
20220601,6,8회지방선거_기초의원지역구,경기도,성남시분당구,성남시카선거구,68503,43971,42997,974,17859.0,5358.0,2093.0,0.0,0.0,0.0,0.0,0.0,0.0,0.0,0.0,0.0,0.0,0.0,0.0,0.0,0.0,0.0
20220601,6,8회지방선거_기초의원지역구,경기도,성남시분당구,성남시타선거구,86151,51780,49149,2631,5081.0,5333.0,3048.0,0.0,380.0,0.0,0.0,0.0,0.0,0.0,0.0,0.0,0.0,0.0,0.0,867.0,0.0,0.0
20220601,6,8회지방선거_기초의원지역구,경기도,성남시분당구,성남시파선거구,48488,28808,28077,731,10171.0,3443.0,0.0,0.0,0.0,0.0,0.0,0.0,0.0,0.0,0.0,0.0,0.0,0.0,0.0,0.0,0.0,0.0
20220601,6,8회지방선거_기초의원지역구,경기도,화성시,화성시가선거구,100088,42066,39198,2868,6437.0,7031.0,0.0,0.0,535.0,0.0,0.0,0.0,0.0,0.0,0.0,0.0,0.0,0.0,0.0,0.0,0.0,0.0
20220601,6,8회지방선거_기초의원지역구,경기도,화성시,화성시나선거구,116730,53875,50184,3691,5412.0,6334.0,0.0,0.0,3829.0,0.0,0.0,0.0,0.0,0.0,0.0,0.0,0.0,0.0,0.0,0.0,0.0,0.0
20220601,6,8회지방선거_기초의원지역구,경기도,화성시,화성시라선거구,103757,52779,49819,2960,10113.0,5964.0,0.0,0.0,812.0,0.0,0.0,0.0,0.0,0.0,0.0,0.0,0.0,0.0,0.0,0.0,0.0,0.0
20220601,6,8회지방선거_기초의원지역구,경기도,화성시,화성시마선거구,88026,43090,39346,3744,9738.0,3446.0,0.0,0.0,0.0,0.0,0.0,0.0,0.0,0.0,0.0,0.0,0.0,0.0,0.0,0.0,0.0,0.0
20220601,6,8회지방선거_기초의원지역구,경기도,화성시,화성시바선거구,94759,43675,41096,2579,8064.0,5177.0,0.0,0.0,1668.0,0.0,0.0,0.0,0.0,0.0,0.0,0.0,0.0,0.0,0.0,0.0,0.0,0.0
20220601,6,8회지방선거_기초의원지역구,경기도,화성시,화성시사선거구,85587,38753,35310,3443,6307.0,7454.0,0.0,0.0,0.0,0.0,0.0,0.0,0.0,0.0,0.0,0.0,0.0,0.0,0.0,0.0,0.0,0.0
20220601,6,8회지방선거_기초의원지역구,경기도,부천시,부천시가선거구,79200,37863,35515,2348,5177.0,6163.0,1134.0,0.0,0.0,0.0,0.0,0.0,0.0,0.0,0.0,0.0,0.0,0.0,0.0,0.0,0.0,0.0
20220601,6,8회지방선거_기초의원지역구,경기도,부천시,부천시나선거구,58772,24790,23572,1218,12512.0,1539.0,0.0,0.0,0.0,0.0,0.0,0.0,0.0,0.0,0.0,0.0,0.0,0.0,0.0,0.0,0.0,0.0
20220601,6,8회지방선거_기초의원지역구,경기도,부천시,부천시다선거구,35642,18383,17366,1017,8678.0,3358.0,0.0,0.0,0.0,0.0,0.0,0.0,0.0,0.0,0.0,0.0,0.0,0.0,0.0,0.0,0.0,0.0
20220601,6,8회지방선거_기초의원지역구,경기도,부천시,부천시라선거구,69841,39211,35738,3473,5611.0,4157.0,0.0,0.0,0.0,0.0,0.0,0.0,0.0,0.0,0.0,0.0,0.0,0.0,0.0,0.0,0.0,0.0
20220601,6,8회지방선거_기초의원지역구,경기도,부천시,부천시마선거구,112051,58833,55506,3327,9168.0,6171.0,2197.0,0.0,0.0,0.0,0.0,0.0,0.0,0.0,0.0,0.0,0.0,0.0,0.0,0.0,0.0,0.0
20220601,6,8회지방선거_기초의원지역구,경기도,부천시,부천시바선거구,72828,35586,34657,929,16024.0,5259.0,1571.0,0.0,665.0,0.0,0.0,0.0,0.0,0.0,0.0,0.0,0.0,0.0,0.0,0.0,0.0,0.0
20220601,6,8회지방선거_기초의원지역구,경기도,부천시,부천시사선거구,50236,25352,24500,852,12623.0,8717.0,0.0,0.0,593.0,0.0,0.0,0.0,0.0,0.0,0.0,0.0,0.0,0.0,0.0,0.0,0.0,0.0
20220601,6,8회지방선거_기초의원지역구,경기도,부천시,부천시아선거구,78062,41783,37446,4337,5641.0,5008.0,0.0,0.0,0.0,0.0,0.0,0.0,0.0,0.0,0.0,0.0,0.0,0.0,0.0,0.0,0.0,0.0
20220601,6,8회지방선거_기초의원지역구,경기도,부천시,부천시자선거구,73228,33323,31019,2304,4799.0,4465.0,1477.0,0.0,0.0,0.0,0.0,0.0,0.0,0.0,0.0,0.0,0.0,0.0,0.0,0.0,0.0,0.0
20220601,6,8회지방선거_기초의원지역구,경기도,부천시,부천시차선거구,73114,32276,30661,1615,15716.0,4937.0,0.0,0.0,0.0,0.0,0.0,0.0,0.0,0.0,0.0,0.0,0.0,0.0,0.0,0.0,0.0,0.0
20220601,6,8회지방선거_기초의원지역구,경기도,남양주시,남양주시가선거구,106863,46915,43471,3444,7227.0,7647.0,958.0,0.0,0.0,0.0,0.0,0.0,0.0,0.0,0.0,0.0,0.0,0.0,0.0,0.0,0.0,0.0
20220601,6,8회지방선거_기초의원지역구,경기도,남양주시,남양주시나선거구,75314,37696,36240,1456,18812.0,16287.0,0.0,0.0,1141.0,0.0,0.0,0.0,0.0,0.0,0.0,0.0,0.0,0.0,0.0,0.0,0.0,0.0
20220601,6,8회지방선거_기초의원지역구,경기도,남양주시,남양주시라선거구,44613,19658,18644,1014,8116.0,7624.0,0.0,0.0,2904.0,0.0,0.0,0.0,0.0,0.0,0.0,0.0,0.0,0.0,0.0,0.0,0.0,0.0
20220601,6,8회지방선거_기초의원지역구,경기도,남양주시,남양주시마선거구,82073,41159,39099,2060,18696.0,4278.0,0.0,0.0,667.0,0.0,0.0,0.0,0.0,0.0,0.0,0.0,0.0,0.0,0.0,0.0,0.0,0.0
20220601,6,8회지방선거_기초의원지역구,경기도,남양주시,남양주시바선거구,105023,55755,52557,3198,11482.0,6702.0,3388.0,0.0,0.0,0.0,0.0,0.0,0.0,0.0,0.0,0.0,0.0,0.0,0.0,0.0,0.0,0.0
20220601,6,8회지방선거_기초의원지역구,경기도,남양주시,남양주시사선거구,117132,63098,58170,4928,2890.0,5083.0,0.0,0.0,1880.0,0.0,0.0,0.0,0.0,268.0,0.0,0.0,0.0,0.0,0.0,0.0,0.0,0.0
20220601,6,8회지방선거_기초의원지역구,경기도,안산시상록구,안산시가선거구,107690,50845,47984,2861,8723.0,6093.0,0.0,0.0,0.0,0.0,0.0,1974.0,0.0,0.0,0.0,0.0,0.0,0.0,0.0,0.0,0.0,0.0
20220601,6,8회지방선거_기초의원지역구,경기도,안산시상록구,안산시나선거구,70816,31716,30649,1067,14985.0,12389.0,0.0,0.0,2679.0,0.0,0.0,0.0,0.0,0.0,0.0,0.0,0.0,0.0,596.0,0.0,0.0,0.0
20220601,6,8회지방선거_기초의원지역구,경기도,안산시상록구,안산시다선거구,66386,30140,29058,1082,3732.0,12926.0,0.0,0.0,0.0,0.0,0.0,0.0,0.0,0.0,0.0,0.0,0.0,0.0,0.0,0.0,0.0,0.0
20220601,6,8회지방선거_기초의원지역구,경기도,안산시상록구,안산시라선거구,60498,26218,24955,1263,13236.0,3475.0,0.0,0.0,0.0,0.0,0.0,0.0,0.0,0.0,0.0,0.0,0.0,0.0,0.0,0.0,0.0,0.0
20220601,6,8회지방선거_기초의원지역구,경기도,안산시단원구,안산시바선거구,77037,33019,30764,2255,6891.0,4380.0,0.0,0.0,892.0,0.0,0.0,1370.0,0.0,0.0,0.0,0.0,0.0,0.0,0.0,0.0,0.0,0.0
20220601,6,8회지방선거_기초의원지역구,경기도,안산시단원구,안산시사선거구,59162,28340,25798,2542,3145.0,4637.0,0.0,0.0,0.0,0.0,0.0,0.0,0.0,0.0,0.0,0.0,0.0,0.0,0.0,0.0,0.0,0.0
20220601,6,8회지방선거_기초의원지역구,경기도,안산시단원구,안산시아선거구,66697,34645,32611,2034,5484.0,3790.0,0.0,0.0,1473.0,0.0,0.0,0.0,0.0,0.0,0.0,0.0,0.0,0.0,0.0,0.0,0.0,0.0
20220601,6,8회지방선거_기초의원지역구,경기도,평택시,평택시나선거구,61095,25878,24617,1261,3582.0,10903.0,0.0,0.0,0.0,0.0,0.0,2399.0,0.0,0.0,0.0,0.0,0.0,0.0,0.0,0.0,0.0,0.0
20220601,6,8회지방선거_기초의원지역구,경기도,평택시,평택시라선거구,70332,31538,30515,1023,4228.0,14098.0,0.0,0.0,0.0,0.0,0.0,0.0,0.0,0.0,0.0,0.0,0.0,0.0,0.0,0.0,0.0,0.0
20220601,6,8회지방선거_기초의원지역구,경기도,평택시,평택시바선거구,89000,37530,33240,4290,6042.0,3868.0,0.0,0.0,0.0,0.0,0.0,0.0,0.0,0.0,0.0,0.0,0.0,0.0,0.0,0.0,0.0,0.0
20220601,6,8회지방선거_기초의원지역구,경기도,평택시,평택시사선거구,88916,37204,33211,3993,5326.0,4159.0,0.0,0.0,0.0,0.0,0.0,0.0,0.0,0.0,0.0,0.0,0.0,0.0,0.0,0.0,0.0,0.0
20220601,6,8회지방선거_기초의원지역구,경기도,안양시만안구,안양시가선거구,56742,29709,28348,1361,6052.0,12967.0,0.0,0.0,0.0,0.0,0.0,0.0,0.0,0.0,0.0,0.0,0.0,0.0,0.0,0.0,0.0,0.0
20220601,6,8회지방선거_기초의원지역구,경기도,안양시만안구,안양시나선거구,45765,23574,21429,2145,3928.0,2271.0,0.0,0.0,0.0,0.0,0.0,0.0,0.0,0.0,0.0,0.0,0.0,0.0,0.0,0.0,0.0,0.0
20220601,6,8회지방선거_기초의원지역구,경기도,안양시만안구,안양시다선거구,50983,26548,24739,1809,5074.0,3948.0,0.0,0.0,773.0,0.0,0.0,0.0,0.0,0.0,0.0,0.0,0.0,0.0,0.0,0.0,0.0,0.0
20220601,6,8회지방선거_기초의원지역구,경기도,안양시동안구,안양시마선거구,59262,35735,34467,1268,7108.0,16219.0,0.0,0.0,0.0,0.0,0.0,0.0,0.0,0.0,0.0,0.0,0.0,0.0,0.0,0.0,0.0,0.0
20220601,6,8회지방선거_기초의원지역구,경기도,안양시동안구,안양시바선거구,80021,43916,41052,2864,7850.0,5953.0,2011.0,0.0,293.0,0.0,0.0,0.0,0.0,0.0,0.0,0.0,0.0,0.0,0.0,0.0,0.0,0.0
20220601,6,8회지방선거_기초의원지역구,경기도,안양시동안구,안양시사선거구,63923,39851,36547,3304,8115.0,10335.0,0.0,0.0,0.0,0.0,0.0,0.0,0.0,0.0,0.0,0.0,0.0,0.0,0.0,0.0,0.0,0.0
20220601,6,8회지방선거_기초의원지역구,경기도,시흥시,시흥시가선거구,115271,56342,52668,3674,9575.0,6877.0,2515.0,0.0,0.0,0.0,0.0,0.0,0.0,0.0,0.0,0.0,0.0,0.0,0.0,0.0,0.0,0.0
20220601,6,8회지방선거_기초의원지역구,경기도,시흥시,시흥시나선거구,66708,33492,32237,1255,16324.0,2574.0,0.0,0.0,0.0,0.0,0.0,0.0,0.0,0.0,0.0,0.0,0.0,0.0,0.0,0.0,0.0,0.0
20220601,6,8회지방선거_기초의원지역구,경기도,시흥시,시흥시라선거구,102657,37381,33660,3721,5418.0,2502.0,0.0,0.0,0.0,0.0,0.0,0.0,0.0,0.0,0.0,0.0,0.0,0.0,0.0,0.0,0.0,0.0
20220601,6,8회지방선거_기초의원지역구,경기도,시흥시,시흥시마선거구,91092,40328,36717,3611,6693.0,5504.0,0.0,0.0,0.0,0.0,0.0,0.0,0.0,0.0,0.0,0.0,0.0,0.0,0.0,0.0,0.0,0.0
20220601,6,8회지방선거_기초의원지역구,경기도,김포시,김포시가선거구,106927,56362,53433,2929,10714.0,7557.0,0.0,0.0,0.0,0.0,0.0,1135.0,0.0,0.0,0.0,0.0,0.0,0.0,0.0,0.0,0.0,0.0
20220601,6,8회지방선거_기초의원지역구,경기도,김포시,김포시나선거구,81722,42761,38897,3864,5104.0,7117.0,0.0,0.0,0.0,0.0,0.0,0.0,0.0,0.0,0.0,0.0,0.0,0.0,0.0,0.0,0.0,0.0
20220601,6,8회지방선거_기초의원지역구,경기도,김포시,김포시다선거구,108573,48943,44171,4772,6164.0,4151.0,0.0,0.0,0.0,0.0,0.0,0.0,0.0,0.0,0.0,0.0,0.0,0.0,0.0,0.0,0.0,0.0
20220601,6,8회지방선거_기초의원지역구,경기도,김포시,김포시라선거구,95382,47710,45054,2656,8724.0,8959.0,0.0,0.0,785.0,0.0,0.0,0.0,0.0,0.0,0.0,0.0,0.0,0.0,0.0,0.0,0.0,0.0
20220601,6,8회지방선거_기초의원지역구,경기도,파주시,파주시가선거구,78367,37353,35728,1625,15827.0,5053.0,1222.0,0.0,0.0,0.0,0.0,0.0,0.0,0.0,0.0,0.0,0.0,0.0,0.0,0.0,0.0,0.0
20220601,6,8회지방선거_기초의원지역구,경기도,파주시,파주시나선거구,103491,49532,46176,3356,7983.0,5750.0,0.0,0.0,506.0,0.0,0.0,1399.0,0.0,0.0,0.0,0.0,0.0,0.0,0.0,0.0,0.0,0.0
20220601,6,8회지방선거_기초의원지역구,경기도,파주시,파주시라선거구,60416,27591,25528,2063,3914.0,3436.0,0.0,0.0,1249.0,0.0,0.0,0.0,0.0,0.0,0.0,0.0,0.0,0.0,0.0,0.0,0.0,0.0
20220601,6,8회지방선거_기초의원지역구,경기도,파주시,파주시마선거구,92088,41140,36945,4195,5632.0,6815.0,0.0,0.0,0.0,0.0,0.0,0.0,0.0,0.0,0.0,0.0,0.0,0.0,0.0,0.0,0.0,0.0
20220601,6,8회지방선거_기초의원지역구,경기도,의정부시,의정부시가선거구,89180,37045,35188,1857,16477.0,3675.0,0.0,0.0,0.0,0.0,0.0,0.0,0.0,0.0,0.0,0.0,0.0,0.0,0.0,0.0,0.0,0.0
20220601,6,8회지방선거_기초의원지역구,경기도,의정부시,의정부시나선거구,89471,43957,39680,4277,7483.0,5506.0,0.0,0.0,0.0,0.0,0.0,0.0,0.0,0.0,0.0,0.0,0.0,0.0,0.0,0.0,0.0,0.0
20220601,6,8회지방선거_기초의원지역구,경기도,의정부시,의정부시다선거구,117623,58782,55099,3683,7557.0,1424.0,2241.0,0.0,810.0,0.0,0.0,0.0,0.0,0.0,0.0,0.0,0.0,0.0,0.0,0.0,0.0,0.0
20220601,6,8회지방선거_기초의원지역구,경기도,의정부시,의정부시라선거구,103903,48049,44938,3111,5286.0,5142.0,0.0,0.0,0.0,0.0,0.0,2960.0,0.0,0.0,0.0,0.0,0.0,0.0,0.0,0.0,0.0,0.0
20220601,6,8회지방선거_기초의원지역구,경기도,광주시,광주시가선거구,69743,32615,31260,1355,14691.0,2608.0,0.0,0.0,0.0,0.0,0.0,0.0,0.0,0.0,0.0,0.0,0.0,0.0,0.0,0.0,0.0,0.0
20220601,6,8회지방선거_기초의원지역구,경기도,광주시,광주시나선거구,94652,45113,40575,4538,8384.0,6499.0,0.0,0.0,0.0,0.0,0.0,0.0,0.0,0.0,0.0,0.0,0.0,0.0,0.0,0.0,0.0,0.0
20220601,6,8회지방선거_기초의원지역구,경기도,광주시,광주시다선거구,95429,42111,40749,1362,7368.0,19882.0,0.0,0.0,0.0,0.0,0.0,0.0,0.0,0.0,0.0,0.0,0.0,0.0,0.0,0.0,0.0,0.0
20220601,6,8회지방선거_기초의원지역구,경기도,광명시,광명시가선거구,56395,32569,29373,3196,6089.0,4055.0,0.0,0.0,0.0,0.0,0.0,0.0,0.0,0.0,0.0,0.0,0.0,0.0,0.0,0.0,0.0,0.0
20220601,6,8회지방선거_기초의원지역구,경기도,광명시,광명시나선거구,61051,33538,32078,1460,5734.0,14196.0,0.0,0.0,0.0,0.0,0.0,0.0,0.0,0.0,0.0,0.0,0.0,0.0,0.0,0.0,0.0,0.0
20220601,6,8회지방선거_기초의원지역구,경기도,광명시,광명시다선거구,62684,36137,34584,1553,5545.0,16455.0,0.0,0.0,0.0,0.0,0.0,0.0,0.0,0.0,0.0,0.0,0.0,0.0,0.0,0.0,0.0,0.0
20220601,6,8회지방선거_기초의원지역구,경기도,광명시,광명시라선거구,67103,37317,35098,2219,8860.0,3366.0,0.0,0.0,2266.0,0.0,0.0,0.0,0.0,0.0,0.0,0.0,0.0,0.0,0.0,0.0,0.0,0.0
20220601,6,8회지방선거_기초의원지역구,경기도,하남시,하남시가선거구,109446,59444,55635,3809,3193.0,4760.0,0.0,0.0,4054.0,0.0,0.0,0.0,0.0,0.0,0.0,0.0,0.0,0.0,0.0,0.0,0.0,0.0
20220601,6,8회지방선거_기초의원지역구,경기도,하남시,하남시나선거구,75608,39159,37474,1685,17912.0,4846.0,0.0,0.0,0.0,0.0,0.0,0.0,0.0,0.0,0.0,0.0,0.0,0.0,0.0,0.0,0.0,0.0
20220601,6,8회지방선거_기초의원지역구,경기도,하남시,하남시다선거구,81802,41073,38570,2503,6678.0,5034.0,0.0,0.0,0.0,0.0,0.0,0.0,277.0,0.0,0.0,0.0,0.0,0.0,0.0,0.0,0.0,0.0
20220601,6,8회지방선거_기초의원지역구,경기도,군포시,군포시나선거구,61132,34440,30881,3559,8556.0,4218.0,0.0,0.0,0.0,0.0,0.0,0.0,0.0,0.0,0.0,0.0,0.0,0.0,0.0,0.0,0.0,0.0
20220601,6,8회지방선거_기초의원지역구,경기도,군포시,군포시다선거구,59669,35955,32012,3943,4020.0,3130.0,0.0,0.0,0.0,0.0,0.0,0.0,0.0,0.0,0.0,0.0,0.0,0.0,0.0,0.0,0.0,0.0
20220601,6,8회지방선거_기초의원지역구,경기도,군포시,군포시라선거구,48553,27878,26855,1023,12783.0,2154.0,0.0,0.0,1162.0,0.0,0.0,0.0,0.0,0.0,0.0,0.0,0.0,0.0,0.0,0.0,0.0,0.0
20220601,6,8회지방선거_기초의원지역구,경기도,오산시,오산시가선거구,103264,48098,43788,4310,6344.0,3793.0,0.0,0.0,0.0,0.0,0.0,0.0,0.0,0.0,0.0,0.0,0.0,0.0,0.0,0.0,0.0,0.0
20220601,6,8회지방선거_기초의원지역구,경기도,오산시,오산시나선거구,87111,35062,32893,2169,6953.0,6441.0,1200.0,0.0,0.0,0.0,0.0,0.0,0.0,0.0,0.0,0.0,0.0,0.0,0.0,0.0,0.0,0.0
20220601,6,8회지방선거_기초의원지역구,경기도,양주시,양주시가선거구,43859,22288,19623,2665,2972.0,4173.0,0.0,0.0,0.0,0.0,0.0,0.0,0.0,0.0,0.0,0.0,0.0,0.0,0.0,0.0,0.0,0.0
20220601,6,8회지방선거_기초의원지역구,경기도,양주시,양주시나선거구,44863,21913,20428,1485,3835.0,3717.0,0.0,0.0,307.0,0.0,0.0,0.0,0.0,0.0,0.0,0.0,0.0,0.0,0.0,0.0,0.0,0.0
20220601,6,8회지방선거_기초의원지역구,경기도,양주시,양주시다선거구,109029,50942,47405,3537,6801.0,6233.0,892.0,0.0,782.0,0.0,0.0,0.0,0.0,0.0,0.0,0.0,0.0,0.0,0.0,0.0,0.0,0.0
20220601,6,8회지방선거_기초의원지역구,경기도,이천시,이천시가선거구,75892,36489,34396,2093,3014.0,5272.0,0.0,0.0,1420.0,0.0,0.0,0.0,0.0,0.0,0.0,0.0,0.0,0.0,0.0,0.0,0.0,0.0
20220601,6,8회지방선거_기초의원지역구,경기도,이천시,이천시나선거구,41515,18400,17789,611,5858.0,3807.0,0.0,0.0,544.0,0.0,0.0,0.0,0.0,0.0,0.0,0.0,0.0,0.0,0.0,0.0,0.0,0.0
20220601,6,8회지방선거_기초의원지역구,경기도,이천시,이천시다선거구,71156,33825,31482,2343,4037.0,8057.0,0.0,0.0,1839.0,0.0,0.0,0.0,0.0,0.0,0.0,0.0,0.0,0.0,0.0,0.0,0.0,0.0
20220601,6,8회지방선거_기초의원지역구,경기도,구리시,구리시가선거구,90340,48517,45410,3107,8256.0,2128.0,0.0,0.0,750.0,0.0,0.0,0.0,0.0,0.0,0.0,0.0,0.0,0.0,0.0,0.0,0.0,0.0
20220601,6,8회지방선거_기초의원지역구,경기도,구리시,구리시나선거구,73705,39641,35716,3925,6512.0,4981.0,0.0,0.0,0.0,0.0,0.0,0.0,0.0,0.0,0.0,0.0,0.0,0.0,0.0,0.0,0.0,0.0
20220601,6,8회지방선거_기초의원지역구,경기도,안성시,안성시가선거구,59545,27320,26112,1208,5729.0,11649.0,0.0,0.0,0.0,0.0,0.0,0.0,0.0,0.0,0.0,0.0,0.0,0.0,0.0,0.0,0.0,0.0
20220601,6,8회지방선거_기초의원지역구,경기도,안성시,안성시나선거구,39642,19956,18580,1376,2202.0,3221.0,2521.0,0.0,0.0,0.0,0.0,0.0,0.0,0.0,0.0,0.0,0.0,0.0,0.0,0.0,0.0,0.0
20220601,6,8회지방선거_기초의원지역구,경기도,안성시,안성시다선거구,64331,34475,31830,2645,5637.0,6791.0,0.0,0.0,736.0,0.0,0.0,1377.0,0.0,0.0,0.0,0.0,0.0,0.0,0.0,0.0,0.0,0.0
20220601,6,8회지방선거_기초의원지역구,경기도,의왕시,의왕시가선거구,70928,39942,37679,2263,8939.0,6215.0,0.0,0.0,2477.0,0.0,0.0,0.0,0.0,0.0,0.0,0.0,0.0,0.0,0.0,0.0,0.0,0.0
20220601,6,8회지방선거_기초의원지역구,경기도,의왕시,의왕시나선거구,68000,40597,38116,2481,6646.0,9091.0,0.0,0.0,619.0,0.0,0.0,0.0,0.0,0.0,0.0,0.0,0.0,0.0,0.0,0.0,0.0,0.0
20220601,6,8회지방선거_기초의원지역구,경기도,포천시,포천시가선거구,65167,34121,31737,2384,3637.0,3906.0,0.0,0.0,4989.0,0.0,0.0,0.0,0.0,0.0,0.0,0.0,0.0,0.0,0.0,0.0,0.0,0.0
20220601,6,8회지방선거_기초의원지역구,경기도,포천시,포천시나선거구,66813,33630,31035,2595,6605.0,5533.0,0.0,0.0,1510.0,0.0,0.0,0.0,0.0,0.0,0.0,0.0,0.0,0.0,0.0,0.0,0.0,0.0
20220601,6,8회지방선거_기초의원지역구,경기도,양평군,양평군가선거구,55511,32311,29885,2426,4186.0,5469.0,1699.0,0.0,1093.0,0.0,0.0,0.0,0.0,0.0,0.0,0.0,0.0,0.0,0.0,0.0,0.0,0.0
20220601,6,8회지방선거_기초의원지역구,경기도,양평군,양평군나선거구,51654,31102,28524,2578,4395.0,5031.0,0.0,0.0,633.0,0.0,0.0,0.0,0.0,0.0,0.0,0.0,0.0,0.0,0.0,0.0,0.0,0.0
20220601,6,8회지방선거_기초의원지역구,경기도,여주시,여주시가선거구,50428,25840,22806,3034,5547.0,3961.0,0.0,0.0,0.0,0.0,0.0,0.0,0.0,0.0,0.0,0.0,0.0,0.0,0.0,0.0,0.0,0.0
20220601,6,8회지방선거_기초의원지역구,경기도,여주시,여주시나선거구,47905,24811,23174,1637,2069.0,2271.0,0.0,0.0,0.0,0.0,0.0,0.0,0.0,0.0,0.0,0.0,0.0,0.0,0.0,0.0,0.0,0.0
20220601,6,8회지방선거_기초의원지역구,경기도,동두천시,동두천시가선거구,36487,18072,16959,1113,2484.0,3635.0,0.0,0.0,889.0,0.0,0.0,0.0,0.0,0.0,0.0,0.0,0.0,0.0,0.0,0.0,0.0,0.0
20220601,6,8회지방선거_기초의원지역구,경기도,동두천시,동두천시나선거구,44587,21669,19323,2346,5385.0,3462.0,0.0,0.0,0.0,0.0,0.0,0.0,0.0,0.0,0.0,0.0,0.0,0.0,0.0,0.0,0.0,0.0
20220601,6,8회지방선거_기초의원지역구,경기도,과천시,과천시가선거구,31260,20140,18959,1181,1875.0,3883.0,595.0,0.0,1359.0,0.0,0.0,0.0,0.0,0.0,0.0,0.0,0.0,0.0,0.0,0.0,0.0,0.0
20220601,6,8회지방선거_기초의원지역구,경기도,과천시,과천시나선거구,33960,22517,21426,1091,3728.0,5875.0,0.0,0.0,2650.0,0.0,0.0,0.0,0.0,0.0,0.0,0.0,0.0,0.0,0.0,0.0,0.0,0.0
20220601,6,8회지방선거_기초의원지역구,경기도,가평군,가평군가선거구,20688,12666,12123,543,3676.0,2840.0,0.0,0.0,718.0,0.0,0.0,0.0,0.0,0.0,0.0,0.0,0.0,0.0,0.0,0.0,0.0,0.0
20220601,6,8회지방선거_기초의원지역구,경기도,가평군,가평군나선거구,21367,12374,12057,317,3615.0,1414.0,0.0,0.0,748.0,0.0,0.0,0.0,0.0,0.0,0.0,0.0,0.0,0.0,0.0,0.0,69.0,0.0
20220601,6,8회지방선거_기초의원지역구,경기도,가평군,가평군다선거구,13736,8119,7647,472,2340.0,1937.0,0.0,0.0,0.0,0.0,0.0,0.0,0.0,0.0,0.0,0.0,0.0,0.0,0.0,0.0,0.0,0.0
20220601,6,8회지방선거_기초의원지역구,경기도,연천군,연천군가선거구,14864,9329,8396,933,1248.0,2572.0,0.0,0.0,0.0,0.0,0.0,0.0,0.0,0.0,0.0,0.0,0.0,0.0,0.0,0.0,0.0,0.0
20220601,6,8회지방선거_기초의원지역구,경기도,연천군,연천군나선거구,23034,13464,12583,881,1376.0,1270.0,0.0,0.0,934.0,0.0,0.0,0.0,0.0,0.0,0.0,0.0,0.0,0.0,0.0,0.0,0.0,0.0
20220601,6,8회지방선거_기초의원지역구,강원도,춘천시,춘천시가선거구,43250,25103,23608,1495,1296.0,1942.0,0.0,0.0,368.0,0.0,0.0,0.0,0.0,0.0,0.0,0.0,0.0,0.0,0.0,0.0,0.0,0.0
20220601,6,8회지방선거_기초의원지역구,강원도,춘천시,춘천시나선거구,31587,17345,16354,991,2021.0,2556.0,0.0,0.0,817.0,0.0,0.0,0.0,0.0,0.0,0.0,0.0,0.0,0.0,0.0,0.0,0.0,0.0
20220601,6,8회지방선거_기초의원지역구,강원도,춘천시,춘천시다선거구,40067,21536,20420,1116,3687.0,3976.0,0.0,0.0,2007.0,0.0,0.0,0.0,0.0,0.0,0.0,0.0,0.0,0.0,0.0,0.0,0.0,0.0
20220601,6,8회지방선거_기초의원지역구,강원도,춘천시,춘천시라선거구,40177,21939,20808,1131,3163.0,2149.0,3456.0,0.0,0.0,0.0,0.0,0.0,0.0,0.0,0.0,0.0,0.0,0.0,0.0,0.0,0.0,265.0
20220601,6,8회지방선거_기초의원지역구,강원도,춘천시,춘천시마선거구,39901,23348,22188,1160,3861.0,4276.0,3663.0,0.0,0.0,0.0,0.0,0.0,0.0,0.0,0.0,0.0,0.0,0.0,0.0,0.0,0.0,0.0
20220601,6,8회지방선거_기초의원지역구,강원도,춘천시,춘천시바선거구,23290,13621,13054,567,5469.0,1852.0,0.0,0.0,0.0,0.0,0.0,660.0,0.0,0.0,0.0,0.0,0.0,0.0,0.0,0.0,0.0,0.0
20220601,6,8회지방선거_기초의원지역구,강원도,원주시,원주시가선거구,42002,21182,20072,1110,2905.0,3344.0,0.0,0.0,2220.0,0.0,0.0,0.0,0.0,0.0,0.0,0.0,0.0,0.0,0.0,0.0,0.0,0.0
20220601,6,8회지방선거_기초의원지역구,강원도,원주시,원주시나선거구,31613,16871,16359,512,3177.0,7603.0,0.0,0.0,0.0,0.0,0.0,0.0,0.0,0.0,0.0,0.0,0.0,0.0,0.0,0.0,0.0,0.0
20220601,6,8회지방선거_기초의원지역구,강원도,원주시,원주시다선거구,44011,21896,20339,1557,4637.0,1778.0,0.0,0.0,1659.0,0.0,0.0,0.0,0.0,0.0,0.0,0.0,0.0,0.0,0.0,0.0,0.0,0.0
20220601,6,8회지방선거_기초의원지역구,강원도,원주시,원주시라선거구,40885,20908,19512,1396,3048.0,4363.0,0.0,0.0,660.0,0.0,0.0,0.0,0.0,0.0,0.0,0.0,0.0,0.0,0.0,0.0,0.0,0.0
20220601,6,8회지방선거_기초의원지역구,강원도,원주시,원주시마선거구,40115,22062,19926,2136,3068.0,3936.0,0.0,0.0,0.0,0.0,0.0,0.0,0.0,0.0,0.0,0.0,0.0,0.0,0.0,0.0,0.0,0.0
20220601,6,8회지방선거_기초의원지역구,강원도,원주시,원주시바선거구,33084,17791,16955,836,3227.0,8101.0,0.0,0.0,0.0,0.0,0.0,0.0,0.0,0.0,0.0,0.0,0.0,0.0,0.0,0.0,0.0,0.0
20220601,6,8회지방선거_기초의원지역구,강원도,원주시,원주시사선거구,37310,18308,17537,771,2132.0,8032.0,0.0,0.0,0.0,0.0,0.0,0.0,0.0,0.0,0.0,0.0,0.0,0.0,0.0,0.0,0.0,0.0
20220601,6,8회지방선거_기초의원지역구,강원도,원주시,원주시아선거구,35040,18476,17360,1116,3606.0,2995.0,0.0,0.0,0.0,0.0,0.0,700.0,0.0,0.0,0.0,0.0,0.0,0.0,0.0,0.0,0.0,0.0
20220601,6,8회지방선거_기초의원지역구,강원도,강릉시,강릉시가선거구,22447,12630,11687,943,2483.0,2000.0,0.0,0.0,0.0,0.0,0.0,0.0,0.0,0.0,0.0,0.0,0.0,0.0,0.0,0.0,0.0,0.0
20220601,6,8회지방선거_기초의원지역구,강원도,강릉시,강릉시나선거구,22874,12828,12072,756,2262.0,6504.0,0.0,0.0,1055.0,0.0,0.0,0.0,0.0,0.0,0.0,0.0,0.0,0.0,0.0,0.0,0.0,0.0
20220601,6,8회지방선거_기초의원지역구,강원도,강릉시,강릉시다선거구,39142,21572,20535,1037,3585.0,5205.0,0.0,0.0,0.0,0.0,0.0,619.0,0.0,0.0,0.0,0.0,0.0,0.0,0.0,0.0,0.0,0.0
20220601,6,8회지방선거_기초의원지역구,강원도,강릉시,강릉시라선거구,35862,18741,17676,1065,3955.0,2456.0,0.0,0.0,1631.0,0.0,0.0,0.0,0.0,0.0,0.0,0.0,0.0,0.0,0.0,0.0,0.0,0.0
20220601,6,8회지방선거_기초의원지역구,강원도,강릉시,강릉시마선거구,34606,19175,18319,856,2137.0,3075.0,0.0,0.0,0.0,0.0,0.0,0.0,0.0,0.0,0.0,0.0,0.0,0.0,0.0,0.0,0.0,0.0
20220601,6,8회지방선거_기초의원지역구,강원도,강릉시,강릉시바선거구,30873,16981,16216,765,2096.0,3961.0,0.0,0.0,1912.0,0.0,0.0,0.0,0.0,0.0,0.0,0.0,0.0,0.0,0.0,0.0,0.0,0.0
20220601,6,8회지방선거_기초의원지역구,강원도,동해시,동해시가선거구,33370,18254,17573,681,3361.0,2835.0,0.0,0.0,2962.0,0.0,0.0,0.0,0.0,0.0,0.0,0.0,0.0,0.0,0.0,0.0,0.0,0.0
20220601,6,8회지방선거_기초의원지역구,강원도,동해시,동해시나선거구,43516,23791,22538,1253,2274.0,2154.0,0.0,0.0,1888.0,0.0,0.0,0.0,0.0,0.0,0.0,0.0,0.0,0.0,0.0,0.0,0.0,0.0
20220601,6,8회지방선거_기초의원지역구,강원도,태백시,태백시가선거구,17978,11419,10859,560,1505.0,2694.0,0.0,0.0,516.0,0.0,0.0,0.0,0.0,0.0,0.0,0.0,0.0,0.0,0.0,0.0,0.0,0.0
20220601,6,8회지방선거_기초의원지역구,강원도,태백시,태백시나선거구,17258,11119,10616,503,1294.0,1196.0,0.0,0.0,1362.0,0.0,0.0,0.0,0.0,0.0,0.0,0.0,0.0,0.0,0.0,0.0,0.0,0.0
20220601,6,8회지방선거_기초의원지역구,강원도,속초시,속초시가선거구,28573,15437,14604,833,2833.0,1938.0,705.0,0.0,247.0,0.0,0.0,0.0,0.0,0.0,0.0,0.0,0.0,0.0,0.0,0.0,0.0,0.0
20220601,6,8회지방선거_기초의원지역구,강원도,속초시,속초시나선거구,43048,21655,20325,1330,5215.0,5418.0,0.0,0.0,404.0,0.0,0.0,0.0,0.0,0.0,0.0,0.0,0.0,0.0,0.0,0.0,0.0,0.0
20220601,6,8회지방선거_기초의원지역구,강원도,삼척시,삼척시가선거구,32053,20859,19988,871,2024.0,3672.0,0.0,0.0,1234.0,0.0,0.0,0.0,0.0,0.0,0.0,0.0,0.0,0.0,0.0,0.0,0.0,0.0
20220601,6,8회지방선거_기초의원지역구,강원도,삼척시,삼척시나선거구,24970,16689,15996,693,3263.0,3540.0,0.0,0.0,1659.0,0.0,0.0,0.0,0.0,0.0,0.0,0.0,0.0,0.0,0.0,0.0,0.0,0.0
20220601,6,8회지방선거_기초의원지역구,강원도,홍천군,홍천군가선거구,32532,19130,18204,926,2919.0,2826.0,0.0,0.0,2002.0,0.0,0.0,0.0,0.0,0.0,0.0,0.0,0.0,0.0,0.0,0.0,0.0,0.0
20220601,6,8회지방선거_기초의원지역구,강원도,홍천군,홍천군나선거구,17228,10387,9761,626,950.0,1383.0,0.0,0.0,0.0,0.0,0.0,1853.0,0.0,0.0,0.0,0.0,0.0,0.0,0.0,0.0,0.0,0.0
20220601,6,8회지방선거_기초의원지역구,강원도,홍천군,홍천군다선거구,10983,7418,7127,291,1563.0,2980.0,0.0,0.0,1400.0,0.0,0.0,0.0,0.0,0.0,0.0,0.0,0.0,0.0,0.0,0.0,0.0,0.0
20220601,6,8회지방선거_기초의원지역구,강원도,횡성군,횡성군가선거구,23279,15425,14083,1342,2943.0,3530.0,0.0,0.0,0.0,0.0,0.0,0.0,0.0,0.0,0.0,0.0,0.0,0.0,0.0,0.0,0.0,0.0
20220601,6,8회지방선거_기초의원지역구,강원도,횡성군,횡성군나선거구,18498,12319,11653,666,1616.0,2125.0,0.0,0.0,0.0,0.0,0.0,0.0,0.0,0.0,0.0,0.0,0.0,0.0,0.0,0.0,0.0,0.0
20220601,6,8회지방선거_기초의원지역구,강원도,영월군,영월군가선거구,18003,11874,11275,599,1548.0,2005.0,0.0,0.0,1611.0,0.0,0.0,0.0,0.0,0.0,0.0,0.0,0.0,0.0,0.0,0.0,0.0,0.0
20220601,6,8회지방선거_기초의원지역구,강원도,영월군,영월군나선거구,16368,10929,10389,540,1590.0,1289.0,0.0,0.0,1051.0,0.0,0.0,0.0,0.0,0.0,0.0,0.0,0.0,0.0,0.0,0.0,0.0,0.0
20220601,6,8회지방선거_기초의원지역구,강원도,평창군,평창군가선거구,16703,11810,11276,534,2139.0,2188.0,0.0,0.0,0.0,0.0,0.0,0.0,0.0,0.0,0.0,0.0,0.0,0.0,0.0,0.0,0.0,0.0
20220601,6,8회지방선거_기초의원지역구,강원도,평창군,평창군나선거구,20669,13553,13014,539,1708.0,1976.0,0.0,0.0,0.0,0.0,0.0,0.0,0.0,0.0,0.0,0.0,0.0,0.0,0.0,0.0,0.0,0.0
20220601,6,8회지방선거_기초의원지역구,강원도,정선군,정선군가선거구,18003,12958,12290,668,1361.0,1639.0,0.0,0.0,2003.0,0.0,0.0,0.0,0.0,0.0,0.0,0.0,0.0,0.0,0.0,0.0,0.0,0.0
20220601,6,8회지방선거_기초의원지역구,강원도,정선군,정선군나선거구,13998,9126,8654,472,1450.0,1248.0,0.0,0.0,152.0,0.0,0.0,0.0,0.0,0.0,0.0,0.0,0.0,0.0,0.0,0.0,0.0,0.0
20220601,6,8회지방선거_기초의원지역구,강원도,철원군,철원군가선거구,17136,10352,9820,532,1364.0,1321.0,0.0,0.0,376.0,0.0,0.0,0.0,0.0,0.0,0.0,0.0,0.0,0.0,0.0,0.0,0.0,0.0
20220601,6,8회지방선거_기초의원지역구,강원도,철원군,철원군나선거구,19963,12103,11290,813,1099.0,1761.0,0.0,0.0,0.0,0.0,0.0,0.0,0.0,0.0,0.0,0.0,0.0,0.0,0.0,0.0,0.0,0.0
20220601,6,8회지방선거_기초의원지역구,강원도,화천군,화천군가선거구,9550,6563,6241,322,770.0,1087.0,0.0,0.0,0.0,0.0,0.0,0.0,0.0,0.0,0.0,0.0,0.0,0.0,0.0,0.0,0.0,0.0
20220601,6,8회지방선거_기초의원지역구,강원도,화천군,화천군나선거구,11505,7271,6977,294,1917.0,1186.0,0.0,0.0,0.0,0.0,0.0,0.0,0.0,0.0,0.0,0.0,0.0,0.0,0.0,0.0,0.0,0.0
20220601,6,8회지방선거_기초의원지역구,강원도,양구군,양구군가선거구,11188,7619,7335,284,723.0,1159.0,0.0,0.0,1964.0,0.0,0.0,0.0,0.0,0.0,0.0,0.0,0.0,0.0,0.0,0.0,0.0,0.0
20220601,6,8회지방선거_기초의원지역구,강원도,양구군,양구군나선거구,7364,5184,4971,213,443.0,929.0,0.0,0.0,832.0,0.0,0.0,0.0,0.0,0.0,0.0,0.0,0.0,0.0,0.0,0.0,0.0,0.0
20220601,6,8회지방선거_기초의원지역구,강원도,인제군,인제군가선거구,18357,12199,11680,519,1355.0,1080.0,0.0,0.0,547.0,0.0,0.0,0.0,0.0,0.0,0.0,0.0,0.0,0.0,0.0,0.0,0.0,0.0
20220601,6,8회지방선거_기초의원지역구,강원도,인제군,인제군나선거구,9582,6339,6090,249,823.0,716.0,0.0,0.0,1101.0,0.0,0.0,0.0,0.0,0.0,0.0,0.0,0.0,0.0,0.0,0.0,0.0,0.0
20220601,6,8회지방선거_기초의원지역구,강원도,고성군,고성군가선거구,17059,11244,10730,514,2020.0,1226.0,0.0,0.0,1026.0,0.0,0.0,0.0,0.0,0.0,0.0,0.0,0.0,0.0,0.0,0.0,0.0,0.0
20220601,6,8회지방선거_기초의원지역구,강원도,고성군,고성군나선거구,7717,5532,5249,283,459.0,690.0,0.0,0.0,0.0,0.0,0.0,0.0,0.0,0.0,0.0,0.0,0.0,0.0,0.0,0.0,0.0,0.0
20220601,6,8회지방선거_기초의원지역구,강원도,양양군,양양군가선거구,17931,11554,11105,449,2744.0,1660.0,0.0,0.0,1736.0,0.0,0.0,0.0,0.0,0.0,0.0,0.0,0.0,0.0,0.0,0.0,0.0,0.0
20220601,6,8회지방선거_기초의원지역구,강원도,양양군,양양군나선거구,7428,5117,4904,213,536.0,509.0,0.0,0.0,780.0,0.0,0.0,0.0,0.0,0.0,0.0,0.0,0.0,0.0,0.0,0.0,0.0,0.0
20220601,6,8회지방선거_기초의원지역구,충청북도,청주시상당구,청주시가선거구,52363,26663,25408,1255,3591.0,13086.0,0.0,0.0,0.0,0.0,0.0,0.0,0.0,0.0,0.0,0.0,0.0,0.0,0.0,0.0,0.0,0.0
20220601,6,8회지방선거_기초의원지역구,충청북도,청주시상당구,청주시나선거구,55903,27486,25710,1776,4205.0,3749.0,0.0,0.0,0.0,0.0,0.0,0.0,0.0,0.0,0.0,0.0,0.0,0.0,0.0,0.0,0.0,0.0
20220601,6,8회지방선거_기초의원지역구,충청북도,청주시상당구,청주시다선거구,54792,25448,23815,1633,4116.0,4790.0,820.0,0.0,0.0,0.0,0.0,0.0,0.0,0.0,0.0,0.0,0.0,0.0,0.0,0.0,0.0,0.0
20220601,6,8회지방선거_기초의원지역구,충청북도,청주시서원구,청주시라선거구,57738,28839,25911,2928,5159.0,3085.0,0.0,0.0,0.0,0.0,0.0,0.0,0.0,0.0,0.0,0.0,0.0,0.0,0.0,0.0,0.0,0.0
20220601,6,8회지방선거_기초의원지역구,충청북도,청주시서원구,청주시마선거구,57884,28792,26452,2340,3712.0,5794.0,0.0,0.0,277.0,0.0,0.0,0.0,0.0,0.0,0.0,0.0,0.0,0.0,434.0,0.0,0.0,0.0
20220601,6,8회지방선거_기초의원지역구,충청북도,청주시서원구,청주시바선거구,49831,22664,20282,2382,4072.0,2512.0,0.0,0.0,0.0,0.0,0.0,0.0,0.0,0.0,0.0,0.0,0.0,0.0,0.0,0.0,0.0,0.0
20220601,6,8회지방선거_기초의원지역구,충청북도,청주시흥덕구,청주시사선거구,54581,24669,23067,1602,3931.0,4489.0,998.0,0.0,0.0,0.0,0.0,627.0,0.0,0.0,0.0,0.0,0.0,0.0,0.0,0.0,0.0,0.0
20220601,6,8회지방선거_기초의원지역구,충청북도,청주시흥덕구,청주시아선거구,60155,25550,23803,1747,3862.0,4416.0,0.0,0.0,606.0,0.0,0.0,0.0,0.0,0.0,0.0,0.0,0.0,0.0,0.0,0.0,0.0,0.0
20220601,6,8회지방선거_기초의원지역구,충청북도,청주시흥덕구,청주시자선거구,48561,20487,19745,742,3753.0,9588.0,0.0,0.0,868.0,0.0,0.0,0.0,0.0,0.0,0.0,0.0,0.0,0.0,0.0,0.0,0.0,0.0
20220601,6,8회지방선거_기초의원지역구,충청북도,청주시흥덕구,청주시차선거구,60321,27563,25689,1874,4663.0,3062.0,0.0,0.0,600.0,0.0,0.0,0.0,0.0,0.0,0.0,0.0,0.0,0.0,0.0,0.0,0.0,0.0
20220601,6,8회지방선거_기초의원지역구,충청북도,청주시청원구,청주시카선거구,34592,16859,16121,738,6643.0,3514.0,0.0,0.0,0.0,0.0,0.0,0.0,0.0,0.0,0.0,0.0,0.0,0.0,0.0,0.0,0.0,0.0
20220601,6,8회지방선거_기초의원지역구,충청북도,청주시청원구,청주시타선거구,54363,22800,21512,1288,4852.0,5519.0,0.0,0.0,303.0,0.0,0.0,0.0,0.0,0.0,0.0,0.0,0.0,0.0,0.0,0.0,0.0,0.0
20220601,6,8회지방선거_기초의원지역구,충청북도,청주시청원구,청주시하선거구,40542,18615,18049,566,7867.0,2153.0,0.0,0.0,0.0,0.0,0.0,0.0,0.0,0.0,0.0,0.0,0.0,0.0,0.0,0.0,0.0,0.0
20220601,6,8회지방선거_기초의원지역구,충청북도,충주시,충주시가선거구,19282,9227,8404,823,1858.0,2507.0,0.0,0.0,0.0,0.0,0.0,0.0,0.0,0.0,0.0,0.0,0.0,0.0,0.0,0.0,0.0,0.0
20220601,6,8회지방선거_기초의원지역구,충청북도,충주시,충주시나선거구,17540,8812,8472,340,2240.0,1801.0,0.0,0.0,0.0,0.0,0.0,0.0,0.0,0.0,0.0,0.0,0.0,0.0,0.0,0.0,0.0,0.0
20220601,6,8회지방선거_기초의원지역구,충청북도,충주시,충주시다선거구,36462,17568,16134,1434,2486.0,2303.0,0.0,0.0,0.0,0.0,0.0,0.0,0.0,0.0,0.0,0.0,0.0,0.0,0.0,0.0,0.0,0.0
20220601,6,8회지방선거_기초의원지역구,충청북도,충주시,충주시라선거구,57251,27522,25584,1938,2415.0,3523.0,0.0,0.0,0.0,0.0,0.0,0.0,0.0,0.0,0.0,0.0,0.0,0.0,0.0,0.0,0.0,0.0
20220601,6,8회지방선거_기초의원지역구,충청북도,충주시,충주시마선거구,13629,8029,7714,315,2089.0,1006.0,0.0,0.0,1838.0,0.0,0.0,0.0,0.0,0.0,0.0,0.0,0.0,0.0,0.0,0.0,0.0,0.0
20220601,6,8회지방선거_기초의원지역구,충청북도,충주시,충주시바선거구,17756,8643,8353,290,1318.0,4532.0,0.0,0.0,0.0,0.0,0.0,0.0,0.0,0.0,0.0,0.0,0.0,0.0,0.0,0.0,0.0,0.0
20220601,6,8회지방선거_기초의원지역구,충청북도,충주시,충주시사선거구,19124,9925,9096,829,1222.0,1716.0,0.0,0.0,0.0,0.0,0.0,0.0,0.0,0.0,0.0,0.0,0.0,0.0,0.0,0.0,0.0,0.0
20220601,6,8회지방선거_기초의원지역구,충청북도,제천시,제천시가선거구,13809,8334,7996,338,2438.0,2144.0,0.0,0.0,0.0,0.0,0.0,0.0,0.0,0.0,0.0,0.0,0.0,0.0,0.0,0.0,0.0,0.0
20220601,6,8회지방선거_기초의원지역구,충청북도,제천시,제천시나선거구,22574,12362,11429,933,2706.0,2710.0,0.0,0.0,0.0,0.0,0.0,0.0,0.0,0.0,0.0,0.0,0.0,0.0,0.0,0.0,0.0,0.0
20220601,6,8회지방선거_기초의원지역구,충청북도,제천시,제천시다선거구,29862,15564,14725,839,2135.0,3244.0,0.0,0.0,1391.0,0.0,0.0,0.0,0.0,0.0,0.0,0.0,0.0,0.0,0.0,0.0,0.0,0.0
20220601,6,8회지방선거_기초의원지역구,충청북도,제천시,제천시라선거구,20006,11101,10199,902,1953.0,1268.0,0.0,0.0,0.0,0.0,0.0,0.0,0.0,0.0,0.0,0.0,0.0,0.0,0.0,0.0,0.0,0.0
20220601,6,8회지방선거_기초의원지역구,충청북도,제천시,제천시마선거구,29312,15438,14627,811,2410.0,2518.0,0.0,0.0,987.0,233.0,0.0,0.0,0.0,0.0,0.0,0.0,0.0,0.0,0.0,0.0,0.0,0.0
20220601,6,8회지방선거_기초의원지역구,충청북도,보은군,보은군가선거구,12796,8459,8064,395,844.0,1462.0,0.0,0.0,1193.0,0.0,0.0,0.0,0.0,0.0,0.0,0.0,0.0,0.0,0.0,0.0,0.0,0.0
20220601,6,8회지방선거_기초의원지역구,충청북도,보은군,보은군나선거구,8843,6036,5703,333,1288.0,1487.0,0.0,0.0,1074.0,0.0,0.0,0.0,0.0,0.0,0.0,0.0,0.0,0.0,0.0,0.0,0.0,0.0
20220601,6,8회지방선거_기초의원지역구,충청북도,보은군,보은군다선거구,7324,5048,4749,299,1332.0,1186.0,0.0,0.0,331.0,0.0,0.0,0.0,0.0,0.0,0.0,0.0,0.0,0.0,0.0,0.0,0.0,0.0
20220601,6,8회지방선거_기초의원지역구,충청북도,옥천군,옥천군가선거구,24662,15453,14645,808,2235.0,2958.0,0.0,0.0,2500.0,0.0,0.0,0.0,0.0,190.0,0.0,0.0,0.0,0.0,0.0,0.0,0.0,0.0
20220601,6,8회지방선거_기초의원지역구,충청북도,옥천군,옥천군나선거구,11808,7596,6856,740,1760.0,1478.0,0.0,0.0,0.0,0.0,0.0,0.0,0.0,0.0,0.0,0.0,0.0,0.0,0.0,0.0,0.0,0.0
20220601,6,8회지방선거_기초의원지역구,충청북도,옥천군,옥천군다선거구,8216,5797,5478,319,981.0,862.0,0.0,0.0,0.0,0.0,0.0,1543.0,0.0,0.0,0.0,0.0,0.0,0.0,0.0,0.0,0.0,0.0
20220601,6,8회지방선거_기초의원지역구,충청북도,영동군,영동군가선거구,20077,13364,12719,645,1206.0,2582.0,0.0,0.0,0.0,0.0,0.0,0.0,0.0,0.0,0.0,0.0,0.0,0.0,0.0,0.0,0.0,0.0
20220601,6,8회지방선거_기초의원지역구,충청북도,영동군,영동군나선거구,11235,7319,7013,306,2153.0,2105.0,0.0,0.0,0.0,0.0,0.0,0.0,0.0,0.0,0.0,0.0,0.0,0.0,0.0,0.0,0.0,0.0
20220601,6,8회지방선거_기초의원지역구,충청북도,영동군,영동군다선거구,9811,6465,6197,268,1909.0,1467.0,0.0,0.0,0.0,0.0,0.0,0.0,0.0,0.0,0.0,0.0,0.0,0.0,0.0,0.0,0.0,0.0
20220601,6,8회지방선거_기초의원지역구,충청북도,증평군,증평군가선거구,11883,6220,5964,256,1275.0,2573.0,0.0,0.0,641.0,0.0,0.0,0.0,0.0,0.0,0.0,0.0,0.0,0.0,0.0,0.0,0.0,0.0
20220601,6,8회지방선거_기초의원지역구,충청북도,증평군,증평군나선거구,10421,5853,5657,196,1560.0,2260.0,0.0,0.0,0.0,0.0,0.0,0.0,0.0,0.0,0.0,0.0,0.0,0.0,0.0,0.0,0.0,0.0
20220601,6,8회지방선거_기초의원지역구,충청북도,증평군,증평군다선거구,9062,4968,4803,165,1331.0,1936.0,0.0,0.0,0.0,0.0,0.0,0.0,0.0,0.0,0.0,0.0,0.0,0.0,0.0,0.0,0.0,0.0
20220601,6,8회지방선거_기초의원지역구,충청북도,진천군,진천군가선거구,30974,16241,15148,1093,2432.0,3482.0,0.0,0.0,1699.0,0.0,0.0,0.0,0.0,0.0,0.0,0.0,0.0,0.0,0.0,0.0,0.0,0.0
20220601,6,8회지방선거_기초의원지역구,충청북도,진천군,진천군나선거구,40751,18310,17273,1037,3120.0,600.0,0.0,0.0,1683.0,0.0,0.0,0.0,0.0,0.0,0.0,0.0,0.0,0.0,0.0,0.0,0.0,0.0
20220601,6,8회지방선거_기초의원지역구,충청북도,괴산군,괴산군가선거구,15346,10365,9993,372,1714.0,2447.0,0.0,0.0,1351.0,0.0,0.0,0.0,0.0,0.0,0.0,0.0,0.0,0.0,0.0,0.0,0.0,0.0
20220601,6,8회지방선거_기초의원지역구,충청북도,괴산군,괴산군나선거구,8612,6075,5695,380,1497.0,1546.0,0.0,0.0,809.0,0.0,0.0,0.0,0.0,0.0,0.0,0.0,0.0,0.0,0.0,0.0,0.0,0.0
20220601,6,8회지방선거_기초의원지역구,충청북도,괴산군,괴산군다선거구,10716,7279,6858,421,1512.0,1312.0,0.0,0.0,586.0,0.0,0.0,0.0,0.0,0.0,0.0,0.0,0.0,0.0,0.0,0.0,0.0,0.0
20220601,6,8회지방선거_기초의원지역구,충청북도,음성군,음성군가선거구,31128,17169,16017,1152,2087.0,3356.0,0.0,0.0,1665.0,0.0,0.0,0.0,0.0,0.0,0.0,0.0,0.0,0.0,0.0,0.0,0.0,0.0
20220601,6,8회지방선거_기초의원지역구,충청북도,음성군,음성군나선거구,30271,14758,14010,748,2390.0,6929.0,0.0,0.0,0.0,0.0,0.0,0.0,0.0,0.0,0.0,0.0,0.0,0.0,0.0,0.0,0.0,0.0
20220601,6,8회지방선거_기초의원지역구,충청북도,단양군,단양군가선거구,14349,9825,9492,333,2518.0,1302.0,0.0,0.0,738.0,0.0,0.0,264.0,0.0,0.0,0.0,0.0,0.0,0.0,0.0,0.0,0.0,0.0
20220601,6,8회지방선거_기초의원지역구,충청북도,단양군,단양군나선거구,11343,7600,7187,413,1323.0,1296.0,0.0,0.0,644.0,0.0,0.0,0.0,0.0,0.0,0.0,0.0,0.0,0.0,0.0,0.0,0.0,0.0
20220601,6,8회지방선거_기초의원지역구,충청남도,천안시동남구,천안시가선거구,53986,24580,22845,1735,3108.0,4741.0,0.0,0.0,0.0,0.0,0.0,0.0,0.0,0.0,0.0,0.0,0.0,0.0,0.0,0.0,0.0,0.0
20220601,6,8회지방선거_기초의원지역구,충청남도,천안시동남구,천안시다선거구,60705,20754,20238,516,2323.0,10790.0,0.0,0.0,0.0,0.0,0.0,0.0,0.0,0.0,0.0,0.0,0.0,0.0,0.0,0.0,0.0,0.0
20220601,6,8회지방선거_기초의원지역구,충청남도,천안시서북구,천안시라선거구,51742,23853,22776,1077,2785.0,3526.0,530.0,0.0,0.0,0.0,0.0,0.0,0.0,0.0,0.0,0.0,0.0,0.0,0.0,0.0,0.0,0.0
20220601,6,8회지방선거_기초의원지역구,충청남도,천안시서북구,천안시마선거구,46359,19947,19384,563,6930.0,2761.0,0.0,0.0,306.0,0.0,0.0,0.0,0.0,0.0,0.0,0.0,0.0,0.0,0.0,0.0,0.0,0.0
20220601,6,8회지방선거_기초의원지역구,충청남도,천안시서북구,천안시바선거구,59420,22866,21234,1632,3036.0,2067.0,0.0,0.0,0.0,0.0,0.0,0.0,0.0,0.0,0.0,0.0,0.0,0.0,0.0,0.0,0.0,0.0
20220601,6,8회지방선거_기초의원지역구,충청남도,천안시서북구,천안시사선거구,44288,15836,15532,304,2439.0,6292.0,0.0,0.0,599.0,0.0,0.0,0.0,0.0,0.0,0.0,0.0,0.0,0.0,0.0,0.0,0.0,0.0
20220601,6,8회지방선거_기초의원지역구,충청남도,천안시동남구,천안시자선거구,43400,18790,17391,1399,3023.0,2631.0,0.0,0.0,0.0,0.0,0.0,0.0,0.0,0.0,0.0,0.0,0.0,0.0,0.0,0.0,0.0,0.0
20220601,6,8회지방선거_기초의원지역구,충청남도,천안시동남구,천안시차선거구,43645,19841,19405,436,8941.0,3497.0,0.0,0.0,0.0,0.0,0.0,0.0,0.0,0.0,0.0,0.0,0.0,0.0,0.0,0.0,0.0,0.0
20220601,6,8회지방선거_기초의원지역구,충청남도,천안시서북구,천안시카선거구,58129,26494,24656,1838,3529.0,3094.0,0.0,0.0,0.0,0.0,0.0,0.0,0.0,0.0,0.0,0.0,0.0,0.0,0.0,0.0,0.0,0.0
20220601,6,8회지방선거_기초의원지역구,충청남도,공주시,공주시가선거구,17093,10452,9760,692,1531.0,2516.0,0.0,0.0,0.0,0.0,0.0,0.0,0.0,0.0,0.0,0.0,0.0,0.0,0.0,0.0,0.0,0.0
20220601,6,8회지방선거_기초의원지역구,충청남도,공주시,공주시나선거구,36870,19927,19004,923,1600.0,3210.0,0.0,0.0,1096.0,0.0,0.0,0.0,0.0,0.0,0.0,0.0,0.0,0.0,0.0,0.0,0.0,0.0
20220601,6,8회지방선거_기초의원지역구,충청남도,공주시,공주시다선거구,14656,8476,8118,358,2758.0,1501.0,0.0,0.0,0.0,0.0,0.0,0.0,0.0,0.0,0.0,0.0,0.0,0.0,0.0,0.0,0.0,0.0
20220601,6,8회지방선거_기초의원지역구,충청남도,공주시,공주시라선거구,23228,12603,11945,658,1807.0,1351.0,0.0,0.0,1658.0,0.0,0.0,0.0,0.0,0.0,0.0,0.0,0.0,0.0,0.0,0.0,0.0,0.0
20220601,6,8회지방선거_기초의원지역구,충청남도,보령시,보령시가선거구,16359,10560,10098,462,2893.0,3094.0,0.0,0.0,0.0,0.0,0.0,0.0,0.0,0.0,0.0,0.0,0.0,0.0,0.0,0.0,0.0,0.0
20220601,6,8회지방선거_기초의원지역구,충청남도,보령시,보령시나선거구,32360,18649,17656,993,1871.0,2091.0,0.0,0.0,650.0,0.0,0.0,0.0,0.0,0.0,0.0,0.0,0.0,0.0,0.0,0.0,0.0,0.0
20220601,6,8회지방선거_기초의원지역구,충청남도,보령시,보령시다선거구,19963,12875,12177,698,1757.0,2259.0,0.0,0.0,0.0,0.0,0.0,0.0,0.0,0.0,0.0,0.0,0.0,0.0,0.0,0.0,0.0,0.0
20220601,6,8회지방선거_기초의원지역구,충청남도,보령시,보령시라선거구,17582,10445,9753,692,1401.0,1205.0,0.0,0.0,0.0,0.0,0.0,0.0,0.0,0.0,0.0,0.0,0.0,0.0,0.0,0.0,0.0,0.0
20220601,6,8회지방선거_기초의원지역구,충청남도,아산시,아산시나선거구,47459,21590,19741,1849,2572.0,5059.0,0.0,0.0,0.0,0.0,0.0,0.0,0.0,0.0,0.0,0.0,0.0,0.0,0.0,0.0,0.0,0.0
20220601,6,8회지방선거_기초의원지역구,충청남도,아산시,아산시다선거구,39859,18206,17822,384,4036.0,8497.0,0.0,0.0,0.0,0.0,0.0,0.0,0.0,0.0,0.0,0.0,0.0,0.0,0.0,0.0,0.0,0.0
20220601,6,8회지방선거_기초의원지역구,충청남도,아산시,아산시라선거구,50533,23317,21388,1929,5351.0,3111.0,0.0,0.0,0.0,0.0,0.0,0.0,0.0,0.0,0.0,0.0,0.0,0.0,0.0,0.0,0.0,0.0
20220601,6,8회지방선거_기초의원지역구,충청남도,아산시,아산시마선거구,45642,19269,17757,1512,5357.0,3204.0,0.0,0.0,0.0,0.0,0.0,0.0,0.0,0.0,0.0,0.0,0.0,0.0,0.0,0.0,0.0,0.0
20220601,6,8회지방선거_기초의원지역구,충청남도,아산시,아산시바선거구,46281,19357,18842,515,2684.0,10136.0,0.0,0.0,0.0,0.0,0.0,0.0,0.0,0.0,0.0,0.0,0.0,0.0,0.0,0.0,0.0,0.0
20220601,6,8회지방선거_기초의원지역구,충청남도,서산시,서산시가선거구,19046,8937,8426,511,3270.0,2234.0,0.0,0.0,0.0,0.0,0.0,0.0,0.0,0.0,0.0,0.0,0.0,0.0,0.0,0.0,0.0,0.0
20220601,6,8회지방선거_기초의원지역구,충청남도,서산시,서산시나선거구,14482,7927,7590,337,2641.0,1784.0,0.0,0.0,0.0,0.0,0.0,0.0,0.0,0.0,0.0,0.0,0.0,0.0,0.0,0.0,0.0,0.0
20220601,6,8회지방선거_기초의원지역구,충청남도,서산시,서산시다선거구,27727,12573,12225,348,1978.0,4956.0,976.0,0.0,776.0,0.0,0.0,0.0,0.0,0.0,0.0,0.0,0.0,0.0,0.0,0.0,0.0,0.0
20220601,6,8회지방선거_기초의원지역구,충청남도,서산시,서산시마선거구,25147,12944,12075,869,3399.0,2206.0,0.0,0.0,0.0,0.0,0.0,0.0,0.0,305.0,0.0,0.0,0.0,0.0,0.0,0.0,0.0,0.0
20220601,6,8회지방선거_기초의원지역구,충청남도,서산시,서산시바선거구,35934,17459,16539,920,1684.0,4989.0,0.0,0.0,1230.0,0.0,0.0,0.0,0.0,0.0,0.0,0.0,0.0,0.0,0.0,0.0,0.0,0.0
20220601,6,8회지방선거_기초의원지역구,충청남도,태안군,태안군가선거구,31331,19233,18237,996,3723.0,963.0,0.0,0.0,3430.0,0.0,0.0,0.0,0.0,0.0,0.0,0.0,0.0,0.0,0.0,0.0,0.0,0.0
20220601,6,8회지방선거_기초의원지역구,충청남도,태안군,태안군나선거구,24104,15478,14358,1120,2482.0,1440.0,0.0,0.0,629.0,0.0,0.0,0.0,0.0,0.0,0.0,0.0,0.0,0.0,0.0,0.0,0.0,0.0
20220601,6,8회지방선거_기초의원지역구,충청남도,금산군,금산군가선거구,25580,16618,15643,975,1611.0,2577.0,941.0,0.0,0.0,0.0,0.0,0.0,0.0,0.0,0.0,0.0,0.0,0.0,0.0,0.0,0.0,0.0
20220601,6,8회지방선거_기초의원지역구,충청남도,금산군,금산군나선거구,19167,12057,11383,674,1666.0,1996.0,0.0,0.0,1095.0,0.0,0.0,0.0,0.0,0.0,0.0,0.0,0.0,0.0,0.0,0.0,0.0,0.0
20220601,6,8회지방선거_기초의원지역구,충청남도,논산시,논산시가선거구,40909,22225,20534,1691,1068.0,1704.0,433.0,0.0,0.0,0.0,0.0,0.0,0.0,0.0,0.0,0.0,0.0,0.0,0.0,0.0,0.0,0.0
20220601,6,8회지방선거_기초의원지역구,충청남도,논산시,논산시나선거구,30113,16921,15963,958,2456.0,2795.0,0.0,0.0,2154.0,0.0,0.0,0.0,0.0,0.0,0.0,0.0,0.0,0.0,0.0,0.0,0.0,0.0
20220601,6,8회지방선거_기초의원지역구,충청남도,논산시,논산시다선거구,28920,14666,13837,829,903.0,1333.0,0.0,0.0,526.0,0.0,0.0,392.0,0.0,0.0,0.0,0.0,0.0,0.0,0.0,0.0,0.0,0.0
20220601,6,8회지방선거_기초의원지역구,충청남도,계룡시,계룡시가선거구,19518,10823,10495,328,1344.0,2258.0,0.0,0.0,0.0,0.0,0.0,0.0,0.0,0.0,0.0,0.0,0.0,0.0,0.0,0.0,0.0,0.0
20220601,6,8회지방선거_기초의원지역구,충청남도,계룡시,계룡시나선거구,15357,8483,8115,368,1547.0,977.0,0.0,0.0,288.0,0.0,0.0,0.0,0.0,0.0,0.0,0.0,0.0,0.0,0.0,0.0,0.0,0.0
20220601,6,8회지방선거_기초의원지역구,충청남도,당진시,당진시가선거구,20859,11246,10312,934,2111.0,2052.0,0.0,0.0,0.0,0.0,0.0,0.0,0.0,0.0,0.0,0.0,0.0,0.0,0.0,0.0,0.0,0.0
20220601,6,8회지방선거_기초의원지역구,충청남도,당진시,당진시나선거구,23881,11471,11014,457,4262.0,3786.0,0.0,0.0,0.0,0.0,0.0,0.0,0.0,0.0,0.0,0.0,0.0,0.0,0.0,0.0,0.0,0.0
20220601,6,8회지방선거_기초의원지역구,충청남도,당진시,당진시다선거구,47206,20119,19042,1077,1141.0,3539.0,815.0,0.0,480.0,0.0,0.0,0.0,0.0,0.0,0.0,0.0,0.0,0.0,0.0,0.0,0.0,0.0
20220601,6,8회지방선거_기초의원지역구,충청남도,당진시,당진시라선거구,48062,22036,20629,1407,1339.0,2267.0,0.0,0.0,449.0,0.0,0.0,1366.0,0.0,0.0,0.0,0.0,0.0,0.0,0.0,0.0,0.0,0.0
20220601,6,8회지방선거_기초의원지역구,충청남도,부여군,부여군가선거구,27226,17131,16111,1020,796.0,752.0,0.0,0.0,707.0,0.0,0.0,0.0,0.0,0.0,0.0,0.0,0.0,0.0,0.0,0.0,0.0,0.0
20220601,6,8회지방선거_기초의원지역구,충청남도,부여군,부여군나선거구,15931,10461,9792,669,1251.0,1694.0,0.0,0.0,0.0,0.0,0.0,0.0,0.0,0.0,0.0,0.0,0.0,0.0,0.0,0.0,0.0,0.0
20220601,6,8회지방선거_기초의원지역구,충청남도,부여군,부여군다선거구,14165,8844,8486,358,2378.0,846.0,0.0,0.0,1455.0,0.0,0.0,855.0,0.0,0.0,0.0,0.0,0.0,0.0,0.0,0.0,0.0,0.0
20220601,6,8회지방선거_기초의원지역구,충청남도,서천군,서천군가선거구,21741,13599,13028,571,4038.0,2374.0,0.0,0.0,1896.0,0.0,0.0,1547.0,0.0,0.0,0.0,0.0,0.0,0.0,0.0,0.0,0.0,0.0
20220601,6,8회지방선거_기초의원지역구,충청남도,서천군,서천군나선거구,24123,15682,14803,879,2296.0,2747.0,0.0,0.0,3090.0,0.0,0.0,0.0,0.0,0.0,0.0,0.0,0.0,0.0,0.0,0.0,0.0,0.0
20220601,6,8회지방선거_기초의원지역구,충청남도,홍성군,홍성군가선거구,32167,16570,15676,894,2813.0,3524.0,0.0,0.0,0.0,0.0,0.0,0.0,0.0,0.0,0.0,0.0,0.0,0.0,0.0,0.0,0.0,0.0
20220601,6,8회지방선거_기초의원지역구,충청남도,홍성군,홍성군나선거구,21690,11877,11629,248,3382.0,3939.0,0.0,0.0,870.0,0.0,0.0,0.0,0.0,0.0,0.0,0.0,0.0,0.0,0.0,0.0,0.0,0.0
20220601,6,8회지방선거_기초의원지역구,충청남도,홍성군,홍성군라선거구,13750,8159,7763,396,1640.0,2031.0,0.0,0.0,0.0,0.0,0.0,0.0,0.0,0.0,0.0,0.0,0.0,0.0,0.0,0.0,0.0,0.0
20220601,6,8회지방선거_기초의원지역구,충청남도,청양군,청양군가선거구,19457,13821,13225,596,1805.0,673.0,0.0,0.0,1581.0,0.0,0.0,0.0,0.0,0.0,0.0,0.0,0.0,0.0,0.0,0.0,0.0,0.0
20220601,6,8회지방선거_기초의원지역구,충청남도,청양군,청양군나선거구,8475,5860,5529,331,1357.0,1343.0,0.0,0.0,0.0,0.0,0.0,0.0,0.0,0.0,0.0,0.0,0.0,0.0,0.0,0.0,0.0,0.0
20220601,6,8회지방선거_기초의원지역구,충청남도,예산군,예산군가선거구,27237,14898,14144,754,1615.0,2125.0,0.0,0.0,1436.0,0.0,0.0,0.0,0.0,0.0,0.0,0.0,0.0,0.0,0.0,0.0,0.0,0.0
20220601,6,8회지방선거_기초의원지역구,충청남도,예산군,예산군나선거구,8850,5785,5535,250,857.0,1458.0,0.0,0.0,1079.0,0.0,0.0,0.0,0.0,0.0,0.0,0.0,0.0,0.0,0.0,0.0,0.0,0.0
20220601,6,8회지방선거_기초의원지역구,충청남도,예산군,예산군다선거구,17273,9363,8844,519,1214.0,1618.0,0.0,0.0,814.0,0.0,0.0,0.0,0.0,0.0,0.0,0.0,0.0,0.0,0.0,0.0,0.0,0.0
20220601,6,8회지방선거_기초의원지역구,충청남도,예산군,예산군라선거구,15709,8712,8054,658,1654.0,2444.0,0.0,0.0,0.0,0.0,0.0,0.0,0.0,0.0,0.0,0.0,0.0,0.0,0.0,0.0,0.0,0.0
20220601,6,8회지방선거_기초의원지역구,전라북도,전주시완산구,전주시가선거구,47243,18374,17770,604,5259.0,2656.0,0.0,0.0,0.0,0.0,0.0,0.0,0.0,0.0,0.0,0.0,0.0,0.0,0.0,0.0,0.0,0.0
20220601,6,8회지방선거_기초의원지역구,전라북도,전주시완산구,전주시나선거구,33597,13223,12678,545,4569.0,0.0,0.0,0.0,3068.0,0.0,0.0,0.0,0.0,0.0,0.0,0.0,0.0,0.0,0.0,0.0,0.0,0.0
20220601,6,8회지방선거_기초의원지역구,전라북도,전주시완산구,전주시다선거구,63026,26714,25831,883,3881.0,0.0,0.0,0.0,919.0,0.0,0.0,0.0,0.0,0.0,0.0,0.0,0.0,0.0,0.0,0.0,0.0,0.0
20220601,6,8회지방선거_기초의원지역구,전라북도,전주시완산구,전주시라선거구,33917,14140,13661,479,4947.0,0.0,0.0,0.0,2376.0,0.0,0.0,0.0,0.0,0.0,0.0,0.0,0.0,0.0,0.0,0.0,0.0,0.0
20220601,6,8회지방선거_기초의원지역구,전라북도,전주시완산구,전주시마선거구,49836,21128,20478,650,2096.0,2495.0,2635.0,0.0,3029.0,0.0,0.0,0.0,0.0,0.0,0.0,0.0,0.0,0.0,0.0,0.0,0.0,0.0
20220601,6,8회지방선거_기초의원지역구,전라북도,전주시완산구,전주시바선거구,52730,21706,21112,594,2703.0,3004.0,0.0,0.0,4180.0,0.0,0.0,0.0,0.0,0.0,0.0,0.0,0.0,0.0,0.0,0.0,0.0,0.0
20220601,6,8회지방선거_기초의원지역구,전라북도,전주시덕진구,전주시아선거구,54140,22259,21556,703,6382.0,3137.0,0.0,0.0,0.0,0.0,0.0,0.0,0.0,0.0,0.0,0.0,0.0,0.0,0.0,0.0,0.0,0.0
20220601,6,8회지방선거_기초의원지역구,전라북도,전주시덕진구,전주시차선거구,40276,16108,15645,463,5429.0,2933.0,0.0,0.0,0.0,0.0,0.0,0.0,0.0,0.0,0.0,0.0,0.0,0.0,0.0,0.0,0.0,0.0
20220601,6,8회지방선거_기초의원지역구,전라북도,전주시덕진구,전주시카선거구,48647,20772,20196,576,5146.0,0.0,0.0,0.0,5410.0,0.0,0.0,2785.0,0.0,0.0,0.0,0.0,0.0,0.0,0.0,0.0,0.0,0.0
20220601,6,8회지방선거_기초의원지역구,전라북도,전주시덕진구,전주시타선거구,49551,20507,19980,527,5146.0,2793.0,0.0,0.0,2940.0,0.0,0.0,0.0,0.0,0.0,0.0,0.0,0.0,0.0,0.0,0.0,0.0,0.0
20220601,6,8회지방선거_기초의원지역구,전라북도,군산시,군산시다선거구,16784,8661,8243,418,2013.0,0.0,0.0,0.0,729.0,0.0,0.0,0.0,0.0,0.0,0.0,0.0,0.0,0.0,0.0,0.0,0.0,0.0
20220601,6,8회지방선거_기초의원지역구,전라북도,군산시,군산시라선거구,39990,16521,15798,723,3699.0,0.0,1569.0,0.0,1840.0,0.0,0.0,0.0,0.0,0.0,0.0,0.0,0.0,0.0,0.0,0.0,0.0,0.0
20220601,6,8회지방선거_기초의원지역구,전라북도,군산시,군산시바선거구,42293,15766,15253,513,2988.0,1630.0,0.0,0.0,1433.0,0.0,0.0,0.0,0.0,0.0,0.0,0.0,0.0,0.0,0.0,0.0,0.0,0.0
20220601,6,8회지방선거_기초의원지역구,전라북도,익산시,익산시가선거구,38750,17777,17241,536,2920.0,2315.0,2852.0,0.0,0.0,0.0,0.0,0.0,0.0,0.0,0.0,0.0,0.0,0.0,0.0,0.0,0.0,0.0
20220601,6,8회지방선거_기초의원지역구,전라북도,익산시,익산시나선거구,22212,9841,9425,416,2553.0,0.0,688.0,0.0,791.0,0.0,0.0,0.0,0.0,0.0,0.0,0.0,0.0,0.0,0.0,0.0,0.0,0.0
20220601,6,8회지방선거_기초의원지역구,전라북도,익산시,익산시다선거구,31008,12990,12416,574,2734.0,1427.0,733.0,0.0,850.0,0.0,0.0,0.0,0.0,0.0,0.0,0.0,0.0,0.0,0.0,0.0,0.0,0.0
20220601,6,8회지방선거_기초의원지역구,전라북도,익산시,익산시라선거구,24275,13491,12911,580,1072.0,757.0,0.0,0.0,144.0,0.0,0.0,0.0,0.0,0.0,0.0,0.0,0.0,0.0,0.0,0.0,0.0,0.0
20220601,6,8회지방선거_기초의원지역구,전라북도,익산시,익산시마선거구,20127,8099,7748,351,2641.0,0.0,0.0,0.0,2086.0,0.0,0.0,0.0,0.0,0.0,0.0,0.0,0.0,0.0,0.0,0.0,0.0,0.0
20220601,6,8회지방선거_기초의원지역구,전라북도,익산시,익산시바선거구,40737,16912,16080,832,2328.0,0.0,0.0,0.0,2175.0,0.0,0.0,0.0,0.0,0.0,0.0,0.0,0.0,0.0,0.0,0.0,0.0,0.0
20220601,6,8회지방선거_기초의원지역구,전라북도,익산시,익산시사선거구,38102,15768,15066,702,4339.0,0.0,0.0,0.0,0.0,0.0,0.0,2406.0,0.0,0.0,0.0,0.0,0.0,0.0,0.0,0.0,0.0,0.0
20220601,6,8회지방선거_기초의원지역구,전라북도,익산시,익산시아선거구,23866,12367,11801,566,2937.0,920.0,0.0,0.0,443.0,0.0,0.0,0.0,0.0,0.0,0.0,0.0,0.0,0.0,0.0,0.0,0.0,0.0
20220601,6,8회지방선거_기초의원지역구,전라북도,정읍시,정읍시가선거구,13735,8469,8056,413,705.0,0.0,0.0,0.0,624.0,0.0,0.0,0.0,0.0,0.0,0.0,0.0,0.0,0.0,0.0,0.0,0.0,0.0
20220601,6,8회지방선거_기초의원지역구,전라북도,정읍시,정읍시나선거구,7852,4928,4665,263,1516.0,0.0,0.0,0.0,1247.0,0.0,0.0,0.0,0.0,0.0,0.0,0.0,0.0,0.0,0.0,0.0,0.0,0.0
20220601,6,8회지방선거_기초의원지역구,전라북도,정읍시,정읍시라선거구,9860,6373,5949,424,1620.0,0.0,0.0,0.0,323.0,0.0,0.0,0.0,0.0,0.0,0.0,0.0,0.0,0.0,0.0,0.0,0.0,0.0
20220601,6,8회지방선거_기초의원지역구,전라북도,정읍시,정읍시마선거구,16744,9650,9202,448,2753.0,0.0,0.0,0.0,3104.0,0.0,0.0,0.0,0.0,0.0,0.0,0.0,0.0,0.0,0.0,0.0,0.0,0.0
20220601,6,8회지방선거_기초의원지역구,전라북도,정읍시,정읍시바선거구,16869,8622,8311,311,1536.0,0.0,0.0,0.0,1374.0,0.0,0.0,0.0,0.0,0.0,0.0,0.0,0.0,0.0,0.0,0.0,0.0,0.0
20220601,6,8회지방선거_기초의원지역구,전라북도,정읍시,정읍시사선거구,14958,8942,8466,476,1420.0,0.0,0.0,0.0,889.0,0.0,0.0,0.0,0.0,0.0,0.0,0.0,0.0,0.0,0.0,0.0,0.0,0.0
20220601,6,8회지방선거_기초의원지역구,전라북도,남원시,남원시가선거구,9547,6324,6057,267,2268.0,0.0,0.0,0.0,1779.0,0.0,0.0,0.0,0.0,0.0,0.0,0.0,0.0,0.0,0.0,0.0,0.0,0.0
20220601,6,8회지방선거_기초의원지역구,전라북도,남원시,남원시나선거구,6128,4619,4440,179,1377.0,0.0,0.0,0.0,116.0,0.0,0.0,0.0,0.0,0.0,0.0,0.0,0.0,0.0,0.0,0.0,0.0,0.0
20220601,6,8회지방선거_기초의원지역구,전라북도,남원시,남원시다선거구,19978,12272,11933,339,3118.0,1199.0,0.0,0.0,0.0,0.0,0.0,0.0,0.0,0.0,0.0,0.0,0.0,0.0,0.0,0.0,0.0,0.0
20220601,6,8회지방선거_기초의원지역구,전라북도,남원시,남원시마선거구,6789,4879,4526,353,1433.0,0.0,0.0,0.0,1363.0,0.0,0.0,0.0,0.0,0.0,0.0,0.0,0.0,0.0,0.0,0.0,0.0,0.0
20220601,6,8회지방선거_기초의원지역구,전라북도,남원시,남원시바선거구,20065,12268,11866,402,2173.0,0.0,0.0,0.0,1551.0,0.0,0.0,0.0,0.0,0.0,0.0,0.0,0.0,0.0,0.0,0.0,0.0,0.0
20220601,6,8회지방선거_기초의원지역구,전라북도,김제시,김제시가선거구,8689,5328,5048,280,1612.0,0.0,0.0,0.0,1816.0,0.0,0.0,0.0,0.0,0.0,0.0,0.0,0.0,0.0,0.0,0.0,0.0,0.0
20220601,6,8회지방선거_기초의원지역구,전라북도,김제시,김제시나선거구,8798,5740,5473,267,1702.0,0.0,0.0,0.0,262.0,0.0,0.0,0.0,0.0,0.0,0.0,0.0,0.0,0.0,0.0,0.0,0.0,0.0
20220601,6,8회지방선거_기초의원지역구,전라북도,김제시,김제시다선거구,14919,9031,8741,290,2115.0,0.0,0.0,0.0,3676.0,0.0,0.0,0.0,0.0,0.0,0.0,0.0,0.0,0.0,0.0,0.0,0.0,0.0
20220601,6,8회지방선거_기초의원지역구,전라북도,김제시,김제시라선거구,18985,10901,10417,484,2670.0,0.0,0.0,0.0,944.0,0.0,0.0,0.0,0.0,0.0,0.0,0.0,0.0,0.0,0.0,0.0,0.0,0.0
20220601,6,8회지방선거_기초의원지역구,전라북도,김제시,김제시마선거구,20967,11668,11143,525,2057.0,0.0,0.0,0.0,846.0,0.0,0.0,0.0,0.0,0.0,0.0,0.0,0.0,0.0,0.0,0.0,0.0,0.0
20220601,6,8회지방선거_기초의원지역구,전라북도,완주군,완주군가선거구,24728,12061,11643,418,4707.0,0.0,0.0,0.0,3429.0,0.0,0.0,0.0,0.0,0.0,0.0,0.0,0.0,0.0,0.0,0.0,0.0,0.0
20220601,6,8회지방선거_기초의원지역구,전라북도,완주군,완주군다선거구,27098,13466,12970,496,2484.0,0.0,0.0,0.0,1539.0,0.0,0.0,0.0,303.0,0.0,0.0,0.0,0.0,0.0,0.0,0.0,0.0,0.0
20220601,6,8회지방선거_기초의원지역구,전라북도,완주군,완주군라선거구,12033,8323,7892,431,2966.0,0.0,0.0,0.0,2460.0,0.0,0.0,0.0,0.0,0.0,0.0,0.0,0.0,0.0,0.0,0.0,0.0,0.0
20220601,6,8회지방선거_기초의원지역구,전라북도,진안군,진안군가선거구,13894,10053,9740,313,1753.0,0.0,0.0,156.0,2130.0,0.0,0.0,0.0,0.0,0.0,0.0,0.0,0.0,0.0,0.0,0.0,0.0,0.0
20220601,6,8회지방선거_기초의원지역구,전라북도,진안군,진안군나선거구,8740,6562,6316,246,497.0,0.0,0.0,0.0,541.0,0.0,0.0,0.0,0.0,0.0,0.0,0.0,0.0,0.0,0.0,0.0,0.0,0.0
20220601,6,8회지방선거_기초의원지역구,전라북도,무주군,무주군가선거구,11738,8930,8604,326,1727.0,0.0,0.0,0.0,1281.0,0.0,0.0,0.0,0.0,0.0,0.0,0.0,0.0,0.0,0.0,0.0,0.0,0.0
20220601,6,8회지방선거_기초의원지역구,전라북도,무주군,무주군나선거구,9541,7336,7064,272,1154.0,0.0,0.0,0.0,1010.0,0.0,0.0,0.0,0.0,0.0,0.0,0.0,0.0,0.0,0.0,0.0,0.0,0.0
20220601,6,8회지방선거_기초의원지역구,전라북도,장수군,장수군가선거구,10190,7651,7327,324,1956.0,0.0,0.0,0.0,1008.0,0.0,0.0,0.0,0.0,0.0,0.0,0.0,0.0,0.0,0.0,0.0,0.0,0.0
20220601,6,8회지방선거_기초의원지역구,전라북도,장수군,장수군나선거구,9190,6939,6683,256,845.0,0.0,0.0,0.0,1218.0,0.0,0.0,0.0,0.0,0.0,0.0,0.0,0.0,0.0,0.0,0.0,0.0,0.0
20220601,6,8회지방선거_기초의원지역구,전라북도,임실군,임실군가선거구,7621,5508,5311,197,1535.0,0.0,0.0,0.0,1193.0,0.0,0.0,0.0,0.0,0.0,0.0,0.0,0.0,0.0,0.0,0.0,0.0,0.0
20220601,6,8회지방선거_기초의원지역구,전라북도,임실군,임실군나선거구,7051,5131,4893,238,1764.0,0.0,0.0,0.0,2014.0,0.0,0.0,0.0,0.0,0.0,0.0,0.0,0.0,0.0,0.0,0.0,0.0,0.0
20220601,6,8회지방선거_기초의원지역구,전라북도,임실군,임실군다선거구,9674,6999,6718,281,1101.0,0.0,0.0,0.0,185.0,0.0,0.0,0.0,0.0,0.0,0.0,0.0,0.0,0.0,0.0,0.0,0.0,0.0
20220601,6,8회지방선거_기초의원지역구,전라북도,순창군,순창군다선거구,10309,7988,7589,399,1350.0,0.0,0.0,0.0,1066.0,0.0,0.0,0.0,0.0,0.0,0.0,0.0,0.0,0.0,0.0,0.0,0.0,0.0
20220601,6,8회지방선거_기초의원지역구,전라북도,고창군,고창군가선거구,21458,15863,15313,550,3166.0,0.0,0.0,0.0,1757.0,0.0,0.0,0.0,0.0,0.0,0.0,0.0,0.0,0.0,0.0,0.0,0.0,0.0
20220601,6,8회지방선거_기초의원지역구,전라북도,고창군,고창군나선거구,9481,6991,6668,323,1156.0,0.0,0.0,0.0,1470.0,0.0,0.0,1306.0,0.0,0.0,0.0,0.0,0.0,0.0,0.0,0.0,0.0,0.0
20220601,6,8회지방선거_기초의원지역구,전라북도,부안군,부안군가선거구,19508,11965,11554,411,2433.0,629.0,0.0,0.0,606.0,0.0,0.0,0.0,0.0,0.0,0.0,0.0,0.0,0.0,0.0,0.0,0.0,0.0
20220601,6,8회지방선거_기초의원지역구,전라북도,부안군,부안군라선거구,8777,5340,5037,303,1855.0,0.0,0.0,0.0,807.0,0.0,0.0,0.0,0.0,0.0,0.0,0.0,0.0,0.0,0.0,0.0,0.0,0.0
20220601,6,8회지방선거_기초의원지역구,전라남도,목포시,목포시가선거구,23025,12309,11717,592,2616.0,0.0,0.0,0.0,1081.0,0.0,0.0,0.0,0.0,0.0,0.0,0.0,0.0,0.0,0.0,0.0,0.0,0.0
20220601,6,8회지방선거_기초의원지역구,전라남도,목포시,목포시나선거구,18852,9505,9151,354,2427.0,0.0,0.0,0.0,2394.0,0.0,0.0,1861.0,0.0,0.0,0.0,0.0,0.0,0.0,0.0,0.0,0.0,0.0
20220601,6,8회지방선거_기초의원지역구,전라남도,목포시,목포시다선거구,22375,12080,11343,737,2479.0,0.0,0.0,0.0,644.0,0.0,0.0,0.0,0.0,0.0,0.0,0.0,0.0,0.0,0.0,0.0,0.0,0.0
20220601,6,8회지방선거_기초의원지역구,전라남도,목포시,목포시라선거구,17698,9819,9274,545,1656.0,0.0,0.0,0.0,1443.0,0.0,0.0,0.0,0.0,0.0,0.0,0.0,0.0,0.0,0.0,0.0,0.0,0.0
20220601,6,8회지방선거_기초의원지역구,전라남도,목포시,목포시마선거구,32075,16524,15959,565,2966.0,0.0,3268.0,0.0,2571.0,0.0,0.0,0.0,0.0,0.0,0.0,0.0,0.0,0.0,0.0,0.0,0.0,0.0
20220601,6,8회지방선거_기초의원지역구,전라남도,목포시,목포시바선거구,31055,17228,16592,636,3807.0,0.0,1543.0,0.0,2219.0,0.0,0.0,0.0,0.0,0.0,0.0,0.0,0.0,0.0,0.0,0.0,0.0,0.0
20220601,6,8회지방선거_기초의원지역구,전라남도,목포시,목포시사선거구,38332,19506,18861,645,1420.0,0.0,4016.0,0.0,2766.0,0.0,0.0,0.0,0.0,0.0,0.0,0.0,0.0,0.0,0.0,0.0,0.0,0.0
20220601,6,8회지방선거_기초의원지역구,전라남도,여수시,여수시가선거구,16278,8790,8363,427,2302.0,0.0,0.0,0.0,1216.0,0.0,0.0,0.0,0.0,0.0,0.0,0.0,0.0,0.0,0.0,0.0,0.0,0.0
20220601,6,8회지방선거_기초의원지역구,전라남도,여수시,여수시나선거구,20338,9641,9295,346,1775.0,0.0,0.0,0.0,1134.0,0.0,0.0,0.0,0.0,0.0,0.0,0.0,0.0,0.0,0.0,0.0,0.0,0.0
20220601,6,8회지방선거_기초의원지역구,전라남도,여수시,여수시다선거구,17540,8518,8004,514,2348.0,0.0,0.0,0.0,1596.0,0.0,0.0,0.0,0.0,0.0,0.0,0.0,0.0,0.0,0.0,0.0,0.0,0.0
20220601,6,8회지방선거_기초의원지역구,전라남도,여수시,여수시라선거구,21786,10640,10149,491,2772.0,0.0,0.0,0.0,4047.0,0.0,0.0,0.0,0.0,0.0,0.0,0.0,0.0,0.0,0.0,0.0,0.0,0.0
20220601,6,8회지방선거_기초의원지역구,전라남도,여수시,여수시마선거구,38289,17517,17049,468,2339.0,820.0,0.0,0.0,2336.0,0.0,0.0,0.0,0.0,0.0,0.0,0.0,0.0,0.0,0.0,0.0,0.0,0.0
20220601,6,8회지방선거_기초의원지역구,전라남도,여수시,여수시바선거구,18202,7320,6894,426,1634.0,0.0,0.0,0.0,1880.0,0.0,0.0,0.0,0.0,0.0,0.0,0.0,0.0,0.0,0.0,0.0,0.0,0.0
20220601,6,8회지방선거_기초의원지역구,전라남도,여수시,여수시사선거구,23780,10762,10121,641,2393.0,0.0,0.0,0.0,3548.0,0.0,0.0,0.0,0.0,0.0,0.0,0.0,0.0,0.0,0.0,0.0,0.0,0.0
20220601,6,8회지방선거_기초의원지역구,전라남도,여수시,여수시아선거구,39273,17313,16841,472,2330.0,0.0,0.0,0.0,3906.0,0.0,0.0,2003.0,0.0,0.0,0.0,0.0,0.0,0.0,0.0,0.0,0.0,0.0
20220601,6,8회지방선거_기초의원지역구,전라남도,여수시,여수시자선거구,41395,18631,18173,458,2103.0,1021.0,0.0,0.0,1389.0,0.0,0.0,0.0,0.0,0.0,0.0,0.0,0.0,0.0,0.0,0.0,0.0,0.0
20220601,6,8회지방선거_기초의원지역구,전라남도,순천시,순천시가선거구,23124,13979,13202,777,2812.0,0.0,0.0,0.0,2256.0,0.0,0.0,3859.0,0.0,0.0,0.0,0.0,0.0,0.0,0.0,0.0,0.0,0.0
20220601,6,8회지방선거_기초의원지역구,전라남도,순천시,순천시나선거구,26357,15174,14560,614,2660.0,722.0,0.0,0.0,1897.0,0.0,0.0,1753.0,0.0,0.0,0.0,0.0,0.0,0.0,0.0,0.0,0.0,0.0
20220601,6,8회지방선거_기초의원지역구,전라남도,순천시,순천시다선거구,16526,8807,8465,342,2256.0,0.0,0.0,0.0,1070.0,0.0,0.0,0.0,0.0,0.0,0.0,0.0,0.0,0.0,0.0,0.0,0.0,0.0
20220601,6,8회지방선거_기초의원지역구,전라남도,순천시,순천시라선거구,35665,20650,19705,945,2921.0,0.0,0.0,0.0,8468.0,0.0,0.0,0.0,0.0,0.0,0.0,0.0,0.0,0.0,0.0,0.0,0.0,0.0
20220601,6,8회지방선거_기초의원지역구,전라남도,순천시,순천시마선거구,41717,22979,22239,740,3792.0,0.0,0.0,0.0,379.0,0.0,0.0,3205.0,0.0,0.0,0.0,0.0,0.0,0.0,0.0,0.0,0.0,0.0
20220601,6,8회지방선거_기초의원지역구,전라남도,순천시,순천시바선거구,33478,16873,16382,491,2557.0,1511.0,0.0,0.0,1752.0,0.0,0.0,3529.0,0.0,0.0,0.0,0.0,0.0,0.0,0.0,0.0,0.0,0.0
20220601,6,8회지방선거_기초의원지역구,전라남도,순천시,순천시사선거구,15471,8201,7964,237,2340.0,0.0,0.0,0.0,0.0,0.0,0.0,2138.0,0.0,0.0,0.0,0.0,0.0,0.0,0.0,0.0,0.0,0.0
20220601,6,8회지방선거_기초의원지역구,전라남도,순천시,순천시아선거구,22938,11791,11355,436,4316.0,0.0,2304.0,0.0,0.0,0.0,0.0,0.0,0.0,0.0,0.0,0.0,0.0,0.0,0.0,0.0,0.0,0.0
20220601,6,8회지방선거_기초의원지역구,전라남도,나주시,나주시나선거구,22688,12742,12277,465,1618.0,0.0,0.0,0.0,1555.0,0.0,0.0,2815.0,0.0,0.0,0.0,0.0,0.0,0.0,0.0,0.0,0.0,0.0
20220601,6,8회지방선거_기초의원지역구,전라남도,나주시,나주시다선거구,14729,8236,7883,353,2343.0,0.0,0.0,0.0,1390.0,0.0,0.0,0.0,0.0,0.0,0.0,0.0,0.0,0.0,0.0,0.0,0.0,0.0
20220601,6,8회지방선거_기초의원지역구,전라남도,나주시,나주시라선거구,13610,9067,8661,406,1770.0,0.0,0.0,0.0,1580.0,0.0,0.0,0.0,0.0,0.0,0.0,0.0,0.0,0.0,0.0,0.0,0.0,0.0
20220601,6,8회지방선거_기초의원지역구,전라남도,나주시,나주시마선거구,28820,13443,13127,316,2325.0,1081.0,0.0,0.0,310.0,0.0,0.0,0.0,0.0,0.0,0.0,0.0,0.0,0.0,0.0,0.0,0.0,0.0
20220601,6,8회지방선거_기초의원지역구,전라남도,광양시,광양시가선거구,40374,22712,22008,704,3307.0,0.0,0.0,0.0,3062.0,0.0,0.0,1710.0,0.0,0.0,0.0,0.0,0.0,0.0,0.0,0.0,0.0,0.0
20220601,6,8회지방선거_기초의원지역구,전라남도,광양시,광양시나선거구,26221,15714,15041,673,2501.0,0.0,0.0,0.0,2214.0,0.0,0.0,0.0,0.0,0.0,0.0,0.0,0.0,0.0,0.0,0.0,0.0,0.0
20220601,6,8회지방선거_기초의원지역구,전라남도,광양시,광양시다선거구,32458,15392,14975,417,1367.0,0.0,0.0,0.0,2979.0,0.0,0.0,3435.0,0.0,0.0,0.0,0.0,0.0,0.0,0.0,0.0,0.0,0.0
20220601,6,8회지방선거_기초의원지역구,전라남도,광양시,광양시라선거구,27551,15280,14679,601,2656.0,0.0,0.0,0.0,3820.0,0.0,0.0,0.0,0.0,0.0,0.0,0.0,0.0,0.0,0.0,0.0,0.0,0.0
20220601,6,8회지방선거_기초의원지역구,전라남도,담양군,담양군가선거구,13167,8234,7954,280,1847.0,0.0,0.0,0.0,1329.0,0.0,0.0,0.0,0.0,0.0,0.0,0.0,0.0,0.0,0.0,0.0,0.0,0.0
20220601,6,8회지방선거_기초의원지역구,전라남도,담양군,담양군나선거구,8798,5879,5599,280,1285.0,0.0,0.0,0.0,1544.0,0.0,0.0,0.0,0.0,0.0,0.0,0.0,0.0,0.0,0.0,0.0,0.0,0.0
20220601,6,8회지방선거_기초의원지역구,전라남도,담양군,담양군다선거구,10663,6567,6229,338,1360.0,0.0,0.0,0.0,773.0,0.0,0.0,0.0,0.0,0.0,0.0,0.0,0.0,0.0,0.0,0.0,0.0,0.0
20220601,6,8회지방선거_기초의원지역구,전라남도,담양군,담양군라선거구,9092,5935,5667,268,1370.0,0.0,0.0,0.0,1494.0,0.0,0.0,0.0,0.0,0.0,0.0,0.0,0.0,0.0,0.0,0.0,0.0,0.0
20220601,6,8회지방선거_기초의원지역구,전라남도,곡성군,곡성군가선거구,12719,9552,9073,479,949.0,0.0,0.0,0.0,1747.0,0.0,0.0,0.0,0.0,0.0,0.0,0.0,0.0,0.0,0.0,0.0,0.0,0.0
20220601,6,8회지방선거_기초의원지역구,전라남도,곡성군,곡성군나선거구,12477,9092,8713,379,1101.0,0.0,0.0,0.0,1120.0,0.0,0.0,0.0,0.0,0.0,0.0,0.0,0.0,0.0,0.0,0.0,0.0,0.0
20220601,6,8회지방선거_기초의원지역구,전라남도,구례군,구례군가선거구,11932,9208,8897,311,946.0,0.0,0.0,0.0,1726.0,0.0,0.0,507.0,0.0,0.0,0.0,0.0,0.0,0.0,0.0,0.0,0.0,0.0
20220601,6,8회지방선거_기초의원지역구,전라남도,구례군,구례군나선거구,10916,8209,7828,381,1053.0,0.0,0.0,0.0,1879.0,0.0,0.0,0.0,0.0,0.0,0.0,0.0,0.0,0.0,0.0,0.0,0.0,0.0
20220601,6,8회지방선거_기초의원지역구,전라남도,고흥군,고흥군가선거구,17006,13256,12543,713,1004.0,0.0,0.0,0.0,1306.0,0.0,0.0,0.0,0.0,0.0,0.0,0.0,0.0,0.0,0.0,0.0,0.0,0.0
20220601,6,8회지방선거_기초의원지역구,전라남도,고흥군,고흥군나선거구,10194,7816,7211,605,2236.0,0.0,0.0,0.0,2297.0,0.0,0.0,0.0,0.0,0.0,0.0,0.0,0.0,0.0,0.0,0.0,0.0,0.0
20220601,6,8회지방선거_기초의원지역구,전라남도,고흥군,고흥군다선거구,18959,14748,13786,962,2626.0,0.0,0.0,0.0,1459.0,0.0,0.0,0.0,0.0,0.0,0.0,0.0,0.0,0.0,0.0,0.0,0.0,0.0
20220601,6,8회지방선거_기초의원지역구,전라남도,고흥군,고흥군라선거구,11212,8845,7921,924,2584.0,0.0,0.0,0.0,843.0,0.0,0.0,0.0,0.0,0.0,0.0,0.0,0.0,0.0,0.0,0.0,0.0,0.0
20220601,6,8회지방선거_기초의원지역구,전라남도,보성군,보성군가선거구,17453,11388,10942,446,1668.0,0.0,0.0,0.0,1871.0,0.0,0.0,0.0,0.0,0.0,0.0,0.0,0.0,0.0,0.0,0.0,0.0,0.0
20220601,6,8회지방선거_기초의원지역구,전라남도,보성군,보성군나선거구,10330,6410,6125,285,1919.0,0.0,0.0,0.0,1358.0,0.0,0.0,0.0,0.0,0.0,0.0,0.0,0.0,0.0,0.0,0.0,0.0,0.0
20220601,6,8회지방선거_기초의원지역구,전라남도,보성군,보성군다선거구,7948,5753,5456,297,1636.0,0.0,0.0,0.0,347.0,0.0,0.0,0.0,0.0,0.0,0.0,0.0,0.0,0.0,0.0,0.0,0.0,0.0
20220601,6,8회지방선거_기초의원지역구,전라남도,화순군,화순군가선거구,33709,18319,17804,515,3103.0,0.0,373.0,0.0,1629.0,0.0,0.0,3364.0,0.0,0.0,0.0,0.0,0.0,0.0,0.0,0.0,0.0,0.0
20220601,6,8회지방선거_기초의원지역구,전라남도,화순군,화순군나선거구,12526,8189,7861,328,995.0,0.0,0.0,0.0,1241.0,0.0,0.0,1049.0,0.0,0.0,0.0,0.0,0.0,0.0,0.0,0.0,0.0,0.0
20220601,6,8회지방선거_기초의원지역구,전라남도,화순군,화순군다선거구,9049,5923,5638,285,919.0,0.0,0.0,0.0,1720.0,0.0,0.0,0.0,0.0,0.0,0.0,0.0,0.0,0.0,0.0,0.0,0.0,0.0
20220601,6,8회지방선거_기초의원지역구,전라남도,장흥군,장흥군가선거구,16884,12123,11668,455,2487.0,0.0,0.0,0.0,1122.0,0.0,0.0,0.0,0.0,0.0,0.0,0.0,0.0,0.0,0.0,0.0,0.0,0.0
20220601,6,8회지방선거_기초의원지역구,전라남도,장흥군,장흥군나선거구,15626,11133,10557,576,2098.0,0.0,0.0,0.0,702.0,0.0,0.0,0.0,0.0,0.0,0.0,0.0,0.0,0.0,0.0,0.0,0.0,0.0
20220601,6,8회지방선거_기초의원지역구,전라남도,강진군,강진군가선거구,17710,12796,12258,538,1439.0,0.0,0.0,0.0,1769.0,0.0,0.0,0.0,0.0,0.0,0.0,0.0,0.0,0.0,0.0,0.0,0.0,0.0
20220601,6,8회지방선거_기초의원지역구,전라남도,강진군,강진군나선거구,12438,9148,8581,567,1817.0,0.0,0.0,0.0,1361.0,0.0,0.0,0.0,0.0,0.0,0.0,0.0,0.0,0.0,0.0,0.0,0.0,0.0
20220601,6,8회지방선거_기초의원지역구,전라남도,해남군,해남군가선거구,25611,13656,13154,502,2019.0,0.0,0.0,0.0,2654.0,0.0,0.0,2184.0,0.0,0.0,0.0,0.0,0.0,0.0,0.0,0.0,0.0,0.0
20220601,6,8회지방선거_기초의원지역구,전라남도,해남군,해남군나선거구,11069,6930,6545,385,2397.0,0.0,0.0,0.0,2756.0,0.0,0.0,0.0,0.0,0.0,0.0,0.0,0.0,0.0,0.0,0.0,0.0,0.0
20220601,6,8회지방선거_기초의원지역구,전라남도,해남군,해남군다선거구,10575,7169,6787,382,1492.0,0.0,0.0,0.0,1286.0,0.0,0.0,981.0,0.0,0.0,0.0,0.0,0.0,0.0,0.0,0.0,0.0,0.0
20220601,6,8회지방선거_기초의원지역구,전라남도,해남군,해남군라선거구,12168,7492,7174,318,1720.0,0.0,0.0,0.0,662.0,0.0,0.0,0.0,0.0,0.0,0.0,0.0,0.0,150.0,0.0,0.0,0.0,0.0
20220601,6,8회지방선거_기초의원지역구,전라남도,영암군,영암군가선거구,19255,13078,12455,623,2140.0,0.0,0.0,0.0,1943.0,0.0,0.0,0.0,0.0,0.0,0.0,0.0,0.0,0.0,0.0,0.0,0.0,0.0
20220601,6,8회지방선거_기초의원지역구,전라남도,영암군,영암군나선거구,18079,8826,8516,310,724.0,0.0,968.0,0.0,1278.0,0.0,0.0,862.0,0.0,0.0,0.0,0.0,0.0,0.0,0.0,0.0,0.0,0.0
20220601,6,8회지방선거_기초의원지역구,전라남도,영암군,영암군다선거구,9517,6790,6490,300,1749.0,0.0,1682.0,0.0,850.0,0.0,0.0,0.0,0.0,0.0,0.0,0.0,0.0,0.0,0.0,0.0,0.0,0.0
20220601,6,8회지방선거_기초의원지역구,전라남도,무안군,무안군가선거구,37915,23636,22644,992,2962.0,0.0,0.0,0.0,571.0,0.0,0.0,0.0,0.0,0.0,0.0,0.0,0.0,0.0,0.0,0.0,0.0,0.0
20220601,6,8회지방선거_기초의원지역구,전라남도,무안군,무안군나선거구,36980,17700,16829,871,2718.0,0.0,0.0,0.0,990.0,0.0,0.0,0.0,0.0,0.0,0.0,0.0,0.0,0.0,0.0,0.0,0.0,0.0
20220601,6,8회지방선거_기초의원지역구,전라남도,함평군,함평군가선거구,13655,9469,9131,338,1529.0,0.0,0.0,0.0,2268.0,0.0,0.0,0.0,0.0,0.0,0.0,0.0,0.0,0.0,0.0,0.0,0.0,0.0
20220601,6,8회지방선거_기초의원지역구,전라남도,함평군,함평군나선거구,14726,8759,8283,476,2166.0,0.0,0.0,0.0,823.0,0.0,0.0,0.0,0.0,0.0,0.0,0.0,0.0,0.0,0.0,0.0,0.0,0.0
20220601,6,8회지방선거_기초의원지역구,전라남도,영광군,영광군가선거구,26652,18643,18001,642,2920.0,0.0,0.0,0.0,1375.0,0.0,0.0,0.0,0.0,0.0,0.0,0.0,0.0,0.0,0.0,0.0,0.0,0.0
20220601,6,8회지방선거_기초의원지역구,전라남도,영광군,영광군나선거구,18647,13177,12554,623,1550.0,458.0,0.0,0.0,589.0,0.0,0.0,0.0,0.0,0.0,0.0,0.0,0.0,0.0,0.0,0.0,0.0,0.0
20220601,6,8회지방선거_기초의원지역구,전라남도,장성군,장성군가선거구,18835,13516,12918,598,1852.0,0.0,0.0,0.0,430.0,0.0,0.0,0.0,0.0,0.0,0.0,0.0,0.0,0.0,0.0,0.0,0.0,0.0
20220601,6,8회지방선거_기초의원지역구,전라남도,장성군,장성군나선거구,10271,6789,6428,361,1327.0,0.0,0.0,0.0,1324.0,0.0,0.0,0.0,0.0,0.0,0.0,0.0,0.0,0.0,0.0,0.0,0.0,0.0
20220601,6,8회지방선거_기초의원지역구,전라남도,장성군,장성군다선거구,9364,6197,5812,385,1010.0,0.0,0.0,0.0,1170.0,0.0,0.0,0.0,0.0,0.0,0.0,0.0,0.0,0.0,0.0,0.0,0.0,0.0
20220601,6,8회지방선거_기초의원지역구,전라남도,완도군,완도군가선거구,23814,15981,15382,599,2411.0,0.0,0.0,0.0,3070.0,0.0,0.0,0.0,0.0,0.0,0.0,0.0,0.0,0.0,0.0,0.0,0.0,0.0
20220601,6,8회지방선거_기초의원지역구,전라남도,완도군,완도군나선거구,8656,6859,6567,292,820.0,0.0,0.0,0.0,2490.0,0.0,0.0,0.0,0.0,0.0,0.0,0.0,0.0,0.0,0.0,0.0,0.0,0.0
20220601,6,8회지방선거_기초의원지역구,전라남도,진도군,진도군가선거구,18103,13764,13160,604,2009.0,239.0,0.0,0.0,834.0,0.0,0.0,0.0,0.0,0.0,0.0,0.0,0.0,0.0,0.0,0.0,0.0,0.0
20220601,6,8회지방선거_기초의원지역구,전라남도,진도군,진도군나선거구,8645,6652,6209,443,1709.0,0.0,0.0,0.0,1962.0,0.0,0.0,0.0,0.0,0.0,0.0,0.0,0.0,0.0,0.0,0.0,0.0,0.0
20220601,6,8회지방선거_기초의원지역구,전라남도,신안군,신안군가선거구,8646,6393,6096,297,1154.0,0.0,0.0,0.0,971.0,0.0,0.0,0.0,0.0,0.0,0.0,0.0,0.0,0.0,0.0,0.0,0.0,0.0
20220601,6,8회지방선거_기초의원지역구,전라남도,신안군,신안군나선거구,9642,7181,6831,350,2188.0,0.0,0.0,0.0,1398.0,0.0,0.0,0.0,0.0,0.0,0.0,0.0,0.0,0.0,0.0,0.0,0.0,0.0
20220601,6,8회지방선거_기초의원지역구,전라남도,신안군,신안군다선거구,8858,6587,6317,270,1725.0,0.0,0.0,0.0,1697.0,0.0,0.0,0.0,0.0,0.0,0.0,0.0,0.0,0.0,0.0,0.0,0.0,0.0
20220601,6,8회지방선거_기초의원지역구,전라남도,신안군,신안군라선거구,8100,6253,5904,349,2572.0,0.0,0.0,0.0,1674.0,0.0,0.0,0.0,0.0,0.0,0.0,0.0,0.0,0.0,0.0,0.0,0.0,0.0
20220601,6,8회지방선거_기초의원지역구,경상북도,포항시북구,포항시가선거구,34200,15659,15323,336,3822.0,5893.0,0.0,0.0,0.0,0.0,0.0,0.0,0.0,0.0,0.0,0.0,0.0,0.0,0.0,0.0,0.0,0.0
20220601,6,8회지방선거_기초의원지역구,경상북도,포항시북구,포항시나선거구,18345,12170,11721,449,0.0,3843.0,0.0,0.0,3087.0,0.0,0.0,0.0,0.0,0.0,0.0,0.0,0.0,0.0,0.0,0.0,0.0,0.0
20220601,6,8회지방선거_기초의원지역구,경상북도,포항시북구,포항시다선거구,46755,21143,20694,449,3678.0,5153.0,0.0,0.0,1067.0,0.0,0.0,0.0,0.0,0.0,0.0,0.0,0.0,0.0,0.0,0.0,0.0,0.0
20220601,6,8회지방선거_기초의원지역구,경상북도,포항시북구,포항시라선거구,46821,20509,19914,595,2954.0,2740.0,0.0,0.0,1486.0,0.0,0.0,0.0,0.0,0.0,0.0,0.0,0.0,0.0,0.0,0.0,0.0,0.0
20220601,6,8회지방선거_기초의원지역구,경상북도,포항시북구,포항시마선거구,52280,22910,22408,502,5139.0,4281.0,591.0,0.0,2778.0,0.0,0.0,0.0,0.0,0.0,0.0,0.0,0.0,0.0,0.0,0.0,0.0,0.0
20220601,6,8회지방선거_기초의원지역구,경상북도,포항시북구,포항시바선거구,32559,13383,13119,264,2469.0,2546.0,0.0,0.0,2769.0,0.0,0.0,0.0,0.0,0.0,0.0,0.0,0.0,0.0,0.0,0.0,0.0,0.0
20220601,6,8회지방선거_기초의원지역구,경상북도,포항시남구,포항시사선거구,34178,16368,15802,566,1847.0,4328.0,0.0,0.0,2058.0,0.0,0.0,0.0,0.0,0.0,0.0,0.0,0.0,0.0,0.0,0.0,0.0,0.0
20220601,6,8회지방선거_기초의원지역구,경상북도,포항시남구,포항시아선거구,21233,12402,11457,945,2403.0,1932.0,0.0,0.0,3187.0,0.0,0.0,0.0,0.0,0.0,0.0,0.0,0.0,0.0,0.0,0.0,0.0,0.0
20220601,6,8회지방선거_기초의원지역구,경상북도,포항시남구,포항시자선거구,50779,23123,22467,656,4125.0,3810.0,0.0,0.0,2357.0,0.0,0.0,0.0,0.0,0.0,0.0,0.0,0.0,0.0,0.0,0.0,0.0,0.0
20220601,6,8회지방선거_기초의원지역구,경상북도,포항시남구,포항시차선거구,46038,17681,17026,655,4051.0,2732.0,753.0,0.0,1767.0,0.0,0.0,0.0,0.0,0.0,0.0,0.0,0.0,0.0,0.0,0.0,0.0,0.0
20220601,6,8회지방선거_기초의원지역구,경상북도,포항시남구,포항시카선거구,44499,20874,20401,473,5882.0,4253.0,0.0,0.0,802.0,0.0,0.0,0.0,0.0,0.0,0.0,0.0,0.0,0.0,0.0,0.0,0.0,0.0
20220601,6,8회지방선거_기초의원지역구,경상북도,경주시,경주시가선거구,23055,10523,10265,258,2328.0,2521.0,0.0,0.0,790.0,0.0,0.0,654.0,0.0,0.0,0.0,0.0,0.0,0.0,0.0,0.0,0.0,0.0
20220601,6,8회지방선거_기초의원지역구,경상북도,경주시,경주시나선거구,30310,14782,14402,380,2104.0,3158.0,0.0,0.0,841.0,0.0,0.0,0.0,0.0,0.0,0.0,0.0,0.0,0.0,0.0,0.0,0.0,0.0
20220601,6,8회지방선거_기초의원지역구,경상북도,경주시,경주시다선거구,20944,9962,9658,304,1522.0,3156.0,0.0,0.0,777.0,0.0,0.0,0.0,0.0,0.0,0.0,0.0,0.0,0.0,0.0,0.0,0.0,0.0
20220601,6,8회지방선거_기초의원지역구,경상북도,경주시,경주시라선거구,34725,18026,17348,678,1946.0,1765.0,0.0,0.0,3163.0,0.0,0.0,0.0,0.0,0.0,0.0,0.0,0.0,0.0,0.0,0.0,0.0,0.0
20220601,6,8회지방선거_기초의원지역구,경상북도,경주시,경주시마선거구,27125,13797,13117,680,0.0,3319.0,0.0,0.0,2071.0,0.0,0.0,0.0,0.0,0.0,0.0,0.0,0.0,0.0,0.0,0.0,0.0,0.0
20220601,6,8회지방선거_기초의원지역구,경상북도,경주시,경주시바선거구,24348,11352,10997,355,2269.0,4424.0,0.0,0.0,0.0,0.0,0.0,0.0,0.0,0.0,0.0,0.0,0.0,0.0,0.0,0.0,0.0,0.0
20220601,6,8회지방선거_기초의원지역구,경상북도,경주시,경주시사선거구,31375,17035,16547,488,2188.0,2837.0,0.0,0.0,4226.0,0.0,0.0,0.0,0.0,0.0,0.0,0.0,0.0,0.0,0.0,0.0,0.0,0.0
20220601,6,8회지방선거_기초의원지역구,경상북도,경주시,경주시아선거구,28608,14148,13641,507,0.0,4665.0,0.0,0.0,2649.0,0.0,0.0,0.0,0.0,0.0,0.0,0.0,0.0,0.0,0.0,0.0,0.0,0.0
20220601,6,8회지방선거_기초의원지역구,경상북도,김천시,김천시가선거구,17036,9135,8735,400,0.0,3637.0,0.0,0.0,3067.0,0.0,0.0,0.0,0.0,0.0,0.0,0.0,0.0,0.0,0.0,0.0,0.0,0.0
20220601,6,8회지방선거_기초의원지역구,경상북도,김천시,김천시나선거구,14265,9658,9232,426,0.0,2057.0,0.0,0.0,962.0,0.0,0.0,0.0,0.0,0.0,0.0,0.0,0.0,0.0,0.0,0.0,0.0,0.0
20220601,6,8회지방선거_기초의원지역구,경상북도,김천시,김천시다선거구,20873,10358,9889,469,0.0,3260.0,0.0,0.0,2566.0,0.0,0.0,0.0,0.0,0.0,0.0,0.0,0.0,0.0,0.0,0.0,0.0,0.0
20220601,6,8회지방선거_기초의원지역구,경상북도,김천시,김천시라선거구,15296,8302,8011,291,0.0,2132.0,0.0,0.0,1021.0,0.0,0.0,0.0,0.0,0.0,0.0,0.0,0.0,0.0,0.0,0.0,0.0,0.0
20220601,6,8회지방선거_기초의원지역구,경상북도,김천시,김천시마선거구,14273,8579,8089,490,0.0,2892.0,0.0,0.0,1036.0,0.0,0.0,0.0,0.0,0.0,0.0,0.0,0.0,0.0,0.0,0.0,0.0,0.0
20220601,6,8회지방선거_기초의원지역구,경상북도,김천시,김천시바선거구,16633,8072,7856,216,2317.0,2319.0,0.0,0.0,442.0,0.0,0.0,0.0,0.0,0.0,0.0,0.0,0.0,0.0,0.0,0.0,0.0,0.0
20220601,6,8회지방선거_기초의원지역구,경상북도,김천시,김천시사선거구,22095,13172,12580,592,1017.0,2478.0,0.0,0.0,694.0,0.0,0.0,0.0,0.0,0.0,0.0,0.0,0.0,0.0,0.0,0.0,0.0,0.0
20220601,6,8회지방선거_기초의원지역구,경상북도,안동시,안동시가선거구,19418,10360,9696,664,2034.0,2011.0,0.0,0.0,1908.0,0.0,0.0,0.0,0.0,0.0,0.0,0.0,0.0,0.0,0.0,0.0,0.0,0.0
20220601,6,8회지방선거_기초의원지역구,경상북도,안동시,안동시나선거구,17283,8669,8221,448,2100.0,1455.0,0.0,0.0,1466.0,0.0,0.0,0.0,0.0,0.0,0.0,0.0,0.0,0.0,0.0,0.0,0.0,0.0
20220601,6,8회지방선거_기초의원지역구,경상북도,안동시,안동시다선거구,16371,9140,8534,606,1428.0,1284.0,0.0,0.0,1079.0,0.0,0.0,0.0,0.0,0.0,0.0,0.0,0.0,0.0,0.0,0.0,0.0,0.0
20220601,6,8회지방선거_기초의원지역구,경상북도,안동시,안동시라선거구,12804,8037,7666,371,0.0,3259.0,0.0,0.0,2673.0,0.0,0.0,0.0,0.0,0.0,0.0,0.0,0.0,0.0,0.0,0.0,0.0,0.0
20220601,6,8회지방선거_기초의원지역구,경상북도,안동시,안동시마선거구,12841,7726,7477,249,879.0,822.0,0.0,1346.0,1675.0,0.0,0.0,0.0,0.0,0.0,0.0,0.0,0.0,0.0,0.0,0.0,0.0,0.0
20220601,6,8회지방선거_기초의원지역구,경상북도,안동시,안동시바선거구,18420,9420,9028,392,0.0,2976.0,0.0,0.0,3100.0,0.0,0.0,0.0,0.0,0.0,0.0,0.0,0.0,0.0,0.0,0.0,0.0,0.0
20220601,6,8회지방선거_기초의원지역구,경상북도,안동시,안동시사선거구,22220,12138,11432,706,0.0,4112.0,0.0,0.0,3925.0,0.0,0.0,0.0,0.0,0.0,0.0,0.0,0.0,0.0,0.0,0.0,0.0,0.0
20220601,6,8회지방선거_기초의원지역구,경상북도,안동시,안동시아선거구,16505,9043,8583,460,1841.0,2860.0,0.0,0.0,0.0,0.0,0.0,0.0,0.0,0.0,0.0,0.0,0.0,0.0,0.0,0.0,0.0,0.0
20220601,6,8회지방선거_기초의원지역구,경상북도,구미시,구미시가선거구,52463,24694,23924,770,4324.0,5565.0,0.0,0.0,1748.0,0.0,0.0,0.0,0.0,0.0,0.0,0.0,0.0,0.0,0.0,0.0,0.0,0.0
20220601,6,8회지방선거_기초의원지역구,경상북도,구미시,구미시나선거구,31322,13740,13187,553,2976.0,3757.0,0.0,0.0,261.0,0.0,0.0,0.0,0.0,0.0,0.0,0.0,0.0,0.0,0.0,0.0,0.0,0.0
20220601,6,8회지방선거_기초의원지역구,경상북도,구미시,구미시다선거구,24117,11312,10722,590,2361.0,4210.0,0.0,0.0,0.0,0.0,0.0,0.0,0.0,0.0,0.0,0.0,0.0,0.0,0.0,0.0,0.0,0.0
20220601,6,8회지방선거_기초의원지역구,경상북도,구미시,구미시라선거구,25610,11343,10854,489,2129.0,2218.0,0.0,0.0,562.0,0.0,0.0,0.0,0.0,0.0,0.0,0.0,0.0,0.0,0.0,0.0,0.0,0.0
20220601,6,8회지방선거_기초의원지역구,경상북도,구미시,구미시마선거구,40125,16217,15875,342,3347.0,4488.0,0.0,0.0,2064.0,0.0,0.0,0.0,0.0,0.0,0.0,0.0,0.0,0.0,0.0,0.0,0.0,0.0
20220601,6,8회지방선거_기초의원지역구,경상북도,구미시,구미시바선거구,18226,10282,9541,741,1346.0,4742.0,0.0,0.0,300.0,0.0,0.0,0.0,0.0,0.0,0.0,0.0,0.0,0.0,0.0,0.0,0.0,0.0
20220601,6,8회지방선거_기초의원지역구,경상북도,구미시,구미시사선거구,31960,16204,15593,611,2630.0,7056.0,0.0,0.0,0.0,0.0,0.0,0.0,0.0,0.0,0.0,0.0,0.0,0.0,0.0,0.0,0.0,0.0
20220601,6,8회지방선거_기초의원지역구,경상북도,구미시,구미시아선거구,25732,11062,10685,377,2702.0,2255.0,0.0,0.0,158.0,0.0,0.0,0.0,0.0,0.0,0.0,0.0,0.0,0.0,0.0,0.0,0.0,0.0
20220601,6,8회지방선거_기초의원지역구,경상북도,구미시,구미시자선거구,53817,17022,16243,779,4000.0,4743.0,0.0,0.0,1236.0,0.0,0.0,0.0,0.0,0.0,0.0,0.0,0.0,0.0,0.0,0.0,0.0,0.0
20220601,6,8회지방선거_기초의원지역구,경상북도,구미시,구미시차선거구,34138,12691,12172,519,3895.0,2420.0,0.0,0.0,848.0,0.0,0.0,0.0,0.0,0.0,0.0,0.0,0.0,0.0,0.0,0.0,0.0,0.0
20220601,6,8회지방선거_기초의원지역구,경상북도,영주시,영주시가선거구,12825,8523,8122,401,0.0,2286.0,0.0,0.0,821.0,0.0,0.0,0.0,0.0,0.0,0.0,0.0,0.0,0.0,0.0,0.0,0.0,0.0
20220601,6,8회지방선거_기초의원지역구,경상북도,영주시,영주시나선거구,13092,8339,7990,349,1169.0,1732.0,0.0,0.0,1729.0,0.0,0.0,0.0,0.0,0.0,0.0,0.0,0.0,0.0,0.0,0.0,0.0,0.0
20220601,6,8회지방선거_기초의원지역구,경상북도,영주시,영주시다선거구,20374,11670,11320,350,2134.0,1942.0,0.0,0.0,4196.0,0.0,0.0,0.0,0.0,0.0,0.0,0.0,0.0,0.0,0.0,0.0,0.0,0.0
20220601,6,8회지방선거_기초의원지역구,경상북도,영주시,영주시라선거구,12654,8348,8054,294,1286.0,1642.0,0.0,0.0,2399.0,0.0,0.0,0.0,0.0,0.0,0.0,0.0,0.0,0.0,0.0,0.0,0.0,0.0
20220601,6,8회지방선거_기초의원지역구,경상북도,영주시,영주시마선거구,15401,9537,9083,454,1754.0,3474.0,0.0,0.0,1199.0,0.0,0.0,0.0,0.0,0.0,0.0,0.0,0.0,0.0,0.0,0.0,0.0,0.0
20220601,6,8회지방선거_기초의원지역구,경상북도,영주시,영주시바선거구,14715,9879,9497,382,0.0,2084.0,0.0,0.0,3741.0,0.0,0.0,0.0,0.0,0.0,0.0,0.0,0.0,0.0,0.0,0.0,0.0,0.0
20220601,6,8회지방선거_기초의원지역구,경상북도,영천시,영천시가선거구,20479,11324,10797,527,2755.0,4084.0,0.0,0.0,0.0,0.0,0.0,0.0,0.0,0.0,0.0,0.0,0.0,0.0,0.0,0.0,0.0,0.0
20220601,6,8회지방선거_기초의원지역구,경상북도,영천시,영천시나선거구,23105,13128,12646,482,1640.0,2226.0,0.0,0.0,629.0,0.0,0.0,0.0,0.0,0.0,0.0,0.0,0.0,0.0,0.0,0.0,0.0,0.0
20220601,6,8회지방선거_기초의원지역구,경상북도,영천시,영천시다선거구,31901,17630,17098,532,2644.0,3841.0,0.0,0.0,2697.0,0.0,0.0,0.0,0.0,0.0,0.0,0.0,0.0,0.0,0.0,0.0,0.0,0.0
20220601,6,8회지방선거_기초의원지역구,경상북도,영천시,영천시라선거구,15447,9624,8658,966,0.0,3207.0,0.0,0.0,2510.0,0.0,0.0,0.0,0.0,0.0,0.0,0.0,0.0,0.0,0.0,0.0,0.0,0.0
20220601,6,8회지방선거_기초의원지역구,경상북도,상주시,상주시가선거구,10931,7258,6837,421,0.0,2160.0,0.0,0.0,558.0,0.0,0.0,0.0,0.0,0.0,0.0,0.0,0.0,0.0,0.0,0.0,0.0,0.0
20220601,6,8회지방선거_기초의원지역구,경상북도,상주시,상주시나선거구,11023,7561,7202,359,0.0,2159.0,0.0,0.0,1833.0,0.0,0.0,0.0,0.0,0.0,0.0,0.0,0.0,0.0,0.0,0.0,0.0,0.0
20220601,6,8회지방선거_기초의원지역구,경상북도,상주시,상주시다선거구,22223,13334,12909,425,1936.0,1852.0,0.0,0.0,871.0,0.0,0.0,0.0,0.0,0.0,0.0,0.0,0.0,0.0,0.0,0.0,0.0,0.0
20220601,6,8회지방선거_기초의원지역구,경상북도,상주시,상주시라선거구,7556,5364,4992,372,0.0,1850.0,0.0,0.0,1808.0,0.0,0.0,0.0,0.0,0.0,0.0,0.0,0.0,0.0,0.0,0.0,0.0,0.0
20220601,6,8회지방선거_기초의원지역구,경상북도,상주시,상주시마선거구,20321,12103,11733,370,1341.0,2399.0,0.0,0.0,432.0,0.0,0.0,0.0,0.0,0.0,0.0,0.0,0.0,0.0,0.0,0.0,0.0,0.0
20220601,6,8회지방선거_기초의원지역구,경상북도,상주시,상주시바선거구,12926,8747,8368,379,1029.0,1260.0,0.0,0.0,1635.0,0.0,0.0,0.0,0.0,0.0,0.0,0.0,0.0,0.0,0.0,0.0,0.0,0.0
20220601,6,8회지방선거_기초의원지역구,경상북도,문경시,문경시가선거구,16236,10600,10131,469,0.0,3677.0,0.0,0.0,1336.0,0.0,0.0,0.0,0.0,0.0,0.0,0.0,0.0,0.0,0.0,0.0,0.0,0.0
20220601,6,8회지방선거_기초의원지역구,경상북도,문경시,문경시나선거구,22747,13383,12970,413,2180.0,2638.0,0.0,0.0,0.0,0.0,0.0,0.0,0.0,0.0,0.0,0.0,0.0,0.0,0.0,0.0,0.0,0.0
20220601,6,8회지방선거_기초의원지역구,경상북도,문경시,문경시다선거구,9626,6711,6277,434,0.0,1952.0,0.0,0.0,896.0,0.0,0.0,0.0,0.0,0.0,0.0,0.0,0.0,0.0,0.0,0.0,0.0,0.0
20220601,6,8회지방선거_기초의원지역구,경상북도,문경시,문경시라선거구,15551,9690,9182,508,0.0,2487.0,0.0,0.0,1485.0,0.0,0.0,0.0,0.0,0.0,0.0,0.0,0.0,0.0,0.0,0.0,0.0,0.0
20220601,6,8회지방선거_기초의원지역구,경상북도,경산시,경산시가선거구,52316,23557,22728,829,3446.0,4040.0,1158.0,0.0,2648.0,0.0,0.0,0.0,0.0,0.0,0.0,0.0,0.0,0.0,0.0,0.0,0.0,0.0
20220601,6,8회지방선거_기초의원지역구,경상북도,경산시,경산시나선거구,30905,12919,12235,684,2034.0,2450.0,0.0,0.0,781.0,0.0,0.0,0.0,0.0,0.0,0.0,0.0,0.0,0.0,0.0,0.0,0.0,0.0
20220601,6,8회지방선거_기초의원지역구,경상북도,경산시,경산시다선거구,29613,13627,12907,720,2058.0,2677.0,0.0,0.0,2837.0,0.0,0.0,0.0,0.0,0.0,0.0,0.0,0.0,0.0,0.0,0.0,0.0,0.0
20220601,6,8회지방선거_기초의원지역구,경상북도,경산시,경산시라선거구,59342,24846,23962,884,4345.0,4697.0,0.0,0.0,1776.0,0.0,0.0,0.0,0.0,0.0,0.0,0.0,0.0,0.0,0.0,0.0,0.0,0.0
20220601,6,8회지방선거_기초의원지역구,경상북도,경산시,경산시마선거구,58500,25102,24340,762,3343.0,3031.0,0.0,0.0,1614.0,0.0,0.0,3063.0,0.0,0.0,0.0,0.0,0.0,0.0,0.0,0.0,0.0,0.0
20220601,6,8회지방선거_기초의원지역구,경상북도,군위군,군위군가선거구,13383,10653,10165,488,0.0,1710.0,0.0,0.0,335.0,0.0,0.0,0.0,0.0,0.0,0.0,0.0,0.0,0.0,0.0,0.0,0.0,0.0
20220601,6,8회지방선거_기초의원지역구,경상북도,군위군,군위군나선거구,8671,7194,6856,338,0.0,1401.0,0.0,0.0,894.0,0.0,0.0,0.0,0.0,0.0,0.0,0.0,0.0,0.0,0.0,0.0,0.0,0.0
20220601,6,8회지방선거_기초의원지역구,경상북도,의성군,의성군가선거구,14592,10270,9884,386,1239.0,1500.0,0.0,0.0,1181.0,0.0,0.0,0.0,0.0,0.0,0.0,0.0,0.0,0.0,0.0,0.0,0.0,0.0
20220601,6,8회지방선거_기초의원지역구,경상북도,의성군,의성군나선거구,8274,6096,5758,338,0.0,2408.0,0.0,0.0,0.0,0.0,0.0,1658.0,0.0,0.0,0.0,0.0,0.0,0.0,0.0,0.0,0.0,0.0
20220601,6,8회지방선거_기초의원지역구,경상북도,의성군,의성군다선거구,9116,6819,6460,359,0.0,1880.0,0.0,0.0,2163.0,0.0,0.0,0.0,0.0,0.0,0.0,0.0,0.0,0.0,0.0,0.0,0.0,0.0
20220601,6,8회지방선거_기초의원지역구,경상북도,의성군,의성군라선거구,8256,6408,6051,357,0.0,1829.0,0.0,0.0,2046.0,0.0,0.0,0.0,0.0,0.0,0.0,0.0,0.0,0.0,0.0,0.0,0.0,0.0
20220601,6,8회지방선거_기초의원지역구,경상북도,청송군,청송군가선거구,11990,8808,8582,226,1570.0,2170.0,0.0,0.0,0.0,0.0,0.0,0.0,0.0,0.0,0.0,0.0,0.0,0.0,0.0,0.0,0.0,0.0
20220601,6,8회지방선거_기초의원지역구,경상북도,청송군,청송군나선거구,10800,8038,7749,289,841.0,1471.0,0.0,0.0,1467.0,0.0,0.0,0.0,0.0,0.0,0.0,0.0,0.0,0.0,0.0,0.0,0.0,0.0
20220601,6,8회지방선거_기초의원지역구,경상북도,영양군,영양군가선거구,9460,7280,7065,215,1238.0,1176.0,0.0,0.0,1187.0,0.0,0.0,0.0,0.0,0.0,0.0,0.0,0.0,0.0,0.0,0.0,0.0,0.0
20220601,6,8회지방선거_기초의원지역구,경상북도,영양군,영양군나선거구,5460,4252,4123,129,452.0,949.0,0.0,0.0,622.0,0.0,0.0,0.0,0.0,0.0,0.0,0.0,0.0,0.0,0.0,0.0,0.0,0.0
20220601,6,8회지방선거_기초의원지역구,경상북도,영덕군,영덕군가선거구,18122,11832,11391,441,1818.0,2493.0,0.0,0.0,1318.0,0.0,0.0,0.0,0.0,0.0,0.0,0.0,0.0,0.0,0.0,0.0,0.0,0.0
20220601,6,8회지방선거_기초의원지역구,경상북도,영덕군,영덕군나선거구,14002,9726,9302,424,0.0,1602.0,0.0,0.0,1975.0,0.0,0.0,0.0,0.0,0.0,0.0,0.0,0.0,0.0,0.0,0.0,0.0,0.0
20220601,6,8회지방선거_기초의원지역구,경상북도,청도군,청도군가선거구,19269,13643,13025,618,1962.0,2076.0,0.0,0.0,2338.0,0.0,0.0,0.0,0.0,0.0,0.0,0.0,0.0,0.0,0.0,0.0,0.0,0.0
20220601,6,8회지방선거_기초의원지역구,경상북도,청도군,청도군나선거구,19305,13669,12925,744,0.0,2725.0,0.0,0.0,1031.0,0.0,0.0,0.0,0.0,0.0,0.0,0.0,0.0,0.0,0.0,0.0,0.0,0.0
20220601,6,8회지방선거_기초의원지역구,경상북도,고령군,고령군가선거구,11722,7507,7233,274,0.0,2744.0,0.0,0.0,2024.0,0.0,0.0,0.0,0.0,0.0,0.0,0.0,0.0,0.0,0.0,0.0,0.0,0.0
20220601,6,8회지방선거_기초의원지역구,경상북도,고령군,고령군나선거구,9662,5607,5471,136,942.0,1526.0,0.0,0.0,227.0,0.0,0.0,0.0,0.0,0.0,0.0,0.0,0.0,0.0,0.0,0.0,0.0,0.0
20220601,6,8회지방선거_기초의원지역구,경상북도,고령군,고령군다선거구,6373,4308,4146,162,0.0,1376.0,0.0,0.0,424.0,0.0,0.0,0.0,0.0,0.0,0.0,0.0,0.0,0.0,0.0,0.0,0.0,0.0
20220601,6,8회지방선거_기초의원지역구,경상북도,성주군,성주군가선거구,20544,13216,12723,493,1205.0,3054.0,0.0,0.0,841.0,0.0,0.0,0.0,0.0,0.0,0.0,0.0,0.0,0.0,0.0,0.0,0.0,0.0
20220601,6,8회지방선거_기초의원지역구,경상북도,성주군,성주군나선거구,8849,6593,6246,347,0.0,2099.0,0.0,0.0,1148.0,0.0,0.0,0.0,0.0,0.0,0.0,0.0,0.0,0.0,0.0,0.0,0.0,0.0
20220601,6,8회지방선거_기초의원지역구,경상북도,성주군,성주군다선거구,10058,6825,6451,374,0.0,2074.0,0.0,0.0,2117.0,0.0,0.0,0.0,0.0,0.0,0.0,0.0,0.0,0.0,0.0,0.0,0.0,0.0
20220601,6,8회지방선거_기초의원지역구,경상북도,칠곡군,칠곡군나선거구,12249,6770,6368,402,0.0,2375.0,0.0,0.0,1595.0,0.0,0.0,0.0,0.0,0.0,0.0,0.0,0.0,0.0,0.0,0.0,0.0,0.0
20220601,6,8회지방선거_기초의원지역구,경상북도,칠곡군,칠곡군다선거구,31757,15078,14658,420,3159.0,1460.0,0.0,0.0,258.0,0.0,0.0,0.0,0.0,0.0,0.0,0.0,0.0,0.0,0.0,0.0,0.0,0.0
20220601,6,8회지방선거_기초의원지역구,경상북도,예천군,예천군가선거구,12891,7923,7671,252,0.0,2158.0,0.0,0.0,1340.0,0.0,0.0,0.0,0.0,0.0,0.0,0.0,0.0,0.0,0.0,0.0,0.0,0.0
20220601,6,8회지방선거_기초의원지역구,경상북도,예천군,예천군나선거구,10894,7710,7267,443,0.0,2336.0,0.0,0.0,1373.0,0.0,0.0,0.0,0.0,0.0,0.0,0.0,0.0,0.0,0.0,0.0,0.0,0.0
20220601,6,8회지방선거_기초의원지역구,경상북도,예천군,예천군다선거구,14566,7795,7598,197,2241.0,1621.0,0.0,0.0,727.0,0.0,0.0,0.0,0.0,0.0,0.0,0.0,0.0,0.0,0.0,0.0,0.0,0.0
20220601,6,8회지방선거_기초의원지역구,경상북도,봉화군,봉화군가선거구,11250,7356,7071,285,0.0,2973.0,0.0,0.0,1687.0,0.0,0.0,0.0,0.0,0.0,0.0,0.0,0.0,0.0,0.0,0.0,0.0,0.0
20220601,6,8회지방선거_기초의원지역구,경상북도,봉화군,봉화군나선거구,7081,4775,4518,257,0.0,1798.0,0.0,0.0,1017.0,0.0,0.0,0.0,0.0,0.0,0.0,0.0,0.0,0.0,0.0,0.0,0.0,0.0
20220601,6,8회지방선거_기초의원지역구,경상북도,봉화군,봉화군다선거구,9665,6751,6519,232,612.0,832.0,0.0,0.0,1144.0,0.0,0.0,0.0,0.0,0.0,0.0,0.0,0.0,0.0,0.0,0.0,0.0,0.0
20220601,6,8회지방선거_기초의원지역구,경상북도,울진군,울진군가선거구,12749,8634,8265,369,0.0,2235.0,0.0,0.0,2390.0,0.0,0.0,0.0,0.0,0.0,0.0,0.0,0.0,0.0,0.0,0.0,0.0,0.0
20220601,6,8회지방선거_기초의원지역구,경상북도,울진군,울진군나선거구,11893,7368,7025,343,0.0,1640.0,0.0,0.0,1343.0,0.0,0.0,0.0,0.0,0.0,0.0,0.0,0.0,0.0,0.0,0.0,0.0,0.0
20220601,6,8회지방선거_기초의원지역구,경상북도,울진군,울진군다선거구,17421,12312,11796,516,506.0,1844.0,0.0,0.0,527.0,0.0,0.0,0.0,0.0,0.0,0.0,0.0,0.0,0.0,0.0,0.0,0.0,0.0
20220601,6,8회지방선거_기초의원지역구,경상북도,울릉군,울릉군가선거구,5839,4641,4510,131,0.0,826.0,0.0,0.0,1010.0,0.0,0.0,0.0,0.0,0.0,0.0,0.0,0.0,0.0,0.0,0.0,0.0,0.0
20220601,6,8회지방선거_기초의원지역구,경상북도,울릉군,울릉군나선거구,2500,2155,2105,50,0.0,655.0,0.0,0.0,799.0,0.0,0.0,0.0,0.0,0.0,0.0,0.0,0.0,0.0,0.0,0.0,0.0,0.0
20220601,6,8회지방선거_기초의원지역구,경상남도,창원시의창구,창원시가선거구,57295,29323,27755,1568,3280.0,2580.0,0.0,0.0,746.0,0.0,0.0,0.0,0.0,0.0,0.0,0.0,0.0,0.0,0.0,0.0,0.0,0.0
20220601,6,8회지방선거_기초의원지역구,경상남도,창원시의창구,창원시나선거구,64496,33921,32417,1504,8832.0,7162.0,0.0,0.0,0.0,0.0,0.0,3306.0,0.0,0.0,0.0,0.0,0.0,0.0,0.0,0.0,0.0,0.0
20220601,6,8회지방선거_기초의원지역구,경상남도,창원시의창구,창원시다선거구,63393,31576,29952,1624,9399.0,3647.0,0.0,0.0,2717.0,0.0,0.0,0.0,0.0,0.0,0.0,0.0,0.0,0.0,0.0,0.0,0.0,0.0
20220601,6,8회지방선거_기초의원지역구,경상남도,창원시성산구,창원시라선거구,58608,32699,31229,1470,9991.0,16524.0,0.0,0.0,0.0,0.0,0.0,4714.0,0.0,0.0,0.0,0.0,0.0,0.0,0.0,0.0,0.0,0.0
20220601,6,8회지방선거_기초의원지역구,경상남도,창원시성산구,창원시바선거구,61679,32596,31071,1525,10611.0,3547.0,3204.0,0.0,0.0,0.0,0.0,0.0,0.0,0.0,0.0,0.0,0.0,0.0,0.0,0.0,0.0,0.0
20220601,6,8회지방선거_기초의원지역구,경상남도,창원시마산합포구,창원시아선거구,33606,19025,18100,925,5242.0,5524.0,0.0,0.0,0.0,0.0,0.0,0.0,0.0,0.0,0.0,0.0,0.0,0.0,0.0,0.0,0.0,0.0
20220601,6,8회지방선거_기초의원지역구,경상남도,창원시마산합포구,창원시자선거구,57826,29932,27847,2085,2953.0,4807.0,0.0,0.0,1130.0,0.0,0.0,0.0,0.0,0.0,0.0,0.0,0.0,0.0,0.0,0.0,0.0,0.0
20220601,6,8회지방선거_기초의원지역구,경상남도,창원시마산합포구,창원시차선거구,65418,34948,33439,1509,10764.0,1969.0,0.0,0.0,0.0,0.0,0.0,0.0,0.0,0.0,0.0,0.0,0.0,0.0,0.0,0.0,0.0,0.0
20220601,6,8회지방선거_기초의원지역구,경상남도,창원시마산회원구,창원시카선거구,52522,28206,26936,1270,10737.0,15385.0,0.0,0.0,814.0,0.0,0.0,0.0,0.0,0.0,0.0,0.0,0.0,0.0,0.0,0.0,0.0,0.0
20220601,6,8회지방선거_기초의원지역구,경상남도,창원시마산회원구,창원시파선거구,61008,32751,30908,1843,10236.0,5438.0,0.0,0.0,0.0,0.0,0.0,0.0,0.0,0.0,0.0,0.0,0.0,0.0,0.0,0.0,0.0,0.0
20220601,6,8회지방선거_기초의원지역구,경상남도,창원시진해구,창원시하선거구,25333,13391,12827,564,3221.0,6890.0,0.0,0.0,2716.0,0.0,0.0,0.0,0.0,0.0,0.0,0.0,0.0,0.0,0.0,0.0,0.0,0.0
20220601,6,8회지방선거_기초의원지역구,경상남도,창원시진해구,창원시거선거구,29793,15324,14820,504,4978.0,2874.0,0.0,0.0,0.0,0.0,0.0,0.0,0.0,0.0,0.0,0.0,0.0,0.0,0.0,0.0,0.0,0.0
20220601,6,8회지방선거_기초의원지역구,경상남도,창원시진해구,창원시너선거구,52601,26800,25799,1001,9294.0,15319.0,0.0,0.0,1186.0,0.0,0.0,0.0,0.0,0.0,0.0,0.0,0.0,0.0,0.0,0.0,0.0,0.0
20220601,6,8회지방선거_기초의원지역구,경상남도,창원시진해구,창원시더선거구,52003,19683,17878,1805,1893.0,2430.0,0.0,0.0,0.0,0.0,0.0,0.0,0.0,0.0,0.0,0.0,0.0,0.0,0.0,0.0,0.0,0.0
20220601,6,8회지방선거_기초의원지역구,경상남도,진주시,진주시가선거구,43491,23078,21989,1089,7110.0,4004.0,0.0,0.0,0.0,0.0,0.0,1574.0,0.0,0.0,0.0,0.0,0.0,0.0,0.0,0.0,0.0,0.0
20220601,6,8회지방선거_기초의원지역구,경상남도,진주시,진주시나선거구,33147,18425,17440,985,4861.0,4830.0,0.0,0.0,0.0,0.0,0.0,0.0,0.0,0.0,0.0,0.0,0.0,0.0,0.0,0.0,0.0,0.0
20220601,6,8회지방선거_기초의원지역구,경상남도,진주시,진주시다선거구,32722,17339,16576,763,4879.0,3079.0,1091.0,0.0,0.0,0.0,0.0,0.0,0.0,0.0,0.0,0.0,0.0,0.0,0.0,0.0,0.0,0.0
20220601,6,8회지방선거_기초의원지역구,경상남도,진주시,진주시라선거구,58325,29875,28344,1531,6911.0,5212.0,0.0,0.0,0.0,0.0,0.0,4207.0,0.0,0.0,0.0,0.0,0.0,0.0,0.0,0.0,0.0,0.0
20220601,6,8회지방선거_기초의원지역구,경상남도,진주시,진주시마선거구,24990,14004,13596,408,3337.0,3815.0,0.0,0.0,1564.0,0.0,0.0,0.0,0.0,0.0,0.0,0.0,0.0,0.0,0.0,0.0,0.0,0.0
20220601,6,8회지방선거_기초의원지역구,경상남도,진주시,진주시바선거구,48150,24285,23471,814,5404.0,5138.0,0.0,0.0,2168.0,0.0,0.0,0.0,0.0,0.0,0.0,0.0,0.0,0.0,0.0,0.0,0.0,0.0
20220601,6,8회지방선거_기초의원지역구,경상남도,진주시,진주시사선거구,28844,16262,15565,697,4810.0,3042.0,0.0,0.0,2482.0,0.0,0.0,0.0,0.0,0.0,0.0,0.0,0.0,0.0,0.0,0.0,0.0,0.0
20220601,6,8회지방선거_기초의원지역구,경상남도,진주시,진주시아선거구,22499,11893,11185,708,2202.0,2715.0,0.0,0.0,728.0,0.0,0.0,0.0,0.0,0.0,0.0,0.0,0.0,0.0,0.0,0.0,0.0,0.0
20220601,6,8회지방선거_기초의원지역구,경상남도,통영시,통영시가선거구,36778,20402,19921,481,5848.0,2432.0,0.0,0.0,4179.0,0.0,0.0,0.0,0.0,0.0,0.0,0.0,0.0,0.0,0.0,0.0,0.0,0.0
20220601,6,8회지방선거_기초의원지역구,경상남도,통영시,통영시나선거구,27329,16505,15577,928,2650.0,1131.0,0.0,0.0,1387.0,0.0,0.0,0.0,0.0,236.0,0.0,0.0,0.0,0.0,0.0,0.0,0.0,0.0
20220601,6,8회지방선거_기초의원지역구,경상남도,통영시,통영시다선거구,13825,8182,7875,307,1734.0,2006.0,0.0,0.0,1669.0,0.0,0.0,0.0,0.0,0.0,0.0,0.0,0.0,0.0,0.0,0.0,0.0,0.0
20220601,6,8회지방선거_기초의원지역구,경상남도,통영시,통영시라선거구,28132,16152,15678,474,4217.0,4545.0,0.0,0.0,0.0,0.0,0.0,0.0,0.0,0.0,0.0,0.0,0.0,0.0,0.0,0.0,0.0,0.0
20220601,6,8회지방선거_기초의원지역구,경상남도,사천시,사천시가선거구,26165,13662,13299,363,3464.0,2106.0,0.0,0.0,2721.0,0.0,0.0,558.0,0.0,0.0,0.0,0.0,0.0,0.0,0.0,0.0,0.0,0.0
20220601,6,8회지방선거_기초의원지역구,경상남도,사천시,사천시나선거구,17998,9886,9591,295,1841.0,2216.0,0.0,0.0,1481.0,0.0,0.0,0.0,0.0,0.0,0.0,0.0,0.0,0.0,0.0,0.0,0.0,0.0
20220601,6,8회지방선거_기초의원지역구,경상남도,사천시,사천시다선거구,10514,6948,6687,261,1718.0,1910.0,0.0,0.0,0.0,0.0,0.0,0.0,0.0,0.0,0.0,0.0,0.0,0.0,0.0,0.0,0.0,0.0
20220601,6,8회지방선거_기초의원지역구,경상남도,사천시,사천시라선거구,20101,12957,12506,451,3050.0,2227.0,0.0,0.0,2474.0,0.0,0.0,0.0,0.0,0.0,0.0,0.0,0.0,0.0,0.0,0.0,0.0,0.0
20220601,6,8회지방선거_기초의원지역구,경상남도,사천시,사천시마선거구,19168,12075,11722,353,3251.0,3440.0,0.0,0.0,0.0,0.0,0.0,0.0,0.0,0.0,0.0,0.0,0.0,0.0,0.0,0.0,0.0,0.0
20220601,6,8회지방선거_기초의원지역구,경상남도,김해시,김해시가선거구,70462,33622,30405,3217,7115.0,4960.0,0.0,0.0,0.0,0.0,0.0,0.0,0.0,0.0,0.0,0.0,0.0,0.0,0.0,0.0,0.0,0.0
20220601,6,8회지방선거_기초의원지역구,경상남도,김해시,김해시나선거구,43331,20591,18349,2242,3943.0,5357.0,0.0,0.0,0.0,0.0,0.0,0.0,0.0,0.0,0.0,0.0,0.0,0.0,0.0,0.0,0.0,0.0
20220601,6,8회지방선거_기초의원지역구,경상남도,김해시,김해시다선거구,51545,22640,20972,1668,2518.0,3240.0,0.0,0.0,1165.0,0.0,0.0,0.0,0.0,0.0,0.0,0.0,0.0,0.0,0.0,0.0,0.0,0.0
20220601,6,8회지방선거_기초의원지역구,경상남도,김해시,김해시라선거구,51081,22949,20745,2204,3550.0,3820.0,0.0,0.0,0.0,0.0,0.0,0.0,0.0,0.0,0.0,0.0,0.0,0.0,0.0,0.0,0.0,0.0
20220601,6,8회지방선거_기초의원지역구,경상남도,김해시,김해시바선거구,61554,28108,25696,2412,5232.0,3093.0,0.0,0.0,0.0,0.0,0.0,0.0,0.0,0.0,0.0,0.0,0.0,0.0,0.0,0.0,0.0,0.0
20220601,6,8회지방선거_기초의원지역구,경상남도,김해시,김해시사선거구,63260,27863,26090,1773,3181.0,5321.0,0.0,0.0,0.0,0.0,0.0,1242.0,0.0,0.0,0.0,0.0,0.0,0.0,0.0,0.0,0.0,0.0
20220601,6,8회지방선거_기초의원지역구,경상남도,김해시,김해시아선거구,53660,24732,23397,1335,3830.0,4054.0,1134.0,0.0,0.0,0.0,0.0,0.0,0.0,0.0,0.0,0.0,0.0,0.0,0.0,0.0,0.0,0.0
20220601,6,8회지방선거_기초의원지역구,경상남도,밀양시,밀양시가선거구,18132,10363,9701,662,2115.0,3353.0,0.0,0.0,0.0,0.0,0.0,0.0,0.0,0.0,0.0,0.0,0.0,0.0,0.0,0.0,0.0,0.0
20220601,6,8회지방선거_기초의원지역구,경상남도,밀양시,밀양시나선거구,18664,10009,9663,346,2399.0,2332.0,0.0,0.0,1626.0,0.0,0.0,0.0,0.0,0.0,0.0,0.0,0.0,0.0,0.0,0.0,0.0,0.0
20220601,6,8회지방선거_기초의원지역구,경상남도,밀양시,밀양시다선거구,19138,9637,9364,273,1747.0,1964.0,0.0,0.0,1573.0,0.0,0.0,0.0,0.0,0.0,0.0,0.0,0.0,0.0,0.0,0.0,0.0,0.0
20220601,6,8회지방선거_기초의원지역구,경상남도,밀양시,밀양시라선거구,20518,11445,10934,511,1789.0,2083.0,0.0,0.0,1727.0,0.0,0.0,0.0,0.0,0.0,0.0,0.0,0.0,0.0,0.0,0.0,0.0,0.0
20220601,6,8회지방선거_기초의원지역구,경상남도,밀양시,밀양시마선거구,15967,9109,8695,414,1961.0,2789.0,0.0,0.0,0.0,0.0,0.0,0.0,0.0,0.0,0.0,0.0,0.0,0.0,0.0,0.0,0.0,0.0
20220601,6,8회지방선거_기초의원지역구,경상남도,거제시,거제시가선거구,24016,13815,13364,451,1739.0,5324.0,0.0,0.0,1564.0,0.0,0.0,0.0,0.0,0.0,0.0,0.0,0.0,0.0,0.0,0.0,0.0,0.0
20220601,6,8회지방선거_기초의원지역구,경상남도,거제시,거제시나선거구,44747,23061,22075,986,3164.0,2436.0,1266.0,0.0,0.0,0.0,0.0,0.0,0.0,0.0,0.0,0.0,0.0,0.0,0.0,0.0,0.0,0.0
20220601,6,8회지방선거_기초의원지역구,경상남도,거제시,거제시다선거구,42506,21567,20848,719,5517.0,3087.0,0.0,0.0,2920.0,0.0,0.0,0.0,0.0,0.0,0.0,0.0,0.0,0.0,1467.0,0.0,0.0,0.0
20220601,6,8회지방선거_기초의원지역구,경상남도,거제시,거제시라선거구,19654,9198,8960,238,4127.0,2862.0,1971.0,0.0,0.0,0.0,0.0,0.0,0.0,0.0,0.0,0.0,0.0,0.0,0.0,0.0,0.0,0.0
20220601,6,8회지방선거_기초의원지역구,경상남도,거제시,거제시마선거구,62446,31650,30113,1537,3562.0,3607.0,0.0,0.0,2952.0,0.0,0.0,0.0,0.0,0.0,0.0,0.0,0.0,0.0,0.0,0.0,0.0,0.0
20220601,6,8회지방선거_기초의원지역구,경상남도,양산시,양산시가선거구,44672,20835,20338,497,7469.0,5136.0,0.0,0.0,0.0,0.0,0.0,0.0,0.0,0.0,0.0,0.0,0.0,0.0,0.0,0.0,0.0,0.0
20220601,6,8회지방선거_기초의원지역구,경상남도,양산시,양산시나선거구,52740,23729,21989,1740,3150.0,5406.0,0.0,0.0,0.0,0.0,0.0,0.0,0.0,0.0,0.0,0.0,0.0,0.0,0.0,0.0,0.0,0.0
20220601,6,8회지방선거_기초의원지역구,경상남도,양산시,양산시다선거구,26566,13627,13216,411,3401.0,1898.0,0.0,0.0,327.0,0.0,0.0,0.0,0.0,0.0,0.0,0.0,0.0,0.0,0.0,0.0,0.0,0.0
20220601,6,8회지방선거_기초의원지역구,경상남도,양산시,양산시라선거구,29767,13177,12788,389,3586.0,1527.0,0.0,0.0,680.0,0.0,0.0,0.0,0.0,0.0,0.0,0.0,0.0,0.0,0.0,0.0,0.0,0.0
20220601,6,8회지방선거_기초의원지역구,경상남도,양산시,양산시마선거구,58175,28991,27450,1541,4641.0,6784.0,2096.0,0.0,0.0,0.0,0.0,0.0,0.0,0.0,0.0,0.0,0.0,0.0,0.0,0.0,0.0,0.0
20220601,6,8회지방선거_기초의원지역구,경상남도,양산시,양산시바선거구,41255,18646,18161,485,5722.0,5118.0,0.0,0.0,0.0,0.0,0.0,0.0,0.0,0.0,0.0,0.0,0.0,0.0,0.0,0.0,0.0,0.0
20220601,6,8회지방선거_기초의원지역구,경상남도,양산시,양산시사선거구,41236,19356,18023,1333,2516.0,3187.0,0.0,0.0,0.0,0.0,0.0,0.0,0.0,0.0,0.0,0.0,0.0,0.0,0.0,0.0,0.0,0.0
20220601,6,8회지방선거_기초의원지역구,경상남도,의령군,의령군가선거구,9588,7106,6914,192,579.0,1102.0,0.0,0.0,1148.0,0.0,0.0,0.0,0.0,0.0,0.0,0.0,0.0,0.0,0.0,0.0,0.0,0.0
20220601,6,8회지방선거_기초의원지역구,경상남도,의령군,의령군나선거구,5138,3829,3637,192,0.0,1296.0,0.0,0.0,906.0,0.0,0.0,0.0,0.0,0.0,0.0,0.0,0.0,0.0,0.0,0.0,0.0,0.0
20220601,6,8회지방선거_기초의원지역구,경상남도,의령군,의령군다선거구,5321,3969,3773,196,0.0,1408.0,0.0,0.0,1227.0,0.0,0.0,0.0,0.0,0.0,0.0,0.0,0.0,0.0,0.0,0.0,0.0,0.0
20220601,6,8회지방선거_기초의원지역구,경상남도,의령군,의령군라선거구,4244,3326,3159,167,0.0,738.0,0.0,0.0,1008.0,0.0,0.0,0.0,0.0,0.0,0.0,0.0,0.0,0.0,0.0,0.0,0.0,0.0
20220601,6,8회지방선거_기초의원지역구,경상남도,함안군,함안군가선거구,18494,10950,10625,325,2513.0,1531.0,0.0,0.0,1991.0,0.0,0.0,0.0,0.0,0.0,0.0,0.0,0.0,0.0,0.0,0.0,0.0,0.0
20220601,6,8회지방선거_기초의원지역구,경상남도,함안군,함안군나선거구,8265,5032,4812,220,742.0,980.0,0.0,0.0,1434.0,0.0,0.0,0.0,0.0,0.0,0.0,0.0,0.0,0.0,0.0,0.0,0.0,0.0
20220601,6,8회지방선거_기초의원지역구,경상남도,함안군,함안군다선거구,27366,16085,15233,852,1844.0,1063.0,0.0,0.0,1595.0,0.0,0.0,0.0,0.0,0.0,0.0,0.0,0.0,0.0,0.0,0.0,0.0,0.0
20220601,6,8회지방선거_기초의원지역구,경상남도,창녕군,창녕군가선거구,18056,11766,11450,316,1748.0,2050.0,0.0,0.0,1449.0,0.0,0.0,0.0,0.0,0.0,0.0,0.0,0.0,0.0,0.0,0.0,0.0,0.0
20220601,6,8회지방선거_기초의원지역구,경상남도,창녕군,창녕군나선거구,9077,5693,5417,276,0.0,1991.0,0.0,0.0,1018.0,0.0,0.0,0.0,0.0,0.0,0.0,0.0,0.0,0.0,0.0,0.0,0.0,0.0
20220601,6,8회지방선거_기초의원지역구,경상남도,창녕군,창녕군다선거구,15103,9608,9248,360,1390.0,2412.0,0.0,0.0,1243.0,0.0,0.0,0.0,0.0,0.0,0.0,0.0,0.0,0.0,0.0,0.0,0.0,0.0
20220601,6,8회지방선거_기초의원지역구,경상남도,창녕군,창녕군라선거구,11380,7321,6753,568,0.0,2579.0,0.0,0.0,1282.0,0.0,0.0,0.0,0.0,0.0,0.0,0.0,0.0,0.0,0.0,0.0,0.0,0.0
20220601,6,8회지방선거_기초의원지역구,경상남도,고성군,고성군가선거구,21678,14344,13853,491,2558.0,1877.0,0.0,0.0,242.0,0.0,0.0,0.0,0.0,0.0,0.0,0.0,0.0,0.0,0.0,0.0,0.0,0.0
20220601,6,8회지방선거_기초의원지역구,경상남도,고성군,고성군나선거구,8158,6083,5812,271,1301.0,1449.0,0.0,0.0,744.0,0.0,0.0,0.0,0.0,0.0,0.0,0.0,0.0,0.0,0.0,0.0,0.0,0.0
20220601,6,8회지방선거_기초의원지역구,경상남도,고성군,고성군다선거구,14909,9877,9482,395,2065.0,1483.0,0.0,0.0,0.0,0.0,0.0,0.0,0.0,0.0,0.0,0.0,0.0,0.0,0.0,0.0,0.0,0.0
20220601,6,8회지방선거_기초의원지역구,경상남도,남해군,남해군가선거구,13670,9751,9395,356,3070.0,2153.0,0.0,0.0,0.0,0.0,0.0,0.0,0.0,0.0,0.0,0.0,0.0,0.0,0.0,0.0,0.0,0.0
20220601,6,8회지방선거_기초의원지역구,경상남도,남해군,남해군나선거구,5887,4377,4236,141,1595.0,1174.0,0.0,0.0,0.0,0.0,0.0,0.0,0.0,0.0,0.0,0.0,0.0,0.0,0.0,0.0,0.0,0.0
20220601,6,8회지방선거_기초의원지역구,경상남도,남해군,남해군다선거구,8174,5757,5430,327,1505.0,1826.0,0.0,0.0,0.0,0.0,0.0,0.0,0.0,0.0,0.0,0.0,0.0,0.0,0.0,0.0,0.0,0.0
20220601,6,8회지방선거_기초의원지역구,경상남도,남해군,남해군라선거구,10807,7333,6916,417,1875.0,2064.0,361.0,0.0,0.0,0.0,0.0,0.0,0.0,0.0,0.0,0.0,0.0,0.0,0.0,0.0,0.0,0.0
20220601,6,8회지방선거_기초의원지역구,경상남도,하동군,하동군가선거구,7836,5858,5625,233,1557.0,1476.0,0.0,0.0,878.0,0.0,0.0,0.0,0.0,0.0,0.0,0.0,0.0,0.0,0.0,0.0,0.0,0.0
20220601,6,8회지방선거_기초의원지역구,경상남도,하동군,하동군나선거구,12195,9049,8753,296,1923.0,1622.0,0.0,0.0,1721.0,0.0,0.0,0.0,0.0,0.0,0.0,0.0,0.0,0.0,0.0,0.0,0.0,0.0
20220601,6,8회지방선거_기초의원지역구,경상남도,하동군,하동군다선거구,11059,7964,7624,340,2262.0,1840.0,0.0,0.0,0.0,0.0,0.0,0.0,0.0,0.0,0.0,0.0,0.0,0.0,0.0,0.0,0.0,0.0
20220601,6,8회지방선거_기초의원지역구,경상남도,하동군,하동군라선거구,8338,6242,5931,311,583.0,873.0,0.0,0.0,2193.0,0.0,0.0,0.0,0.0,0.0,0.0,0.0,0.0,0.0,0.0,0.0,0.0,0.0
20220601,6,8회지방선거_기초의원지역구,경상남도,산청군,산청군가선거구,7233,5152,4966,186,722.0,1174.0,0.0,0.0,1124.0,0.0,0.0,0.0,0.0,0.0,0.0,0.0,0.0,0.0,0.0,0.0,0.0,0.0
20220601,6,8회지방선거_기초의원지역구,경상남도,산청군,산청군나선거구,5516,3800,3645,155,0.0,1507.0,0.0,0.0,821.0,0.0,0.0,0.0,0.0,0.0,0.0,0.0,0.0,0.0,0.0,0.0,0.0,0.0
20220601,6,8회지방선거_기초의원지역구,경상남도,산청군,산청군다선거구,10820,7392,7174,218,1685.0,1627.0,0.0,0.0,715.0,0.0,0.0,0.0,0.0,0.0,0.0,0.0,0.0,0.0,0.0,0.0,0.0,0.0
20220601,6,8회지방선거_기초의원지역구,경상남도,산청군,산청군라선거구,7919,5587,5369,218,0.0,853.0,0.0,0.0,726.0,0.0,0.0,0.0,0.0,0.0,0.0,0.0,0.0,0.0,0.0,0.0,0.0,0.0
20220601,6,8회지방선거_기초의원지역구,경상남도,함양군,함양군가선거구,18182,13693,13196,497,1545.0,1581.0,0.0,0.0,144.0,0.0,0.0,0.0,0.0,0.0,0.0,0.0,0.0,0.0,0.0,0.0,0.0,0.0
20220601,6,8회지방선거_기초의원지역구,경상남도,함양군,함양군나선거구,7196,5415,5197,218,1190.0,1115.0,0.0,0.0,138.0,0.0,0.0,0.0,0.0,0.0,0.0,0.0,0.0,0.0,0.0,0.0,0.0,0.0
20220601,6,8회지방선거_기초의원지역구,경상남도,함양군,함양군다선거구,9021,6909,6619,290,1005.0,987.0,0.0,0.0,795.0,0.0,0.0,0.0,0.0,0.0,0.0,0.0,0.0,0.0,0.0,0.0,0.0,0.0
20220601,6,8회지방선거_기초의원지역구,경상남도,거창군,거창군가선거구,27345,16682,15946,736,1836.0,1212.0,0.0,0.0,2179.0,0.0,0.0,0.0,0.0,0.0,0.0,0.0,0.0,0.0,0.0,0.0,0.0,0.0
20220601,6,8회지방선거_기초의원지역구,경상남도,거창군,거창군나선거구,15735,10942,10511,431,1838.0,2124.0,0.0,0.0,1273.0,0.0,0.0,0.0,0.0,0.0,0.0,0.0,0.0,0.0,0.0,0.0,0.0,0.0
20220601,6,8회지방선거_기초의원지역구,경상남도,거창군,거창군다선거구,9723,7129,6705,424,0.0,2412.0,0.0,0.0,2428.0,0.0,0.0,0.0,0.0,0.0,0.0,0.0,0.0,0.0,0.0,0.0,0.0,0.0
20220601,6,8회지방선거_기초의원지역구,경상남도,합천군,합천군가선거구,15581,10701,10273,428,1439.0,1329.0,0.0,0.0,1662.0,0.0,0.0,0.0,0.0,0.0,0.0,0.0,0.0,0.0,0.0,0.0,0.0,0.0
20220601,6,8회지방선거_기초의원지역구,경상남도,합천군,합천군나선거구,8888,6194,5854,340,0.0,2033.0,0.0,0.0,635.0,0.0,0.0,0.0,0.0,0.0,0.0,0.0,0.0,0.0,0.0,0.0,0.0,0.0
20220601,6,8회지방선거_기초의원지역구,경상남도,합천군,합천군다선거구,7043,4973,4720,253,382.0,1433.0,0.0,0.0,222.0,0.0,0.0,0.0,0.0,0.0,0.0,0.0,0.0,0.0,0.0,0.0,0.0,0.0
20220601,6,8회지방선거_기초의원지역구,경상남도,합천군,합천군라선거구,7923,5498,5223,275,1646.0,1149.0,0.0,0.0,464.0,0.0,0.0,0.0,0.0,0.0,0.0,0.0,0.0,0.0,0.0,0.0,0.0,0.0
