election_name,sido,sigungu_norm,sg_id,sg_typecode,total_voters,total_voted,valid_votes,invalid_votes,party_더불어민주당,party_경제애국당,party_국민대통합당,party_늘푸른한국당,party_민중연합당,party_한국국민당,party_홍익당,party_국민의힘,party_기타,sigungu_elec,sgg_name,ratio_더불어민주당,ratio_경제애국당,ratio_국민대통합당,ratio_늘푸른한국당,ratio_민중연합당,ratio_한국국민당,ratio_홍익당,ratio_국민의힘,ratio_기타,year,adm_cd,sigungu_pop,total_pop,male_pop,female_pop,age_0_9,age_10_19,age_20_29,age_30_39,age_40_49,age_50_59,age_60_69,age_70_79,age_80_89,age_90plus,age_0_14,age_15_64,age_65plus,ratio_20s,ratio_30s,ratio_40s,ratio_50s,ratio_60s,ratio_70plus,ratio_elderly,ratio_working,ratio_female,pop_year
19대대통령선거,강원도,강릉시,20170509,1,178461,132395,131712,683,41565,19,91,43,99,63,113,44616,45103,강릉시,대한민국,0.31557489067055394,0.00014425413022351797,0.0006909013605442177,0.00032646987366375123,0.0007516399416909621,0.00047831632653061223,0.0008579324586977648,0.3387390670553936,0.34243652818270165,2017,32030,강릉시,215914,108572,107342,16650,23479,29629,23401,33518,36281,27096,18615,7785,1229,24035,152904,38975,0.1372259325472178,0.1083811147030762,0.1552377335420584,0.1680344952156877,0.1254944098113137,0.1279629852626508,0.1805116852079994,0.7081708457997166,0.4971516437099956,2017
19대대통령선거,강원도,고성군,20170509,1,25637,18692,18521,171,5664,8,27,5,16,12,26,6534,6229,고성군,대한민국,0.3058150207872145,0.0004319421197559527,0.0014578046541763403,0.00026996382484747045,0.0008638842395119054,0.000647913179633929,0.0014038118892068462,0.35278872631067437,0.33632093299497867,2017,32600,고성군,28621,15422,13199,1547,2342,5140,2395,3272,4760,4122,3498,1431,269,2199,19516,6906,0.1795884141015338,0.0836798155200726,0.1143216519338947,0.1663114496348834,0.144020125082981,0.1816148981517067,0.2412913594912826,0.6818769435030223,0.4611648789350477,2017
19대대통령선거,강원도,동해시,20170509,1,76059,55542,55269,273,17184,9,47,24,69,38,38,19104,18756,동해시,대한민국,0.3109157031970906,0.00016283992835043154,0.0008503862924966979,0.00043423980893448407,0.0012484394506866417,0.0006875463641462665,0.0006875463641462665,0.34565488791184934,0.3393584106822993,2017,32040,동해시,89151,45347,43804,8514,9156,8704,10841,15266,15392,11409,7448,2940,362,12003,61710,15438,0.0976321073235297,0.1216026741147042,0.1712375632354096,0.172650895671389,0.1279738870007066,0.1205819340220524,0.1731668741797624,0.6921963859070566,0.4913461430606499,2017
19대대통령선거,강원도,삼척시,20170509,1,59080,44097,43798,299,13496,13,38,21,41,42,77,16023,14047,삼척시,대한민국,0.3081419242887803,0.00029681720626512624,0.0008676195260057537,0.000479473948582127,0.000936115804374629,0.000958947897164254,0.0017580711448011324,0.3658386227681629,0.3207224074158637,2017,32070,삼척시,67860,35066,32794,4811,6569,9511,6707,9462,11475,9326,6851,3236,388,6728,46603,14529,0.1401562039493074,0.0988358384910109,0.1394341290893015,0.1690981432360742,0.1374300029472443,0.1543619216033009,0.2141025641025641,0.6867521367521368,0.4832596522251695,2017
19대대통령선거,강원도,속초시,20170509,1,67471,46985,46776,209,15045,9,28,14,23,20,33,13956,17648,속초시,대한민국,0.32163930220625964,0.00019240636223704464,0.0005985975714041388,0.0002992987857020694,0.000491705147939114,0.0004275696938600992,0.0007054899948691636,0.29835813237557723,0.37728749786215154,2017,32060,속초시,78618,38962,39656,6875,7890,7663,9502,13395,14774,9840,6335,2609,419,9861,55588,13169,0.0974713170011956,0.1208629067134752,0.1703808288178279,0.1879213411686891,0.1251621766007784,0.1190948637716553,0.1675061690706962,0.7070645399272432,0.5044137474878526,2017
19대대통령선거,강원도,양구군,20170509,1,19610,14848,14686,162,4526,7,19,8,19,24,27,4266,5790,양구군,대한민국,0.30818466566798314,0.00047664442326024784,0.0012937491488492442,0.0005447364837259975,0.0012937491488492442,0.0016342094511779927,0.0018384856325752417,0.29048072994688817,0.3942530300966907,2017,32580,양구군,22355,11971,10384,2133,2162,3409,2720,2789,3636,2557,2100,889,139,2860,15414,4081,0.1524938492507269,0.1216730038022813,0.1247595616193245,0.162648177141579,0.1143815701185417,0.1399239543726236,0.1825542384254082,0.6895101766942519,0.4645045851040035,2017
19대대통령선거,강원도,양양군,20170509,1,23853,17853,17733,120,5017,12,22,14,14,18,22,6724,5890,양양군,대한민국,0.28291885185811766,0.0006767044493317544,0.001240624823774883,0.0007894885242203801,0.0007894885242203801,0.0010150566739976314,0.001240624823774883,0.3791800597755597,0.33214910054700275,2017,32610,양양군,25556,12939,12617,1576,1823,2090,2394,3468,4806,4322,3593,1391,266,2264,16203,7089,0.0817811864141493,0.0936766317107528,0.1357019877915166,0.1880575989982782,0.1691187979339489,0.2054312098920018,0.2773908279856003,0.6340194083581155,0.4937001095633119,2017
19대대통령선거,강원도,영월군,20170509,1,34905,25925,25784,141,8067,8,24,12,34,25,47,8819,8748,영월군,대한민국,0.31286844554762644,0.00031026993484331366,0.000930809804529941,0.0004654049022649705,0.0013186472230840832,0.0009695935463853553,0.0018228358672044678,0.3420338194228979,0.33928017375116354,2017,32530,영월군,36934,19006,17928,2159,3081,3124,3084,5078,7224,6346,4837,1974,249,3211,23904,9819,0.0845833107705637,0.083500297828559,0.1374884929874912,0.195592137326041,0.1718200032490388,0.1911517842638219,0.2658526019385931,0.647208534141983,0.4854064006064872,2017
19대대통령선거,강원도,원주시,20170509,1,273858,204233,203395,838,77495,47,157,44,198,82,109,51069,74194,원주시,대한민국,0.38100739939526534,0.00023107746011455542,0.0007718970476167064,0.00021632783500086038,0.0009734752575038718,0.00040315641977433075,0.000535903045797586,0.2510828683104304,0.3647778952284963,2017,32020,원주시,341338,170450,170888,33238,39472,46585,45510,57887,57114,33211,21158,9458,1235,46678,250009,44651,0.1364776262824531,0.1333282552777598,0.169588501719703,0.1673238842437701,0.0972965213366223,0.0933122008097545,0.1308116881214514,0.7324382283835963,0.5006415927907235,2017
19대대통령선거,강원도,인제군,20170509,1,27251,20751,20541,210,6574,13,23,13,21,28,24,6041,7804,인제군,대한민국,0.32004284114697434,0.000632880580302809,0.0011197117959203544,0.000632880580302809,0.0010223455527968454,0.0013631274037291272,0.0011683949174821088,0.29409473735455915,0.3799230806679324,2017,32590,인제군,30524,16456,14068,3098,2265,3863,4176,4046,5308,3842,2835,1152,181,4075,20815,5634,0.1265561525357096,0.1368103787183855,0.1325514349364434,0.1738959507272965,0.1258681693093958,0.136548289870266,0.1845760712881667,0.6819224217009566,0.4608832394181628,2017
19대대통령선거,강원도,정선군,20170509,1,33408,23859,23707,152,8270,15,22,7,35,19,46,8355,6938,정선군,대한민국,0.3488421141435019,0.0006327245117475852,0.0009279959505631248,0.00029527143881553973,0.0014763571940776985,0.0008014510482136078,0.001940355169359261,0.3524275530434049,0.29265617750031636,2017,32550,정선군,36002,18776,17226,2438,2637,2841,4042,5243,7041,5869,4271,1620,250,3410,23938,8654,0.0789122826509638,0.1122715404699739,0.1456307982889839,0.1955724681962113,0.1630187211821565,0.170573857007944,0.240375534692517,0.6649075051386034,0.4784734181434364,2017
19대대통령선거,강원도,철원군,20170509,1,39884,29103,28828,275,8998,12,34,10,22,12,16,8479,11245,철원군,대한민국,0.31212709865408633,0.00041626196753156655,0.0011794089080061053,0.0003468849729429721,0.0007631469404745387,0.00041626196753156655,0.0005550159567087554,0.29412376855834604,0.3900721520743721,2017,32560,철원군,44770,23792,20978,3999,4057,6445,5192,6128,7236,5452,4701,1676,252,5551,30374,8845,0.1439580075943712,0.1159705159705159,0.1368773732410096,0.1616260888988161,0.1217779763234308,0.1480679026133571,0.1975653339289703,0.6784453875362966,0.4685727049363413,2017
19대대통령선거,강원도,춘천시,20170509,1,229286,175879,175116,763,66874,27,104,62,103,60,110,43745,64031,춘천시,대한민국,0.38188400831448865,0.00015418351264304803,0.000593892048699148,0.0003540510290321844,0.0005881815482308869,0.0003426300280956623,0.0006281550515087142,0.24980584298407912,0.3656490554832226,2017,32010,춘천시,283742,139217,144525,25622,32168,41216,35807,44063,45575,29936,21220,9254,1389,35828,204680,43234,0.1452587209507228,0.126195628423004,0.1552924840171705,0.1606212686172649,0.1055042961563674,0.1122956770587364,0.1523708157410605,0.7213595449387119,0.509353567677679,2017
19대대통령선거,강원도,태백시,20170509,1,39001,28101,27952,149,9557,8,24,10,28,12,35,10076,8202,태백시,대한민국,0.3419075558099599,0.00028620492272467084,0.0008586147681740126,0.0003577561534058386,0.001001717229536348,0.0004293073840870063,0.001252146536920435,0.36047510017172296,0.2934315970234688,2017,32050,태백시,44733,22638,22095,3800,4199,3676,5086,7186,8026,6922,4607,1509,150,5260,30182,9291,0.0821764692732434,0.1136968233742427,0.1606420316097735,0.1794201149039858,0.1547403482887354,0.1400755594303981,0.207699014150627,0.6747144166499005,0.4939306552209778,2017
19대대통령선거,강원도,평창군,20170509,1,37478,27444,27284,160,8591,9,26,8,22,34,38,9381,9175,평창군,대한민국,0.31487318574989004,0.0003298636563553731,0.0009529394516933001,0.00029321213898255387,0.0008063333822020232,0.001246151590675854,0.001392757660167131,0.34382788447441726,0.33627767189561647,2017,32540,평창군,40264,20670,19594,2639,3055,3338,3860,5890,8045,6660,4840,1919,304,3820,26639,9805,0.0829028412477647,0.0958672759785416,0.146284522153785,0.1998062785614941,0.1654083051857739,0.1754172461752434,0.2435177826346115,0.6616083846612358,0.4866381879594675,2017
19대대통령선거,강원도,홍천군,20170509,1,59882,43648,43362,286,13851,20,49,17,81,36,47,13609,15652,홍천군,대한민국,0.3194271481942715,0.0004612333379456667,0.0011300216779668835,0.0003920483372538167,0.0018679950186799503,0.0008302200083022001,0.0010838983441723168,0.3138462248051289,0.36096121027627875,2017,32510,홍천군,67168,34331,32837,4970,5851,6660,6852,9041,12818,10290,7310,3413,473,7022,44892,15254,0.0991543592186755,0.1020128632682229,0.1346027870414483,0.1908349213911386,0.1531979514054311,0.1666865173892329,0.2271021915197713,0.6683539780848022,0.4888786326822296,2017
19대대통령선거,강원도,화천군,20170509,1,22164,17083,16891,192,5161,8,21,2,14,18,21,5051,6595,화천군,대한민국,0.30554733289917707,0.0004736250074003907,0.0012432656444260257,0.00011840625185009768,0.0008288437629506838,0.0010656562666508792,0.0012432656444260257,0.2990349890474217,0.39044461547569714,2017,32570,화천군,24625,13589,11036,2308,1877,4321,3020,2980,3828,2845,2514,985,142,3011,16881,4733,0.1754720812182741,0.1226395939086294,0.1210152284263959,0.1554517766497462,0.1155329949238578,0.1478578680203045,0.1922030456852791,0.685522842639594,0.4481624365482233,2017
19대대통령선거,강원도,횡성군,20170509,1,39885,29447,29281,166,8833,8,31,7,37,27,41,10487,9810,횡성군,대한민국,0.3016631945630272,0.0002732147126122742,0.0010587070113725625,0.0002390628735357399,0.001263618045831768,0.0009220996550664254,0.0014002254021379052,0.3581503363956149,0.3350295413408012,2017,32520,횡성군,43211,21839,21372,2701,3679,3924,3779,5308,8482,7247,5431,2573,376,3840,27985,11386,0.0908102103631019,0.0874545833236907,0.1228390918978963,0.1962926106778366,0.1677119252042304,0.1939321006225266,0.2634977204878387,0.6476360186063734,0.4945962833537756,2017
19대대통령선거,경기도,가평군,20170509,1,53480,38897,38588,309,10873,25,48,36,45,50,50,13964,13497,가평군,대한민국,0.28177153519228776,0.0006478698040841712,0.0012439100238416088,0.0009329325178812066,0.0011661656473515082,0.0012957396081683425,0.0012957396081683425,0.3618741577692547,0.34977194982896237,2017,31570,가평군,59548,30169,29379,4382,5234,5952,6206,8233,11153,9156,6359,2932,372,6114,40172,13262,0.0999529791092899,0.1042184456236985,0.138258211862699,0.1872942836031436,0.1537583126217505,0.162272452475314,0.2227110902129374,0.6746154362866931,0.4933666957748371,2017
19대대통령선거,경기도,고양시덕양구,20170509,1,366265,287087,286175,912,120063,37,143,134,194,66,87,55566,109885,고양시덕양구,대한민국,0.4195439853236656,0.00012929151742814711,0.0004996942430331091,0.0004682449550100463,0.0006779068751637983,0.0002306281121691273,0.0003040097842229405,0.1941679042543898,0.38397833493491745,2017,31101,고양시 덕양구,433606,214769,218837,43270,42481,56597,62650,77023,74378,41930,26880,10915,1366,58513,319224,55869,0.1305263303552072,0.1444860080349441,0.1776336120810136,0.1715336042397937,0.0967006914110967,0.0903147096673016,0.1288473867981531,0.7362075248036236,0.5046908944986923,2017
19대대통령선거,경기도,고양시일산동구,20170509,1,239470,188297,187758,539,81622,26,87,43,86,24,54,35248,70568,고양시일산동구,대한민국,0.4347191597694905,0.0001384761235207022,0.0004633624133192727,0.00022901820428423823,0.00045803640856847646,0.0001278241140191097,0.0002876042565429968,0.1877310154560658,0.3758455032541889,2017,31103,고양시 일산동구,284692,138851,145841,25191,31241,39668,39308,54794,50589,24020,14275,7191,1009,36294,217137,31261,0.1393365461621682,0.1380720216936197,0.1924676492490129,0.1776973009427732,0.0843718825959282,0.0789449650850744,0.1098063872535933,0.7627084709089121,0.5122764250488246,2017
19대대통령선거,경기도,고양시일산서구,20170509,1,239069,192610,192067,543,85919,23,80,42,88,23,57,35412,70423,고양시일산서구,대한민국,0.4473386891032817,0.00011974987894849193,0.0004165213180817111,0.00021867369199289832,0.00045817344988988216,0.00011974987894849193,0.00029677143913321914,0.1843731614488694,0.36665850979085424,2017,31104,고양시 일산서구,286804,139184,147620,28765,35715,36676,36160,56775,50007,22851,14894,7253,825,41808,213452,31544,0.1278782722695639,0.126079134182229,0.1979574901326341,0.1743594928941019,0.079674620995523,0.0800965119035996,0.1099845190443647,0.7442434554608722,0.514706907853447,2017
19대대통령선거,경기도,과천시,20170509,1,49206,40789,40662,127,16528,8,14,7,17,9,19,9127,14933,과천시,대한민국,0.40647287393635334,0.00019674388864295903,0.0003443018051251783,0.00017215090256258916,0.0004180807633662879,0.0002213368747233289,0.00046726673552702767,0.22446018395553588,0.3672470611381634,2017,31110,과천시,53583,26267,27316,4806,6450,6959,6379,9518,9621,5476,3167,1540,210,7157,39384,7042,0.1298732807047011,0.1190489520930145,0.1776309650448836,0.1795532165052348,0.1021965922027508,0.0917641789373495,0.1314222794543045,0.7350092380045911,0.5097885523393614,2017
19대대통령선거,경기도,광명시,20170509,1,271716,218795,218107,688,97959,32,139,49,142,45,66,39375,80300,광명시,대한민국,0.44913276511070255,0.0001467169783638306,0.0006373018747678891,0.0002246603731196156,0.0006510565914894982,0.00020632075082413677,0.0003026037678754006,0.18053065697111967,0.3681679175817374,2017,31060,광명시,328253,162480,165773,34078,34919,40448,51185,59359,53460,34096,16954,6454,711,46975,243806,37472,0.1232220269121683,0.1559315527961663,0.1808330769254203,0.1628621825238459,0.1038710994263571,0.0734768608360015,0.1141558492991686,0.7427380709391841,0.5050159480644503,2017
19대대통령선거,경기도,광주시,20170509,1,268162,199221,198507,714,80175,36,101,44,181,68,61,45304,72537,광주시,대한민국,0.4038900391421965,0.00018135380616300686,0.0005087981784017692,0.00022165465197700838,0.0009118066365417844,0.0003425571894190129,0.0003072939493317616,0.2282236898446906,0.36541280660127856,2017,31250,광주시,341046,176877,164169,37633,32101,42104,60224,59094,54170,34804,17171,6052,883,49263,253928,37855,0.1234554869431103,0.1765861496689596,0.1732728136380429,0.1588348785794291,0.1020507497522328,0.0706825472223688,0.1109967570357078,0.7445564527952241,0.4813690821765978,2017
19대대통령선거,경기도,구리시,20170509,1,159142,123469,123039,430,51181,14,52,18,85,31,50,26275,45333,구리시,대한민국,0.41597379692617786,0.00011378506002161917,0.0004226302229374426,0.0001462950771706532,0.0006908378644169735,0.0002519526329050139,0.0004063752143629256,0.2135501751477174,0.3684441518542901,2017,31120,구리시,189745,93904,95841,18441,19947,25370,27546,34099,33424,18441,10197,3570,454,25579,142714,21452,0.1337057629977074,0.1451737858705104,0.1797096102664102,0.1761522042741574,0.0971883317083454,0.0749479564678911,0.1130569975493425,0.7521357611531265,0.5051042188199952,2017
19대대통령선거,경기도,군포시,20170509,1,228831,186084,185488,596,82551,21,150,34,121,37,54,35023,67497,군포시,대한민국,0.44504765806952473,0.0001132148710428707,0.0008086776503062193,0.00018330026740274302,0.0006523333045803503,0.00019947382040886742,0.00029112395411023896,0.18881544897783145,0.36388876908479256,2017,31160,군포시,280913,139468,141445,29105,29190,37303,44118,49353,48074,25736,13498,6347,866,39663,210847,30403,0.1327920032180782,0.1570521834162178,0.1756878464150822,0.171134835340479,0.0916155535699665,0.0737274529836639,0.1082292382339016,0.7505775809592293,0.5035188830705593,2017
19대대통령선거,경기도,김포시,20170509,1,290415,225075,224372,703,93697,41,131,53,152,58,69,48799,81372,김포시,대한민국,0.4175966698161981,0.000182732248230617,0.0005838518175173373,0.0002362148574688464,0.0006774463836842386,0.00025849927798477526,0.00030752500311981886,0.21749148735136292,0.3626655732444333,2017,31230,김포시,392436,202237,190199,51876,39270,43913,70583,70892,56089,35737,19923,7529,1014,67416,281794,43226,0.1118985006472393,0.1798586266295651,0.1806460161656932,0.1429252158313712,0.0910645302673557,0.0725366683994332,0.1101478967271096,0.7180635823420889,0.4846624672558073,2017
19대대통령선거,경기도,남양주시,20170509,1,524245,397972,396637,1335,165079,67,213,73,210,102,139,86610,144144,남양주시,대한민국,0.4161966735327264,0.00016892019655251526,0.0005370149532191904,0.00018404737833333754,0.0005294513623287792,0.00025716209027397847,0.00035044637792238243,0.21836086900616936,0.36341541510247405,2017,31130,남양주시,644936,322289,322647,74789,72682,73290,91954,120569,101297,63905,37967,14210,1866,102283,462109,80544,0.1136391828026346,0.1425784884081521,0.1869472319734051,0.1570651971668506,0.099087351303075,0.083795911532307,0.1248868104742176,0.7165191584901448,0.5002775469193842,2017
19대대통령선거,경기도,동두천시,20170509,1,80335,55487,55193,294,19444,11,50,18,51,21,34,15819,19745,동두천시,대한민국,0.35229105140144584,0.00019930063595021108,0.0009059119815918686,0.0003261283133730727,0.0009240302212237059,0.00038048303226858476,0.0006160201474824706,0.28661243273603537,0.3577446415306289,2017,31080,동두천시,97373,48666,48707,9122,10154,11266,12706,16195,15849,10736,8301,3503,498,12579,67923,16871,0.1156994238649317,0.1304879175952266,0.1663192055292535,0.1627658591190576,0.1102564365891982,0.1263389235208938,0.1732615817526419,0.697554763640845,0.5002105306399105,2017
19대대통령선거,경기도,부천시,20170509,1,705885,543777,541842,1935,239697,94,365,126,395,149,192,101250,199574,부천시,대한민국,0.44237434528884806,0.00017348230665027812,0.0006736281056101225,0.00023254011316952173,0.0007289947992219134,0.0002749879116052281,0.0003543468391154617,0.18686259093979427,0.36832508369598516,6051.0,93156.0,부천시,845514.0,420656.0,424858.0,76194.0,80043.0,121987.0,131770.0,140887.0,154031.0,88671.0,40117.0,16811.0,2292.0,103761.0,649082.0,92671.0,0.1442755530955135,0.15584602975231635,0.1666288198657858,0.182174393327609,0.10487230252840284,0.07004023588018649,0.10960315263851338,0.7676774127926917,0.5024848790203356,2017
19대대통령선거,경기도,성남시분당구,20170509,1,403060,338076,337189,887,139853,22,96,53,206,35,99,71876,124949,성남시분당구,대한민국,0.4147614542585909,6.524530752782564e-05,0.00028470679648505735,0.0001571818772261254,0.0006109333341241856,0.00010379935288517716,0.0002936038838752154,0.2131623510849998,0.37056072410428575,2017,31023,성남시 분당구,475778,230620,245158,49291,54497,60889,74979,90215,73331,41583,23671,10740,1596,69452,354066,52260,0.1279777543308013,0.1575924065425471,0.1896157451584562,0.1541286061986893,0.0874000058850976,0.0756802542362194,0.1098411443992786,0.7441832114977994,0.5152781339196012,2017
19대대통령선거,경기도,성남시수정구,20170509,1,201105,149414,148842,572,63867,27,120,22,253,48,64,28596,55845,성남시수정구,대한민국,0.4290925948321038,0.00018140041117426534,0.0008062240496634015,0.00014780774243829028,0.0016997890380403382,0.00032248961986536056,0.0004299861598204808,0.19212319103478856,0.37519651711210544,2017,31021,성남시 수정구,241862,122336,119526,19287,19686,35361,38351,39706,42474,28747,14757,4653,563,25734,184475,31653,0.1462032067873415,0.1585656283335125,0.1641679966261752,0.1756125393819616,0.1188570341765138,0.0825801490105928,0.1308721502344312,0.762728332685581,0.4941909022500434,2017
19대대통령선거,경기도,성남시중원구,20170509,1,198663,146801,146232,569,62729,36,116,29,355,42,63,28107,54755,성남시중원구,대한민국,0.4289690355052246,0.0002461841457410143,0.0007932600251654904,0.0001983150062913726,0.002427649214946113,0.00028721483669785,0.00043082225504677496,0.1922082717872969,0.3744392472235899,2017,31022,성남시 중원구,226657,114220,112437,18817,19918,31818,35230,37515,40631,25965,13383,4530,652,25509,172028,29120,0.140379516185249,0.1554330993527665,0.165514411644026,0.1792620567641855,0.1145563560798916,0.081907904895944,0.1284760673616963,0.7589794270638013,0.4960667440229068,2017
19대대통령선거,경기도,수원시권선구,20170509,1,290343,222078,221278,800,95263,43,175,60,195,69,77,43074,82322,수원시권선구,대한민국,0.430512748669095,0.000194325689856199,0.0007908603656938331,0.00027115212538074277,0.000881244407487414,0.0003118249441878542,0.00034797856090528655,0.19466011081083523,0.37202975442655845,2017,31012,수원시 권선구,364662,183919,180743,39808,35126,52795,64597,62934,60417,31029,14923,5729,722,52291,279116,33255,0.144777903921988,0.1771421206487103,0.1725817332214489,0.1656794511081494,0.0850897543478618,0.0586131815215185,0.0911940372180265,0.7654101606419095,0.495645282480763,2017
19대대통령선거,경기도,수원시영통구,20170509,1,264002,220307,219649,658,105181,23,92,26,117,24,54,33582,80550,수원시영통구,대한민국,0.4788594530364354,0.00010471251860923564,0.0004188500744369426,0.0001183706732104403,0.0005326680294469813,0.0001092652368096372,0.0002458467828216837,0.15288938260588483,0.3667214510423448,2017,31014,수원시 영통구,352487,178617,173870,44349,43829,57465,64748,66477,47215,19172,9202,3771,471,60041,271724,20722,0.1630272889496634,0.1836890438512626,0.1885941892892504,0.133948202345051,0.0543906583788905,0.0381404136890154,0.0587879836703197,0.7708766564440674,0.4932664183359954,2017
19대대통령선거,경기도,수원시장안구,20170509,1,239609,190917,190211,706,81392,33,136,43,180,43,69,37388,70927,수원시장안구,대한민국,0.42790374899453765,0.0001734915436015793,0.0007149954524186299,0.0002260647386323609,0.0009463175105540689,0.0002260647386323609,0.0003627550457123931,0.19656066158108626,0.3728859003948247,2017,31011,수원시 장안구,295436,149660,145776,27797,34275,46694,40648,52722,49228,25344,14516,6245,891,39240,224390,31806,0.1580511515184337,0.1375864823515076,0.1784548937841021,0.1666283052843932,0.0857850769709852,0.0732882925574405,0.1076578345225361,0.7595215207354554,0.4934266643198527,2017
19대대통령선거,경기도,수원시팔달구,20170509,1,167122,123458,122973,485,49814,20,94,27,105,36,53,27954,44870,수원시팔달구,대한민국,0.40508079009213405,0.0001626373268928952,0.0007643954363966074,0.0002195603913054085,0.0008538459661876997,0.0002927471884072113,0.00043098891626617224,0.2273181917981996,0.36487684288421035,2017,31013,수원시 팔달구,206080,104333,101747,15744,17223,30428,32896,35009,36841,22781,11779,4279,556,21597,158769,25714,0.1476513975155279,0.1596273291925465,0.1698806288819875,0.1787703804347826,0.1105444487577639,0.0806191770186335,0.1247767857142857,0.7704241071428571,0.4937257375776397,2017
19대대통령선거,경기도,시흥시,20170509,1,322806,239227,238332,895,103732,56,208,58,235,79,80,43549,90335,시흥시,대한민국,0.4352415957571791,0.0002349663494620949,0.0008727321551449239,0.00024335800480002685,0.0009860195022070055,0.00033147038584831244,0.00033566621351727844,0.18272409915579949,0.3790300924760418,2017,31150,시흥시,446369,237042,209327,45860,48035,64215,73792,87263,75633,32363,15997,6690,958,62962,347874,35533,0.1438607967847229,0.165316139785693,0.1954952068804061,0.1694405301443424,0.0725027947729345,0.0529718685661414,0.0796045424301418,0.7793417553638358,0.4689550573628545,2017
19대대통령선거,경기도,안산시단원구,20170509,1,252848,187253,186508,745,80771,31,149,48,137,76,68,34068,71160,안산시단원구,대한민국,0.4330698951251421,0.00016621270937439682,0.0007988933450575847,0.0002573616145151951,0.0007345529414287859,0.0004074892229823922,0.000364595620563193,0.18266240590215968,0.38153859351877667,2017,31092,안산시 단원구,354452,186649,167803,30461,36659,54472,56779,68329,64804,28332,11734,5347,711,42740,283782,27930,0.1536794826944127,0.1601881213817385,0.1927736336654892,0.182828704591877,0.0799318384435692,0.0501957951993499,0.0787976933407062,0.8006218049270423,0.473415300238114,2017
19대대통령선거,경기도,안산시상록구,20170509,1,305169,226266,225339,927,98564,49,206,51,169,83,75,39995,86147,안산시상록구,대한민국,0.4374032013987814,0.00021745015288077076,0.0009141781937436485,0.00022632566932488383,0.0007499811395275562,0.0003683339324306933,0.00033283186665424095,0.17748814009115155,0.38229955755550526,2017,31091,안산시 상록구,379209,193021,186188,34021,42180,61802,54759,69614,66954,29473,15921,7001,975,47643,296550,35016,0.1629760897025123,0.1444032182780472,0.1835768665828079,0.1765622651361122,0.0777223114430301,0.0630180190870997,0.09233958054793,0.78202257857804,0.490990456450137,2017
19대대통령선거,경기도,안성시,20170509,1,148171,106490,106019,471,39380,36,94,33,137,38,65,26851,39385,안성시,대한민국,0.3714428545826691,0.0003395617766626737,0.0008866335279525368,0.0003112649619407842,0.0012922212056329526,0.0003584263198106,0.0006130976523076052,0.25326592403248477,0.371490015940539,2017,31220,안성시,198832,103648,95184,18853,21105,28219,30228,32240,30218,19819,12708,6404,869,25598,145045,28189,0.1419238351975537,0.1520278426007886,0.1621469381186127,0.1519775488854912,0.0996771143477911,0.1004918725356079,0.1417729540516617,0.7294851935302165,0.4787156996861672,2017
19대대통령선거,경기도,안양시동안구,20170509,1,277376,230674,229991,683,101278,26,129,30,110,48,51,43370,84949,안양시동안구,대한민국,0.440356361770678,0.00011304790187442118,0.0005608915131461666,0.00013043988677817828,0.00047827958485332036,0.00020870381884508524,0.00022174780752290307,0.1885725963189864,0.36935793139731554,2017,31042,안양시 동안구,322590,158660,163930,31732,37238,44131,47451,59481,55867,29417,13775,6018,769,45229,245932,31429,0.1368021327381506,0.1470938342788059,0.1843857528131684,0.1731826777023466,0.0911900554883908,0.0637403515298056,0.0974270746148361,0.7623670913543508,0.5081682631203696,2017
19대대통령선거,경기도,안양시만안구,20170509,1,215032,167995,167392,603,70454,23,149,32,109,59,55,35446,61065,안양시만안구,대한민국,0.42089227681131713,0.00013740202638118907,0.0008901261709042248,0.00019116803670426305,0.000651166125023896,0.000352466067673485,0.0003285700630854521,0.21175444465685336,0.36480238004205695,2017,31041,안양시 만안구,254107,127061,127046,20891,22715,37806,37813,39904,46702,29087,14675,5604,727,28361,193340,32406,0.1487798447110862,0.1488073921615697,0.1570362091559854,0.183788718925492,0.1144675274589051,0.0826659635507876,0.1275289543381331,0.7608605823531032,0.499970484874482,2017
19대대통령선거,경기도,양주시,20170509,1,164908,121344,120732,612,46286,34,97,50,105,51,56,29903,44150,양주시,대한민국,0.3833780604976311,0.00028161547891197034,0.0008034323957194447,0.00041414041016466223,0.0008696948613457907,0.00042242321836795545,0.0004638372593844217,0.2476808137030779,0.3656859821753968,2017,31260,양주시,212631,109115,103516,22521,23344,25489,29634,38395,33689,21959,13737,5437,762,31263,152570,28798,0.1198743362915097,0.1393682012500529,0.1805710362082669,0.1584387977293997,0.1032728059408082,0.0937586711250946,0.135436507376629,0.717534131899864,0.4868339988054423,2017
19대대통령선거,경기도,양평군,20170509,1,95097,71056,70669,387,21329,14,52,26,31,34,77,24957,24149,양평군,대한민국,0.30181550609178,0.00019810666628932062,0.000735824760503191,0.0003679123802515955,0.00043866476106921,0.0004811161895597787,0.0010895866645912636,0.3531534336130411,0.34171984887291457,2017,31580,양평군,109359,54876,54483,8873,10260,10459,11433,15588,19740,16877,11293,5048,709,12348,72761,24250,0.0956391334961,0.1045455792390201,0.1425397086659534,0.1805064055084629,0.1543265757733702,0.1559085214751415,0.22174672409221,0.6653407584195173,0.4982031657202425,2017
19대대통령선거,경기도,여주시,20170509,1,93145,65695,65369,326,20474,13,72,25,66,40,50,21671,22958,여주시,대한민국,0.3132065658033624,0.00019887102449173155,0.0011014395202618979,0.00038244427786871454,0.0010096528935734064,0.0006119108445899432,0.0007648885557374291,0.3315179978277165,0.3512062292523979,2017,31280,여주시,111476,56779,54697,9503,11135,13368,13798,16800,19239,14159,9409,4438,594,13229,77958,20289,0.1199181886684129,0.1237755211884172,0.1507050845024938,0.172584233377588,0.127013886397072,0.1295435788869353,0.1820033011589938,0.6993254153360364,0.4906616670852919,2017
19대대통령선거,경기도,연천군,20170509,1,38909,28675,28450,225,8384,10,28,21,21,18,33,9598,10337,연천군,대한민국,0.29469244288224955,0.000351493848857645,0.000984182776801406,0.0007381370826010545,0.0007381370826010545,0.000632688927943761,0.0011599297012302285,0.33736379613356765,0.3633391915641476,2017,31550,연천군,43990,23259,20731,3655,3484,5645,4924,5490,7441,6223,4941,2175,302,4856,29094,10040,0.1283246192316435,0.1119345305751307,0.1248010911570811,0.1691520800181859,0.1414639690838827,0.1686292339167992,0.2282336894748806,0.661377585814958,0.4712661968629233,2017
19대대통령선거,경기도,오산시,20170509,1,161182,118683,118201,482,52358,19,66,36,82,30,35,21946,43629,오산시,대한민국,0.4429573353863335,0.0001607431409209736,0.0005583709105675924,0.0003045659512186868,0.0006937335555536755,0.00025380495934890565,0.0002961057859070566,0.18566678792903613,0.3691085523811135,2017,31140,오산시,219877,112936,106941,29741,24132,28127,42758,41179,29577,15501,8252,2964,371,38917,163266,17694,0.1279215197587742,0.1944632680998922,0.1872819803799397,0.1345161158283949,0.0704985059828904,0.0526976445922038,0.0804722640385306,0.7425333254501381,0.4863673781250426,2017
19대대통령선거,경기도,용인시기흥구,20170509,1,319811,261414,260768,646,116017,13,111,45,141,41,61,53816,90523,용인시기흥구,대한민국,0.44490504969934963,4.9852742667812e-05,0.00042566572585593323,0.00017256718615781078,0.0005407105166278071,0.00015722788072156094,0.00023392440790281015,0.20637501533930544,0.3471399865014112,2017,31192,용인시 기흥구,415720,205754,209966,54105,50023,51764,63773,82146,54169,33625,22290,8081,1293,73323,296014,46383,0.1245165014913884,0.1534037332820167,0.197599345713461,0.1303016453382084,0.0808837679207158,0.0761666506302318,0.1115726931588569,0.7120513807370346,0.5050659097469451,2017
19대대통령선거,경기도,용인시수지구,20170509,1,268809,225513,225003,510,95325,16,69,20,94,19,45,50604,78811,용인시수지구,대한민국,0.4236610178530953,7.111016297560477e-05,0.00030666257783229555,8.888770371950596e-05,0.000417772207481678,8.444331853353067e-05,0.00019999733336888842,0.22490366795109398,0.35026644089189923,2017,31193,용인시 수지구,338993,165644,173349,41244,42469,39446,49070,68713,45567,28838,20119,6837,942,57727,240395,40871,0.116362284766942,0.1447522515214178,0.2026974008312856,0.1344187048110137,0.0850696032071458,0.0822966845923072,0.1205659113905006,0.7091444366107855,0.5113645414507084,2017
19대대통령선거,경기도,용인시처인구,20170509,1,184406,134872,134223,649,50423,32,80,44,98,57,59,33305,50125,용인시처인구,대한민국,0.3756658694858556,0.00023840921451614104,0.0005960230362903527,0.0003278126699596939,0.000730128219455682,0.00042466641335687626,0.00043956698926413503,0.24813184029562743,0.37344568367567404,2017,31191,용인시 처인구,240521,125322,115199,22627,27948,37372,34610,40525,37241,22605,13246,5810,815,31137,180261,29123,0.1553793639640613,0.1438959591885947,0.1684884064177348,0.1548347129772452,0.0939834775341862,0.0826164867101001,0.1210829823591287,0.7494605460645848,0.4789560994674062,2017
19대대통령선거,경기도,의왕시,20170509,1,127577,103913,103562,351,43869,13,54,17,57,18,32,21357,38145,의왕시,대한민국,0.42360132094783803,0.00012552866881674745,0.0005214267781618741,0.0001641528746065159,0.0005503949325042004,0.000173808926053958,0.0003089936463181476,0.20622429076302118,0.36833008246267934,2017,31170,의왕시,151852,75667,76185,14665,15882,20923,21026,25645,27494,15741,7857,3480,506,19851,114225,17776,0.1377854753312435,0.1384637673524221,0.1688815425545926,0.1810578721386613,0.1036601427705924,0.0779904117166715,0.1170613492084398,0.7522126807681163,0.5017056080920896,2017
19대대통령선거,경기도,의정부시,20170509,1,360255,270404,269474,930,110580,31,155,63,214,81,122,57449,100779,의정부시,대한민국,0.4103549878652486,0.00011503892768875662,0.0005751946384437831,0.00023378878852876344,0.0007941396943675457,0.0003005855852512673,0.00045273384445252606,0.2131893986061735,0.37398413204984526,2017,31030,의정부시,426530,210519,216011,40048,44618,56423,58459,74969,73014,44290,27492,10152,1182,55629,314085,56816,0.132283778397768,0.1370571823787306,0.1757648934424308,0.1711813940402785,0.1038379480927484,0.0910275947764518,0.1332051672801444,0.736372588094624,0.5064379996717698,2017
19대대통령선거,경기도,이천시,20170509,1,167583,121841,121201,640,44109,29,93,35,89,63,69,33446,43268,이천시,대한민국,0.3639326408197952,0.00023927195320170625,0.0007673204016468511,0.00028877649524343857,0.0007343173736190296,0.0005197976914381895,0.0005693022334799217,0.2759548188546299,0.35699375417694573,2017,31210,이천시,218798,112606,106192,23879,24549,31431,34151,35584,33301,19867,12054,5511,715,32365,160017,26416,0.1436530498450625,0.156084607720363,0.1626340277333431,0.1521997458843316,0.0908006471722776,0.0835473816031225,0.1207323650124772,0.7313458075485151,0.4853426448139379,2017
19대대통령선거,경기도,파주시,20170509,1,340754,256847,255845,1002,107148,52,198,82,224,92,96,55746,92207,파주시,대한민국,0.41880044558228613,0.00020324806034903946,0.0007739060759444195,0.00032050655670425455,0.0008755301061189392,0.0003595927221559929,0.0003752271883366882,0.21788973792726066,0.36040180578084385,2017,31200,파주시,430650,220786,209864,50972,46901,54278,69711,76326,62370,37400,25540,10635,1391,68545,309148,52957,0.1260373853477301,0.1618739115290839,0.177234413096482,0.1448275862068965,0.0868454661558109,0.0872309299895506,0.1229699291768257,0.7178636944154185,0.487319168698479,2017
19대대통령선거,경기도,평택시,20170509,1,379547,273677,272518,1159,104574,62,225,69,358,118,97,63171,103844,평택시,대한민국,0.3837324507005042,0.00022750790773453497,0.000825633536133393,0.0002531942844142405,0.0013136746930477988,0.0004329989211721795,0.00035593979113306276,0.23180487160481142,0.3810537285610492,2017,31070,평택시,486077,252448,233629,52896,51668,65844,79943,87628,75215,40989,25050,10600,1226,71600,360991,53486,0.1354600197088115,0.1644657122225491,0.1802759645076808,0.1547388582467387,0.0843261458575493,0.0758645235219934,0.1100360642449653,0.7426621708083287,0.4806419559041057,2017
19대대통령선거,경기도,포천시,20170509,1,128917,90620,90075,545,27632,29,69,36,108,46,62,28144,33949,포천시,대한민국,0.30676658340271995,0.00032195392728281985,0.0007660283097418818,0.0003996669442131557,0.0011990008326394671,0.0005106855398279212,0.000688315292811546,0.31245073549819596,0.3768970302525673,2017,31270,포천시,161239,87185,74054,12223,14818,24746,21261,24814,29133,17925,11584,5202,773,17214,119528,24497,0.1534740354380764,0.1318601579022445,0.1538957696338975,0.1806820930420059,0.1111703744131382,0.1089004521238658,0.1519297440445549,0.7413094846780246,0.459280943196125,2017
19대대통령선거,경기도,하남시,20170509,1,176100,138937,138445,492,57298,17,68,19,109,24,43,31967,48900,하남시,대한민국,0.413868323160822,0.00012279244465311135,0.0004911697786124454,0.00013723861461230092,0.0007873162627758315,0.00017335403951027485,0.00031059265412257576,0.2309003575427065,0.353208855502185,2017,31180,하남시,218994,110017,108977,27206,19524,24590,37967,37149,34714,24476,11035,3922,680,34570,158948,25476,0.1122861813565668,0.1733700466679452,0.1696347845146442,0.1585157584226051,0.111765619149383,0.0714037827520388,0.1163319543001178,0.7258098395389828,0.4976255057216179,2017
19대대통령선거,경기도,화성시,20170509,1,493782,386002,384720,1282,176940,58,284,81,267,118,141,69415,137416,화성시,대한민국,0.45991890205864006,0.00015075899355375337,0.0007381992098149303,0.00021054273237679352,0.0006940112289457268,0.00030671657309211896,0.0003665003119151591,0.18042992306092742,0.35718444583073405,2017,31240,화성시,707928,374208,333720,103211,78761,88179,142548,132759,87215,47092,25327,10670,1388,134759,516835,56334,0.124559277214632,0.2013594602840966,0.1875317828931755,0.1231975568136872,0.066520889129968,0.052809042727509,0.079575889073465,0.730067181973308,0.4714038715801606,2017
19대대통령선거,경상남도,거제시,20170509,1,196936,150230,149394,836,68291,28,85,46,83,49,102,38942,41768,거제시,대한민국,0.4571200985314002,0.00018742385905725798,0.0005689652864238189,0.0003079106255940667,0.0005555778679197291,0.0003279917533502015,0.0006827583437085826,0.2606664256931336,0.2795828480394126,2017,38090,거제시,257847,139356,118491,35666,27564,26850,50796,48727,37033,20475,9075,4183,486,46171,190074,21602,0.1041315198547976,0.1970005468359143,0.1889764084903062,0.1436239320217028,0.0794075556434629,0.0533029277051895,0.0837783646891373,0.7371580821184656,0.4595399597435688,2017
19대대통령선거,경상남도,거창군,20170509,1,53345,41325,40949,376,11256,12,37,22,48,54,105,20022,9393,거창군,대한민국,0.2748785074116584,0.00029304744926616035,0.0009035629685706611,0.0005372536569879607,0.0011721897970646414,0.0013187135216977215,0.002564165181078903,0.4889496691005885,0.229382890913087,2017,38590,거창군,60083,29491,30592,4845,6157,5445,5608,8308,10184,8588,7011,3960,488,6863,37866,15354,0.0906246359203102,0.0933375497228833,0.1382753857164256,0.1694988599104572,0.1429356057453855,0.1907195046851855,0.2555464940166103,0.6302281843449894,0.5091623254497945,2017
19대대통령선거,경상남도,고성군,20170509,1,47369,34603,34338,265,9848,13,19,13,21,39,75,16848,7462,고성군,대한민국,0.2867959694798765,0.00037858931795678257,0.0005533228493214515,0.00037858931795678257,0.0006115673597763411,0.0011357679538703477,0.002184169142058361,0.49065175607199024,0.2173102685071932,2017,38540,고성군,52439,26681,25758,3800,4473,4196,5690,7042,8947,8283,6373,3585,405,5262,32980,14197,0.0800167814031541,0.1085070272125708,0.134289364785751,0.170617288659204,0.1579549571883521,0.1976200919163218,0.2707336142947043,0.628921222754057,0.4911992982322317,2017
19대대통령선거,경상남도,김해시,20170509,1,414018,318253,316685,1568,147972,52,158,79,157,83,123,83171,84890,김해시,대한민국,0.4672529485135071,0.0001642010199409508,0.0004989184836667351,0.00024945924183336757,0.0004957607717447938,0.000262090089521133,0.00038839856639878744,0.26263005825978497,0.26805816505360214,2017,38070,김해시,536456,275718,260738,61287,63926,68778,82258,103604,85813,44223,22536,9382,990,84904,401080,50472,0.1282080916235441,0.1533359679078992,0.1931267429202022,0.1599627928478756,0.0824354653503735,0.061343334774893,0.0940841373756654,0.7476475237484528,0.4860379975244941,2017
19대대통령선거,경상남도,남해군,20170509,1,40197,30208,29928,280,8680,13,27,15,20,35,68,14202,6868,남해군,대한민국,0.2900294039026998,0.0004343758353381449,0.0009021651964715317,0.0005012028869286287,0.0006682705159048383,0.001169473402833467,0.00227211975407645,0.47453889334402566,0.22948409516172147,2017,38550,남해군,42986,20813,22173,2110,3374,3348,3009,5031,7416,7395,6743,4212,587,3132,24708,15146,0.0778858232913041,0.0699995347322384,0.1170381054296747,0.172521286000093,0.1720327548504164,0.2685060252175126,0.3523472758572558,0.5747917926766855,0.5158191038942912,2017
19대대통령선거,경상남도,밀양시,20170509,1,93568,70687,70202,485,20842,16,41,26,47,53,111,32510,16556,밀양시,대한민국,0.29688612860032476,0.00022791373465143444,0.0005840289450443007,0.00037035981880858095,0.0006694965955385886,0.0007549642460328766,0.0015811515341443265,0.46309221959488334,0.23583373693057177,2017,38080,밀양시,103894,50665,53229,7321,8315,10405,10672,13590,19240,17362,11436,5740,578,10265,68204,25425,0.100150153040599,0.1027200800816216,0.1308063988295763,0.1851887500721889,0.1671126340308391,0.1708857104356363,0.2447205805917569,0.6564767936550715,0.5123394998748725,2017
19대대통령선거,경상남도,사천시,20170509,1,94377,71555,71066,489,22370,15,34,21,56,48,110,32537,15875,사천시,대한민국,0.31477781217459827,0.00021107139841837166,0.0004784285030816424,0.0002954999577857203,0.0007879998874285875,0.0006754284749387893,0.0015478569217347255,0.4578420060225706,0.22338389665944333,2017,38060,사천시,111655,57102,54553,11236,10196,10630,15256,18131,17673,14275,9817,4852,648,15108,74846,21701,0.0952039765348618,0.1366351708387443,0.162384129685191,0.158282208588957,0.1278491782723568,0.1371814965742689,0.1943576194527786,0.670332721329094,0.4885853745913752,2017
19대대통령선거,경상남도,산청군,20170509,1,32215,24513,24295,218,6561,6,21,19,21,34,91,12585,4957,산청군,대한민국,0.2700555669890924,0.0002469643959662482,0.0008643753858818687,0.000782053920559786,0.0008643753858818687,0.0013994649104754064,0.0037456266721547643,0.5180078205392056,0.20403375180078206,2017,38570,산청군,34033,16459,17574,1991,2378,2468,2649,3928,6164,5925,5359,3028,359,2791,19823,11419,0.0725178503217465,0.0778362177886169,0.1154173890047894,0.1811183263303264,0.1740957306144036,0.2569858666588311,0.3355272823436077,0.5824640789821643,0.5163811594628742,2017
19대대통령선거,경상남도,양산시,20170509,1,256724,199835,198881,954,83412,41,132,46,130,48,104,59023,55945,양산시,대한민국,0.41940657981405965,0.00020615342843207748,0.0006637134769032738,0.00023129409043598937,0.0006536572121017091,0.00024135035523755412,0.0005229257696813673,0.2967754586913783,0.2812988671617701,2017,38100,양산시,332600,167518,165082,39822,34193,39232,54171,58407,52906,32540,17341,6611,778,52108,242399,38093,0.1179555021046301,0.1628713168971738,0.1756073361395069,0.1590679494888755,0.0978352375225496,0.0743535778713169,0.1145309681298857,0.7288003607937462,0.4963379434756464,2017
19대대통령선거,경상남도,의령군,20170509,1,25302,19258,19044,214,5115,5,24,8,21,42,97,10163,3569,의령군,대한민국,0.268588531821046,0.00026254988447805085,0.001260239445494644,0.0004200798151648813,0.0011027095148078135,0.002205419029615627,0.005093467758874186,0.5336588951900861,0.1874081075404327,2017,38510,의령군,26292,12747,13545,1430,1676,2084,2213,3022,4505,4447,4075,2695,282,2012,15129,9151,0.0792636543435265,0.084170089761144,0.1149399056747299,0.1713448957857903,0.1691389015670165,0.2682184694964247,0.3480526395861859,0.5754221816522136,0.5151757188498403,2017
19대대통령선거,경상남도,진주시,20170509,1,281105,222813,221617,1196,73929,44,111,92,182,83,240,93963,52973,진주시,대한민국,0.3335890297224491,0.00019854072566635232,0.0005008641033855706,0.00041513060821146393,0.0008212366379835482,0.0003745200052342555,0.001082949412725558,0.423988231949715,0.23902949683462912,2017,38030,진주시,353209,176672,176537,34246,40357,49463,46036,57482,56243,38470,23141,10037,1201,47653,254884,50672,0.1400389004810183,0.1303364297059248,0.1627421724814486,0.1592343343459538,0.108915684481426,0.0973333069089406,0.1434618030684382,0.7216237411843979,0.4998088950168314,2017
19대대통령선거,경상남도,창녕군,20170509,1,55896,42878,42450,428,10310,11,17,22,31,38,113,24511,7397,창녕군,대한민국,0.24287396937573616,0.0002591283863368669,0.0004004711425206125,0.0005182567726737338,0.0007302709069493522,0.000895170789163722,0.002661955241460542,0.5774087161366314,0.17425206124852768,2017,38530,창녕군,62544,31527,31017,4187,4675,6029,6638,7725,11152,10069,7936,4147,377,5617,39932,16995,0.0963961371194679,0.1061332821693527,0.1235130468150422,0.1783064722435405,0.1609906625735482,0.1992197492964952,0.2717287029930929,0.6384625223842415,0.4959228702993092,2017
19대대통령선거,경상남도,창원시마산합포구,20170509,1,153651,119281,118679,602,35592,18,58,46,50,28,63,54600,28224,창원시마산합포구,대한민국,0.2999014147406028,0.00015166962984184228,0.0004887132517126029,0.0003876001651513747,0.0004213045273384508,0.00023593053530953243,0.000530843704446448,0.46006454385358825,0.2378179795920087,2017,38113,창원시 마산합포구,178850,89474,89376,15420,15969,21023,24433,26366,30651,25781,14137,5812,646,20606,126701,31543,0.1175454291305563,0.1366116857701985,0.1474196253844003,0.171378249930109,0.1441487279843444,0.1151523623147889,0.1763656695554934,0.7084204640760414,0.4997260273972603,2017
19대대통령선거,경상남도,창원시마산회원구,20170509,1,172306,136757,136092,665,45014,23,73,45,67,42,67,56467,34294,창원시마산회원구,대한민국,0.3307615436616407,0.00016900332128266172,0.0005364018458101872,0.00033065867207477295,0.0004923140228668842,0.0003086147606031214,0.0004923140228668842,0.41491784968991563,0.2519913000029392,2017,38114,창원시 마산회원구,202765,101853,100912,18443,20794,24800,27087,33787,36044,26373,12589,4339,443,25954,148426,28385,0.1223090770103321,0.1335881439104382,0.1666313219737134,0.1777624343451779,0.1300668261287697,0.0856706039010677,0.1399896431829951,0.7320099622715952,0.4976795798091387,2017
19대대통령선거,경상남도,창원시성산구,20170509,1,183547,153327,152647,680,63717,17,55,31,116,41,49,42204,46417,창원시성산구,대한민국,0.4174140336855621,0.00011136805833065832,0.0003603084240109534,0.0002030829298970828,0.0007599232215503744,0.0002685935524445289,0.00032100205048248573,0.2764810313992414,0.30408065667848044,2017,38112,창원시 성산구,267595,139059,128536,25404,31197,40471,39858,49744,52321,20757,7180,2989,316,36179,213781,17635,0.1512397466320372,0.1489489713933369,0.1858928604794558,0.1955230852594405,0.0775687139146845,0.0391823464563986,0.0659018292568994,0.7988975877725667,0.4803378239503728,2017
19대대통령선거,경상남도,창원시의창구,20170509,1,207375,164047,163223,824,60757,31,102,44,118,51,77,57083,44960,창원시의창구,대한민국,0.37223307989682825,0.00018992421411198176,0.00062491193030394,0.00026956985228797413,0.0007229373311359306,0.00031245596515197,0.0004717472415039547,0.3497239972307824,0.27545137633789357,2017,38111,창원시 의창구,209691,107361,102330,20168,20991,29830,30355,35192,38608,21971,9563,4293,501,27076,159732,22883,0.1422569399735801,0.14476062396574,0.1678278991468398,0.1841185363224936,0.104777982841419,0.0684674115722658,0.1091272396049425,0.7617494313060647,0.4880037769861367,2017
19대대통령선거,경상남도,창원시진해구,20170509,1,146938,114779,114215,564,41249,17,73,38,53,31,63,40157,32534,창원시진해구,대한민국,0.36115221293175154,0.00014884209604692903,0.0006391454712603423,0.00033270586175195905,0.0004640371229698376,0.0002714179398502824,0.00055159129711509,0.35159129711508996,0.28484875016416406,2017,38115,창원시 진해구,186658,95782,90876,24592,19473,18672,32265,32988,26955,19106,10236,4191,444,32563,131414,22681,0.1000332158278777,0.1728562397539886,0.1767296338758585,0.1444084903941968,0.1023583237793183,0.0796697703821963,0.1215109987249408,0.7040362588263026,0.4868583184219267,2017
19대대통령선거,경상남도,통영시,20170509,1,111279,82855,82337,518,25477,25,59,26,42,55,134,36232,20287,통영시,대한민국,0.30942346697110656,0.00030363020270352334,0.0007165672783803151,0.0003157754108116643,0.0005100987405419192,0.0006679864459477514,0.001627457886490885,0.4400451801741623,0.2463898368898551,2017,38050,통영시,132962,68376,64586,14274,12614,12055,19517,22477,22448,17062,9543,3920,418,19077,92575,21310,0.0906650020306553,0.1467862998450685,0.1690482995141469,0.1688301920849566,0.1283223778222349,0.1043982491238098,0.160271355725696,0.6962515605962606,0.4857478076442893,2017
19대대통령선거,경상남도,하동군,20170509,1,43206,34324,33967,357,11211,17,38,32,42,48,113,14921,7545,하동군,대한민국,0.3300556422409986,0.0005004857655960197,0.0011187328878028676,0.0009420908528866253,0.0012364942444136958,0.0014131362793299378,0.0033267583242558955,0.4392793004975417,0.2221273589071746,2017,38560,하동군,43441,21214,22227,2582,3014,3383,3304,5578,8087,7354,6262,3665,469,3737,25918,13786,0.077875739508759,0.0760571810041205,0.1284040422642204,0.1861605395824221,0.1692870790267259,0.2393130913192606,0.3173499689233673,0.5966253078888607,0.5116594921848023,2017
19대대통령선거,경상남도,함안군,20170509,1,57493,43866,43555,311,13597,17,18,18,34,31,65,19852,9923,함안군,대한민국,0.31218000229594767,0.00039031110090689933,0.00041327057743083457,0.00041327057743083457,0.0007806222018137987,0.0007117437722419929,0.0014923659740557916,0.4557915279531627,0.22782688554700953,2017,38520,함안군,67906,35444,32462,6172,6025,6972,8788,10404,11201,9101,6228,3308,321,8407,45733,13766,0.1026713397932436,0.1294141902041057,0.1532117927723618,0.1649486054251465,0.134023503077784,0.1451565399228345,0.2027214090065679,0.6734750979294908,0.4780431773333726,2017
19대대통령선거,경상남도,함양군,20170509,1,34899,26640,26364,276,7388,14,32,16,27,27,111,13052,5697,함양군,대한민국,0.280230617508724,0.0005310271582460932,0.0012137763617053557,0.0006068881808526779,0.001024123805188894,0.001024123805188894,0.004210286754665453,0.49506903353057197,0.21609012289485663,2017,38580,함양군,37942,18185,19757,2470,3144,2533,3086,4933,6625,6238,5668,3105,417,3584,22278,12080,0.0667597912603447,0.0813346687048653,0.1300142322492225,0.1746086131463813,0.1644088345369247,0.2422117969532444,0.3183806863106847,0.5871593484792578,0.5207158294238574,2017
19대대통령선거,경상남도,합천군,20170509,1,42887,33021,32711,310,7143,23,26,16,28,51,153,19736,5535,합천군,대한민국,0.2183669102136896,0.0007031273883403137,0.0007948396563847024,0.0004891320962367399,0.0008559811684142949,0.0015591085567546086,0.004677325670263826,0.6033444407080187,0.16920913454189723,2017,38600,합천군,43449,20657,22792,2191,2733,2905,3150,4862,7715,7712,7579,4405,447,3130,24141,16178,0.0668599967778314,0.0724987916868052,0.1119013095813482,0.1775645009091118,0.1774954544408387,0.2861055490345002,0.3723445879076618,0.5556169301940206,0.5245690349605284,2017
19대대통령선거,경상북도,경산시,20170509,1,212825,160794,159867,927,35602,38,82,50,142,61,116,72463,51313,경산시,대한민국,0.22269761739445915,0.00023769758611846096,0.0005129263700451,0.00031275998173481705,0.0008882383481268805,0.0003815671777164768,0.0007256031576247755,0.453270531129001,0.32097305885517335,2017,37100,경산시,282626,142697,139929,25074,31354,49149,38817,43339,42444,29166,17245,7405,859,33346,211044,38236,0.1739011980497194,0.1373440518565171,0.1533439952445988,0.1501772660689391,0.1031964504327273,0.0902570888736351,0.135288331576005,0.7467253543552256,0.4951030690736167,2017
19대대통령선거,경상북도,경주시,20170509,1,218154,167296,166361,935,38092,45,99,76,166,76,206,80421,47180,경주시,대한민국,0.22897193452792422,0.0002704960898287459,0.000595091397623241,0.0004568378405996598,0.0009978300202571515,0.0004568378405996598,0.0012382709889938147,0.48341257866927945,0.28360012262489404,2017,37020,경주시,262264,133171,129093,20375,24410,33020,31378,41002,45483,34481,22276,10629,1216,28435,184543,49286,0.1259036695848458,0.1196428026721166,0.1563386511301589,0.1734244883018637,0.1314743922154775,0.1301017295549522,0.1879251441295793,0.7036535704480981,0.4922253912088583,2017
19대대통령선거,경상북도,고령군,20170509,1,29964,22396,22209,187,3754,13,12,10,30,19,61,13303,5007,고령군,대한민국,0.16903057319104867,0.0005853482822279256,0.0005403214912873159,0.0004502679094060966,0.00135080372821829,0.0008555090278715836,0.0027466342473771894,0.5989913998829304,0.22544914223963258,2017,37570,고령군,33094,17236,15858,2196,2219,3154,3626,4549,5930,5224,3988,2183,244,2993,21214,8887,0.0953042847646098,0.109566688825769,0.1374569408351967,0.1791865594971898,0.1578533873209645,0.1938417840091859,0.2685381035837312,0.6410225418504865,0.4791805161056385,2017
19대대통령선거,경상북도,구미시,20170509,1,328174,246638,245302,1336,62573,57,119,73,105,72,166,99151,82986,구미시,대한민국,0.2550855679937383,0.00023236663378203195,0.0004851163056151193,0.0002975923555454093,0.0004280437990721641,0.00029351574793519826,0.0006767168632950404,0.40419972116003944,0.33830135914097725,2017,37050,구미시,423003,218610,204393,50977,50190,61857,74055,75685,63335,29646,14315,6721,908,68475,321282,33246,0.1462330054396777,0.1750696803568769,0.1789230809237759,0.1497270704935898,0.0700846093290118,0.0518767006380569,0.0785951872681754,0.7595265281806513,0.4831951546442933,2017
19대대통령선거,경상북도,군위군,20170509,1,22560,17627,17537,90,2251,7,5,7,15,10,57,11693,3492,군위군,대한민국,0.1283571876603752,0.00039915607002337914,0.00028511147858812795,0.00039915607002337914,0.0008553344357643839,0.0005702229571762559,0.0032502708559046588,0.666761703826196,0.19912185664594856,2017,22520,군위군,22230,11309,10921,954,1080,1645,1737,2214,4047,4456,3911,2089,186,1290,12617,8323,0.0739991003148897,0.0781376518218623,0.0995951417004048,0.182051282051282,0.2004498425551057,0.278272604588394,0.3744039586144849,0.5675663517768781,0.4912730544309491,2017
19대대통령선거,경상북도,김천시,20170509,1,119825,92184,91572,612,22255,26,78,38,48,56,164,44159,24748,김천시,대한민국,0.24303280478748962,0.00028392958546280523,0.0008517887563884157,0.0004149740095225615,0.000524177696239025,0.0006115406456121959,0.0017909404621500023,0.4822325601712314,0.270257283885904,2017,37030,김천시,140765,70240,70525,12491,13104,16650,17058,20138,23204,18662,12836,6855,843,16732,95213,28820,0.1182822434554044,0.1211806912229602,0.1430611302525485,0.1648421127410933,0.1325755692110965,0.1458743295563528,0.2047383937768621,0.6763968315987638,0.5010123255070508,2017
19대대통령선거,경상북도,문경시,20170509,1,63553,49113,48796,317,8616,25,40,36,23,37,135,27938,11946,문경시,대한민국,0.17657185015165178,0.0005123370768095745,0.0008197393228953193,0.0007377653906057873,0.0004713501106648086,0.0007582588736781703,0.0027666202147717026,0.5725469300762358,0.2448151487826871,2017,37090,문경시,70016,34275,35741,5102,6254,5511,6683,9196,12233,11615,8865,4429,613,7169,43678,19169,0.0787105804387568,0.0954496115173674,0.1313414076782449,0.1747172074954296,0.1658906535648994,0.1986260283363802,0.2737802787934186,0.6238288391224863,0.5104690356489945,2017
19대대통령선거,경상북도,봉화군,20170509,1,29612,22947,22783,164,4209,9,29,9,29,31,108,12581,5778,봉화군,대한민국,0.18474301013913882,0.0003950313830487644,0.0012728789009349077,0.0003950313830487644,0.0012728789009349077,0.001360663652723522,0.004740376596585173,0.5522099811262784,0.25361014791730674,2017,37610,봉화군,31082,15350,15732,1918,1876,1866,2408,3557,5976,5741,4812,2729,369,2619,17895,10568,0.0600347467987903,0.0774724921176243,0.1144392252750788,0.1922656199729747,0.1847049739399009,0.25448812817708,0.3400038607554211,0.5757351521781096,0.5061450357119877,2017
19대대통령선거,경상북도,상주시,20170509,1,87859,67717,67275,442,12356,15,50,33,84,63,246,38304,16124,상주시,대한민국,0.18366406540319583,0.0002229654403567447,0.0007432181345224824,0.0004905239687848384,0.0012486064659977703,0.0009364548494983278,0.0036566332218506132,0.5693645484949833,0.2396729840208101,2017,37080,상주시,98193,48298,49895,6634,8663,9204,8480,12474,17353,15846,12460,6851,940,9423,61212,27558,0.0937337692096177,0.0863605348650107,0.1270355320644037,0.1767233916877985,0.1613760655036509,0.2062366971169024,0.2806513702606092,0.6233845589807827,0.5081319442322773,2017
19대대통령선거,경상북도,성주군,20170509,1,40284,30070,29870,200,5409,14,24,15,33,31,83,16848,7413,성주군,대한민국,0.18108470036826246,0.00046869768998995646,0.0008034817542684968,0.0005021760964178105,0.001104787412119183,0.001037830599263475,0.002778707733511885,0.5640441914964848,0.24817542684968197,2017,37580,성주군,41225,21271,19954,2367,2266,4065,3966,4987,8096,7321,5113,2858,369,3159,26211,11855,0.098605215281989,0.0962037598544572,0.1209702850212249,0.1963856882959369,0.1775864160097028,0.2023044269254093,0.2875682231655548,0.635803517283202,0.4840266828380837,2017
19대대통령선거,경상북도,안동시,20170509,1,139937,107357,106637,720,23121,32,68,70,56,76,221,53148,29845,안동시,대한민국,0.21681967797293622,0.00030008346071251066,0.0006376773540140852,0.000656432570308617,0.0005251460562468936,0.0007126982191922129,0.002072451400545777,0.49840111781089114,0.27987471515515255,2017,37040,안동시,165704,81894,83810,14182,16867,19029,18137,24551,27046,22186,16039,7918,1070,19557,111237,34910,0.1148373002462221,0.1094542075025346,0.1481617824554627,0.1632187515087143,0.1338893448558876,0.1510343745473857,0.2106768695988027,0.6712994254815816,0.5057813933278618,2017
19대대통령선거,경상북도,영덕군,20170509,1,34714,26125,25908,217,3786,8,14,11,18,33,82,16360,5596,영덕군,대한민국,0.1461324687355257,0.0003087849312953528,0.0005403736297668674,0.0004245792805311101,0.0006947660954145438,0.0012737378415933302,0.003165045545777366,0.6314651844989965,0.21599505944109929,2017,37550,영덕군,36148,17427,18721,2093,2157,2535,3096,4268,6274,6603,6058,2940,344,2940,20715,12493,0.0701283611818081,0.0856478919995573,0.1180701560252296,0.1735642359189996,0.1826657076463428,0.2584375345800597,0.3456069492088082,0.5730607502489764,0.517898638928848,2017
19대대통령선거,경상북도,영양군,20170509,1,15705,12048,11949,99,2281,6,14,145,3,12,57,6574,2857,영양군,대한민국,0.19089463553435435,0.0005021340697966357,0.0011716461628588166,0.01213490668675203,0.00025106703489831785,0.0010042681395932714,0.004770273663068039,0.5501715624738471,0.23909950623483137,2017,37540,영양군,16579,7980,8599,985,1207,1016,1204,1935,2997,3027,2763,1388,162,1337,9514,5728,0.0612823451354122,0.0726219916762169,0.11671391519392,0.1807708546956993,0.1825803727607214,0.2601483804813318,0.3454973158815368,0.5738584956873153,0.5186681947041438,2017
19대대통령선거,경상북도,영주시,20170509,1,92117,70861,70390,471,15280,18,41,32,49,52,143,34599,20176,영주시,대한민국,0.2170762892456315,0.00025571814178150304,0.0005824691007245348,0.0004546100298337832,0.0006961216081829805,0.0007387412984798977,0.0020315385708197186,0.49153288819434576,0.2866316238102003,2017,37060,영주시,108443,54415,54028,8232,11132,11605,10271,15415,18395,16290,11527,5626,771,11762,71507,25174,0.1070147450734487,0.0947133517147257,0.1421484097636546,0.1696282839832907,0.1502171647778095,0.1652849884270999,0.232140387115812,0.6593971026253423,0.498215652462584,2017
19대대통령선거,경상북도,영천시,20170509,1,87459,66091,65588,503,12250,27,56,42,59,86,147,35479,17442,영천시,대한민국,0.18677197048240532,0.0004116606696346893,0.0008538147222052814,0.0006403610416539611,0.0008995547966091359,0.0013112154662438251,0.0022412636457888636,0.5409373665914496,0.26593279258400926,2017,37070,영천시,97675,49918,47757,6702,6984,9998,11012,13390,17113,15639,11440,5570,479,9156,63702,24817,0.1023598669055541,0.1127412336831328,0.1370872792423854,0.1752034809316611,0.1601126183772715,0.1790529818274891,0.2540772971589455,0.6521832608139237,0.4889378039416432,2017
19대대통령선거,경상북도,예천군,20170509,1,40545,32124,31842,282,5261,14,21,23,34,59,155,18915,7360,예천군,대한민국,0.16522203379184724,0.00043967087494504114,0.0006595063124175617,0.0007223164374097104,0.0010677721248665284,0.0018528986872683876,0.004867784686891527,0.5940267571132467,0.23114125997110735,2017,37600,예천군,46321,22674,23647,3685,3158,3369,4400,5331,7457,7905,6869,3949,518,4904,26382,15035,0.0727315904233501,0.0949893137022085,0.1150881889423803,0.1609852982448565,0.1706569374581723,0.2447270136655081,0.3245828026165238,0.5695472895662874,0.5105027957082101,2017
19대대통령선거,경상북도,울릉군,20170509,1,8968,6810,6765,45,1443,1,3,5,2,4,5,3530,1772,울릉군,대한민국,0.2133037694013304,0.00014781966001478197,0.0004434589800443459,0.0007390983000739098,0.00029563932002956393,0.0005912786400591279,0.0007390983000739098,0.5218033998521804,0.26193643754619367,2017,37630,울릉군,8702,4824,3878,529,471,785,998,1407,1814,1442,887,382,38,714,6055,1933,0.0902091473224546,0.114686279016318,0.1616869685129855,0.2084578257871753,0.1657090324063433,0.1501953573891059,0.222132843024592,0.6958170535509078,0.4456446793840496,2017
19대대통령선거,경상북도,울진군,20170509,1,43754,32568,32345,223,6972,10,31,8,34,37,106,16905,8242,울진군,대한민국,0.2155510898129541,0.0003091667954861648,0.0009584170660071108,0.00024733343638893185,0.0010511671046529603,0.0011439171432988096,0.003277168032153347,0.5226464677693615,0.254815272839697,2017,37620,울진군,48504,24852,23652,3803,3961,4003,5456,6855,8501,7019,5665,3200,422,5185,30964,12355,0.0825292759360052,0.1124855682005607,0.141328550222662,0.1752638957611743,0.1447097146627082,0.1914687448457859,0.2547212601022596,0.6383803397657926,0.487629886194953,2017
19대대통령선거,경상북도,의성군,20170509,1,49768,37855,37582,273,5365,13,21,20,72,49,139,23868,8035,의성군,대한민국,0.14275451013783194,0.00034591027619605133,0.0005587781384705444,0.0005321696556862327,0.001915810760470438,0.0013038156564312703,0.003698579107019318,0.6350912670959502,0.213799159171944,2017,37520,의성군,50082,24203,25879,2296,2344,3227,3468,4846,9090,10228,9038,5113,625,3183,27288,19611,0.0644343277025678,0.0692464358452138,0.0967613114492232,0.1815023361686833,0.2042250708837506,0.2950361407292041,0.3915778123876842,0.5448664190727207,0.5167325586038897,2017
19대대통령선거,경상북도,청도군,20170509,1,39505,30398,30157,241,5323,9,22,13,32,47,134,17736,6841,청도군,대한민국,0.17650959976124947,0.00029843817355837784,0.0007295155353649235,0.00043107736180654575,0.0010611135059853433,0.001558510461915973,0.004443412806313625,0.5881221606923765,0.22684617170142918,2017,37560,청도군,41278,19885,21393,1890,2907,3244,3283,4442,7486,8194,6088,3527,414,2683,24552,14043,0.0785890789282426,0.0795338921459373,0.1076118028974272,0.1813556858374921,0.1985076796356412,0.2429623528271718,0.3402054363098987,0.5947962595086971,0.51826638887543,2017
19대대통령선거,경상북도,청송군,20170509,1,23810,18418,18302,116,3218,5,14,29,20,23,90,10706,4197,청송군,대한민국,0.17582777838487598,0.0002731941864277128,0.0007649437219975958,0.0015845262812807343,0.0010927767457108513,0.001256693257567479,0.004917495355698831,0.5849633919790187,0.22931920008742213,2017,37530,청송군,24441,12056,12385,1290,1358,1626,1884,2758,4687,4699,4061,1955,227,1804,14181,8456,0.0665275561556401,0.0770835890511844,0.1128431733562456,0.1917679309357227,0.1922589092099341,0.2554314471584632,0.345976023894276,0.580213575549282,0.5067304938423142,2017
19대대통령선거,경상북도,칠곡군,20170509,1,98543,72006,71601,405,16872,22,36,20,45,17,71,31677,22841,칠곡군,대한민국,0.2356391670507395,0.0003072582785156632,0.0005027862739347216,0.000279325707741512,0.0006284828424184019,0.00023742685158028518,0.0009916062624823676,0.44241002220639375,0.31900392452619375,2017,37590,칠곡군,121778,63665,58113,13400,12521,15924,20905,20968,17406,10761,7092,3570,469,17878,88152,15748,0.1307625351048629,0.1716648327284074,0.1721821675507891,0.1429322209266041,0.0883657146611046,0.0914040302846162,0.1293172822677331,0.7238745914697235,0.4772044211598154,2017
19대대통령선거,경상북도,포항시남구,20170509,1,200424,150740,149916,824,34808,29,82,37,120,56,109,66531,48144,포항시남구,대한민국,0.23218335601270046,0.00019344166066330478,0.0005469729715307239,0.00024680487739800954,0.0008004482510205716,0.0003735425171429334,0.0007270738280103525,0.4437885215720804,0.3211398383094533,2017,37011,포항시 남구,239046,124209,114837,23300,23075,27379,32995,39496,43230,31403,14468,5227,618,31590,174378,33078,0.1145344410699196,0.1380278272801051,0.1652234298001221,0.1808438543209256,0.1313680212176735,0.0849752767249818,0.1383750407871288,0.7294746617805778,0.4803970783865867,2017
19대대통령선거,경상북도,포항시북구,20170509,1,221925,171444,170672,772,38629,33,93,59,89,61,141,77401,54166,포항시북구,대한민국,0.22633472391487766,0.00019335333270835287,0.0005449048467235399,0.0003456923221149339,0.0005214680791225274,0.00035741070591544015,0.0008261460579356895,0.4535073122714915,0.3173689884691103,2017,37012,포항시 북구,267863,132626,135237,26047,27403,30201,34407,43580,48826,34106,17153,7467,1097,35695,192673,39495,0.1127479345784972,0.1284499912268585,0.1626951090669484,0.182279747482855,0.1273262824652901,0.0960080339576574,0.1474447758742342,0.7192968047098703,0.5048737600937793,2017
19대대통령선거,광주광역시,광산구,20170509,1,302584,248209,247541,668,159119,46,113,26,782,51,57,3663,83684,광산구,대한민국,0.6427985667020817,0.00018582780226305946,0.00045649003599403733,0.00010503310562694665,0.0031590726384720107,0.00020602647642208765,0.0002302648854129215,0.014797548688904061,0.3380611696648232,2017,24050,광산구,419625,212570,207055,53487,57644,59192,66703,81730,57256,26200,15514,6628,867,74467,311308,33850,0.1410592791182603,0.1589585939827226,0.1947691391123026,0.1364456359845099,0.0624366994340184,0.0548322907357759,0.0806672624366994,0.741871909442955,0.4934286565385761,2017
19대대통령선거,광주광역시,남구,20170509,1,177247,146037,145597,440,85642,19,142,12,296,21,56,2559,56850,남구,대한민국,0.5882126692170855,0.00013049719431032232,0.0009752948206350405,8.241928061704568e-05,0.0020330089218871267,0.00014423374107982995,0.00038462330954621316,0.017575911591584992,0.39046134192325394,2017,24030,남구,219325,106233,113092,20516,25355,28882,28448,34863,35422,25492,15642,6009,828,28885,156631,33809,0.1316858543257722,0.1297070557391998,0.1589558873817394,0.1615046164367947,0.1162293400205174,0.102491736008207,0.154150233671492,0.7141502336714921,0.5156366123332954,2017
19대대통령선거,광주광역시,동구,20170509,1,83378,66287,66103,184,37053,5,45,10,115,13,19,1321,27522,동구,대한민국,0.5605343176557797,7.56395322451326e-05,0.0006807557902061934,0.0001512790644902652,0.0017397092416380497,0.00019666278383734476,0.0002874302225315039,0.019983964419164033,0.41635024129010784,2017,24010,동구,100914,50531,50383,6722,8766,16733,12719,13201,15612,13464,9761,3950,566,9154,71383,20377,0.1658144558733178,0.1260380125651544,0.1308143567790395,0.1547059872762946,0.1334205362982341,0.1414769011237291,0.2019244108845155,0.7073646867629863,0.4992667023406068,2017
19대대통령선거,광주광역시,북구,20170509,1,356097,292001,291236,765,177850,24,157,23,622,31,87,4289,108153,북구,대한민국,0.6106731310689613,8.240739469021687e-05,0.0005390817069318354,7.897375324479117e-05,0.002135724979054787,0.00010644288480819678,0.00029872680575203614,0.014726888159430839,0.37135862324712604,2017,24040,북구,450323,224448,225875,41885,50801,68992,62649,72873,73953,45795,26155,10073,1336,58525,334496,57302,0.1532055879890656,0.1391201426531622,0.1618238464391115,0.1642221250080497,0.1016936732078974,0.0834156816329612,0.1272464431086131,0.7427912853662816,0.5015844182953125,2017
19대대통령선거,광주광역시,서구,20170509,1,247595,204787,204355,432,124183,17,198,32,450,20,45,3202,76208,서구,대한민국,0.6076827090112794,8.318856891194245e-05,0.0009689021555626239,0.00015659024736365638,0.002202050353551418,9.786890460228524e-05,0.00022020503535514178,0.015668811626825867,0.3729196740965477,2017,24020,서구,305985,151340,154645,29294,36332,42613,43066,55114,49280,29548,16987,6187,769,42003,227426,36556,0.1392649966501626,0.1407454613788257,0.1801199405199601,0.1610536464205761,0.0965668251711685,0.0782489337712633,0.119469908655653,0.7432586564700884,0.5054005915322647,2017
19대대통령선거,대구광역시,남구,20170509,1,136206,100059,99587,472,19862,15,36,22,43,26,78,50588,28917,남구,대한민국,0.199443702491289,0.0001506220691455712,0.0003614929659493709,0.0002209123680801711,0.0004317832648839708,0.0002610782531856568,0.0007832347595569703,0.5079779489290771,0.29036922489883216,2017,22040,남구,152785,73530,79255,9008,12007,21253,19375,22398,26104,22432,14293,6118,684,12683,108984,31118,0.1391039696305265,0.126812187060248,0.146598160814216,0.1708544686978433,0.1468206957489282,0.1380698366986288,0.2036718264227509,0.7133160977844684,0.5187354779592237,2017
19대대통령선거,대구광역시,달서구,20170509,1,479081,374766,373113,1653,82726,62,138,72,195,90,194,166936,122700,달서구,대한민국,0.22171835342108154,0.0001661694982485199,0.0003698611412628346,0.00019297103022408762,0.0005226298735235706,0.0002412137877801095,0.0005199497203260138,0.4474140541873374,0.32885479734021594,2017,22070,달서구,583043,290940,292103,53121,66188,83578,77077,101696,104183,60643,29329,11515,1145,75009,441526,66508,0.1433479177350555,0.1321977967319734,0.174422812725648,0.178688364323043,0.1040111964297659,0.0720169867402575,0.1140704887975672,0.7572786226744854,0.5009973535399619,2017
19대대통령선거,대구광역시,달성군,20170509,1,179372,137920,137265,655,31753,34,48,40,80,46,118,60274,44872,달성군,대한민국,0.23132626671037773,0.0002476960623611263,0.0003496885586274724,0.00029140713218956033,0.0005828142643791207,0.0003351182020179944,0.000859651039959203,0.439106837139839,0.3269005208902488,2017,22510,달성군,239240,122794,116446,31076,22567,29103,43409,39650,36811,22162,11268,4987,563,39451,173787,26002,0.1216477177729476,0.1814454104664771,0.1657331549908042,0.153866410299281,0.0926350108677478,0.0702976090954689,0.108685838488547,0.7264128072228724,0.4867329877946831,2017
19대대통령선거,대구광역시,동구,20170509,1,294274,226510,225504,1006,47350,40,84,41,132,61,157,100775,76864,동구,대한민국,0.20997410245494535,0.00017738044557967929,0.0003724989357173265,0.00018181495671917128,0.0005853554704129416,0.00027050517950901094,0.0006962182489002412,0.4468878600823045,0.34085426422591175,2017,22020,동구,340396,167950,172446,31870,29056,41076,48248,53076,56934,45322,26494,10033,1075,42196,240581,57619,0.1206712182281812,0.1417407960140542,0.1559242764309804,0.1672581346431803,0.1331449253222717,0.1104654578784709,0.16927049671559,0.7067679996239674,0.5066040729033243,2017
19대대통령선거,대구광역시,북구,20170509,1,355739,276725,275492,1233,62526,48,85,55,128,81,165,121994,90410,북구,대한민국,0.22696121847458364,0.0001742337345549054,0.00030853890494097835,0.00019964282084416245,0.00046462329214641443,0.00029401942706140286,0.0005989284625324873,0.4428222961102319,0.3281764987731041,2017,22050,북구,445293,222709,222584,42559,50890,65793,58916,78873,73385,44295,24782,9181,944,59766,331913,53614,0.1477521541995944,0.1323083902059992,0.1771260720469443,0.1648016025403498,0.0994738295908536,0.0783910818270217,0.1204016232009036,0.7453811310754941,0.4998596429766468,2017
19대대통령선거,대구광역시,서구,20170509,1,173359,127659,127010,649,22004,25,69,27,78,44,111,69048,35604,서구,대한민국,0.1732462010865286,0.00019683489489016613,0.0005432643098968585,0.0002125816864813794,0.0006141248720573184,0.0003464294150066924,0.0008739469333123376,0.5436422328950477,0.280324383906779,2017,22030,서구,191414,96275,95139,11300,14988,25880,22868,28452,37946,28837,15850,5701,650,15858,140716,34840,0.1352043215229816,0.1194687953859174,0.1486411652230244,0.1982404630800255,0.1506525123554181,0.1159842017825237,0.1820138547859613,0.7351395404724838,0.4970326099449361,2017
19대대통령선거,대구광역시,수성구,20170509,1,356388,285528,284457,1071,64922,30,81,58,127,43,121,123792,95283,수성구,대한민국,0.22823133197636197,0.00010546409474894272,0.00028475305582214536,0.00020389724984795594,0.0004464646677705242,0.00015116520247348457,0.00042537184882073567,0.4351870405720373,0.33496451133211697,2017,22060,수성구,425546,207706,217840,37456,57154,51717,46110,80390,73259,45699,26107,11152,1195,58086,309803,57657,0.1215309273263055,0.1083549134523647,0.1889102470708219,0.1721529517372975,0.1073890954209415,0.0903639089546136,0.1354894652986986,0.7280129527712633,0.5119070558764505,2017
19대대통령선거,대구광역시,중구,20170509,1,68857,52180,51948,232,11477,5,22,9,21,10,42,24855,15507,중구,대한민국,0.22093247093247093,9.625009625009625e-05,0.0004235004235004235,0.00017325017325017325,0.00040425040425040424,0.0001925001925001925,0.0008085008085008085,0.47845922845922845,0.29851004851004853,2017,22010,중구,75324,36422,38902,5862,5221,10821,10982,11017,11689,10021,7066,2766,339,7634,52943,14747,0.1436593914290266,0.145796824385322,0.1462614837236471,0.1551829430194891,0.1330386065530242,0.1350300037172747,0.195780893208008,0.7028702671127396,0.5164622165578037,2017
19대대통령선거,대전광역시,대덕구,20170509,1,157225,118816,118274,542,47933,24,102,44,90,46,51,25808,44176,대덕구,대한민국,0.405270811843685,0.00020291864653262763,0.0008624042477636674,0.00037201751864315066,0.0007609449244973536,0.00038892740585420296,0.0004312021238818337,0.2182051845714189,0.37350558871772327,2017,25050,대덕구,188469,95463,93006,15977,20892,28450,23699,32176,33175,20356,10770,4241,473,22765,142036,23668,0.1509532071587369,0.1257448174500846,0.1707230366797722,0.1760236431455571,0.1080071523698857,0.0821567472634756,0.1255803341663615,0.753630570544758,0.4934816866434268,2017
19대대통령선거,대전광역시,동구,20170509,1,194189,143823,143184,639,57580,42,126,44,91,43,75,33177,52006,동구,대한민국,0.4021399038998771,0.0002933288635601743,0.000879986590680523,0.00030729690468208736,0.0006355458710470443,0.00030031288412113086,0.0005238015420717399,0.23170885015085485,0.36321097329310537,2017,25010,동구,239752,121017,118735,20662,26175,38533,30470,36134,36939,27970,17142,6868,908,28392,174459,36901,0.1607202442523941,0.1270896593146251,0.1507140712069138,0.154071707431012,0.116662217624879,0.103932396810037,0.1539132103173279,0.727664419900564,0.4952409156127998,2017
19대대통령선거,대전광역시,서구,20170509,1,394539,307774,306654,1120,133604,48,175,59,216,69,124,59910,112449,서구,대한민국,0.4356832130022762,0.00015652820442583497,0.0005706757453025233,0.00019239925127342215,0.0007043769199162574,0.00022500929386213778,0.0004043645281000737,0.19536676514899529,0.36669666790584826,2017,25030,서구,487449,239928,247521,47868,57459,76136,70571,84108,76917,45899,22714,9327,1280,67535,368462,51452,0.1561927504210697,0.1447761714558856,0.1725472818694879,0.1577949693198673,0.0941616456285683,0.068357920520916,0.1055536066337196,0.7558985657986784,0.5077885071053587,2017
19대대통령선거,대전광역시,유성구,20170509,1,266632,218087,217424,663,103313,20,98,33,114,47,78,35654,78067,유성구,대한민국,0.4751683346824638,9.198616528074178e-05,0.0004507322098756347,0.00015177717271322392,0.0005243211421002281,0.00021616748840974317,0.00035874604459489295,0.16398373684597836,0.3590541982485834,2017,25040,유성구,366639,188954,177685,44153,44296,62950,61047,63163,51057,26077,11607,5537,797,59192,279970,27477,0.1716947733328969,0.1665043816942551,0.172275726259345,0.1392568712002814,0.0711244575727077,0.0489336922695076,0.0749429275118031,0.7636121634632431,0.4846320222344049,2017
19대대통령선거,대전광역시,중구,20170509,1,208017,157397,156765,632,62115,34,119,54,100,51,78,37896,56318,중구,대한민국,0.39623002583484834,0.0002168851465569483,0.0007590980129493191,0.00034446464453162377,0.0006378974898733773,0.0003253277198354224,0.0004975600421012344,0.24173763276241508,0.35925110834688867,2017,25020,중구,243540,120356,123184,21472,25045,30972,31426,40250,39382,30252,18469,7522,970,30188,173249,40103,0.1271741808327174,0.1290383509895705,0.1652705920998604,0.1617064958528373,0.1242177876324217,0.1107046070460704,0.1646669951548,0.7113780077194711,0.5058060277572473,2017
19대대통령선거,부산광역시,강서구,20170509,1,88518,68633,68417,216,30783,9,34,21,20,19,39,18775,18717,강서구,대한민국,0.4499320344358858,0.0001315462531242235,0.0004969525118026221,0.00030694125728985487,0.00029232500694271893,0.00027770875659558294,0.0005700337635383019,0.2744201002674774,0.2735723577473435,2017,21120,강서구,116702,61825,54877,18442,8478,12806,27162,17073,15121,11322,5254,1920,222,21911,82937,11854,0.1097324810200339,0.232746653870542,0.1462956933043135,0.129569330431355,0.0970163321965347,0.0633750921149594,0.101574951586091,0.7106733389316379,0.4702318726328597,2017
19대대통령선거,부산광역시,금정구,20170509,1,209881,164127,163370,757,60169,13,99,35,103,33,91,54608,48219,금정구,대한민국,0.3682989532961988,7.957397318969211e-05,0.0006059864112138092,0.00021423762012609415,0.0006304707106567913,0.00020199547040460305,0.0005570178123278448,0.3342596559955928,0.2951521087102895,2017,21110,금정구,246584,120645,125939,16479,22934,41028,28858,34759,43228,34097,18740,7211,924,23231,181862,41491,0.1663854913538591,0.1170311131298056,0.1409621062193816,0.1753074003179444,0.138277422703825,0.1089892288226324,0.1682631476494825,0.7375255491029427,0.5107346786490607,2017
19대대통령선거,부산광역시,기장군,20170509,1,124123,94393,94050,343,39412,17,54,16,43,20,58,26663,27767,기장군,대한민국,0.4190536948431685,0.00018075491759702287,0.0005741626794258373,0.00017012227538543327,0.00045720361509835197,0.0002126528442317916,0.0006166932482721956,0.28349813928761297,0.29523657628920785,2017,21510,기장군,156561,77587,78974,21770,15493,14750,27350,27069,20648,16855,9900,3965,548,27929,106825,21807,0.0942124794808413,0.1746922924610854,0.1728974648858911,0.1318846966996889,0.1076577180779376,0.092059963847957,0.1392875620365225,0.6823219064773475,0.5044295833572856,2017
19대대통령선거,부산광역시,남구,20170509,1,233838,181922,181205,717,68566,27,98,32,72,29,92,59363,52926,남구,대한민국,0.3783891172980878,0.0001490025109682404,0.0005408239286995392,0.00017659556855495159,0.00039734002924864104,0.00016003973400292488,0.0005077122595954857,0.3276013355039872,0.2920780331668552,2017,21070,남구,275941,135757,140184,21382,27913,40733,33627,43173,43880,37441,22156,7121,736,30051,199389,46501,0.1476148886899735,0.1218630069471372,0.1564573586382596,0.1590195005454064,0.1356848021859745,0.1087660043270119,0.1685179078136268,0.722578377261806,0.5080216423075947,2017
19대대통령선거,부산광역시,동구,20170509,1,79720,58304,58082,222,19606,14,47,19,21,19,31,22253,16072,동구,대한민국,0.3375572466512861,0.000241038531731001,0.000809200785096932,0.00032712372163492995,0.0003615577975965015,0.00032712372163492995,0.0005337281774043593,0.38313074618642606,0.2767122344271891,2017,21030,동구,86106,42082,44024,4707,5972,10043,10407,12186,14883,14550,9747,3639,436,6530,59105,20471,0.1166353099667851,0.1208626576545188,0.14152323879869,0.1728450979025851,0.1689777715838617,0.1605230762083943,0.237741853064827,0.6864213875920377,0.5112767983648062,2017
19대대통령선거,부산광역시,동래구,20170509,1,229464,181098,180469,629,67947,25,82,26,80,32,65,59812,52400,동래구,대한민국,0.3765023355811801,0.00013852794662795273,0.00045437166493968493,0.00014406906449307083,0.0004432894292094487,0.00017731577168377948,0.0003601726612326771,0.33142534174844435,0.2903545761321889,2017,21060,동래구,261671,127795,133876,22053,25670,31726,33728,42686,45412,36106,18990,6772,852,31233,188364,42074,0.1212438520126418,0.1288946807250325,0.1631285086998559,0.1735461705729714,0.1379824283164737,0.1017078698059777,0.1607896939286355,0.7198504992910946,0.5116195527972148,2017
19대대통령선거,부산광역시,부산진구,20170509,1,323551,246124,245153,971,95042,25,146,45,121,49,111,79854,69760,부산진구,대한민국,0.3876844256443935,0.00010197713264777506,0.0005955464546630063,0.00018355883876599512,0.0004935693220152313,0.00019987517998963913,0.00045277846895612126,0.3257312780182172,0.28455699094035153,2017,21050,부산진구,366492,177345,189147,27389,30707,54057,52049,54251,61079,49918,28587,9912,1000,37001,268504,60987,0.1474984447136636,0.1420194710935027,0.1480277877825437,0.1666584809491066,0.1362048830533818,0.1077758859674972,0.1664074522772666,0.7326326359101972,0.5161013064405225,2017
19대대통령선거,부산광역시,북구,20170509,1,258693,203689,202796,893,83611,24,124,48,93,39,95,61388,57374,북구,대한민국,0.41229116945107397,0.00011834552949762323,0.0006114519024043867,0.00023669105899524646,0.00045858892680329,0.00019231148543363775,0.00046845105426142526,0.302708140200004,0.2829148503915265,2017,21080,북구,296945,146861,150084,24927,28199,41698,38475,45987,57136,37386,18118,6464,757,34355,222176,40414,0.1404233107141053,0.1295694488878412,0.1548670629241105,0.1924127363653201,0.1259021030830625,0.0853323005943861,0.1360992776440081,0.7482058967148799,0.5054269309131321,2017
19대대통령선거,부산광역시,사상구,20170509,1,198198,149868,149181,687,61743,20,109,28,75,46,52,46665,40443,사상구,대한민국,0.4138797836185573,0.00013406533003532621,0.0007306560486925279,0.0001876914620494567,0.0005027449876324733,0.0003083502590812503,0.00034856985809184814,0.3128079313049249,0.2711002071309349,2017,21150,사상구,231587,116752,114835,17309,19541,35596,31533,33934,44572,30920,14349,4758,559,23429,175803,32355,0.1537046552699417,0.1361604926010527,0.1465280866369874,0.1924633075258973,0.1335135391882964,0.0849184107916247,0.1397099146325139,0.7591229214075056,0.4958611666457961,2017
19대대통령선거,부산광역시,사하구,20170509,1,280843,211876,210927,949,82452,25,138,66,71,63,85,65477,62550,사하구,대한민국,0.3909030138389111,0.00011852441840067891,0.0006542547895717476,0.00031290446457779233,0.0003366093482579281,0.00029868153436971083,0.0004029830225623083,0.31042493374485014,0.29654809483849864,2017,21100,사하구,330293,164623,165670,27256,31542,44362,45295,50826,58319,43928,22349,7924,1038,37246,243633,49414,0.1343110510970562,0.13713581577569,0.1538815536508494,0.1765674719113029,0.1329970662411858,0.0947976493598108,0.1496065614469577,0.7376268949084601,0.5015849563872077,2017
19대대통령선거,부산광역시,서구,20170509,1,98536,71446,71148,298,24522,8,70,14,32,25,51,26437,19989,서구,대한민국,0.3446618316748187,0.00011244167088322933,0.0009838646202282567,0.0001967729240456513,0.0004497666835329173,0.0003513802215100916,0.0007168156518805869,0.3715775566424917,0.2809495699106089,2017,21020,서구,106924,52450,54474,6400,8385,13922,12424,15014,18707,16936,11094,4187,516,9106,74384,23434,0.1302046313269238,0.1161946803336949,0.1404174927986233,0.1749560435449478,0.1583928771837941,0.1477404511615727,0.2191650144027533,0.6956716920429464,0.5094646664920879,2017
19대대통령선거,부산광역시,수영구,20170509,1,154637,119064,118686,378,43702,10,70,18,38,22,47,40003,34776,수영구,대한민국,0.3682152907672345,8.425593583067927e-05,0.0005897915508147549,0.00015166068449522268,0.0003201725561565812,0.0001853630588274944,0.0003960028984041926,0.33704902010346627,0.29300844244477026,2017,21140,수영구,173059,82221,90838,12336,12841,22484,25116,25635,28745,26050,14767,5504,676,16792,123977,32290,0.1299210095978828,0.1451296956529276,0.1481286728803471,0.1660994227402215,0.1505266989870506,0.1210396454388387,0.186583766230014,0.7163857412789858,0.5248961336885108,2017
19대대통령선거,부산광역시,연제구,20170509,1,175265,137602,137105,497,52454,15,59,20,53,27,55,44351,40071,연제구,대한민국,0.38258269209729767,0.00010940520039385872,0.0004303271215491776,0.00014587360052514497,0.00038656504139163416,0.0001969293607089457,0.00040115240144414865,0.3234820028445352,0.29226505233215416,2017,21130,연제구,201053,97219,103834,16957,17876,25279,27916,31481,34033,27886,15203,5391,632,23145,144846,33062,0.1257330156724843,0.1388489602244184,0.1565806031245492,0.1692737735820902,0.138699745838162,0.1055741520892501,0.1644442012802594,0.7204368997229587,0.5164508860847637,2017
19대대통령선거,부산광역시,영도구,20170509,1,109885,78013,77659,354,30094,9,51,21,46,15,45,25423,21955,영도구,대한민국,0.38751464736862434,0.00011589126823677874,0.0006567171866750795,0.0002704129592191504,0.000592333148765758,0.00019315211372796456,0.0005794563411838936,0.3273670791537362,0.2827103104598308,2017,21040,영도구,123531,62131,61400,7103,10549,16860,13452,16957,21271,20140,13120,4363,444,10026,86610,26895,0.1364839594919493,0.1088957427690215,0.1372691874913989,0.1721915956318656,0.1630359990609644,0.1451214674858942,0.2177186293319085,0.7011195570342666,0.4970412285175381,2017
19대대통령선거,부산광역시,중구,20170509,1,40448,28604,28509,95,9918,4,11,3,14,7,9,10731,7812,중구,대한민국,0.3478901399558034,0.00014030656985513347,0.00038584306710161704,0.0001052299273913501,0.0004910729944929671,0.00024553649724648355,0.0003156897821740503,0.3764074502788593,0.2740187309270757,2017,21010,중구,43799,21696,22103,2055,2677,5845,5602,6480,7694,7215,4566,1613,236,2864,31355,9580,0.1334505354003516,0.1279024635265645,0.1479485833009886,0.1756661110984269,0.1647297883513322,0.1464645311536793,0.2187264549418936,0.715883924290509,0.5046462247996529,2017
19대대통령선거,부산광역시,해운대구,20170509,1,344624,266870,265952,918,102106,31,124,53,99,51,115,81332,82041,해운대구,대한민국,0.3839264228131392,0.0001165623871976898,0.0004662495487907592,0.0001992840813379858,0.000372247623631332,0.00019176392732523162,0.0004324088557333654,0.3058145830826615,0.3084804776801829,2017,21090,해운대구,399670,193944,205726,35248,43058,47530,50980,70094,69650,49182,26659,9860,1064,50172,291393,58105,0.1189231115670428,0.1275552330672805,0.1753796882428003,0.1742687717366827,0.123056521630345,0.0940350789401256,0.1453824405134235,0.7290839942952936,0.5147396602196812,2017
19대대통령선거,서울특별시,강남구,20170509,1,467032,365642,364594,1048,128927,39,121,80,97,49,101,98353,136827,강남구,대한민국,0.3536179970048876,0.00010696829898462399,0.00033187600454203856,0.00021942215176333127,0.00026604935901303916,0.0001343960679550404,0.0002770204666012057,0.2697603361547365,0.3752859344915166,2017,11230,강남구,522514,250087,272427,43530,57015,71238,87259,95979,78705,54844,27974,9140,1510,63845,396963,61706,0.1363370168072051,0.166998396215221,0.1836869442732634,0.1506275429940633,0.1049617809283579,0.073919550480944,0.1180944434024734,0.7597174429776045,0.5213774176385705,2017
19대대통령선거,서울특별시,강동구,20170509,1,376431,297476,296511,965,122511,29,168,54,123,56,88,66339,107143,강동구,대한민국,0.4131752279004826,9.78041286832529e-05,0.0005665894351305686,0.00018211803272053987,0.00041482440786345194,0.00018886314504352284,0.0002967849422112502,0.22373200319718325,0.3613457848106816,2017,11250,강동구,423978,209931,214047,37018,39281,56487,68187,69376,71798,51997,24020,8161,1206,50769,318730,54479,0.1332309695314379,0.1608267410101467,0.1636311318040087,0.1693436923613961,0.122640797399865,0.0787470104580898,0.1284948747340664,0.7517607045648595,0.5048540254447165,2017
19대대통령선거,서울특별시,강북구,20170509,1,281434,210614,209902,712,89645,34,145,45,123,53,93,42592,77172,강북구,대한민국,0.4270802565006527,0.00016198035273603872,0.0006907985631389886,0.0002143857609741689,0.0005859877466627283,0.0002524987851473545,0.0004430639060132824,0.20291374069804005,0.3676572876866347,2017,11090,강북구,313698,152464,161234,22312,25737,42899,44382,50745,52602,40851,26989,8321,963,31030,228382,54286,0.1367525454417943,0.1414800221869441,0.1617638620584128,0.1676835682726699,0.130223973375667,0.1156303196067555,0.1730517886629816,0.7280314187530682,0.5139784123583829,2017
19대대통령선거,서울특별시,강서구,20170509,1,501800,397108,395807,1301,175882,56,248,77,215,60,142,77170,141957,강서구,대한민국,0.4443630355198367,0.00014148309655968692,0.0006265679990500421,0.0001945392577695695,0.0005431940314345123,0.00015158903202823598,0.00035876070913349185,0.19496876002698285,0.3586520703272049,2017,11160,강서구,581675,282678,298997,52946,48824,82439,105826,92823,90601,66746,32772,11568,1608,70300,438069,73306,0.1417269093565994,0.1819332101259294,0.1595788025959513,0.1557588000171917,0.1147479262474749,0.0789925645764387,0.1260257016375123,0.7531164309966906,0.5140275927278979,2017
19대대통령선거,서울특별시,관악구,20170509,1,446035,351240,350005,1235,159854,58,197,79,293,73,113,60463,128875,관악구,대한민국,0.45671918972586106,0.0001657119184011657,0.0005628491021556835,0.00022571106127055327,0.0008371308981300267,0.00020856844902215682,0.00032285253067813316,0.17274896072913243,0.3682090255853488,2017,11210,관악구,511687,257091,254596,32706,34390,104380,94704,74606,73289,57163,32958,9227,1075,43704,399771,68212,0.2039918934817574,0.1850818957683115,0.1458039778223797,0.1432301387371576,0.1117147787612349,0.0845438715464727,0.1333080574648173,0.7812803530283161,0.4975619861360558,2017
19대대통령선거,서울특별시,광진구,20170509,1,305172,240030,239231,799,105512,24,120,48,127,48,65,46680,86607,광진구,대한민국,0.44104651989081683,0.00010032144663526048,0.0005016072331763024,0.00020064289327052095,0.0005308676551115867,0.00020064289327052095,0.0002717039179704971,0.19512521370558164,0.36202248036416684,2017,11050,광진구,363934,177156,186778,26602,30908,66517,62019,57778,57481,37769,20017,6562,825,36540,284819,42575,0.182772150994411,0.1704127671500876,0.1587595553039837,0.1579434732671308,0.1037798062286018,0.0752993674677276,0.1169854973704023,0.7826116823380064,0.5132194298966296,2017
19대대통령선거,서울특별시,구로구,20170509,1,350524,278805,277714,1091,121077,45,141,57,165,56,98,59567,96508,구로구,대한민국,0.4359773003881691,0.00016203720374197915,0.000507716571724868,0.00020524712473984026,0.0005941364137205902,0.0002016462979900185,0.00035288102148253237,0.21449044700663272,0.34750858797179834,2017,11170,구로구,436869,218428,218441,38484,33124,56978,74323,71612,73059,55432,27691,8448,965,49929,327225,59715,0.1304235365750373,0.1701265138977588,0.1639209923340864,0.1672331980525054,0.1268847183022828,0.0849316385461087,0.1366885725469191,0.7490231625498719,0.5000148786020523,2017
19대대통령선거,서울특별시,금천구,20170509,1,204132,155010,154453,557,67423,24,125,37,117,39,61,31271,55356,금천구,대한민국,0.43652761681547136,0.00015538707567998032,0.0008093076858332308,0.0002395550750066363,0.000757511993939904,0.00025250399797996804,0.00039494215068661663,0.20246288514952768,0.3584002900558746,2017,11180,금천구,249930,127252,122678,17676,17825,35668,39983,40271,46725,32005,15862,4806,590,23593,192087,34250,0.1427119593486176,0.1599767935021806,0.1611291161525227,0.1869523466570639,0.128055855639579,0.0850558156283759,0.1370383707438082,0.7685631976953547,0.4908494378425959,2017
19대대통령선거,서울특별시,노원구,20170509,1,464422,374213,372907,1306,158167,37,168,85,210,81,120,68138,145901,노원구,대한민국,0.42414596668874543,9.92204490663892e-05,0.00045051447143657804,0.00022793886947684007,0.0005631430892957225,0.00021721233444263582,0.0003217960510261272,0.1827211610401521,0.39125304700635816,2017,11110,노원구,543495,263654,279841,45633,62979,77266,73191,95603,87699,58294,33139,12966,1660,66976,404900,71619,0.1421650613161114,0.1346672922473988,0.1759041021536536,0.1613611900753457,0.1072576564641809,0.0878848931452911,0.1317749013330389,0.7449930542139303,0.5148915813392948,2017
19대대통령선거,서울특별시,도봉구,20170509,1,293679,229233,228382,851,94898,30,162,43,152,38,79,47813,85167,도봉구,대한민국,0.41552311478137505,0.0001313588636582568,0.0007093378637545866,0.00018828103791016806,0.000665551575868501,0.00016638789396712525,0.0003459116743000762,0.20935537826974104,0.3729146780394252,2017,11100,도봉구,332586,161944,170642,25795,30310,44924,45630,53558,58116,42148,24682,8921,1169,35920,244595,52071,0.1350748377863169,0.137197597012502,0.1610350405609376,0.1747397665566199,0.1267281244550281,0.1045504020012868,0.1565640165250491,0.735433842675278,0.5130763171029448,2017
19대대통령선거,서울특별시,동대문구,20170509,1,304972,236092,235265,827,98958,41,150,44,160,80,84,51991,83757,동대문구,대한민국,0.42062355216458036,0.00017427156610630564,0.0006375789003889231,0.0001870231441140841,0.0006800841604148513,0.00034004208020742564,0.00035704418421779693,0.22098909740080336,0.3560113063991669,2017,11060,동대문구,357380,176460,180920,25804,29701,65689,53417,53672,54502,41450,25887,8617,992,34849,269496,53035,0.1838071520510381,0.1494683530135989,0.1501818792321898,0.1525043371201522,0.1159829872964351,0.0993228496278471,0.1483994627567295,0.7540880855112205,0.5062398567351278,2017
19대대통령선거,서울특별시,동작구,20170509,1,342434,276685,275828,857,121722,25,145,40,133,42,81,54815,98825,동작구,대한민국,0.44129675014864334,9.063619356990588e-05,0.0005256899227054541,0.00014501790971184941,0.0004821845497918993,0.00015226880519744187,0.00029366126716649506,0.19872891802137563,0.35828487318183794,2017,11200,동작구,399771,195019,204752,31524,31595,69635,67416,61175,60028,45012,26287,8796,1060,42011,302577,55183,0.1741872221847007,0.1686365444216814,0.1530251068736851,0.1501559642895557,0.112594460328538,0.0904092593009498,0.1380365259110841,0.7568758114020276,0.5121732191679736,2017
19대대통령선거,서울특별시,마포구,20170509,1,320483,256992,256233,759,117336,26,134,38,108,47,86,46928,91530,마포구,대한민국,0.4579269649108429,0.00010147014631214559,0.000522961523301058,0.00014830252153313585,0.00042149137698891244,0.00018342680294887857,0.0003356320224170969,0.18314580869755262,0.3572139419981033,2017,11140,마포구,368848,175330,193518,31224,30437,61814,67458,62369,51480,34917,22635,8427,931,41993,280089,46766,0.167586648158591,0.182888344250206,0.1690913330152257,0.1395696872424413,0.094665011061467,0.086737626339305,0.1267893549646467,0.7593615798377652,0.5246551424977226,2017
19대대통령선거,서울특별시,서대문구,20170509,1,268987,212076,211359,717,93768,25,110,72,119,27,64,40849,76325,서대문구,대한민국,0.44364327991710784,0.00011828216446898405,0.0005204415236635298,0.0003406526336706741,0.0005630231028723641,0.00012774473762650277,0.00030280234104059915,0.19326832545574119,0.3611154481238083,2017,11130,서대문구,321345,151132,170213,23414,28625,61827,46305,49512,47919,33552,22920,8441,949,32337,242443,46565,0.1924006908462867,0.1440974653409886,0.1540773934556318,0.149120104560519,0.1044111468981935,0.1005461419969192,0.1449065645956837,0.7544632715617171,0.529689274766995,2017
19대대통령선거,서울특별시,서초구,20170509,1,362519,292916,292092,824,106416,28,96,55,93,28,84,75411,109881,서초구,대한민국,0.3643235692863892,9.586020842748176e-05,0.000328663571751366,0.00018829683798255345,0.0003183928351341358,9.586020842748176e-05,0.00028758062528244524,0.25817550634731523,0.37618627007929006,2017,11220,서초구,414550,198241,216309,41646,43523,53742,67847,76589,60337,43418,22927,7542,1178,58126,306502,49922,0.129639367989386,0.1636642142081775,0.1847521408756482,0.1455481847786756,0.1047352550958871,0.0763406103003256,0.1204245567482812,0.7393607526233265,0.5217923049089374,2017
19대대통령선거,서울특별시,성동구,20170509,1,259009,203175,202512,663,86686,16,94,46,108,41,58,40870,74593,성동구,대한민국,0.42805364620368175,7.90076637433831e-05,0.00046417002449237576,0.00022714703326222644,0.000533301730267836,0.00020245713834241922,0.00028640278106976377,0.20181520107450424,0.368338666350636,2017,11040,성동구,302367,149060,153307,25097,23279,49441,52126,48371,47745,32121,18956,6510,785,32628,230303,39436,0.1635132140742872,0.1723931513690316,0.1599744681132531,0.1579041363640873,0.1062318308545575,0.0868183366571087,0.1304242857190103,0.7616671131439608,0.5070229224750056,2017
19대대통령선거,서울특별시,성북구,20170509,1,378024,295866,294922,944,129263,34,190,55,172,65,107,57991,107045,성북구,대한민국,0.4382955493316877,0.00011528471934952293,0.0006442381375414516,0.0001864899871830518,0.0005832050508269984,0.0002203972575799703,0.00036280779324702805,0.19663165175877012,0.36296037596381414,2017,11080,성북구,445417,215068,230349,36852,43326,75124,63673,73439,65880,48055,30889,10649,1275,50926,331288,63203,0.168659929908378,0.1429514365190372,0.1648769579966638,0.147906343942867,0.1078876648174631,0.0961189177781719,0.1418962455406955,0.7437704443252053,0.5171535886596156,2017
19대대통령선거,서울특별시,송파구,20170509,1,546867,441198,439927,1271,177328,32,166,68,156,79,151,99206,162741,송파구,대한민국,0.40308505729359645,7.273934084518568e-05,0.0003773353306344007,0.00015457109929601956,0.0003546042866202802,0.00017957524771155213,0.0003432387646132199,0.2255055952464841,0.3699272833901988,2017,11240,송파구,633953,307723,326230,58800,61192,86974,109211,107252,100506,70683,32219,11046,1610,80931,479690,73332,0.1371931357687399,0.1722698685864725,0.1691797341443293,0.1585385667391746,0.1114956471536533,0.0707860046407225,0.1156741903579603,0.7566649262642499,0.5145965079430178,2017
19대대통령선거,서울특별시,양천구,20170509,1,386393,310886,309940,946,133853,32,194,60,121,61,88,61236,114295,양천구,대한민국,0.43186745821771955,0.00010324578950764664,0.0006259275988901077,0.00019358585532683746,0.0003903981415757889,0.00019681228624895142,0.00028392592114602825,0.1975737239465703,0.36876492224301477,2017,11150,양천구,452111,222503,229608,40644,53803,57670,62998,83063,76588,48764,23556,8584,1063,60341,338750,53020,0.1275571706948072,0.1393418872798936,0.18372258140147,0.1694008772182052,0.1078584683849762,0.0734399295748168,0.1172720858373275,0.7492629022518806,0.5078575836464939,2017
19대대통령선거,서울특별시,영등포구,20170509,1,316011,248833,248017,816,105834,37,138,50,122,52,86,53989,87709,영등포구,대한민국,0.4267207489809166,0.00014918332211098434,0.0005564134716571848,0.00020159908393376262,0.0004919017647983808,0.0002096630472911131,0.0003467504243660717,0.21768265884999818,0.3536410810549277,2017,11190,영등포구,393560,196929,196631,30767,26128,55881,70890,63744,66665,47752,24453,8692,1058,39869,300105,53586,0.1419885150929972,0.1801250127045431,0.16196767964224,0.169389673747332,0.1213334688484602,0.0869066978351458,0.1361571297896127,0.7625393840837483,0.49962140461429,2017
19대대통령선거,서울특별시,용산구,20170509,1,197962,148157,147660,497,58081,17,68,23,72,32,51,35529,53787,용산구,대한민국,0.3933428145740214,0.00011512935121224435,0.0004605174048489774,0.00015576323987538941,0.00048760666395774075,0.00021671407287010702,0.00034538805363673304,0.24061357171881348,0.3642624949207639,2017,11030,용산구,223891,108467,115424,17375,17035,33113,39350,37577,34248,24351,15436,6216,781,23214,168123,32554,0.1478978610127249,0.175755166576593,0.1678361345476146,0.1529672921198261,0.1087627461577285,0.1001960775555962,0.1454011103617385,0.7509145075058845,0.5155365780670058,2017
19대대통령선거,서울특별시,은평구,20170509,1,413086,317275,316115,1160,140180,49,188,656,160,61,115,60541,114165,은평구,대한민국,0.4434462141942015,0.00015500688040744667,0.000594720275848979,0.0020751941540262248,0.0005061449156161524,0.0001929677490786581,0.0003637916580991095,0.19151574585198425,0.3611502143207377,2017,11120,은평구,466243,225813,240430,38678,43056,60894,71139,78950,74562,55220,34586,11614,1371,53575,341559,71109,0.1306057141876661,0.1525792344335464,0.1693323009675212,0.1599208996167234,0.1184360944829198,0.1020304862485871,0.1525148903039831,0.7325772183174868,0.5156753023637889,2017
19대대통령선거,서울특별시,종로구,20170509,1,133769,102566,102202,364,42512,5,78,31,63,26,47,22553,36887,종로구,대한민국,0.41596054871724625,4.892272166885188e-05,0.0007631944580340893,0.00030332087434688167,0.0006164262930275337,0.0002543981526780298,0.0004598735836872077,0.22067082835952329,0.3609224868397879,2017,11010,종로구,157277,76670,80607,9716,15200,28682,21761,24214,24973,17196,11456,4437,603,13733,119870,23674,0.1823661438099658,0.1383609809444483,0.1539576670460398,0.1587835474989986,0.1093357579302758,0.1048850117944772,0.1505242343127094,0.762158484711687,0.5125161339547423,2017
19대대통령선거,서울특별시,중구,20170509,1,109836,82852,82595,257,34062,12,53,21,55,18,25,18059,30290,중구,대한민국,0.41239784490586595,0.00014528724499061687,0.0006416853320418912,0.0002542526787335795,0.0006658998728736607,0.0002179308674859253,0.0003026817603971185,0.21864519644046249,0.3667292208971487,2017,11020,중구,127896,62195,65701,8612,8886,21456,21164,19550,20736,15291,9039,3436,434,11035,97649,19212,0.1677613060611747,0.1654782010383436,0.1528585725902295,0.1621317320322762,0.1195580784387314,0.100933571026459,0.1502158003377744,0.7635031588165384,0.5137064489898042,2017
19대대통령선거,서울특별시,중랑구,20170509,1,351986,265706,264744,962,111450,34,155,74,152,65,90,56918,95806,중랑구,대한민국,0.42097271326262353,0.00012842595110748497,0.0005854712476958873,0.00027951530535158493,0.0005741395461275799,0.0002455202006466624,0.00033995104704922493,0.21499259662164205,0.361881666817756,2017,11070,중랑구,396892,196346,200546,30608,31450,56425,62561,62191,70229,49346,27178,8564,1030,41192,298451,57249,0.142167138667446,0.157627263840037,0.1566950203077915,0.1769473811515475,0.1243310522761859,0.0926498896425224,0.144243270209528,0.7519703093032866,0.505291111939772,2017
19대대통령선거,세종특별자치시,세종특별자치시,20170509,1,189421,152801,152237,564,77767,34,88,42,126,50,76,23364,50690,세종특별자치시,대한민국,0.5108285108088046,0.00022333598271116745,0.0005780460728994922,0.0002758856257020304,0.0008276568771060912,0.0003284352686928933,0.0004992216084131979,0.1534712323548152,0.33296767540085526,2017,29010,세종시,276589,139347,137242,42638,32629,34826,50889,49612,32278,20229,11196,5330,659,55731,195460,25398,0.1259124549421705,0.1839877941639038,0.1793708354272946,0.1167002303056159,0.0731373988119556,0.0621318996778613,0.0918257775978075,0.706680309050613,0.4961947149018941,2017
19대대통령선거,울산광역시,남구,20170509,1,276867,219569,218651,918,80662,29,128,66,146,36,103,63590,73891,남구,대한민국,0.36890752843572633,0.00013263145377793835,0.0005854077959853831,0.00030185089480496314,0.0006677307672958276,0.000164645942620889,0.00047107033583198795,0.2908287636461759,0.3379403707277808,2017,26020,남구,333117,170349,162768,30537,35642,47639,47361,59593,62577,34064,13439,4641,583,42635,258810,31672,0.1430098133688764,0.1421752717513666,0.1788951029217962,0.1878529165428363,0.1022583656793258,0.0560253604589378,0.0950777054308246,0.7769342303154747,0.4886211151037023,2017
19대대통령선거,울산광역시,동구,20170509,1,138379,109054,108471,583,44931,17,105,39,139,36,48,23779,39377,동구,대한민국,0.41422131260890005,0.00015672391699163833,0.0009680006637718837,0.00035954310368669967,0.0012814484977551604,0.00033188594186464587,0.0004425145891528611,0.21921988365553927,0.36301868702233775,2017,26030,동구,172306,91965,80341,20709,16992,21397,32198,26967,29346,18000,6200,1928,289,26746,130317,15243,0.1241802374844752,0.1868652281406335,0.156506447831184,0.17031327986257,0.1044653117128829,0.0488491404826297,0.0884647081355263,0.7563114459159866,0.4662693115735958,2017
19대대통령선거,울산광역시,북구,20170509,1,151453,122933,122378,555,52058,20,85,31,137,48,58,26742,43199,북구,대한민국,0.42538691594894507,0.00016342806713624998,0.0006945692853290624,0.00025331350406118745,0.0011194822598833123,0.000392227361127,0.00047394139469512497,0.21851966856787985,0.3529964536109431,2017,26040,북구,196147,102170,93977,26844,22845,24665,33203,35892,32983,13599,5927,2315,303,35099,147457,13591,0.1257475260901263,0.16927610414638,0.1829852100720378,0.1681544963726185,0.069330655069922,0.0435642655763279,0.0692898693326943,0.7517678067979627,0.4791151534308452,2017
19대대통령선거,울산광역시,울주군,20170509,1,175979,136353,135606,747,48486,41,127,51,104,48,107,42512,44130,울주군,대한민국,0.3575505508605814,0.00030234650384201287,0.0009365367314130643,0.000376089553559577,0.0007669277170626669,0.0003539666386443078,0.000789050631977936,0.31349645295930856,0.32542807840361043,2017,26510,울주군,222160,116628,105532,22670,23783,28739,30623,40441,38037,22432,11785,5250,667,31401,164054,26705,0.1293617212819589,0.1378420957868203,0.1820354699315808,0.1712144400432121,0.1009722722362261,0.0796813107670147,0.1202061577241627,0.7384497659344617,0.4750270075621174,2017
19대대통령선거,울산광역시,중구,20170509,1,198415,157051,156256,795,56657,21,130,53,115,52,95,47808,51325,중구,대한민국,0.362590876510342,0.00013439483923817326,0.0008319680524267869,0.00033918697522015154,0.0007359717386852345,0.00033278722097071473,0.0006079766536964981,0.30595945115707557,0.3284673868523449,2017,26010,중구,233343,118977,114366,23336,22899,29439,33361,39079,43928,27028,12075,3926,407,31236,174900,27207,0.1261619161491881,0.1429697912515053,0.1674744903425429,0.1882550580047398,0.1158294870641073,0.0703170868635442,0.1165965981409341,0.7495403761844153,0.4901196950412054,2017
19대대통령선거,인천광역시,강화군,20170509,1,59875,43938,43611,327,12153,11,58,22,27,33,53,17138,14116,강화군,대한민국,0.278668225906308,0.00025222994198711334,0.0013299396941138704,0.0005044598839742267,0.0006191098576047327,0.0007566898259613401,0.0012152897204833642,0.3929742496159226,0.32367980555364473,2017,23510,강화군,63737,32025,31712,3759,4875,5270,5268,7782,11833,11119,8944,4651,616,5451,39125,19161,0.0826835276213188,0.0826521486734549,0.1220954861383497,0.1856535450366349,0.1744512606492304,0.222963114046786,0.3006260100098843,0.6138506675871158,0.4975445973296515,2017
19대대통령선거,인천광역시,계양구,20170509,1,271262,205824,205018,806,88890,39,188,41,193,73,57,37504,78033,계양구,대한민국,0.43357168638851223,0.0001902271995629652,0.0009169926543035246,0.0001999824405661942,0.000941380756811597,0.0003560662966178579,0.0002780243685920261,0.18293027929254993,0.3806153606024837,2017,23070,계양구,318104,158179,159925,28073,32527,47906,45240,54628,62653,29124,13987,6002,830,38977,247626,31501,0.150598546387345,0.1422176395141211,0.17173000025149,0.1969575987727284,0.0915549631567034,0.0654471493599577,0.0990273621205643,0.7784435279028242,0.5027443854839927,2017
19대대통령선거,인천광역시,남동구,20170509,1,430938,327425,326203,1222,136132,59,267,80,251,97,89,66648,122580,남동구,대한민국,0.4173229553376272,0.00018086896809655338,0.0008185087200301653,0.0002452460584360046,0.0007694595083429643,0.00029736084585365555,0.0002728362400100551,0.20431449128303542,0.37577827303856803,2017,23050,남동구,534052,268110,265942,56067,52886,71180,86834,93104,89538,51933,26107,10155,1446,75276,400545,58231,0.133282901290511,0.1625946537041336,0.1743350834750174,0.1676578310726296,0.0972433395998891,0.070607356586999,0.1090361987222218,0.7500112348610247,0.4979702351081917,2017
19대대통령선거,인천광역시,동구,20170509,1,59362,44672,44475,197,16501,21,42,10,42,19,28,11510,16302,동구,대한민국,0.37101742551995504,0.0004721753794266442,0.0009443507588532884,0.00022484541877459247,0.0009443507588532884,0.00042720629567172567,0.0006295671725688589,0.25879707700955595,0.36654300168634063,2017,23020,동구,68172,34284,33888,6121,5862,7197,9942,10893,10867,9181,6124,2311,291,8185,47234,12753,0.1055712022531244,0.145837000528076,0.1597870093293434,0.1594056210761016,0.1346740597312679,0.1279997652995364,0.1870709382151029,0.6928651059085842,0.497095581763774,2017
19대대통령선거,인천광역시,미추홀구,20170509,1,352503,254020,253013,1007,96338,57,254,44,142,82,93,60976,95027,남구,대한민국,0.3807630437961686,0.00022528486678550114,0.0010039009853248647,0.00017390410769407106,0.0005612359839217748,0.00032409401888440514,0.0003675700458079229,0.24099947433531083,0.37558149186010203,2017,23090,미추홀구,421851,213845,208006,36205,36784,62670,64724,66960,69600,48458,28191,10160,1311,48339,313742,59770,0.1485595624995555,0.1534285802333051,0.1587290299181464,0.1649871637142024,0.1148699422307876,0.0940189782648375,0.1416850973447971,0.743727050546283,0.4930793099933389,2017
19대대통령선거,인천광역시,부평구,20170509,1,455450,345398,344065,1333,146859,72,263,64,222,107,103,67061,129314,부평구,대한민국,0.42683504570357345,0.0002092627846482496,0.0007643904494790229,0.00018601136413177742,0.0006452269193321029,0.0003109877494078154,0.0002993620391495793,0.1949079389068926,0.3758417740833854,2017,23060,부평구,538234,266993,271241,48617,50921,76426,83884,89104,96292,56054,28527,11561,1499,66165,408583,63486,0.1419940026085308,0.1558504293671525,0.1655488133414091,0.1789035995496382,0.1041442941174284,0.0772656502562082,0.1179524147489753,0.7591177814853762,0.5039462389964217,2017
19대대통령선거,인천광역시,서구,20170509,1,404034,306672,305569,1103,132399,64,238,76,177,86,80,56659,115790,서구,대한민국,0.43328675356466134,0.00020944532986003162,0.0007788748204169925,0.0002487163292087875,0.00057924724039415,0.0002814421619994175,0.0002618066623250395,0.1854212960084302,0.3789324178827041,2017,23080,서구,509776,259613,250163,58748,55845,66410,83662,94279,84015,42862,20210,8228,1132,79714,384123,45939,0.1302729041775211,0.1641152192335457,0.1849420137472144,0.1648076802360252,0.0840800665390289,0.0580058692445309,0.090116050971407,0.7535133078057814,0.4907312231254512,2017
19대대통령선거,인천광역시,연수구,20170509,1,262343,208175,207459,716,85853,32,231,40,105,55,67,42223,78853,연수구,대한민국,0.4138311666401554,0.0001542473452585812,0.0011134730235853832,0.0001928091815732265,0.0005061241016297196,0.0002651126246631865,0.0003229553791351544,0.20352455183915857,0.3800895598648408,2017,23040,연수구,337595,168613,168982,37344,41561,48821,50065,61665,56885,26029,12677,5516,826,51777,257341,28477,0.1446141086212769,0.1482989973192731,0.1826596957893333,0.1685007183163257,0.0771012603859654,0.0563367348450065,0.0843525526148195,0.762277284912395,0.5005465128334247,2017
19대대통령선거,인천광역시,옹진군,20170509,1,18872,14747,14562,185,3935,5,18,11,17,23,28,5857,4668,옹진군,대한민국,0.27022387034747974,0.0003433594286499107,0.0012360939431396785,0.0007553907430298036,0.0011674220574096966,0.0015794533717895893,0.0019228128004395001,0.4022112347205054,0.32056036258755666,2017,23520,옹진군,19294,11004,8290,1331,1106,2490,2280,2442,3619,3033,1992,963,163,1745,13171,4378,0.1290556649735669,0.1181714522649528,0.1265678449258837,0.1875712656784492,0.1571991292629833,0.1616046439307557,0.2269099201824401,0.6826474551674095,0.4296672540686224,2017
19대대통령선거,인천광역시,중구,20170509,1,94392,69220,68988,232,28030,14,59,22,54,19,27,16261,24502,중구,대한민국,0.4063025453702093,0.00020293384356699716,0.000855221197889488,0.00031889603989099555,0.0007827448251869891,0.00027541021626949615,0.00039137241259349455,0.2357076593030672,0.355163216791326,2017,23010,중구,115152,59415,55737,11966,12174,13030,18551,20556,16909,12537,7493,2699,444,16318,82927,15907,0.1131547867166875,0.1611001111574267,0.1785118799499791,0.1468406975128525,0.1088734889537307,0.092364874253161,0.138139155203557,0.7201524940947617,0.4840298040850354,2017
19대대통령선거,전라남도,강진군,20170509,1,32299,25175,25006,169,12476,6,45,9,70,17,21,768,11594,강진군,대한민국,0.4989202591378069,0.00023994241382068303,0.0017995681036551228,0.00035991362073102453,0.0027993281612413022,0.0006798368391586019,0.0008397984483723906,0.030712628969047428,0.4636487243061665,2017,36590,강진군,33637,16212,17425,2441,2752,2594,2746,3948,5768,5297,5248,2775,297,3398,19263,10976,0.077117459939947,0.0816362933674227,0.117370752445224,0.1714778369057882,0.1574753991140708,0.2473466718197223,0.3263073401314029,0.5726729494306865,0.5180307399589738,2017
19대대통령선거,전라남도,고흥군,20170509,1,60101,47036,46614,422,26882,17,266,8,202,59,54,1363,17763,고흥군,대한민국,0.5766936971725233,0.00036469730123997083,0.005706440125284249,0.0001716222594070451,0.004333462050027889,0.0012657141631269575,0.0011584502509975544,0.02924014244647531,0.38106577423091775,2017,36550,고흥군,60984,29552,31432,3151,3820,3807,4145,6693,10303,11104,11176,6350,766,4553,32435,23996,0.0624262101534828,0.067968647514102,0.109750098386462,0.1689459530368621,0.1820805457169093,0.2999475272202545,0.3934802571166207,0.5318608159517251,0.5154138790502427,2017
19대대통령선거,전라남도,곡성군,20170509,1,26671,21247,21048,199,12152,6,44,6,86,26,16,633,8079,곡성군,대한민국,0.5773470163435956,0.00028506271379703536,0.0020904599011782594,0.00028506271379703536,0.0040858988977575065,0.0012352717597871531,0.0007601672367920942,0.03007411630558723,0.3838369441277081,2017,36520,곡성군,28768,13927,14841,1569,2769,3000,2075,3356,4575,4158,4378,2716,326,2268,16977,9523,0.1042825361512791,0.0721287541713014,0.1166573971078976,0.1590308676307008,0.1445355951056729,0.2579254727474972,0.3310275305895439,0.590134872080089,0.5158857063403782,2017
19대대통령선거,전라남도,광양시,20170509,1,120767,96384,96049,335,63544,15,61,22,270,22,38,4148,27929,광양시,대한민국,0.6615789857260357,0.00015617028808212474,0.0006350925048673073,0.00022904975585378296,0.0028110651854782454,0.00022904975585378296,0.00039563139647471603,0.043186290330976894,0.29077866505637745,2017,36060,광양시,144010,74408,69602,16662,16964,16510,20028,25695,25219,12864,7303,3803,470,22529,104620,16861,0.1146448163321991,0.1390736754392056,0.178425109367405,0.1751197833483785,0.0893271300604124,0.0803833067148114,0.1170821470731199,0.7264773279633359,0.4833136587736962,2017
19대대통령선거,전라남도,구례군,20170509,1,23487,18924,18811,113,11873,3,20,2,93,13,13,632,6162,구례군,대한민국,0.6311732496943278,0.00015948115464355962,0.0010632076976237307,0.00010632076976237308,0.004943915793950348,0.000691085003455425,0.000691085003455425,0.033597363244909896,0.32757429163787144,2017,36530,구례군,24420,11767,12653,1593,1740,1737,1973,3176,4399,3770,3907,2051,237,2260,14131,8029,0.0711302211302211,0.0807944307944308,0.13005733005733,0.1801392301392301,0.1543816543816543,0.2536855036855037,0.3287878787878788,0.5786650286650287,0.5181408681408681,2017
19대대통령선거,전라남도,나주시,20170509,1,89312,71599,71190,409,43967,14,50,20,147,63,67,1482,25380,나주시,대한민국,0.6176007866273353,0.00019665683382497542,0.0007023458350891979,0.00028093833403567916,0.002064896755162242,0.0008849557522123894,0.0009411434190195252,0.020817530552043828,0.35651074589127685,2017,36040,나주시,105579,52440,53139,10889,9579,11652,14623,14394,15498,12560,10840,5654,753,13928,68596,23055,0.1103628562498224,0.1385029219825912,0.1363339300429062,0.1467905549399028,0.1189630513643811,0.1633563492740033,0.218367288949507,0.6497125375311378,0.5033103173926633,2017
19대대통령선거,전라남도,담양군,20170509,1,41434,33020,32826,194,19961,12,25,10,121,30,29,708,11930,담양군,대한민국,0.6080850545299458,0.0003655638822884299,0.0007615914214342289,0.0003046365685736916,0.0036861024797416684,0.0009139097057210748,0.0008834460488637056,0.021568269055017363,0.3634314263084141,2017,36510,담양군,43781,21631,22150,2781,3947,4374,3952,5254,7424,6588,6180,3075,416,3788,27191,12802,0.0999063520705328,0.0902674676229414,0.1200063954683538,0.1695712752107078,0.1504762339827779,0.2208949087503711,0.2924099495214819,0.6210685000342614,0.5059272287065165,2017
19대대통령선거,전라남도,목포시,20170509,1,187620,145476,144961,515,77896,21,93,21,216,47,36,2644,63987,목포시,대한민국,0.537358323962997,0.0001448665503135326,0.0006415518656742159,0.0001448665503135326,0.0014900559460820496,0.0003242251364160015,0.0002483426576803416,0.018239388525189533,0.44140837880533385,2017,36010,목포시,233948,117464,116484,24972,27111,26774,32325,39574,37378,25315,16380,5923,754,34666,165000,34282,0.1144442354711303,0.138171730470019,0.1691572486193513,0.1597705473011096,0.1082078068630635,0.0985560893873852,0.1465368372458837,0.705284935113786,0.4979055174654196,2017
19대대통령선거,전라남도,무안군,20170509,1,65997,52516,52255,261,29516,15,38,16,86,47,30,1001,21506,무안군,대한민국,0.5648454693330782,0.0002870538704430198,0.0007272031384556502,0.00030619079513922114,0.0016457755238733136,0.000899435460721462,0.0005741077408860396,0.019156061620897523,0.4115587025165056,2017,36620,무안군,81420,41022,40398,8756,9562,10099,10556,12112,11277,8872,7378,3309,357,11911,54185,15324,0.1240358634242201,0.1296487349545566,0.1487595185458118,0.1385040530582166,0.1089658560550233,0.1356423483173667,0.1882092851879145,0.665499877180054,0.4961680176860722,2017
19대대통령선거,전라남도,보성군,20170509,1,38902,29967,29781,186,16666,6,51,14,94,34,48,745,12123,보성군,대한민국,0.559618548739129,0.00020147073637554144,0.0017125012591921024,0.0004700983848762634,0.003156374869883483,0.0011416675061280681,0.0016117658910043315,0.02501594976662973,0.4070716228467815,2017,36560,보성군,39942,19109,20833,2574,3119,2743,2999,4427,6456,6628,6730,4024,478,3588,21785,14569,0.0686745781383005,0.07508387161384,0.110835711782084,0.1616343698362626,0.1659406138901407,0.281207751239297,0.3647538931450603,0.5454158529868309,0.5215812928746683,2017
19대대통령선거,전라남도,순천시,20170509,1,223756,181451,180784,667,122595,33,100,36,879,55,75,4580,52431,순천시,대한민국,0.6781297017435172,0.00018253827772369237,0.0005531462961324011,0.0001991326666076644,0.004862155943003806,0.0003042304628728206,0.0004148597220993008,0.02533410036286397,0.2900201345251792,2017,36030,순천시,266809,132657,134152,27771,32252,32717,33287,45149,45333,26635,17075,8379,1031,39159,189504,38146,0.1226232998137244,0.1247596595317249,0.1692184296631672,0.1699080615721358,0.0998279668227083,0.0992657668969187,0.142971189127803,0.7102608982455614,0.5028016296301849,2017
19대대통령선거,전라남도,신안군,20170509,1,38305,28950,28747,203,14370,16,34,13,30,44,34,726,13480,신안군,대한민국,0.4998782481650259,0.0005565798170243852,0.0011827321111768185,0.0004522211013323129,0.0010435871569207222,0.0015305944968170592,0.0011827321111768185,0.025254809197481475,0.4689184958430445,2017,36680,신안군,35592,18650,16942,2006,1804,2606,3050,4122,6394,6162,6373,2934,276,2588,20410,12594,0.0732187008316475,0.0856934142503933,0.115812542144302,0.1796471117104967,0.1731287929871881,0.2692458979545965,0.3538435603506406,0.5734434704427961,0.4760058440098899,2017
19대대통령선거,전라남도,여수시,20170509,1,235605,185487,184790,697,117586,20,148,26,441,78,60,4329,62102,여수시,대한민국,0.6363223118134098,0.0001082309648790519,0.0008009091401049841,0.00014070025434276747,0.0023864927755830943,0.0004221007630283024,0.0003246928946371557,0.023426592348070784,0.33606796904594405,2017,36020,여수시,271741,139146,132595,26258,27844,29606,35178,43506,46637,34221,21219,8674,1116,36285,188871,46585,0.1089493304286066,0.1294541493554524,0.1601009785052679,0.1716229792339028,0.1259324135849945,0.1141123349071358,0.1714316205504506,0.6950404981213729,0.4879462429298486,2017
19대대통령선거,전라남도,영광군,20170509,1,46884,35919,35715,204,20595,20,57,11,282,39,30,835,13846,영광군,대한민국,0.5766484670306594,0.0005599888002239956,0.0015959680806383872,0.0003079938401231975,0.007895842083158336,0.0010919781604367912,0.0008399832003359933,0.023379532409351814,0.3876802463950721,2017,36640,영광군,49670,24720,24950,4076,4386,4213,4940,6544,8184,7261,7029,3054,353,5548,30153,13969,0.0848198107509563,0.0994564123213207,0.1317495470102677,0.1647674652707872,0.1461848198107509,0.210106704248037,0.2812361586470707,0.6070666398228307,0.502315280853634,2017
19대대통령선거,전라남도,영암군,20170509,1,47164,36402,36171,231,18999,11,47,26,62,32,30,835,16129,영암군,대한민국,0.5252550385668077,0.00030411102817173976,0.0012993834840065246,0.0007188078847695668,0.0017140803406043516,0.0008846866274086976,0.000829393713195654,0.023084791683945702,0.4459097066710901,2017,36610,영암군,57679,30540,27139,4885,5199,6371,7520,8527,9126,6704,6290,3178,319,6587,38187,12905,0.1104561452174968,0.1303767402347475,0.1478354340401186,0.1582204961944555,0.1162294769326791,0.16968047296243,0.2237382756289117,0.662060715338338,0.4705178661211186,2017
19대대통령선거,전라남도,완도군,20170509,1,44989,34886,34593,293,20945,5,32,8,87,31,33,774,12678,완도군,대한민국,0.6054693146012199,0.00014453791229439482,0.0009250426386841268,0.0002312606596710317,0.0025149596739224697,0.0008961350562252479,0.0009539502211430058,0.022374468823172317,0.3664903304136675,2017,36660,완도군,48332,24865,23467,3795,3430,3651,5106,6216,8027,7507,7335,3271,327,5139,28559,14634,0.0755400148969626,0.1056442936356865,0.1286104444260531,0.1660804435984441,0.1553215261110651,0.2262062401721427,0.3027807663659687,0.590892162542415,0.4855375320698502,2017
19대대통령선거,전라남도,장성군,20170509,1,39083,30670,30520,150,17378,13,46,13,47,23,16,868,12116,장성군,대한민국,0.5693971166448231,0.0004259501965923984,0.0015072083879423329,0.0004259501965923984,0.0015399737876802097,0.0007536041939711664,0.0005242463958060288,0.028440366972477066,0.3969855832241153,2017,36650,장성군,41663,20843,20820,3496,3751,3713,4290,5288,6640,5903,5713,2867,309,4658,25217,11788,0.089119842546144,0.1029690612773924,0.126923169238893,0.1593740249141924,0.1416844682332045,0.2133547752202193,0.2829368984470633,0.6052612629911432,0.4997239757098625,2017
19대대통령선거,전라남도,장흥군,20170509,1,34688,27149,26988,161,14821,4,29,12,204,37,26,647,11208,장흥군,대한민국,0.5491700014821402,0.00014821402104639098,0.0010745516525863348,0.00044464206313917296,0.00755891507336594,0.0013709796946791166,0.0009633911368015414,0.023973617904253744,0.41529568697198754,2017,36580,장흥군,36275,17657,18618,2368,2858,2803,3013,4474,6317,5655,5517,3178,322,3397,21138,11740,0.0772708476912474,0.0830599586492074,0.1233356305995865,0.1741419710544452,0.1558924879393521,0.2485733976567884,0.3236388697450034,0.5827153687112336,0.5132460372157133,2017
19대대통령선거,전라남도,진도군,20170509,1,27614,21189,21010,179,10392,11,25,8,57,29,22,521,9945,진도군,대한민국,0.4946216087577344,0.0005235602094240838,0.0011899095668729176,0.00038077106139933366,0.0027129938124702524,0.0013802950975725845,0.0010471204188481676,0.024797715373631603,0.47334602570204665,2017,36670,진도군,29432,14921,14511,2122,2071,2478,2696,3587,4942,4560,4860,2131,211,2866,17071,9495,0.0841940744767599,0.0916009785267735,0.1218741505843979,0.1679124762163631,0.154933405816798,0.2446996466431095,0.3226080456645828,0.5800149497145963,0.4930347920630606,2017
19대대통령선거,전라남도,함평군,20170509,1,30227,23368,23200,168,13539,7,12,10,39,24,22,482,9065,함평군,대한민국,0.5835775862068966,0.0003017241379310345,0.0005172413793103448,0.0004310344827586207,0.0016810344827586207,0.0010344827586206897,0.0009482758620689655,0.020775862068965516,0.3907327586206897,2017,36630,함평군,30948,15284,15664,1883,2506,2375,2427,3573,5170,4940,5251,2683,305,2657,17656,10635,0.0767416311231743,0.0784218689414501,0.1154517254749903,0.1670544138554995,0.1596225927362026,0.2662207573995088,0.3436409461031408,0.5705053638361122,0.5061393304898539,2017
19대대통령선거,전라남도,해남군,20170509,1,63440,48351,48011,340,25901,6,61,14,134,42,36,1172,20645,해남군,대한민국,0.5394805357105663,0.00012497136072983276,0.0012705421674199663,0.0002915998417029431,0.002791027056299598,0.0008747995251088292,0.0007498281643789964,0.024411072462560662,0.43000562371123285,2017,36600,해남군,67123,33016,34107,5407,5031,5048,6338,8460,11589,10500,9825,4822,520,7281,39528,20314,0.0752052202672705,0.0944236699789937,0.1260372748536269,0.17265318892183,0.1564292418396078,0.2259583153315555,0.302638439879028,0.5888890544224782,0.5081268715641435,2017
19대대통령선거,전라남도,화순군,20170509,1,54493,43572,43342,230,25867,11,35,10,170,47,46,782,16374,화순군,대한민국,0.5968114069493794,0.0002537953947672004,0.0008075308015320012,0.00023072308615200036,0.003922292464584007,0.0010843985049144018,0.0010613261962992017,0.01804254533708643,0.3777859812652854,2017,36570,화순군,60566,29246,31320,4688,6385,5893,5598,9104,10213,7555,7396,3809,467,6860,38415,15291,0.0972988145163953,0.0924280949707756,0.1503153584519367,0.1686259617607238,0.124739953109005,0.1927153848693986,0.2524683816002377,0.6342667503219628,0.5171218175213816,2017
19대대통령선거,전라북도,고창군,20170509,1,50734,39188,38899,289,23877,20,30,11,95,47,53,1246,13520,고창군,대한민국,0.6138204066942595,0.0005141520347566775,0.0007712280521350164,0.00028278361911617266,0.002442222165094218,0.0012082572816781922,0.0013625028921051955,0.03203167176534101,0.347566775495514,2017,35570,고창군,54947,27298,27649,3439,5154,4589,4572,6738,9088,8561,8423,4218,483,5083,32630,17234,0.0835168435037399,0.0832074544561122,0.1226272589950315,0.1653957449906273,0.1558046845141682,0.2388483447685952,0.3136476968715307,0.5938449778877828,0.5031939869328625,2017
19대대통령선거,전라북도,군산시,20170509,1,223599,172330,171825,505,109379,28,109,26,147,59,58,6428,55591,군산시,대한민국,0.6365720936999855,0.00016295649643532665,0.0006343663611232358,0.00015131674668994617,0.0008555216062854649,0.000343372617488724,0.00033755274261603374,0.037410155681652846,0.32353266404772296,2017,35020,군산시,273649,139957,133692,27567,29732,33001,37236,45351,42457,31531,19819,8572,1038,37655,192774,43220,0.1205960920741533,0.1360721215864118,0.1657268983259577,0.1551513069662231,0.1152242471194851,0.1075428742659392,0.1579395502998366,0.7044571695858564,0.4885528542037427,2017
19대대통령선거,전라북도,김제시,20170509,1,75356,57886,57557,329,35870,8,37,21,24,34,37,2074,19452,김제시,대한민국,0.6232082978612505,0.00013899265076359088,0.0006428410097816078,0.00036485570825442606,0.0004169779522907726,0.0005907187657452612,0.0006428410097816078,0.036033844710460936,0.33796063033167123,2017,35060,김제시,82358,40867,41491,5870,6462,7755,8062,10524,13478,12759,10980,6322,730,8111,50170,24077,0.094162072901236,0.0978897010612205,0.127783579008718,0.1636513757012069,0.1549211976978557,0.2189465504261881,0.292345613055198,0.6091697224313364,0.503788338716336,2017
19대대통령선거,전라북도,남원시,20170509,1,70169,55371,55085,286,35539,15,44,21,88,44,54,1971,17309,남원시,대한민국,0.6451665607697196,0.0002723064355087592,0.000798765544159027,0.00038122900971226286,0.001597531088318054,0.000798765544159027,0.000980303167831533,0.035781065625850955,0.31422347281474083,2017,35050,남원시,79279,38899,40380,6301,7626,7244,7311,11651,13213,11226,9397,5237,715,9136,49514,20629,0.0913735037021153,0.0922186203155942,0.146961994979755,0.1666645643865336,0.1416011806405227,0.1936073865714754,0.2602076211859382,0.6245537910417639,0.5093404306310625,2017
19대대통령선거,전라북도,무주군,20170509,1,21591,17019,16918,101,10381,4,19,8,23,15,17,1233,5218,무주군,대한민국,0.6136068093155219,0.00023643456673365647,0.0011230641919848681,0.00047286913346731294,0.0013594987587185246,0.0008866296252512117,0.00100484690861804,0.0728809551956496,0.30842889230405485,2017,35530,무주군,23195,11478,11717,1633,1758,1732,1925,3008,4029,3674,3484,1896,239,2255,13619,7321,0.0746712653589135,0.0829920241431343,0.1296831213623625,0.1737012287130847,0.1583962060788963,0.2422504850183229,0.315628368182798,0.5871524035352447,0.5051519724078465,2017
19대대통령선거,전라북도,부안군,20170509,1,49026,36647,36425,222,22482,11,40,10,27,27,29,1517,12282,부안군,대한민국,0.6172134522992451,0.000301990391214825,0.001098146877144818,0.0002745367192862045,0.0007412491420727522,0.0007412491420727522,0.0007961564859299931,0.04164722031571723,0.3371859986273164,2017,35580,부안군,51249,25399,25850,3323,4065,4249,4634,6494,8746,8373,7370,3918,401,4665,30852,15732,0.082908934808484,0.0904212765127124,0.1267146676032703,0.1706569884290425,0.1633787976350758,0.2280824991707155,0.306971843353041,0.6020019902827373,0.5044000858553338,2017
19대대통령선거,전라북도,순창군,20170509,1,25319,20126,20008,118,12309,9,11,7,114,23,22,703,6810,순창군,대한민국,0.6152039184326269,0.0004498200719712115,0.0005497800879648141,0.00034986005597760896,0.005697720911635346,0.0011495401839264295,0.0010995601759296281,0.0351359456217513,0.3403638544582167,2017,35560,순창군,27017,12875,14142,2026,2140,1988,2362,3357,4287,4067,4372,2304,328,2805,15264,8948,0.0735832994040789,0.0874264352074619,0.124255098641596,0.1586778694895806,0.150534848428767,0.2592441795906281,0.3311988747825443,0.5649776066920827,0.5234481992819336,2017
19대대통령선거,전라북도,완주군,20170509,1,78249,62470,62230,240,41057,16,52,13,67,25,35,2127,18838,완주군,대한민국,0.6597621725855697,0.00025711071830306927,0.0008356098344849751,0.00020890245862124378,0.0010766511328941025,0.0004017354973485457,0.0005624296962879641,0.03417965611441427,0.3027157319620762,2017,35510,완주군,98528,50529,47999,9919,10275,12587,12751,13962,14469,11618,8707,4512,627,13212,66277,19039,0.1277504871711594,0.1294149886326729,0.1417059110100682,0.1468516563819422,0.1179157193894121,0.140528580708022,0.193234410522897,0.6726717278337122,0.4871610100682039,2017
19대대통령선거,전라북도,익산시,20170509,1,246727,192208,191478,730,123422,30,136,109,196,51,58,6529,60947,익산시,대한민국,0.6445753559155621,0.00015667596277379125,0.0007102643645745203,0.0005692559980781082,0.0010236162901221028,0.0002663491367154451,0.0003029068613626631,0.03409791203166943,0.31829766343914184,2017,35030,익산시,298932,150085,148847,26484,33733,43077,34997,46205,48725,34363,21958,10731,1328,37309,212699,48924,0.1441030067038657,0.1170734481420523,0.1545669249193796,0.162996935757965,0.1149525644628209,0.1137951105937136,0.1636626389948215,0.7115297124429636,0.4979292949567125,2017
19대대통령선거,전라북도,임실군,20170509,1,25863,20381,20226,155,12893,10,20,11,17,23,32,777,6443,임실군,대한민국,0.6374468505883516,0.0004944131316127757,0.0009888262632255513,0.0005438544447740532,0.0008405023237417186,0.001137150202709384,0.0015821220211608821,0.03841590032631267,0.31855038069811137,2017,35550,임실군,26409,13256,13153,1843,1859,2491,2284,2970,4258,4103,4113,2376,278,2466,15142,8801,0.0943239047294483,0.0864856677647771,0.1124616607974554,0.1612329130220758,0.1553637017683365,0.256238403574539,0.3332576015752205,0.5733651406717407,0.4980499072285963,2017
19대대통령선거,전라북도,장수군,20170509,1,20123,16079,15975,104,10714,6,14,3,18,21,17,725,4457,장수군,대한민국,0.6706729264475744,0.0003755868544600939,0.0008763693270735524,0.00018779342723004695,0.0011267605633802818,0.0013145539906103286,0.0010641627543035994,0.04538341158059468,0.27899843505477306,2017,35540,장수군,21398,10545,10853,1605,1727,1659,1875,2630,3528,3582,3073,1676,209,2207,12509,6682,0.0775306103374147,0.0876250116833348,0.122908683054491,0.1648752219833629,0.167398822319843,0.2317038975605196,0.3122721749696233,0.584587344611646,0.5071969342929246,2017
19대대통령선거,전라북도,전주시덕진구,20170509,1,230552,187921,187421,500,125375,23,154,32,113,34,43,5237,56410,전주시덕진구,대한민국,0.6689485169751522,0.0001227183720074058,0.0008216795343104561,0.00017073860453204284,0.0006029206972537763,0.0001814097673152955,0.00022942999983993257,0.027942439747947134,0.30098014630164177,2017,35012,전주시 덕진구,302381,151177,151204,32441,36555,44571,41482,50786,45105,28868,17634,7379,883,45098,218840,38443,0.1474001342676953,0.1371845453252684,0.167953674338004,0.1491661182415561,0.0954689613434706,0.0856403014739682,0.1271343106875101,0.7237227206735873,0.5000446456622605,2017
19대대통령선거,전라북도,전주시완산구,20170509,1,289452,236383,235656,727,157637,40,300,36,128,44,73,7077,70321,전주시완산구,대한민국,0.6689284380622602,0.00016973894150796077,0.0012730420613097056,0.00015276504735716468,0.0005431646128254745,0.00018671283565875683,0.0003097735682520284,0.03003106222629596,0.2984053026445327,2017,35011,전주시 완산구,354571,173517,181054,32713,44243,49758,44889,59583,57627,37193,21178,9481,1260,46942,259877,47752,0.1403329657529803,0.1266008782444136,0.168042507706496,0.1625259821023152,0.1048957754582298,0.0900214625561594,0.13467542466812,0.7329336014507672,0.5106283367788116,2017
19대대통령선거,전라북도,정읍시,20170509,1,96162,73678,73291,387,45894,17,102,35,116,30,38,2207,24852,정읍시,대한민국,0.6261887544173227,0.00023195208142882481,0.0013917124885729488,0.0004775484029416982,0.0015827318497496283,0.00040932720252145557,0.0005184811231938437,0.030112837865495082,0.3390866545687738,2017,35040,정읍시,109263,54322,54941,8471,10740,10670,10927,15888,17953,14958,12854,6934,784,12218,69502,27543,0.0976542837007953,0.1000064065603177,0.1454106147552236,0.1643099676926315,0.136899041761621,0.1882796555100994,0.2520798440460174,0.6360982217219003,0.5028326148833548,2017
19대대통령선거,전라북도,진안군,20170509,1,22704,18107,18009,98,11918,3,12,2,13,22,23,831,5185,진안군,대한민국,0.6617802210006108,0.0001665833749791771,0.0006663334999167084,0.00011105558331945139,0.000721861291576434,0.0012216114165139653,0.001277139208173691,0.04614359486923205,0.2879115997556777,2017,35520,진안군,22998,11388,11610,1624,1625,1711,1835,2756,3986,3893,3560,1933,210,2203,13219,7576,0.0743977737194538,0.0797895469171232,0.1198365075223932,0.17331941907992,0.1692755891816679,0.247978085050874,0.3294199495608313,0.574789112096704,0.5048265066527524,2017
19대대통령선거,제주특별자치도,서귀포시,20170509,1,142708,101296,100632,664,43776,173,119,40,78,83,111,20151,36101,서귀포시,대한민국,0.4350107321726687,0.0017191350663804754,0.0011825264329437951,0.0003974878766197631,0.000775101359408538,0.0008247873439860084,0.0011030288576198426,0.20024445504412117,0.3587427458462517,2017,39020,서귀포시,169358,86155,83203,17190,16621,18125,21804,28194,27856,19881,13958,6572,900,23498,115771,30089,0.1070218117833229,0.1287450253309557,0.1664757495955313,0.1644799773261375,0.1173903801414754,0.1265366856009164,0.1776650645378429,0.6835874301774938,0.4912847341135346,2017
19대대통령선거,제주특별자치도,제주시,20170509,1,375292,273163,271780,1383,125717,96,193,73,257,153,178,48297,96816,제주시,대한민국,0.46256898962396054,0.0003532268746780484,0.0007101331959673265,0.000268599602619766,0.0009456177790860255,0.0005629553315181396,0.0006549414967988815,0.17770623298255941,0.3562293031128118,2017,39010,제주시,472399,237860,234539,53802,54923,59313,68071,83022,72441,43875,27290,12925,2073,74250,337811,60338,0.1255569973687497,0.1440964100262701,0.1757455032715988,0.1533470646635577,0.0928769959292886,0.0895175476662736,0.1277267733420265,0.7150967720084082,0.4964849629232915,2017
19대대통령선거,충청남도,계룡시,20170509,1,32653,26530,26422,108,9566,6,20,6,35,6,13,6295,10475,계룡시,대한민국,0.36204677919915224,0.00022708349103020212,0.0007569449701006737,0.00022708349103020212,0.0013246536976761788,0.00022708349103020212,0.0004920142305654379,0.23824842933918705,0.39644992809022783,2017,34070,계룡시,41858,20761,21097,5372,6175,4013,5412,9020,6290,3465,1718,913,136,7892,29894,4072,0.0958717568923503,0.1292942806631946,0.215490467771991,0.150269960342109,0.0827798748148502,0.0661044483730708,0.0972812843423001,0.7141765015050886,0.5040135696879927,2017
19대대통령선거,충청남도,공주시,20170509,1,93453,67018,66618,400,25036,24,58,31,77,57,82,18531,22722,공주시,대한민국,0.37581434447146417,0.00036026299198414844,0.000870635563961692,0.00046533969797952503,0.0011558437659491428,0.0008556246059623525,0.0012308985559458404,0.2781680626857606,0.34107898766099254,2017,34020,공주시,111017,55006,56011,7484,11468,15454,10991,14615,18794,15318,10786,6186,722,10669,75906,24442,0.1392039057081348,0.0990028554185395,0.1316465045893872,0.1692893881117306,0.1379788681012818,0.1593809957033607,0.2201644793139789,0.6837331219542953,0.5045263338047327,2017
19대대통령선거,충청남도,금산군,20170509,1,46637,32968,32717,251,11182,19,37,15,49,50,45,9455,11865,금산군,대한민국,0.34177950301066723,0.00058073784271174,0.0011309105358070727,0.0004584772442461106,0.0014976923312039613,0.0015282574808203686,0.0013754317327383317,0.2889934896231317,0.3626555001986735,2017,34510,금산군,55672,28047,27625,3677,5270,7375,4918,6851,9089,8320,6713,3501,394,5208,36079,14385,0.1324723379795947,0.0883388417876131,0.1230600661014513,0.1632598074435982,0.1494467595918953,0.1905446184796666,0.2583884178761316,0.6480636585716338,0.4962099439574651,2017
19대대통령선거,충청남도,논산시,20170509,1,103557,72434,72037,397,28265,21,87,31,117,57,62,17030,26367,논산시,대한민국,0.3923678109860211,0.0002915168593917015,0.0012077127031941918,0.0004303344114829879,0.0016241653594680511,0.0007912600469203326,0.0008606688229659758,0.23640629121146078,0.3660202395990949,2017,34060,논산시,123774,62102,61672,9418,12693,14985,13150,16832,20171,16933,12487,7200,895,13298,82486,27990,0.1210674293470357,0.1062420217493173,0.1359897878391261,0.1629663741981353,0.1368057912000904,0.1662869423303763,0.2261379611226913,0.6664242894307366,0.4982629631425017,2017
19대대통령선거,충청남도,당진시,20170509,1,134586,95417,94984,433,37191,24,177,31,221,45,68,23704,33523,당진시,대한민국,0.39155015581571634,0.000252674134591089,0.0018634717426092816,0.00032637075718015666,0.002326707656026278,0.00047376400235829195,0.0007159100480080856,0.2495578202644656,0.3529331255790449,2017,34080,당진시,168508,89656,78852,19541,16061,18789,27151,26526,24738,17758,12254,6569,795,25353,115621,27534,0.1115021245282123,0.1611258812637975,0.1574168585467752,0.1468060863579177,0.1053837206542122,0.1164217722600707,0.1633987703847888,0.6861454649037434,0.4679421748522325,2017
19대대통령선거,충청남도,보령시,20170509,1,87274,62825,62387,438,20674,16,68,27,65,51,64,19527,21895,보령시,대한민국,0.3313831407184189,0.0002564636863449116,0.0010899706669658742,0.00043278247070703833,0.0010418837257762034,0.0008174780002244057,0.0010258547453796463,0.31299790020356805,0.350954525782615,2017,34030,보령시,100922,52077,48845,8096,8955,10034,11722,15020,17091,14763,10326,5095,608,11393,66781,22748,0.0994233170171023,0.1161491052495987,0.1488278076138007,0.1693486058540259,0.1462812865381185,0.1588256277124908,0.2254017954459879,0.6617090426269793,0.4839876340143873,2017
19대대통령선거,충청남도,부여군,20170509,1,61041,43288,43002,286,13492,18,33,23,76,66,90,13813,15391,부여군,대한민국,0.31375284870471143,0.0004185851820845542,0.0007674061671550161,0.0005348588437747081,0.00176735965769034,0.0015348123343100321,0.002092925910422771,0.3212176177852193,0.35791358541463186,2017,34530,부여군,67028,33215,33813,3937,5374,6190,5550,8094,11585,11485,9052,5460,721,5828,40690,20510,0.0923494658948499,0.0828012174016828,0.1207555051620218,0.1728382168645939,0.1713463030375365,0.227263233275646,0.3059915259294623,0.6070597362296354,0.5044608223429015,2017
19대대통령선거,충청남도,서산시,20170509,1,137217,98859,98375,484,37376,25,93,28,137,64,78,24668,35906,서산시,대한민국,0.37993392630241424,0.00025412960609911054,0.0009453621346886912,0.0002846251588310038,0.0013926302414231258,0.000650571791613723,0.0007928843710292249,0.25075476493011434,0.36499110546378655,2017,34050,서산시,171364,88802,82562,18521,17693,18989,24463,28279,26783,18302,12541,6703,875,25038,117846,28480,0.1108109054410494,0.1427546042342615,0.1650229919936509,0.1562930370439532,0.1068018953805933,0.1174050559043906,0.1661959338017319,0.6876940314185009,0.4817931420835181,2017
19대대통령선거,충청남도,서천군,20170509,1,48975,34889,34678,211,12554,9,47,10,44,37,43,9928,12006,서천군,대한민국,0.3620162639137205,0.0002595305380933156,0.001355326143376204,0.0002883672645481285,0.0012688159640117653,0.0010669588788280754,0.0012399792375569526,0.286291020243382,0.34621373781648307,2017,34540,서천군,53321,26510,26811,3089,3944,4306,4526,6592,8893,9266,7850,4597,564,4460,31405,17456,0.0807561748654376,0.0848821289923294,0.1236285891112319,0.1667823184111325,0.1737776860899083,0.2440126779317717,0.3273757056319273,0.5889799516138107,0.5028225277095328,2017
19대대통령선거,충청남도,아산시,20170509,1,236407,173795,173030,765,73461,41,132,54,105,64,85,36944,62144,아산시,대한민국,0.42455643530023696,0.000236953129515113,0.0007628734901462174,0.00031208460960527074,0.000606831185343582,0.00036987805582846904,0.0004912442928971855,0.21351210772698376,0.3591515922094434,2017,34040,아산시,338473,177501,160972,42468,37811,48817,62149,56204,43224,25997,16414,8116,912,55344,246782,36347,0.1442271613983981,0.1836158275549305,0.1660516496145926,0.1277029482410709,0.0768067172270757,0.07516700002659,0.1073852271820795,0.7291039462527291,0.4755829859397943,2017
19대대통령선거,충청남도,예산군,20170509,1,70494,49668,49387,281,13880,16,38,16,35,31,68,18969,16334,예산군,대한민국,0.28104561929252636,0.00032397189543807074,0.000769433251665418,0.00032397189543807074,0.0007086885212707798,0.0006276955474112621,0.0013768805556118007,0.3840889302852977,0.33073480875534045,2017,34570,예산군,78678,39916,38762,4732,6356,7873,7375,10599,13857,12675,9802,5449,543,6781,50236,21661,0.1000660921731615,0.0937364955896184,0.1347136429497445,0.1761229314420803,0.1610996720811408,0.2007422659447367,0.2753120313175221,0.6385012328732301,0.4926663107857342,2017
19대대통령선거,충청남도,천안시동남구,20170509,1,207268,151132,150444,688,59695,35,130,57,84,66,82,35058,55237,천안시동남구,대한민국,0.39679216186753874,0.00023264470500651406,0.0008641089043099093,0.00037887851958203714,0.0005583472920156337,0.0004387014437265694,0.0005450533088724043,0.2330302305176677,0.3671598734412805,2017,34011,천안시 동남구,273839,139765,134074,26441,32447,44016,39066,45525,42535,24883,13933,6748,926,36521,205568,31750,0.1607367832923725,0.1426604683774042,0.1662473205058446,0.1553284959410456,0.0908672614200314,0.0789040275490342,0.1159440401111602,0.7506892736242828,0.4896088577594864,2017
19대대통령선거,충청남도,천안시서북구,20170509,1,285471,212329,211539,790,94202,40,125,60,119,89,73,37527,79304,천안시서북구,대한민국,0.4453174119193151,0.0001890904277698202,0.0005909075867806882,0.00028363564165473034,0.0005625440226152151,0.00042072620178785,0.0003450900306799219,0.17739991207295108,0.37489068209644555,2017,34012,천안시 서북구,382455,196711,185744,46424,42869,60298,72996,67368,52696,24712,12818,5642,706,61801,291906,28748,0.1576603783451648,0.1908616700003922,0.1761462132799937,0.1377835300885071,0.0646141376109607,0.0501130851995659,0.0751670131126537,0.7632427344393458,0.4856623655070531,2017
19대대통령선거,충청남도,청양군,20170509,1,28528,20667,20532,135,6185,7,22,11,15,24,48,7132,7088,청양군,대한민국,0.3012370933177479,0.00034093122930060394,0.0010714981492304695,0.0005357490746152347,0.0007305669199298656,0.0011689070718877848,0.0023378141437755697,0.3473602181959867,0.3452172218975258,2017,34550,청양군,31299,15692,15607,1705,2471,2972,2452,3574,5390,5339,4429,2858,276,2418,18844,10037,0.0949551103869133,0.0783411610594587,0.1141889517236972,0.1722099747595769,0.1705805297293843,0.2416371130068053,0.3206811719224256,0.6020639637049107,0.4986421291415061,2017
19대대통령선거,충청남도,태안군,20170509,1,55379,38740,38469,271,12881,5,31,12,42,39,47,12705,12707,태안군,대한민국,0.3348410408380774,0.000129974784891731,0.0008058436663287322,0.0003119394837401544,0.0010917881930905405,0.001013803322155502,0.0012217629779822715,0.3302659284098885,0.33031791832384516,2017,34580,태안군,61170,31411,29759,4118,4800,5660,6328,8010,10615,10254,7738,3623,449,5836,38662,16672,0.0925290174922347,0.1034494033022723,0.1309465424227562,0.173532777505313,0.167631191760667,0.1930684976295569,0.2725519045283636,0.6320418505803499,0.4864966486839954,2017
19대대통령선거,충청남도,홍성군,20170509,1,82972,59645,59325,320,21021,18,50,17,39,57,77,16743,21303,홍성군,대한민국,0.3543362831858407,0.0003034134007585335,0.0008428150021070375,0.00028655710071639275,0.0006573957016434893,0.0009608091024020227,0.0012979351032448377,0.28222503160556256,0.3590897597977244,2017,34560,홍성군,103048,51438,51610,9776,11116,12006,12384,14923,15707,12826,9381,5294,608,13423,68439,21186,0.1165088114276841,0.1201770048909246,0.1448160080739073,0.1524241130347022,0.124466268146883,0.1483095256579458,0.2055935098206661,0.6641468053722537,0.5008345625339647,2017
19대대통령선거,충청북도,괴산군,20170509,1,34611,25824,25673,151,7876,14,31,19,30,39,55,9464,8145,괴산군,대한민국,0.3067814435399057,0.0005453199859774861,0.0012074942546644333,0.0007400771238265882,0.001168542827094613,0.0015191056752229969,0.002142328516340124,0.3686363105207806,0.31725937755618744,2017,33560,괴산군,38575,19824,18751,1732,3040,4719,2872,4076,7212,6764,5377,2681,293,2520,24775,11280,0.1223331173039533,0.0744523655217109,0.1056642903434867,0.1869604666234608,0.175346727154893,0.2164873622812702,0.2924173687621516,0.6422553467271549,0.4860920285158782,2017
19대대통령선거,충청북도,단양군,20170509,1,26699,19905,19780,125,5708,10,18,9,11,49,43,7945,5987,단양군,대한민국,0.2885743174924166,0.0005055611729019212,0.000910010111223458,0.000455005055611729,0.0005561172901921132,0.0024772497472194135,0.002173913043478261,0.4016683518705763,0.3026794742163802,2017,33580,단양군,28411,14228,14183,1639,2186,2176,2350,3734,5742,5123,3799,1656,199,2445,18104,7862,0.0765900531484284,0.0827144415895251,0.1314279680405476,0.202104818556193,0.1803174826651649,0.1990074267009257,0.2767238041603604,0.6372179789518144,0.4992080532188237,2017
19대대통령선거,충청북도,보은군,20170509,1,30016,22341,22182,159,7268,14,32,14,22,35,65,7625,7107,보은군,대한민국,0.3276530520241637,0.0006311423676855107,0.0014426111261383104,0.0006311423676855107,0.0009917951492200883,0.001577855919213777,0.002930303849968443,0.34374718240014424,0.32039491479578036,2017,33520,보은군,32253,16018,16235,2010,2382,2500,2584,3608,6003,5628,4629,2742,355,2890,19199,10164,0.0775121694105974,0.0801165783027935,0.1118655628933742,0.1861222211887266,0.174495395777137,0.2395436083465104,0.315133475955725,0.5952624562056242,0.50336402815242,2017
19대대통령선거,충청북도,영동군,20170509,1,43884,32554,32344,210,10432,18,35,17,50,29,70,11000,10693,영동군,대한민국,0.3225327726935444,0.0005565174375463765,0.0010821172396735098,0.0005255998021271333,0.0015458817709621568,0.000896611427158051,0.0021642344793470197,0.3400939896116745,0.33060227553796684,2017,33540,영동군,49034,24410,24624,3054,4161,5564,4055,6042,8584,7803,6352,3304,443,4322,31081,13631,0.1134722845372598,0.0826977199494228,0.1232206224252559,0.1750622017375698,0.1591344781172247,0.2059591303993147,0.2779907819064323,0.6338662968552433,0.5021821593180242,2017
19대대통령선거,충청북도,옥천군,20170509,1,44730,33175,32936,239,11181,23,53,20,51,52,79,10488,10989,옥천군,대한민국,0.33947656060238035,0.0006983240223463687,0.001609181442798154,0.0006072382803011902,0.001548457614768035,0.0015788195287830945,0.0023985912071897014,0.31843575418994413,0.33364707311148895,2017,33530,옥천군,49898,24987,24911,3478,4185,4467,4702,6648,8800,8284,5958,3329,409,4939,31571,13388,0.089522626157361,0.094232233756864,0.1332317928574291,0.1763597739388352,0.1660186781033308,0.1943164054671529,0.2683073469878552,0.6327107298889735,0.4992384464307187,2017
19대대통령선거,충청북도,음성군,20170509,1,81508,56788,56413,375,20723,31,57,27,59,44,72,15256,20144,음성군,대한민국,0.36734440643114175,0.0005495187279527769,0.0010104054030099445,0.00047861308563628953,0.0010458582241681881,0.0007799620654813607,0.001276301561696772,0.2704341197950827,0.3570808147058302,2017,33570,음성군,104509,57136,47373,8763,9091,13619,15059,16676,17978,11986,7832,3891,453,11858,75631,17020,0.130314135624683,0.1440928532470887,0.1595652049105818,0.1720234620941737,0.1146886870987187,0.1165067123405639,0.1628567874537121,0.7236793003473385,0.453291104115435,2017
19대대통령선거,충청북도,제천시,20170509,1,113835,84700,84209,491,28517,19,76,40,64,74,106,27076,28237,제천시,대한민국,0.33864551294992223,0.00022562908952724768,0.0009025163581089907,0.0004750086095310478,0.0007600137752496764,0.0008787659276324383,0.0012587728152572766,0.32153332779156624,0.3353204526832049,2017,33030,제천시,136929,68951,67978,10999,14436,17801,14505,20243,24165,18282,11938,5043,598,15490,96364,25075,0.1300016797026196,0.1059308108581819,0.1478357396899123,0.1764783208816248,0.133514449094056,0.1283804015219566,0.1831241008113694,0.7037515792856152,0.4964470638067904,2017
19대대통령선거,충청북도,증평군,20170509,1,30172,21786,21648,138,8109,8,19,17,17,13,19,5625,7821,증평군,대한민국,0.3745842572062084,0.0003695491500369549,0.000877679231337768,0.0007852919438285292,0.0007852919438285292,0.0006005173688100518,0.000877679231337768,0.2598392461197339,0.36128048780487804,2017,33590,증평군,37625,19200,18425,4343,3625,4937,5560,5800,5750,3984,2598,1217,147,5674,26392,5559,0.1312159468438538,0.1477740863787375,0.1541528239202657,0.1528239202657807,0.1058870431893687,0.1053023255813953,0.1477475083056478,0.7014485049833887,0.4897009966777408,2017
19대대통령선거,충청북도,진천군,20170509,1,57571,41255,41031,224,15844,12,36,15,31,21,30,10318,14724,진천군,대한민국,0.38614705954034756,0.0002924617971777437,0.000877385391533231,0.0003655772464721796,0.0007555263093758377,0.0005118081450610514,0.0007311544929443592,0.2514684019399966,0.3588506251370915,2017,33550,진천군,79186,42564,36622,7935,7670,9471,12673,12770,12724,8201,5380,2796,316,10561,56852,11773,0.1196044755386053,0.1600409163235925,0.1612658803323819,0.1606849695653272,0.1035662869699189,0.1072411789962872,0.1486752708812163,0.7179551940999672,0.4624807415452226,2017
19대대통령선거,충청북도,청주시상당구,20170509,1,140080,106316,105849,467,42308,27,60,44,95,63,87,27240,35925,청주시상당구,대한민국,0.39970146151593305,0.00025508035031034776,0.0005668452229118839,0.0004156864968020482,0.0008975049362771495,0.0005951874840574781,0.0008219255732222317,0.2573477312019953,0.3393985772184905,2017,33041,청주시 상당구,166663,83201,83462,15715,19327,20913,20392,28384,28787,18148,10985,5083,621,22377,120357,23929,0.1254807605767327,0.1223546918032196,0.1703077467704289,0.1727257999675993,0.1088903955887029,0.1001362029964659,0.1435771586974913,0.7221578874735244,0.500783017226379,2017
19대대통령선거,충청북도,청주시서원구,20170509,1,174200,134980,134448,532,56521,30,73,48,103,56,50,30628,46939,청주시서원구,대한민국,0.4203930143996192,0.00022313459478757588,0.0005429608473164346,0.0003570153516601214,0.0007660954421040105,0.00041651791027014164,0.00037189099131262643,0.22780554563846245,0.34912382482446747,2017,33042,청주시 서원구,221148,109810,111338,21855,26476,34912,29707,37211,35063,20866,11458,5080,700,30628,165132,25388,0.1578671297049939,0.134330855354785,0.1682628827753359,0.1585499303633765,0.0943531028994157,0.0779477996635737,0.1148009477815761,0.7467035650333713,0.5034547000198962,2017
19대대통령선거,충청북도,청주시청원구,20170509,1,150781,115327,114876,451,50487,29,73,34,95,63,67,24140,39888,청주시청원구,대한민국,0.4394912775514468,0.0002524461158118319,0.0006354678087677147,0.0002959713081931822,0.0008269786552456562,0.0005484174240050141,0.0005832375779100944,0.21013962881715936,0.34722657474146035,2017,33044,청주시 청원구,196192,100077,96115,25188,20937,27565,35380,31481,26527,16520,9797,4436,521,32412,142561,21219,0.1405001223291469,0.1803335508073723,0.1604601614744739,0.1352093867232099,0.0842032294894797,0.0752018430924808,0.1081542570543141,0.7266402299787963,0.4899027483281683,2017
19대대통령선거,충청북도,청주시흥덕구,20170509,1,202801,153064,152385,679,66281,40,74,73,123,60,71,31167,54496,청주시흥덕구,대한민국,0.43495750894116875,0.00026249302752895626,0.00048561210092856906,0.00047904977524034517,0.0008071660596515405,0.0003937395412934344,0.0004659251238638974,0.2045280047248745,0.35762050070545,2017,33043,청주시 흥덕구,258308,130000,128308,27632,28602,40592,41303,44523,40009,21728,10994,4904,588,37715,195738,24855,0.1571457330009136,0.1598982609907552,0.1723639995664091,0.1548887374761912,0.0841166359539774,0.0638230329683943,0.0962223392229431,0.7577697941991731,0.496724840113353,2017
19대대통령선거,충청북도,충주시,20170509,1,172800,127426,126785,641,43551,33,85,44,89,88,129,38683,44083,충주시,대한민국,0.34350278029735376,0.0002602831565248255,0.0006704263122609142,0.00034704420869976734,0.0007019757857790748,0.0006940884173995347,0.0010174705209606814,0.30510707102575224,0.34769886027526914,2017,33020,충주시,212274,108092,104182,17534,22143,29004,25078,33053,36600,24845,17221,7743,904,24641,151748,35885,0.1366347268153424,0.1181397627594524,0.1557091306518933,0.1724186664405438,0.1170421248009647,0.1218613678547537,0.1690503782846698,0.7148685189896078,0.4907902051122605,2017
