election_name,sido,sigungu_norm,sg_id,sg_typecode,total_voters,total_voted,valid_votes,invalid_votes,party_더불어민주당,party_대한애국당,party_한국국민당,party_민중당,party_녹색당,party_국민의힘,party_기타,sigungu_elec,sgg_name,ratio_더불어민주당,ratio_대한애국당,ratio_한국국민당,ratio_민중당,ratio_녹색당,ratio_국민의힘,ratio_기타,year,adm_cd,sigungu_pop,total_pop,male_pop,female_pop,age_0_9,age_10_19,age_20_29,age_30_39,age_40_49,age_50_59,age_60_69,age_70_79,age_80_89,age_90plus,age_0_14,age_15_64,age_65plus,ratio_20s,ratio_30s,ratio_40s,ratio_50s,ratio_60s,ratio_70plus,ratio_elderly,ratio_working,ratio_female,pop_year
7회지방선거_기초의원비례,강원도,강릉시,20180613,9,179767,108739,105600,3139,53243,0.0,0.0,0.0,0.0,42445.0,9912.0,강릉시,강릉시,0.5041950757575757,0.0,0.0,0.0,0.0,0.40194128787878786,0.09386363636363636,2017,32030,강릉시,215914,108572,107342,16650,23479,29629,23401,33518,36281,27096,18615,7785,1229,24035,152904,38975,0.1372259325472178,0.1083811147030762,0.1552377335420584,0.1680344952156877,0.1254944098113137,0.1279629852626508,0.1805116852079994,0.7081708457997166,0.4971516437099956,2017
7회지방선거_기초의원비례,강원도,고성군,20180613,9,25496,18358,17473,885,9348,0.0,0.0,0.0,0.0,8125.0,0.0,고성군,고성군,0.5349968522863847,0.0,0.0,0.0,0.0,0.4650031477136153,0.0,2017,32600,고성군,28621,15422,13199,1547,2342,5140,2395,3272,4760,4122,3498,1431,269,2199,19516,6906,0.1795884141015338,0.0836798155200726,0.1143216519338947,0.1663114496348834,0.144020125082981,0.1816148981517067,0.2412913594912826,0.6818769435030223,0.4611648789350477,2017
7회지방선거_기초의원비례,강원도,동해시,20180613,9,75747,46914,45040,1874,26179,0.0,0.0,0.0,0.0,18861.0,0.0,동해시,동해시,0.5812388987566608,0.0,0.0,0.0,0.0,0.41876110124333926,0.0,2017,32040,동해시,89151,45347,43804,8514,9156,8704,10841,15266,15392,11409,7448,2940,362,12003,61710,15438,0.0976321073235297,0.1216026741147042,0.1712375632354096,0.172650895671389,0.1279738870007066,0.1205819340220524,0.1731668741797624,0.6921963859070566,0.4913461430606499,2017
7회지방선거_기초의원비례,강원도,삼척시,20180613,9,59117,41029,39111,1918,22087,0.0,0.0,0.0,0.0,17024.0,0.0,삼척시,삼척시,0.5647260361535118,0.0,0.0,0.0,0.0,0.4352739638464882,0.0,2017,32070,삼척시,67860,35066,32794,4811,6569,9511,6707,9462,11475,9326,6851,3236,388,6728,46603,14529,0.1401562039493074,0.0988358384910109,0.1394341290893015,0.1690981432360742,0.1374300029472443,0.1543619216033009,0.2141025641025641,0.6867521367521368,0.4832596522251695,2017
7회지방선거_기초의원비례,강원도,속초시,20180613,9,68234,40493,39273,1220,23775,0.0,0.0,0.0,0.0,15498.0,0.0,속초시,속초시,0.6053777404323581,0.0,0.0,0.0,0.0,0.3946222595676419,0.0,2017,32060,속초시,78618,38962,39656,6875,7890,7663,9502,13395,14774,9840,6335,2609,419,9861,55588,13169,0.0974713170011956,0.1208629067134752,0.1703808288178279,0.1879213411686891,0.1251621766007784,0.1190948637716553,0.1675061690706962,0.7070645399272432,0.5044137474878526,2017
7회지방선거_기초의원비례,강원도,양구군,20180613,9,19596,14384,13498,886,8085,0.0,0.0,0.0,0.0,5413.0,0.0,양구군,양구군,0.5989776263150096,0.0,0.0,0.0,0.0,0.4010223736849904,0.0,2017,32580,양구군,22355,11971,10384,2133,2162,3409,2720,2789,3636,2557,2100,889,139,2860,15414,4081,0.1524938492507269,0.1216730038022813,0.1247595616193245,0.162648177141579,0.1143815701185417,0.1399239543726236,0.1825542384254082,0.6895101766942519,0.4645045851040035,2017
7회지방선거_기초의원비례,강원도,양양군,20180613,9,24088,17861,17080,781,8952,0.0,0.0,0.0,0.0,8128.0,0.0,양양군,양양군,0.5241217798594848,0.0,0.0,0.0,0.0,0.47587822014051523,0.0,2017,32610,양양군,25556,12939,12617,1576,1823,2090,2394,3468,4806,4322,3593,1391,266,2264,16203,7089,0.0817811864141493,0.0936766317107528,0.1357019877915166,0.1880575989982782,0.1691187979339489,0.2054312098920018,0.2773908279856003,0.6340194083581155,0.4937001095633119,2017
7회지방선거_기초의원비례,강원도,영월군,20180613,9,35214,23980,23261,719,12565,0.0,0.0,0.0,0.0,10696.0,0.0,영월군,영월군,0.5401745410773398,0.0,0.0,0.0,0.0,0.45982545892266025,0.0,2017,32530,영월군,36934,19006,17928,2159,3081,3124,3084,5078,7224,6346,4837,1974,249,3211,23904,9819,0.0845833107705637,0.083500297828559,0.1374884929874912,0.195592137326041,0.1718200032490388,0.1911517842638219,0.2658526019385931,0.647208534141983,0.4854064006064872,2017
7회지방선거_기초의원비례,강원도,원주시,20180613,9,278991,159183,155438,3745,91794,0.0,0.0,0.0,0.0,47665.0,15979.0,원주시,원주시,0.590550573218904,0.0,0.0,0.0,0.0,0.3066495966237342,0.10279983015736177,2017,32020,원주시,341338,170450,170888,33238,39472,46585,45510,57887,57114,33211,21158,9458,1235,46678,250009,44651,0.1364776262824531,0.1333282552777598,0.169588501719703,0.1673238842437701,0.0972965213366223,0.0933122008097545,0.1308116881214514,0.7324382283835963,0.5006415927907235,2017
7회지방선거_기초의원비례,강원도,인제군,20180613,9,27243,19632,18775,857,11244,0.0,0.0,0.0,0.0,7531.0,0.0,인제군,인제군,0.5988814913448735,0.0,0.0,0.0,0.0,0.4011185086551265,0.0,2017,32590,인제군,30524,16456,14068,3098,2265,3863,4176,4046,5308,3842,2835,1152,181,4075,20815,5634,0.1265561525357096,0.1368103787183855,0.1325514349364434,0.1738959507272965,0.1258681693093958,0.136548289870266,0.1845760712881667,0.6819224217009566,0.4608832394181628,2017
7회지방선거_기초의원비례,강원도,정선군,20180613,9,33293,23088,22056,1032,12937,0.0,0.0,0.0,0.0,9119.0,0.0,정선군,정선군,0.5865524120420748,0.0,0.0,0.0,0.0,0.4134475879579253,0.0,2017,32550,정선군,36002,18776,17226,2438,2637,2841,4042,5243,7041,5869,4271,1620,250,3410,23938,8654,0.0789122826509638,0.1122715404699739,0.1456307982889839,0.1955724681962113,0.1630187211821565,0.170573857007944,0.240375534692517,0.6649075051386034,0.4784734181434364,2017
7회지방선거_기초의원비례,강원도,철원군,20180613,9,39354,26230,24692,1538,14644,0.0,0.0,0.0,0.0,10048.0,0.0,철원군,철원군,0.593066580268913,0.0,0.0,0.0,0.0,0.406933419731087,0.0,2017,32560,철원군,44770,23792,20978,3999,4057,6445,5192,6128,7236,5452,4701,1676,252,5551,30374,8845,0.1439580075943712,0.1159705159705159,0.1368773732410096,0.1616260888988161,0.1217779763234308,0.1480679026133571,0.1975653339289703,0.6784453875362966,0.4685727049363413,2017
7회지방선거_기초의원비례,강원도,춘천시,20180613,9,231430,144450,139925,4525,81804,0.0,0.0,0.0,0.0,42781.0,15340.0,춘천시,춘천시,0.5846274790066107,0.0,0.0,0.0,0.0,0.30574236197963195,0.10963015901375738,2017,32010,춘천시,283742,139217,144525,25622,32168,41216,35807,44063,45575,29936,21220,9254,1389,35828,204680,43234,0.1452587209507228,0.126195628423004,0.1552924840171705,0.1606212686172649,0.1055042961563674,0.1122956770587364,0.1523708157410605,0.7213595449387119,0.509353567677679,2017
7회지방선거_기초의원비례,강원도,태백시,20180613,9,38386,25314,24304,1010,11869,0.0,0.0,0.0,0.0,9089.0,3346.0,태백시,태백시,0.4883558262014483,0.0,0.0,0.0,0.0,0.37397136273864384,0.13767281105990783,2017,32050,태백시,44733,22638,22095,3800,4199,3676,5086,7186,8026,6922,4607,1509,150,5260,30182,9291,0.0821764692732434,0.1136968233742427,0.1606420316097735,0.1794201149039858,0.1547403482887354,0.1400755594303981,0.207699014150627,0.6747144166499005,0.4939306552209778,2017
7회지방선거_기초의원비례,강원도,평창군,20180613,9,37506,25477,24412,1065,13858,0.0,0.0,0.0,0.0,10554.0,0.0,평창군,평창군,0.5676716368998853,0.0,0.0,0.0,0.0,0.4323283631001147,0.0,2017,32540,평창군,40264,20670,19594,2639,3055,3338,3860,5890,8045,6660,4840,1919,304,3820,26639,9805,0.0829028412477647,0.0958672759785416,0.146284522153785,0.1998062785614941,0.1654083051857739,0.1754172461752434,0.2435177826346115,0.6616083846612358,0.4866381879594675,2017
7회지방선거_기초의원비례,강원도,홍천군,20180613,9,60386,39953,38231,1722,22620,0.0,0.0,0.0,0.0,15611.0,0.0,홍천군,홍천군,0.5916664486934686,0.0,0.0,0.0,0.0,0.4083335513065314,0.0,2017,32510,홍천군,67168,34331,32837,4970,5851,6660,6852,9041,12818,10290,7310,3413,473,7022,44892,15254,0.0991543592186755,0.1020128632682229,0.1346027870414483,0.1908349213911386,0.1531979514054311,0.1666865173892329,0.2271021915197713,0.6683539780848022,0.4888786326822296,2017
7회지방선거_기초의원비례,강원도,횡성군,20180613,9,40565,27940,26527,1413,14668,0.0,0.0,0.0,0.0,11859.0,0.0,횡성군,횡성군,0.552946054962868,0.0,0.0,0.0,0.0,0.447053945037132,0.0,2017,32520,횡성군,43211,21839,21372,2701,3679,3924,3779,5308,8482,7247,5431,2573,376,3840,27985,11386,0.0908102103631019,0.0874545833236907,0.1228390918978963,0.1962926106778366,0.1677119252042304,0.1939321006225266,0.2634977204878387,0.6476360186063734,0.4945962833537756,2017
7회지방선거_기초의원비례,경기도,가평군,20180613,9,54583,35314,33892,1422,18066,0.0,0.0,0.0,0.0,15826.0,0.0,가평군,가평군,0.5330461465832644,0.0,0.0,0.0,0.0,0.4669538534167355,0.0,2017,31570,가평군,59548,30169,29379,4382,5234,5952,6206,8233,11153,9156,6359,2932,372,6114,40172,13262,0.0999529791092899,0.1042184456236985,0.138258211862699,0.1872942836031436,0.1537583126217505,0.162272452475314,0.2227110902129374,0.6746154362866931,0.4933666957748371,2017
7회지방선거_기초의원비례,경기도,고양시덕양구,20180613,9,398866,232048,225685,6363,106499,0.0,0.0,1423.0,0.0,51799.0,65964.0,고양시덕양구,고양시,0.47189223918293194,0.0,0.0,0.006305248465781952,0.0,0.2295190198728316,0.2922834924784545,2017,31101,고양시 덕양구,433606,214769,218837,43270,42481,56597,62650,77023,74378,41930,26880,10915,1366,58513,319224,55869,0.1305263303552072,0.1444860080349441,0.1776336120810136,0.1715336042397937,0.0967006914110967,0.0903147096673016,0.1288473867981531,0.7362075248036236,0.5046908944986923,2017
7회지방선거_기초의원비례,경기도,고양시일산동구,20180613,9,234054,132686,130156,2530,65040,0.0,0.0,759.0,0.0,31305.0,33052.0,고양시일산동구,고양시,0.4997080426565045,0.0,0.0,0.00583146378192323,0.0,0.24051906942438306,0.25394142413718923,2017,31103,고양시 일산동구,284692,138851,145841,25191,31241,39668,39308,54794,50589,24020,14275,7191,1009,36294,217137,31261,0.1393365461621682,0.1380720216936197,0.1924676492490129,0.1776973009427732,0.0843718825959282,0.0789449650850744,0.1098063872535933,0.7627084709089121,0.5122764250488246,2017
7회지방선거_기초의원비례,경기도,고양시일산서구,20180613,9,222085,132804,130790,2014,68429,0.0,0.0,595.0,0.0,30147.0,31619.0,고양시일산서구,고양시,0.5231974921630094,0.0,0.0,0.004549277467696307,0.0,0.23049927364477407,0.2417539567245202,2017,31104,고양시 일산서구,286804,139184,147620,28765,35715,36676,36160,56775,50007,22851,14894,7253,825,41808,213452,31544,0.1278782722695639,0.126079134182229,0.1979574901326341,0.1743594928941019,0.079674620995523,0.0800965119035996,0.1099845190443647,0.7442434554608722,0.514706907853447,2017
7회지방선거_기초의원비례,경기도,과천시,20180613,9,46715,32758,32005,753,16723,0.0,0.0,0.0,4567.0,10715.0,0.0,과천시,과천시,0.5225121074832058,0.0,0.0,0.0,0.14269645367911263,0.3347914388376816,0.0,2017,31110,과천시,53583,26267,27316,4806,6450,6959,6379,9518,9621,5476,3167,1540,210,7157,39384,7042,0.1298732807047011,0.1190489520930145,0.1776309650448836,0.1795532165052348,0.1021965922027508,0.0917641789373495,0.1314222794543045,0.7350092380045911,0.5097885523393614,2017
7회지방선거_기초의원비례,경기도,광명시,20180613,9,270792,166832,162544,4288,107727,0.0,0.0,0.0,0.0,35717.0,19100.0,광명시,광명시,0.6627559307018407,0.0,0.0,0.0,0.0,0.21973742494339993,0.11750664435475933,2017,31060,광명시,328253,162480,165773,34078,34919,40448,51185,59359,53460,34096,16954,6454,711,46975,243806,37472,0.1232220269121683,0.1559315527961663,0.1808330769254203,0.1628621825238459,0.1038710994263571,0.0734768608360015,0.1141558492991686,0.7427380709391841,0.5050159480644503,2017
7회지방선거_기초의원비례,경기도,광주시,20180613,9,287993,156057,150379,5678,100362,0.0,0.0,4111.0,0.0,45906.0,0.0,광주시,광주시,0.6673937185378278,0.0,0.0,0.027337593679968613,0.0,0.3052686877822036,0.0,2017,31250,광주시,341046,176877,164169,37633,32101,42104,60224,59094,54170,34804,17171,6052,883,49263,253928,37855,0.1234554869431103,0.1765861496689596,0.1732728136380429,0.1588348785794291,0.1020507497522328,0.0706825472223688,0.1109967570357078,0.7445564527952241,0.4813690821765978,2017
7회지방선거_기초의원비례,경기도,구리시,20180613,9,165295,97685,95263,2422,65104,1523.0,0.0,0.0,0.0,28636.0,0.0,구리시,구리시,0.6834132874253382,0.015987319315998866,0.0,0.0,0.0,0.30059939325866286,0.0,2017,31120,구리시,189745,93904,95841,18441,19947,25370,27546,34099,33424,18441,10197,3570,454,25579,142714,21452,0.1337057629977074,0.1451737858705104,0.1797096102664102,0.1761522042741574,0.0971883317083454,0.0749479564678911,0.1130569975493425,0.7521357611531265,0.5051042188199952,2017
7회지방선거_기초의원비례,경기도,군포시,20180613,9,228999,144479,141350,3129,91001,0.0,0.0,0.0,0.0,34025.0,16324.0,군포시,군포시,0.6437990802971347,0.0,0.0,0.0,0.0,0.24071453837990803,0.1154863813229572,2017,31160,군포시,280913,139468,141445,29105,29190,37303,44118,49353,48074,25736,13498,6347,866,39663,210847,30403,0.1327920032180782,0.1570521834162178,0.1756878464150822,0.171134835340479,0.0916155535699665,0.0737274529836639,0.1082292382339016,0.7505775809592293,0.5035188830705593,2017
7회지방선거_기초의원비례,경기도,남양주시,20180613,9,537349,294703,286265,8438,159097,1980.0,0.0,0.0,0.0,72633.0,52555.0,남양주시,남양주시,0.5557682566852392,0.00691666812219447,0.0,0.0,0.0,0.25372644228250046,0.18358863291006586,2017,31130,남양주시,644936,322289,322647,74789,72682,73290,91954,120569,101297,63905,37967,14210,1866,102283,462109,80544,0.1136391828026346,0.1425784884081521,0.1869472319734051,0.1570651971668506,0.099087351303075,0.083795911532307,0.1248868104742176,0.7165191584901448,0.5002775469193842,2017
7회지방선거_기초의원비례,경기도,동두천시,20180613,9,80603,43672,42054,1618,25895,0.0,0.0,0.0,0.0,16159.0,0.0,동두천시,동두천시,0.6157559328482427,0.0,0.0,0.0,0.0,0.38424406715175724,0.0,2017,31080,동두천시,97373,48666,48707,9122,10154,11266,12706,16195,15849,10736,8301,3503,498,12579,67923,16871,0.1156994238649317,0.1304879175952266,0.1663192055292535,0.1627658591190576,0.1102564365891982,0.1263389235208938,0.1732615817526419,0.697554763640845,0.5002105306399105,2017
7회지방선거_기초의원비례,경기도,부천시,20180613,9,715281,396072,384242,11830,223582,0.0,0.0,0.0,0.0,84705.0,75955.0,부천시,부천시,0.5818780872470994,0.0,0.0,0.0,0.0,0.22044700995726652,0.197674902795634,6051.0,93156.0,부천시,845514.0,420656.0,424858.0,76194.0,80043.0,121987.0,131770.0,140887.0,154031.0,88671.0,40117.0,16811.0,2292.0,103761.0,649082.0,92671.0,0.1442755530955135,0.15584602975231635,0.1666288198657858,0.182174393327609,0.10487230252840284,0.07004023588018649,0.10960315263851338,0.7676774127926917,0.5024848790203356,2017
7회지방선거_기초의원비례,경기도,성남시분당구,20180613,9,401672,266839,237081,29758,130999,0.0,0.0,1508.0,0.0,74696.0,29878.0,성남시분당구,성남시,0.5525495505755417,0.0,0.0,0.006360695289795471,0.0,0.31506531522981596,0.12602443890484688,2017,31023,성남시 분당구,475778,230620,245158,49291,54497,60889,74979,90215,73331,41583,23671,10740,1596,69452,354066,52260,0.1279777543308013,0.1575924065425471,0.1896157451584562,0.1541286061986893,0.0874000058850976,0.0756802542362194,0.1098411443992786,0.7441832114977994,0.5152781339196012,2017
7회지방선거_기초의원비례,경기도,성남시수정구,20180613,9,204053,115682,104570,11112,66538,0.0,0.0,1685.0,0.0,27010.0,9337.0,성남시수정구,성남시,0.6363010423639667,0.0,0.0,0.0161136081094004,0.0,0.258295878358994,0.0892894711676389,2017,31021,성남시 수정구,241862,122336,119526,19287,19686,35361,38351,39706,42474,28747,14757,4653,563,25734,184475,31653,0.1462032067873415,0.1585656283335125,0.1641679966261752,0.1756125393819616,0.1188570341765138,0.0825801490105928,0.1308721502344312,0.762728332685581,0.4941909022500434,2017
7회지방선거_기초의원비례,경기도,성남시중원구,20180613,9,195192,112160,102383,9777,65774,0.0,0.0,1949.0,0.0,26426.0,8234.0,성남시중원구,성남시,0.6424308723127863,0.0,0.0,0.019036363458777336,0.0,0.25810925641952276,0.0804235078089136,2017,31022,성남시 중원구,226657,114220,112437,18817,19918,31818,35230,37515,40631,25965,13383,4530,652,25509,172028,29120,0.140379516185249,0.1554330993527665,0.165514411644026,0.1792620567641855,0.1145563560798916,0.081907904895944,0.1284760673616963,0.7589794270638013,0.4960667440229068,2017
7회지방선거_기초의원비례,경기도,수원시권선구,20180613,9,342897,197276,193088,4188,104795,0.0,0.0,1946.0,0.0,45376.0,40971.0,수원시권선구,수원시,0.5427318114020551,0.0,0.0,0.01007830626450116,0.0,0.23500165727543917,0.21218822505800464,2017,31012,수원시 권선구,364662,183919,180743,39808,35126,52795,64597,62934,60417,31029,14923,5729,722,52291,279116,33255,0.144777903921988,0.1771421206487103,0.1725817332214489,0.1656794511081494,0.0850897543478618,0.0586131815215185,0.0911940372180265,0.7654101606419095,0.495645282480763,2017
7회지방선거_기초의원비례,경기도,수원시영통구,20180613,9,273531,174615,171623,2992,93263,0.0,0.0,621.0,0.0,34721.0,43018.0,수원시영통구,수원시,0.5434178402661648,0.0,0.0,0.0036183961357160754,0.0,0.20230971373300782,0.2506540498651113,2017,31014,수원시 영통구,352487,178617,173870,44349,43829,57465,64748,66477,47215,19172,9202,3771,471,60041,271724,20722,0.1630272889496634,0.1836890438512626,0.1885941892892504,0.133948202345051,0.0543906583788905,0.0381404136890154,0.0587879836703197,0.7708766564440674,0.4932664183359954,2017
7회지방선거_기초의원비례,경기도,수원시장안구,20180613,9,202140,121887,119996,1891,61644,0.0,0.0,711.0,0.0,30463.0,27178.0,수원시장안구,수원시,0.5137171239041302,0.0,0.0,0.005925197506583553,0.0,0.253866795559852,0.22649088302943432,2017,31011,수원시 장안구,295436,149660,145776,27797,34275,46694,40648,52722,49228,25344,14516,6245,891,39240,224390,31806,0.1580511515184337,0.1375864823515076,0.1784548937841021,0.1666283052843932,0.0857850769709852,0.0732882925574405,0.1076578345225361,0.7595215207354554,0.4934266643198527,2017
7회지방선거_기초의원비례,경기도,수원시팔달구,20180613,9,161673,88349,86723,1626,43909,0.0,0.0,526.0,0.0,24895.0,17393.0,수원시팔달구,수원시,0.5063132041096364,0.0,0.0,0.00606528833181509,0.0,0.2870634087842902,0.20055809877425826,2017,31013,수원시 팔달구,206080,104333,101747,15744,17223,30428,32896,35009,36841,22781,11779,4279,556,21597,158769,25714,0.1476513975155279,0.1596273291925465,0.1698806288819875,0.1787703804347826,0.1105444487577639,0.0806191770186335,0.1247767857142857,0.7704241071428571,0.4937257375776397,2017
7회지방선거_기초의원비례,경기도,시흥시,20180613,9,350586,185249,181440,3809,109269,0.0,0.0,0.0,0.0,40351.0,31820.0,시흥시,시흥시,0.6022321428571429,0.0,0.0,0.0,0.0,0.22239307760141094,0.1753747795414462,2017,31150,시흥시,446369,237042,209327,45860,48035,64215,73792,87263,75633,32363,15997,6690,958,62962,347874,35533,0.1438607967847229,0.165316139785693,0.1954952068804061,0.1694405301443424,0.0725027947729345,0.0529718685661414,0.0796045424301418,0.7793417553638358,0.4689550573628545,2017
7회지방선거_기초의원비례,경기도,안산시단원구,20180613,9,252537,134590,131582,3008,69585,546.0,0.0,0.0,0.0,33864.0,27587.0,안산시단원구,안산시,0.5288337310574395,0.0041495037315134285,0.0,0.0,0.0,0.2573604292380417,0.20965633597300543,2017,31092,안산시 단원구,354452,186649,167803,30461,36659,54472,56779,68329,64804,28332,11734,5347,711,42740,283782,27930,0.1536794826944127,0.1601881213817385,0.1927736336654892,0.182828704591877,0.0799318384435692,0.0501957951993499,0.0787976933407062,0.8006218049270423,0.473415300238114,2017
7회지방선거_기초의원비례,경기도,안산시상록구,20180613,9,301162,159973,156275,3698,88940,763.0,0.0,0.0,0.0,36496.0,30076.0,안산시상록구,안산시,0.5691249400095985,0.004882418812989921,0.0,0.0,0.0,0.23353703407454807,0.19245560710286355,2017,31091,안산시 상록구,379209,193021,186188,34021,42180,61802,54759,69614,66954,29473,15921,7001,975,47643,296550,35016,0.1629760897025123,0.1444032182780472,0.1835768665828079,0.1765622651361122,0.0777223114430301,0.0630180190870997,0.09233958054793,0.78202257857804,0.490990456450137,2017
7회지방선거_기초의원비례,경기도,안성시,20180613,9,149626,82010,79353,2657,50973,0.0,0.0,0.0,0.0,28380.0,0.0,안성시,안성시,0.6423575668216702,0.0,0.0,0.0,0.0,0.3576424331783297,0.0,2017,31220,안성시,198832,103648,95184,18853,21105,28219,30228,32240,30218,19819,12708,6404,869,25598,145045,28189,0.1419238351975537,0.1520278426007886,0.1621469381186127,0.1519775488854912,0.0996771143477911,0.1004918725356079,0.1417729540516617,0.7294851935302165,0.4787156996861672,2017
7회지방선거_기초의원비례,경기도,안양시동안구,20180613,9,268004,174836,170783,4053,87329,720.0,0.0,0.0,0.0,42182.0,40552.0,안양시동안구,안양시,0.51134480598186,0.004215876287452498,0.0,0.0,0.0,0.24699179660739068,0.2374475211232968,2017,31042,안양시 동안구,322590,158660,163930,31732,37238,44131,47451,59481,55867,29417,13775,6018,769,45229,245932,31429,0.1368021327381506,0.1470938342788059,0.1843857528131684,0.1731826777023466,0.0911900554883908,0.0637403515298056,0.0974270746148361,0.7623670913543508,0.5081682631203696,2017
7회지방선거_기초의원비례,경기도,안양시만안구,20180613,9,216498,129784,127141,2643,68047,730.0,0.0,0.0,0.0,34698.0,23666.0,안양시만안구,안양시,0.535208941254198,0.005741656900606414,0.0,0.0,0.0,0.27290960429759087,0.18613979754760462,2017,31041,안양시 만안구,254107,127061,127046,20891,22715,37806,37813,39904,46702,29087,14675,5604,727,28361,193340,32406,0.1487798447110862,0.1488073921615697,0.1570362091559854,0.183788718925492,0.1144675274589051,0.0826659635507876,0.1275289543381331,0.7608605823531032,0.499970484874482,2017
7회지방선거_기초의원비례,경기도,양주시,20180613,9,171243,94161,90672,3489,61079,0.0,0.0,0.0,0.0,29593.0,0.0,양주시,양주시,0.6736258161284631,0.0,0.0,0.0,0.0,0.326374183871537,0.0,2017,31260,양주시,212631,109115,103516,22521,23344,25489,29634,38395,33689,21959,13737,5437,762,31263,152570,28798,0.1198743362915097,0.1393682012500529,0.1805710362082669,0.1584387977293997,0.1032728059408082,0.0937586711250946,0.135436507376629,0.717534131899864,0.4868339988054423,2017
7회지방선거_기초의원비례,경기도,양평군,20180613,9,98582,60982,59061,1921,24942,0.0,0.0,0.0,0.0,25475.0,8644.0,양평군,양평군,0.4223091380098542,0.0,0.0,0.0,0.0,0.43133370582956604,0.14635715616057973,2017,31580,양평군,109359,54876,54483,8873,10260,10459,11433,15588,19740,16877,11293,5048,709,12348,72761,24250,0.0956391334961,0.1045455792390201,0.1425397086659534,0.1805064055084629,0.1543265757733702,0.1559085214751415,0.22174672409221,0.6653407584195173,0.4982031657202425,2017
7회지방선거_기초의원비례,경기도,여주시,20180613,9,94136,55390,53632,1758,29768,0.0,0.0,0.0,0.0,23864.0,0.0,여주시,여주시,0.5550417661097852,0.0,0.0,0.0,0.0,0.44495823389021477,0.0,2017,31280,여주시,111476,56779,54697,9503,11135,13368,13798,16800,19239,14159,9409,4438,594,13229,77958,20289,0.1199181886684129,0.1237755211884172,0.1507050845024938,0.172584233377588,0.127013886397072,0.1295435788869353,0.1820033011589938,0.6993254153360364,0.4906616670852919,2017
7회지방선거_기초의원비례,경기도,연천군,20180613,9,38497,24783,23668,1115,13348,0.0,0.0,0.0,0.0,10320.0,0.0,연천군,연천군,0.5639682271421328,0.0,0.0,0.0,0.0,0.43603177285786715,0.0,2017,31550,연천군,43990,23259,20731,3655,3484,5645,4924,5490,7441,6223,4941,2175,302,4856,29094,10040,0.1283246192316435,0.1119345305751307,0.1248010911570811,0.1691520800181859,0.1414639690838827,0.1686292339167992,0.2282336894748806,0.661377585814958,0.4712661968629233,2017
7회지방선거_기초의원비례,경기도,오산시,20180613,9,169638,90015,88401,1614,59652,0.0,0.0,0.0,0.0,20686.0,8063.0,오산시,오산시,0.6747887467336342,0.0,0.0,0.0,0.0,0.23400187780681214,0.09120937545955363,2017,31140,오산시,219877,112936,106941,29741,24132,28127,42758,41179,29577,15501,8252,2964,371,38917,163266,17694,0.1279215197587742,0.1944632680998922,0.1872819803799397,0.1345161158283949,0.0704985059828904,0.0526976445922038,0.0804722640385306,0.7425333254501381,0.4863673781250426,2017
7회지방선거_기초의원비례,경기도,용인시기흥구,20180613,9,387109,245367,241971,3396,151738,0.0,0.0,0.0,0.0,64699.0,25534.0,용인시기흥구,용인시,0.6270916762752561,0.0,0.0,0.0,0.0,0.26738328146761386,0.10552504225712998,2017,31192,용인시 기흥구,415720,205754,209966,54105,50023,51764,63773,82146,54169,33625,22290,8081,1293,73323,296014,46383,0.1245165014913884,0.1534037332820167,0.197599345713461,0.1303016453382084,0.0808837679207158,0.0761666506302318,0.1115726931588569,0.7120513807370346,0.5050659097469451,2017
7회지방선거_기초의원비례,경기도,용인시수지구,20180613,9,215189,139068,136143,2925,80278,0.0,0.0,0.0,0.0,40335.0,15530.0,용인시수지구,용인시,0.5896594022461676,0.0,0.0,0.0,0.0,0.29626936383067803,0.11407123392315432,2017,31193,용인시 수지구,338993,165644,173349,41244,42469,39446,49070,68713,45567,28838,20119,6837,942,57727,240395,40871,0.116362284766942,0.1447522515214178,0.2026974008312856,0.1344187048110137,0.0850696032071458,0.0822966845923072,0.1205659113905006,0.7091444366107855,0.5113645414507084,2017
7회지방선거_기초의원비례,경기도,용인시처인구,20180613,9,192573,106648,104452,2196,61477,0.0,0.0,0.0,0.0,32594.0,10381.0,용인시처인구,용인시,0.5885669972810478,0.0,0.0,0.0,0.0,0.3120476391069582,0.09938536361199403,2017,31191,용인시 처인구,240521,125322,115199,22627,27948,37372,34610,40525,37241,22605,13246,5810,815,31137,180261,29123,0.1553793639640613,0.1438959591885947,0.1684884064177348,0.1548347129772452,0.0939834775341862,0.0826164867101001,0.1210829823591287,0.7494605460645848,0.4789560994674062,2017
7회지방선거_기초의원비례,경기도,의왕시,20180613,9,127960,82336,80317,2019,54993,0.0,0.0,0.0,0.0,25324.0,0.0,의왕시,의왕시,0.6846993787118543,0.0,0.0,0.0,0.0,0.31530062128814573,0.0,2017,31170,의왕시,151852,75667,76185,14665,15882,20923,21026,25645,27494,15741,7857,3480,506,19851,114225,17776,0.1377854753312435,0.1384637673524221,0.1688815425545926,0.1810578721386613,0.1036601427705924,0.0779904117166715,0.1170613492084398,0.7522126807681163,0.5017056080920896,2017
7회지방선거_기초의원비례,경기도,의정부시,20180613,9,366459,198421,193024,5397,125163,0.0,0.0,0.0,0.0,51642.0,16219.0,의정부시,의정부시,0.6484323192970822,0.0,0.0,0.0,0.0,0.2675418600795756,0.08402582062334217,2017,31030,의정부시,426530,210519,216011,40048,44618,56423,58459,74969,73014,44290,27492,10152,1182,55629,314085,56816,0.132283778397768,0.1370571823787306,0.1757648934424308,0.1711813940402785,0.1038379480927484,0.0910275947764518,0.1332051672801444,0.736372588094624,0.5064379996717698,2017
7회지방선거_기초의원비례,경기도,이천시,20180613,9,171518,93686,91458,2228,56355,0.0,0.0,0.0,0.0,35103.0,0.0,이천시,이천시,0.6161844781211048,0.0,0.0,0.0,0.0,0.3838155218788952,0.0,2017,31210,이천시,218798,112606,106192,23879,24549,31431,34151,35584,33301,19867,12054,5511,715,32365,160017,26416,0.1436530498450625,0.156084607720363,0.1626340277333431,0.1521997458843316,0.0908006471722776,0.0835473816031225,0.1207323650124772,0.7313458075485151,0.4853426448139379,2017
7회지방선거_기초의원비례,경기도,파주시,20180613,9,352518,193722,188467,5255,122330,0.0,0.0,0.0,0.0,49483.0,16654.0,파주시,파주시,0.6490791491348618,0.0,0.0,0.0,0.0,0.26255524839892397,0.08836560246621425,2017,31200,파주시,430650,220786,209864,50972,46901,54278,69711,76326,62370,37400,25540,10635,1391,68545,309148,52957,0.1260373853477301,0.1618739115290839,0.177234413096482,0.1448275862068965,0.0868454661558109,0.0872309299895506,0.1229699291768257,0.7178636944154185,0.487319168698479,2017
7회지방선거_기초의원비례,경기도,평택시,20180613,9,394222,209653,187197,22456,125583,1722.0,0.0,0.0,0.0,59892.0,0.0,평택시,평택시,0.6708601099376592,0.009198865366432154,0.0,0.0,0.0,0.31994102469590857,0.0,2017,31070,평택시,486077,252448,233629,52896,51668,65844,79943,87628,75215,40989,25050,10600,1226,71600,360991,53486,0.1354600197088115,0.1644657122225491,0.1802759645076808,0.1547388582467387,0.0843261458575493,0.0758645235219934,0.1100360642449653,0.7426621708083287,0.4806419559041057,2017
7회지방선거_기초의원비례,경기도,포천시,20180613,9,129049,70729,68161,2568,40092,0.0,0.0,0.0,0.0,28069.0,0.0,포천시,포천시,0.5881955957218937,0.0,0.0,0.0,0.0,0.4118044042781063,0.0,2017,31270,포천시,161239,87185,74054,12223,14818,24746,21261,24814,29133,17925,11584,5202,773,17214,119528,24497,0.1534740354380764,0.1318601579022445,0.1538957696338975,0.1806820930420059,0.1111703744131382,0.1089004521238658,0.1519297440445549,0.7413094846780246,0.459280943196125,2017
7회지방선거_기초의원비례,경기도,하남시,20180613,9,194181,115382,112954,2428,75431,0.0,0.0,0.0,0.0,37523.0,0.0,하남시,하남시,0.6678028223878747,0.0,0.0,0.0,0.0,0.3321971776121253,0.0,2017,31180,하남시,218994,110017,108977,27206,19524,24590,37967,37149,34714,24476,11035,3922,680,34570,158948,25476,0.1122861813565668,0.1733700466679452,0.1696347845146442,0.1585157584226051,0.111765619149383,0.0714037827520388,0.1163319543001178,0.7258098395389828,0.4976255057216179,2017
7회지방선거_기초의원비례,경기도,화성시,20180613,9,551721,313673,305689,7984,202804,0.0,0.0,0.0,0.0,65570.0,37315.0,화성시,화성시,0.6634324427768091,0.0,0.0,0.0,0.0,0.21449904968775454,0.12206850753543634,2017,31240,화성시,707928,374208,333720,103211,78761,88179,142548,132759,87215,47092,25327,10670,1388,134759,516835,56334,0.124559277214632,0.2013594602840966,0.1875317828931755,0.1231975568136872,0.066520889129968,0.052809042727509,0.079575889073465,0.730067181973308,0.4714038715801606,2017
7회지방선거_기초의원비례,경상남도,거제시,20180613,9,194485,122557,118725,3832,63741,0.0,0.0,0.0,0.0,38778.0,16206.0,거제시,거제시,0.5368793430195831,0.0,0.0,0.0,0.0,0.32662034112444727,0.13650031585596967,2017,38090,거제시,257847,139356,118491,35666,27564,26850,50796,48727,37033,20475,9075,4183,486,46171,190074,21602,0.1041315198547976,0.1970005468359143,0.1889764084903062,0.1436239320217028,0.0794075556434629,0.0533029277051895,0.0837783646891373,0.7371580821184656,0.4595399597435688,2017
7회지방선거_기초의원비례,경상남도,거창군,20180613,9,53061,39551,37673,1878,14605,0.0,0.0,0.0,0.0,18299.0,4769.0,거창군,거창군,0.3876781780054681,0.0,0.0,0.0,0.0,0.4857324874578611,0.12658933453667082,2017,38590,거창군,60083,29491,30592,4845,6157,5445,5608,8308,10184,8588,7011,3960,488,6863,37866,15354,0.0906246359203102,0.0933375497228833,0.1382753857164256,0.1694988599104572,0.1429356057453855,0.1907195046851855,0.2555464940166103,0.6302281843449894,0.5091623254497945,2017
7회지방선거_기초의원비례,경상남도,고성군,20180613,9,46588,34068,32130,1938,15366,0.0,0.0,0.0,0.0,16764.0,0.0,고성군,고성군,0.4782446311858077,0.0,0.0,0.0,0.0,0.5217553688141924,0.0,2017,38540,고성군,52439,26681,25758,3800,4473,4196,5690,7042,8947,8283,6373,3585,405,5262,32980,14197,0.0800167814031541,0.1085070272125708,0.134289364785751,0.170617288659204,0.1579549571883521,0.1976200919163218,0.2707336142947043,0.628921222754057,0.4911992982322317,2017
7회지방선거_기초의원비례,경상남도,김해시,20180613,9,420296,251988,244675,7313,139111,0.0,0.0,2178.0,0.0,68831.0,34555.0,김해시,김해시,0.5685542045570655,0.0,0.0,0.008901604168795341,0.0,0.28131603147031775,0.1412281598038214,2017,38070,김해시,536456,275718,260738,61287,63926,68778,82258,103604,85813,44223,22536,9382,990,84904,401080,50472,0.1282080916235441,0.1533359679078992,0.1931267429202022,0.1599627928478756,0.0824354653503735,0.061343334774893,0.0940841373756654,0.7476475237484528,0.4860379975244941,2017
7회지방선거_기초의원비례,경상남도,남해군,20180613,9,39731,30725,28741,1984,13759,0.0,0.0,0.0,0.0,14982.0,0.0,남해군,남해군,0.47872377439894226,0.0,0.0,0.0,0.0,0.5212762256010577,0.0,2017,38550,남해군,42986,20813,22173,2110,3374,3348,3009,5031,7416,7395,6743,4212,587,3132,24708,15146,0.0778858232913041,0.0699995347322384,0.1170381054296747,0.172521286000093,0.1720327548504164,0.2685060252175126,0.3523472758572558,0.5747917926766855,0.5158191038942912,2017
7회지방선거_기초의원비례,경상남도,밀양시,20180613,9,93081,62110,59177,2933,28430,0.0,0.0,0.0,0.0,30747.0,0.0,밀양시,밀양시,0.4804231373675583,0.0,0.0,0.0,0.0,0.5195768626324416,0.0,2017,38080,밀양시,103894,50665,53229,7321,8315,10405,10672,13590,19240,17362,11436,5740,578,10265,68204,25425,0.100150153040599,0.1027200800816216,0.1308063988295763,0.1851887500721889,0.1671126340308391,0.1708857104356363,0.2447205805917569,0.6564767936550715,0.5123394998748725,2017
7회지방선거_기초의원비례,경상남도,사천시,20180613,9,94449,65469,62604,2865,30674,0.0,0.0,0.0,0.0,31930.0,0.0,사천시,사천시,0.4899686920963517,0.0,0.0,0.0,0.0,0.5100313079036484,0.0,2017,38060,사천시,111655,57102,54553,11236,10196,10630,15256,18131,17673,14275,9817,4852,648,15108,74846,21701,0.0952039765348618,0.1366351708387443,0.162384129685191,0.158282208588957,0.1278491782723568,0.1371814965742689,0.1943576194527786,0.670332721329094,0.4885853745913752,2017
7회지방선거_기초의원비례,경상남도,산청군,20180613,9,32408,24643,23190,1453,9948,0.0,0.0,0.0,0.0,13242.0,0.0,산청군,산청군,0.4289780077619664,0.0,0.0,0.0,0.0,0.5710219922380336,0.0,2017,38570,산청군,34033,16459,17574,1991,2378,2468,2649,3928,6164,5925,5359,3028,359,2791,19823,11419,0.0725178503217465,0.0778362177886169,0.1154173890047894,0.1811183263303264,0.1740957306144036,0.2569858666588311,0.3355272823436077,0.5824640789821643,0.5163811594628742,2017
7회지방선거_기초의원비례,경상남도,양산시,20180613,9,275507,167473,162446,5027,100918,0.0,0.0,0.0,0.0,61528.0,0.0,양산시,양산시,0.6212402890806791,0.0,0.0,0.0,0.0,0.37875971091932087,0.0,2017,38100,양산시,332600,167518,165082,39822,34193,39232,54171,58407,52906,32540,17341,6611,778,52108,242399,38093,0.1179555021046301,0.1628713168971738,0.1756073361395069,0.1590679494888755,0.0978352375225496,0.0743535778713169,0.1145309681298857,0.7288003607937462,0.4963379434756464,2017
7회지방선거_기초의원비례,경상남도,의령군,20180613,9,24972,19912,18262,1650,7685,0.0,0.0,0.0,0.0,10577.0,0.0,의령군,의령군,0.42081918738363816,0.0,0.0,0.0,0.0,0.5791808126163619,0.0,2017,38510,의령군,26292,12747,13545,1430,1676,2084,2213,3022,4505,4447,4075,2695,282,2012,15129,9151,0.0792636543435265,0.084170089761144,0.1149399056747299,0.1713448957857903,0.1691389015670165,0.2682184694964247,0.3480526395861859,0.5754221816522136,0.5151757188498403,2017
7회지방선거_기초의원비례,경상남도,진주시,20180613,9,282049,190800,185026,5774,74009,0.0,0.0,4805.0,0.0,79449.0,26763.0,진주시,진주시,0.399992433495833,0.0,0.0,0.025969323230248722,0.0,0.4293937068303914,0.14464453644352684,2017,38030,진주시,353209,176672,176537,34246,40357,49463,46036,57482,56243,38470,23141,10037,1201,47653,254884,50672,0.1400389004810183,0.1303364297059248,0.1627421724814486,0.1592343343459538,0.108915684481426,0.0973333069089406,0.1434618030684382,0.7216237411843979,0.4998088950168314,2017
7회지방선거_기초의원비례,경상남도,창녕군,20180613,9,55922,39403,37328,2075,15407,0.0,0.0,0.0,0.0,21921.0,0.0,창녕군,창녕군,0.4127464637805401,0.0,0.0,0.0,0.0,0.58725353621946,0.0,2017,38530,창녕군,62544,31527,31017,4187,4675,6029,6638,7725,11152,10069,7936,4147,377,5617,39932,16995,0.0963961371194679,0.1061332821693527,0.1235130468150422,0.1783064722435405,0.1609906625735482,0.1992197492964952,0.2717287029930929,0.6384625223842415,0.4959228702993092,2017
7회지방선거_기초의원비례,경상남도,창원시마산합포구,20180613,9,154311,99215,95185,4030,36992,0.0,0.0,986.0,0.0,44547.0,12660.0,창원시마산합포구,창원시,0.3886326627094605,0.0,0.0,0.010358775017072018,0.0,0.4680044124599464,0.13300414981352104,2017,38113,창원시 마산합포구,178850,89474,89376,15420,15969,21023,24433,26366,30651,25781,14137,5812,646,20606,126701,31543,0.1175454291305563,0.1366116857701985,0.1474196253844003,0.171378249930109,0.1441487279843444,0.1151523623147889,0.1763656695554934,0.7084204640760414,0.4997260273972603,2017
7회지방선거_기초의원비례,경상남도,창원시마산회원구,20180613,9,166500,109560,105840,3720,44776,0.0,0.0,1021.0,0.0,46153.0,13890.0,창원시마산회원구,창원시,0.4230536659108088,0.0,0.0,0.009646636432350718,0.0,0.4360638699924414,0.1312358276643991,2017,38114,창원시 마산회원구,202765,101853,100912,18443,20794,24800,27087,33787,36044,26373,12589,4339,443,25954,148426,28385,0.1223090770103321,0.1335881439104382,0.1666313219737134,0.1777624343451779,0.1300668261287697,0.0856706039010677,0.1399896431829951,0.7320099622715952,0.4976795798091387,2017
7회지방선거_기초의원비례,경상남도,창원시성산구,20180613,9,184600,125768,121857,3911,55911,0.0,0.0,3838.0,0.0,36109.0,25999.0,창원시성산구,창원시,0.4588246879539132,0.0,0.0,0.03149593375842176,0.0,0.2963227389481113,0.21335663933955373,2017,38112,창원시 성산구,267595,139059,128536,25404,31197,40471,39858,49744,52321,20757,7180,2989,316,36179,213781,17635,0.1512397466320372,0.1489489713933369,0.1858928604794558,0.1955230852594405,0.0775687139146845,0.0391823464563986,0.0659018292568994,0.7988975877725667,0.4803378239503728,2017
7회지방선거_기초의원비례,경상남도,창원시의창구,20180613,9,210327,135101,132741,2360,60404,0.0,0.0,2547.0,0.0,49158.0,20632.0,창원시의창구,창원시,0.45505156658455187,0.0,0.0,0.019187741541799443,0.0,0.3703301918774154,0.15543049999623326,2017,38111,창원시 의창구,209691,107361,102330,20168,20991,29830,30355,35192,38608,21971,9563,4293,501,27076,159732,22883,0.1422569399735801,0.14476062396574,0.1678278991468398,0.1841185363224936,0.104777982841419,0.0684674115722658,0.1091272396049425,0.7617494313060647,0.4880037769861367,2017
7회지방선거_기초의원비례,경상남도,창원시진해구,20180613,9,150396,93885,90279,3606,42544,0.0,0.0,1440.0,0.0,33204.0,13091.0,창원시진해구,창원시,0.4712502353814287,0.0,0.0,0.01595055328481707,0.0,0.3677931744924069,0.14500603684134739,2017,38115,창원시 진해구,186658,95782,90876,24592,19473,18672,32265,32988,26955,19106,10236,4191,444,32563,131414,22681,0.1000332158278777,0.1728562397539886,0.1767296338758585,0.1444084903941968,0.1023583237793183,0.0796697703821963,0.1215109987249408,0.7040362588263026,0.4868583184219267,2017
7회지방선거_기초의원비례,경상남도,통영시,20180613,9,110317,72807,69407,3400,31572,0.0,0.0,0.0,0.0,32856.0,4979.0,통영시,통영시,0.4548820724134453,0.0,0.0,0.0,0.0,0.4733816473842696,0.07173628020228508,2017,38050,통영시,132962,68376,64586,14274,12614,12055,19517,22477,22448,17062,9543,3920,418,19077,92575,21310,0.0906650020306553,0.1467862998450685,0.1690482995141469,0.1688301920849566,0.1283223778222349,0.1043982491238098,0.160271355725696,0.6962515605962606,0.4857478076442893,2017
7회지방선거_기초의원비례,경상남도,하동군,20180613,9,42568,33768,31539,2229,16059,0.0,0.0,0.0,0.0,15480.0,0.0,하동군,하동군,0.5091791115761438,0.0,0.0,0.0,0.0,0.4908208884238562,0.0,2017,38560,하동군,43441,21214,22227,2582,3014,3383,3304,5578,8087,7354,6262,3665,469,3737,25918,13786,0.077875739508759,0.0760571810041205,0.1284040422642204,0.1861605395824221,0.1692870790267259,0.2393130913192606,0.3173499689233673,0.5966253078888607,0.5116594921848023,2017
7회지방선거_기초의원비례,경상남도,함안군,20180613,9,56780,40445,38285,2160,18977,0.0,0.0,0.0,0.0,19308.0,0.0,함안군,함안군,0.49567715815593577,0.0,0.0,0.0,0.0,0.5043228418440643,0.0,2017,38520,함안군,67906,35444,32462,6172,6025,6972,8788,10404,11201,9101,6228,3308,321,8407,45733,13766,0.1026713397932436,0.1294141902041057,0.1532117927723618,0.1649486054251465,0.134023503077784,0.1451565399228345,0.2027214090065679,0.6734750979294908,0.4780431773333726,2017
7회지방선거_기초의원비례,경상남도,함양군,20180613,9,34972,27233,25804,1429,12661,0.0,0.0,0.0,0.0,13143.0,0.0,함양군,함양군,0.4906603627344598,0.0,0.0,0.0,0.0,0.5093396372655402,0.0,2017,38580,함양군,37942,18185,19757,2470,3144,2533,3086,4933,6625,6238,5668,3105,417,3584,22278,12080,0.0667597912603447,0.0813346687048653,0.1300142322492225,0.1746086131463813,0.1644088345369247,0.2422117969532444,0.3183806863106847,0.5871593484792578,0.5207158294238574,2017
7회지방선거_기초의원비례,경상남도,합천군,20180613,9,42165,32496,30265,2231,11040,0.0,0.0,0.0,0.0,19225.0,0.0,합천군,합천군,0.36477779613414835,0.0,0.0,0.0,0.0,0.6352222038658516,0.0,2017,38600,합천군,43449,20657,22792,2191,2733,2905,3150,4862,7715,7712,7579,4405,447,3130,24141,16178,0.0668599967778314,0.0724987916868052,0.1119013095813482,0.1775645009091118,0.1774954544408387,0.2861055490345002,0.3723445879076618,0.5556169301940206,0.5245690349605284,2017
7회지방선거_기초의원비례,경상북도,경산시,20180613,9,215139,118550,114548,4002,43752,1891.0,0.0,0.0,0.0,55379.0,13526.0,경산시,경산시,0.3819534169081957,0.01650836330621224,0.0,0.0,0.0,0.48345671683486396,0.11808150295072808,2017,37100,경산시,282626,142697,139929,25074,31354,49149,38817,43339,42444,29166,17245,7405,859,33346,211044,38236,0.1739011980497194,0.1373440518565171,0.1533439952445988,0.1501772660689391,0.1031964504327273,0.0902570888736351,0.135288331576005,0.7467253543552256,0.4951030690736167,2017
7회지방선거_기초의원비례,경상북도,경주시,20180613,9,218273,139125,134015,5110,48433,0.0,0.0,0.0,0.0,71377.0,14205.0,경주시,경주시,0.361399843301123,0.0,0.0,0.0,0.0,0.5326045591911354,0.10599559750774167,2017,37020,경주시,262264,133171,129093,20375,24410,33020,31378,41002,45483,34481,22276,10629,1216,28435,184543,49286,0.1259036695848458,0.1196428026721166,0.1563386511301589,0.1734244883018637,0.1314743922154775,0.1301017295549522,0.1879251441295793,0.7036535704480981,0.4922253912088583,2017
7회지방선거_기초의원비례,경상북도,구미시,20180613,9,332873,187199,180300,6899,78129,2236.0,0.0,0.0,0.0,74393.0,25542.0,구미시,구미시,0.4333277870216306,0.01240155296727676,0.0,0.0,0.0,0.41260676650027733,0.14166389351081532,2017,37050,구미시,423003,218610,204393,50977,50190,61857,74055,75685,63335,29646,14315,6721,908,68475,321282,33246,0.1462330054396777,0.1750696803568769,0.1789230809237759,0.1497270704935898,0.0700846093290118,0.0518767006380569,0.0785951872681754,0.7595265281806513,0.4831951546442933,2017
7회지방선거_기초의원비례,경상북도,김천시,20180613,9,119511,83555,78875,4680,29023,0.0,0.0,0.0,0.0,41309.0,8543.0,김천시,김천시,0.3679619651347068,0.0,0.0,0.0,0.0,0.5237274167987321,0.10831061806656102,2017,37030,김천시,140765,70240,70525,12491,13104,16650,17058,20138,23204,18662,12836,6855,843,16732,95213,28820,0.1182822434554044,0.1211806912229602,0.1430611302525485,0.1648421127410933,0.1325755692110965,0.1458743295563528,0.2047383937768621,0.6763968315987638,0.5010123255070508,2017
7회지방선거_기초의원비례,경상북도,문경시,20180613,9,62685,46189,43031,3158,14206,0.0,0.0,0.0,0.0,28825.0,0.0,문경시,문경시,0.33013408937742555,0.0,0.0,0.0,0.0,0.6698659106225744,0.0,2017,37090,문경시,70016,34275,35741,5102,6254,5511,6683,9196,12233,11615,8865,4429,613,7169,43678,19169,0.0787105804387568,0.0954496115173674,0.1313414076782449,0.1747172074954296,0.1658906535648994,0.1986260283363802,0.2737802787934186,0.6238288391224863,0.5104690356489945,2017
7회지방선거_기초의원비례,경상북도,봉화군,20180613,9,29582,23342,21701,1641,7767,0.0,0.0,0.0,0.0,13934.0,0.0,봉화군,봉화군,0.3579097737431455,0.0,0.0,0.0,0.0,0.6420902262568545,0.0,2017,37610,봉화군,31082,15350,15732,1918,1876,1866,2408,3557,5976,5741,4812,2729,369,2619,17895,10568,0.0600347467987903,0.0774724921176243,0.1144392252750788,0.1922656199729747,0.1847049739399009,0.25448812817708,0.3400038607554211,0.5757351521781096,0.5061450357119877,2017
7회지방선거_기초의원비례,경상북도,상주시,20180613,9,87109,61991,57796,4195,20197,0.0,0.0,0.0,0.0,37599.0,0.0,상주시,상주시,0.3494532493598173,0.0,0.0,0.0,0.0,0.6505467506401827,0.0,2017,37080,상주시,98193,48298,49895,6634,8663,9204,8480,12474,17353,15846,12460,6851,940,9423,61212,27558,0.0937337692096177,0.0863605348650107,0.1270355320644037,0.1767233916877985,0.1613760655036509,0.2062366971169024,0.2806513702606092,0.6233845589807827,0.5081319442322773,2017
7회지방선거_기초의원비례,경상북도,안동시,20180613,9,137423,94437,89267,5170,33188,0.0,0.0,0.0,0.0,45640.0,10439.0,안동시,안동시,0.37178352582701335,0.0,0.0,0.0,0.0,0.5112751632742223,0.11694131089876438,2017,37040,안동시,165704,81894,83810,14182,16867,19029,18137,24551,27046,22186,16039,7918,1070,19557,111237,34910,0.1148373002462221,0.1094542075025346,0.1481617824554627,0.1632187515087143,0.1338893448558876,0.1510343745473857,0.2106768695988027,0.6712994254815816,0.5057813933278618,2017
7회지방선거_기초의원비례,경상북도,영주시,20180613,9,91447,63719,60925,2794,21060,0.0,0.0,0.0,0.0,32963.0,6902.0,영주시,영주시,0.34567090685268775,0.0,0.0,0.0,0.0,0.5410422650800164,0.11328682806729586,2017,37060,영주시,108443,54415,54028,8232,11132,11605,10271,15415,18395,16290,11527,5626,771,11762,71507,25174,0.1070147450734487,0.0947133517147257,0.1421484097636546,0.1696282839832907,0.1502171647778095,0.1652849884270999,0.232140387115812,0.6593971026253423,0.498215652462584,2017
7회지방선거_기초의원비례,경상북도,영천시,20180613,9,88000,60062,56638,3424,18956,0.0,0.0,0.0,0.0,31918.0,5764.0,영천시,영천시,0.3346869592852855,0.0,0.0,0.0,0.0,0.5635439104488152,0.10176913026589922,2017,37070,영천시,97675,49918,47757,6702,6984,9998,11012,13390,17113,15639,11440,5570,479,9156,63702,24817,0.1023598669055541,0.1127412336831328,0.1370872792423854,0.1752034809316611,0.1601126183772715,0.1790529818274891,0.2540772971589455,0.6521832608139237,0.4889378039416432,2017
7회지방선거_기초의원비례,경상북도,의성군,20180613,9,48843,36234,33905,2329,8681,0.0,0.0,0.0,0.0,21999.0,3225.0,의성군,의성군,0.2560389323108686,0.0,0.0,0.0,0.0,0.6488423536351571,0.09511871405397435,2017,37520,의성군,50082,24203,25879,2296,2344,3227,3468,4846,9090,10228,9038,5113,625,3183,27288,19611,0.0644343277025678,0.0692464358452138,0.0967613114492232,0.1815023361686833,0.2042250708837506,0.2950361407292041,0.3915778123876842,0.5448664190727207,0.5167325586038897,2017
7회지방선거_기초의원비례,경상북도,포항시남구,20180613,9,198696,119379,114966,4413,45096,1106.0,0.0,0.0,0.0,54162.0,14602.0,포항시남구,포항시,0.39225510150827203,0.009620235547901118,0.0,0.0,0.0,0.47111319868482854,0.1270114642589983,2017,37011,포항시 남구,239046,124209,114837,23300,23075,27379,32995,39496,43230,31403,14468,5227,618,31590,174378,33078,0.1145344410699196,0.1380278272801051,0.1652234298001221,0.1808438543209256,0.1313680212176735,0.0849752767249818,0.1383750407871288,0.7294746617805778,0.4803970783865867,2017
7회지방선거_기초의원비례,경상북도,포항시북구,20180613,9,223110,139917,136041,3876,50550,1442.0,0.0,0.0,0.0,64266.0,19783.0,포항시북구,포항시,0.3715791562837674,0.010599745664909843,0.0,0.0,0.0,0.4724017024279445,0.14541939562337824,2017,37012,포항시 북구,267863,132626,135237,26047,27403,30201,34407,43580,48826,34106,17153,7467,1097,35695,192673,39495,0.1127479345784972,0.1284499912268585,0.1626951090669484,0.182279747482855,0.1273262824652901,0.0960080339576574,0.1474447758742342,0.7192968047098703,0.5048737600937793,2017
7회지방선거_기초의원비례,광주광역시,광산구,20180613,9,307011,178003,173980,4023,117557,0.0,0.0,10415.0,0.0,0.0,46008.0,광산구,광산구,0.6756926083457869,0.0,0.0,0.05986320266697322,0.0,0.0,0.2644441889872399,2017,24050,광산구,419625,212570,207055,53487,57644,59192,66703,81730,57256,26200,15514,6628,867,74467,311308,33850,0.1410592791182603,0.1589585939827226,0.1947691391123026,0.1364456359845099,0.0624366994340184,0.0548322907357759,0.0806672624366994,0.741871909442955,0.4934286565385761,2017
7회지방선거_기초의원비례,광주광역시,남구,20180613,9,176964,106265,101693,4572,88498,0.0,0.0,13195.0,0.0,0.0,0.0,남구,남구,0.8702467229799494,0.0,0.0,0.12975327702005054,0.0,0.0,0.0,2017,24030,남구,219325,106233,113092,20516,25355,28882,28448,34863,35422,25492,15642,6009,828,28885,156631,33809,0.1316858543257722,0.1297070557391998,0.1589558873817394,0.1615046164367947,0.1162293400205174,0.102491736008207,0.154150233671492,0.7141502336714921,0.5156366123332954,2017
7회지방선거_기초의원비례,광주광역시,동구,20180613,9,82265,51546,50185,1361,32496,0.0,0.0,2160.0,0.0,0.0,15529.0,동구,동구,0.6475241606057587,0.0,0.0,0.04304074922785693,0.0,0.0,0.3094350901663844,2017,24010,동구,100914,50531,50383,6722,8766,16733,12719,13201,15612,13464,9761,3950,566,9154,71383,20377,0.1658144558733178,0.1260380125651544,0.1308143567790395,0.1547059872762946,0.1334205362982341,0.1414769011237291,0.2019244108845155,0.7073646867629863,0.4992667023406068,2017
7회지방선거_기초의원비례,광주광역시,북구,20180613,9,358914,210522,206343,4179,138458,0.0,0.0,10281.0,0.0,0.0,57604.0,북구,북구,0.6710089511153758,0.0,0.0,0.049824806269173176,0.0,0.0,0.279166242615451,2017,24040,북구,450323,224448,225875,41885,50801,68992,62649,72873,73953,45795,26155,10073,1336,58525,334496,57302,0.1532055879890656,0.1391201426531622,0.1618238464391115,0.1642221250080497,0.1016936732078974,0.0834156816329612,0.1272464431086131,0.7427912853662816,0.5015844182953125,2017
7회지방선거_기초의원비례,광주광역시,서구,20180613,9,247275,147755,145631,2124,96345,0.0,0.0,8059.0,0.0,0.0,41227.0,서구,서구,0.6615693087323441,0.0,0.0,0.05533849249129649,0.0,0.0,0.28309219877635944,2017,24020,서구,305985,151340,154645,29294,36332,42613,43066,55114,49280,29548,16987,6187,769,42003,227426,36556,0.1392649966501626,0.1407454613788257,0.1801199405199601,0.1610536464205761,0.0965668251711685,0.0782489337712633,0.119469908655653,0.7432586564700884,0.5054005915322647,2017
7회지방선거_기초의원비례,대구광역시,남구,20180613,9,134493,72216,69294,2922,28569,0.0,0.0,0.0,0.0,40725.0,0.0,남구,남구,0.4122867780760239,0.0,0.0,0.0,0.0,0.5877132219239761,0.0,2017,22040,남구,152785,73530,79255,9008,12007,21253,19375,22398,26104,22432,14293,6118,684,12683,108984,31118,0.1391039696305265,0.126812187060248,0.146598160814216,0.1708544686978433,0.1468206957489282,0.1380698366986288,0.2036718264227509,0.7133160977844684,0.5187354779592237,2017
7회지방선거_기초의원비례,대구광역시,달서구,20180613,9,472669,265914,258824,7090,97697,5216.0,0.0,0.0,0.0,115992.0,39919.0,달서구,달서구,0.37746499551818996,0.02015269063147158,0.0,0.0,0.0,0.44815009427255587,0.15423221957778258,2017,22070,달서구,583043,290940,292103,53121,66188,83578,77077,101696,104183,60643,29329,11515,1145,75009,441526,66508,0.1433479177350555,0.1321977967319734,0.174422812725648,0.178688364323043,0.1040111964297659,0.0720169867402575,0.1140704887975672,0.7572786226744854,0.5009973535399619,2017
7회지방선거_기초의원비례,대구광역시,동구,20180613,9,295860,171571,167564,4007,61802,3426.0,0.0,0.0,0.0,74292.0,28044.0,동구,동구,0.36882623952638993,0.020445919171182353,0.0,0.0,0.0,0.44336492325320476,0.167362918049223,2017,22020,동구,340396,167950,172446,31870,29056,41076,48248,53076,56934,45322,26494,10033,1075,42196,240581,57619,0.1206712182281812,0.1417407960140542,0.1559242764309804,0.1672581346431803,0.1331449253222717,0.1104654578784709,0.16927049671559,0.7067679996239674,0.5066040729033243,2017
7회지방선거_기초의원비례,대구광역시,북구,20180613,9,360010,205677,200713,4964,76664,0.0,0.0,0.0,0.0,92195.0,31854.0,북구,북구,0.38195831859421164,0.0,0.0,0.0,0.0,0.45933746194815483,0.15870421945763355,2017,22050,북구,445293,222709,222584,42559,50890,65793,58916,78873,73385,44295,24782,9181,944,59766,331913,53614,0.1477521541995944,0.1323083902059992,0.1771260720469443,0.1648016025403498,0.0994738295908536,0.0783910818270217,0.1204016232009036,0.7453811310754941,0.4998596429766468,2017
7회지방선거_기초의원비례,대구광역시,서구,20180613,9,167260,89591,86918,2673,33386,0.0,0.0,0.0,0.0,53532.0,0.0,서구,서구,0.3841091603580386,0.0,0.0,0.0,0.0,0.6158908396419613,0.0,2017,22030,서구,191414,96275,95139,11300,14988,25880,22868,28452,37946,28837,15850,5701,650,15858,140716,34840,0.1352043215229816,0.1194687953859174,0.1486411652230244,0.1982404630800255,0.1506525123554181,0.1159842017825237,0.1820138547859613,0.7351395404724838,0.4970326099449361,2017
7회지방선거_기초의원비례,대구광역시,수성구,20180613,9,351854,211770,206799,4971,95856,4432.0,0.0,0.0,0.0,106511.0,0.0,수성구,수성구,0.4635225508827412,0.021431438256471258,0.0,0.0,0.0,0.5150460108607875,0.0,2017,22060,수성구,425546,207706,217840,37456,57154,51717,46110,80390,73259,45699,26107,11152,1195,58086,309803,57657,0.1215309273263055,0.1083549134523647,0.1889102470708219,0.1721529517372975,0.1073890954209415,0.0903639089546136,0.1354894652986986,0.7280129527712633,0.5119070558764505,2017
7회지방선거_기초의원비례,대전광역시,대덕구,20180613,9,154079,88824,86162,2662,56467,0.0,0.0,0.0,0.0,29695.0,0.0,대덕구,대덕구,0.655358510712379,0.0,0.0,0.0,0.0,0.344641489287621,0.0,2017,25050,대덕구,188469,95463,93006,15977,20892,28450,23699,32176,33175,20356,10770,4241,473,22765,142036,23668,0.1509532071587369,0.1257448174500846,0.1707230366797722,0.1760236431455571,0.1080071523698857,0.0821567472634756,0.1255803341663615,0.753630570544758,0.4934816866434268,2017
7회지방선거_기초의원비례,대전광역시,동구,20180613,9,191362,106298,103874,2424,61256,0.0,0.0,0.0,0.0,30073.0,12545.0,동구,동구,0.5897144617517377,0.0,0.0,0.0,0.0,0.2895142191501242,0.12077131909813812,2017,25010,동구,239752,121017,118735,20662,26175,38533,30470,36134,36939,27970,17142,6868,908,28392,174459,36901,0.1607202442523941,0.1270896593146251,0.1507140712069138,0.154071707431012,0.116662217624879,0.103932396810037,0.1539132103173279,0.727664419900564,0.4952409156127998,2017
7회지방선거_기초의원비례,대전광역시,서구,20180613,9,395367,226423,220906,5517,139631,0.0,0.0,0.0,0.0,58102.0,23173.0,서구,서구,0.6320833295609898,0.0,0.0,0.0,0.0,0.26301684879541526,0.10489982164359501,2017,25030,서구,487449,239928,247521,47868,57459,76136,70571,84108,76917,45899,22714,9327,1280,67535,368462,51452,0.1561927504210697,0.1447761714558856,0.1725472818694879,0.1577949693198673,0.0941616456285683,0.068357920520916,0.1055536066337196,0.7558985657986784,0.5077885071053587,2017
7회지방선거_기초의원비례,대전광역시,유성구,20180613,9,272663,168228,165561,2667,108822,0.0,0.0,0.0,0.0,36924.0,19815.0,유성구,유성구,0.6572924783010492,0.0,0.0,0.0,0.0,0.22302353815210105,0.1196839835468498,2017,25040,유성구,366639,188954,177685,44153,44296,62950,61047,63163,51057,26077,11607,5537,797,59192,279970,27477,0.1716947733328969,0.1665043816942551,0.172275726259345,0.1392568712002814,0.0711244575727077,0.0489336922695076,0.0749429275118031,0.7636121634632431,0.4846320222344049,2017
7회지방선거_기초의원비례,대전광역시,중구,20180613,9,206042,116930,114548,2382,67293,0.0,0.0,0.0,0.0,35688.0,11567.0,중구,중구,0.5874655166393128,0.0,0.0,0.0,0.0,0.31155498131787546,0.10097950204281175,2017,25020,중구,243540,120356,123184,21472,25045,30972,31426,40250,39382,30252,18469,7522,970,30188,173249,40103,0.1271741808327174,0.1290383509895705,0.1652705920998604,0.1617064958528373,0.1242177876324217,0.1107046070460704,0.1646669951548,0.7113780077194711,0.5058060277572473,2017
7회지방선거_기초의원비례,부산광역시,강서구,20180613,9,92854,55495,54201,1294,34674,0.0,0.0,0.0,0.0,19527.0,0.0,강서구,강서구,0.6397298942823934,0.0,0.0,0.0,0.0,0.3602701057176067,0.0,2017,21120,강서구,116702,61825,54877,18442,8478,12806,27162,17073,15121,11322,5254,1920,222,21911,82937,11854,0.1097324810200339,0.232746653870542,0.1462956933043135,0.129569330431355,0.0970163321965347,0.0633750921149594,0.101574951586091,0.7106733389316379,0.4702318726328597,2017
7회지방선거_기초의원비례,부산광역시,기장군,20180613,9,127882,76252,73573,2679,45499,0.0,0.0,0.0,0.0,28074.0,0.0,기장군,기장군,0.6184198007421201,0.0,0.0,0.0,0.0,0.38158019925787995,0.0,2017,21510,기장군,156561,77587,78974,21770,15493,14750,27350,27069,20648,16855,9900,3965,548,27929,106825,21807,0.0942124794808413,0.1746922924610854,0.1728974648858911,0.1318846966996889,0.1076577180779376,0.092059963847957,0.1392875620365225,0.6823219064773475,0.5044295833572856,2017
7회지방선거_기초의원비례,부산광역시,남구,20180613,9,234211,140408,135415,4993,72017,0.0,0.0,0.0,0.0,51830.0,11568.0,남구,남구,0.5318243916848208,0.0,0.0,0.0,0.0,0.38274932614555257,0.08542628216962671,2017,21070,남구,275941,135757,140184,21382,27913,40733,33627,43173,43880,37441,22156,7121,736,30051,199389,46501,0.1476148886899735,0.1218630069471372,0.1564573586382596,0.1590195005454064,0.1356848021859745,0.1087660043270119,0.1685179078136268,0.722578377261806,0.5080216423075947,2017
7회지방선거_기초의원비례,부산광역시,동구,20180613,9,79091,46271,44804,1467,24043,0.0,0.0,0.0,0.0,20761.0,0.0,동구,동구,0.5366261940898134,0.0,0.0,0.0,0.0,0.46337380591018656,0.0,2017,21030,동구,86106,42082,44024,4707,5972,10043,10407,12186,14883,14550,9747,3639,436,6530,59105,20471,0.1166353099667851,0.1208626576545188,0.14152323879869,0.1728450979025851,0.1689777715838617,0.1605230762083943,0.237741853064827,0.6864213875920377,0.5112767983648062,2017
7회지방선거_기초의원비례,부산광역시,동래구,20180613,9,226713,135568,131769,3799,69310,0.0,0.0,0.0,0.0,50198.0,12261.0,동래구,동래구,0.5259962510150339,0.0,0.0,0.0,0.0,0.38095454924906463,0.09304919973590146,2017,21060,동래구,261671,127795,133876,22053,25670,31726,33728,42686,45412,36106,18990,6772,852,31233,188364,42074,0.1212438520126418,0.1288946807250325,0.1631285086998559,0.1735461705729714,0.1379824283164737,0.1017078698059777,0.1607896939286355,0.7198504992910946,0.5116195527972148,2017
7회지방선거_기초의원비례,부산광역시,부산진구,20180613,9,319402,184003,178194,5809,104364,0.0,0.0,0.0,0.0,73830.0,0.0,부산진구,부산진구,0.5856762853968147,0.0,0.0,0.0,0.0,0.4143237146031853,0.0,2017,21050,부산진구,366492,177345,189147,27389,30707,54057,52049,54251,61079,49918,28587,9912,1000,37001,268504,60987,0.1474984447136636,0.1420194710935027,0.1480277877825437,0.1666584809491066,0.1362048830533818,0.1077758859674972,0.1664074522772666,0.7326326359101972,0.5161013064405225,2017
7회지방선거_기초의원비례,부산광역시,북구,20180613,9,253907,152057,147645,4412,83803,1239.0,0.0,0.0,0.0,51524.0,11079.0,북구,북구,0.5675979545531511,0.008391750482576451,0.0,0.0,0.0,0.3489721968234617,0.07503809814081072,2017,21080,북구,296945,146861,150084,24927,28199,41698,38475,45987,57136,37386,18118,6464,757,34355,222176,40414,0.1404233107141053,0.1295694488878412,0.1548670629241105,0.1924127363653201,0.1259021030830625,0.0853323005943861,0.1360992776440081,0.7482058967148799,0.5054269309131321,2017
7회지방선거_기초의원비례,부산광역시,사상구,20180613,9,195478,114122,110563,3559,61703,0.0,0.0,0.0,0.0,40289.0,8571.0,사상구,사상구,0.5580800086828324,0.0,0.0,0.0,0.0,0.3643985781861925,0.0775214131309751,2017,21150,사상구,231587,116752,114835,17309,19541,35596,31533,33934,44572,30920,14349,4758,559,23429,175803,32355,0.1537046552699417,0.1361604926010527,0.1465280866369874,0.1924633075258973,0.1335135391882964,0.0849184107916247,0.1397099146325139,0.7591229214075056,0.4958611666457961,2017
7회지방선거_기초의원비례,부산광역시,사하구,20180613,9,281099,160602,156518,4084,86941,0.0,0.0,0.0,0.0,57004.0,12573.0,사하구,사하구,0.5554696584418406,0.0,0.0,0.0,0.0,0.3642009225775949,0.08032941898056453,2017,21100,사하구,330293,164623,165670,27256,31542,44362,45295,50826,58319,43928,22349,7924,1038,37246,243633,49414,0.1343110510970562,0.13713581577569,0.1538815536508494,0.1765674719113029,0.1329970662411858,0.0947976493598108,0.1496065614469577,0.7376268949084601,0.5015849563872077,2017
7회지방선거_기초의원비례,부산광역시,서구,20180613,9,97123,55356,53641,1715,28070,0.0,1605.0,0.0,0.0,23966.0,0.0,서구,서구,0.5232937491843925,0.0,0.029921142409723905,0.0,0.0,0.44678510840588354,0.0,2017,21020,서구,106924,52450,54474,6400,8385,13922,12424,15014,18707,16936,11094,4187,516,9106,74384,23434,0.1302046313269238,0.1161946803336949,0.1404174927986233,0.1749560435449478,0.1583928771837941,0.1477404511615727,0.2191650144027533,0.6956716920429464,0.5094646664920879,2017
7회지방선거_기초의원비례,부산광역시,수영구,20180613,9,155794,90431,87834,2597,49331,0.0,0.0,0.0,0.0,38503.0,0.0,수영구,수영구,0.5616390008424984,0.0,0.0,0.0,0.0,0.43836099915750165,0.0,2017,21140,수영구,173059,82221,90838,12336,12841,22484,25116,25635,28745,26050,14767,5504,676,16792,123977,32290,0.1299210095978828,0.1451296956529276,0.1481286728803471,0.1660994227402215,0.1505266989870506,0.1210396454388387,0.186583766230014,0.7163857412789858,0.5248961336885108,2017
7회지방선거_기초의원비례,부산광역시,영도구,20180613,9,107930,61309,58956,2353,34757,0.0,0.0,0.0,0.0,24199.0,0.0,영도구,영도구,0.5895413528733293,0.0,0.0,0.0,0.0,0.41045864712667074,0.0,2017,21040,영도구,123531,62131,61400,7103,10549,16860,13452,16957,21271,20140,13120,4363,444,10026,86610,26895,0.1364839594919493,0.1088957427690215,0.1372691874913989,0.1721915956318656,0.1630359990609644,0.1451214674858942,0.2177186293319085,0.7011195570342666,0.4970412285175381,2017
7회지방선거_기초의원비례,부산광역시,중구,20180613,9,39832,22491,21744,747,11817,0.0,0.0,0.0,0.0,9927.0,0.0,중구,중구,0.5434602649006622,0.0,0.0,0.0,0.0,0.45653973509933776,0.0,2017,21010,중구,43799,21696,22103,2055,2677,5845,5602,6480,7694,7215,4566,1613,236,2864,31355,9580,0.1334505354003516,0.1279024635265645,0.1479485833009886,0.1756661110984269,0.1647297883513322,0.1464645311536793,0.2187264549418936,0.715883924290509,0.5046462247996529,2017
7회지방선거_기초의원비례,부산광역시,해운대구,20180613,9,342079,200300,192975,7325,102458,0.0,0.0,0.0,0.0,70668.0,19849.0,해운대구,해운대구,0.530939240834305,0.0,0.0,0.0,0.0,0.36620287602020984,0.10285788314548516,2017,21090,해운대구,399670,193944,205726,35248,43058,47530,50980,70094,69650,49182,26659,9860,1064,50172,291393,58105,0.1189231115670428,0.1275552330672805,0.1753796882428003,0.1742687717366827,0.123056521630345,0.0940350789401256,0.1453824405134235,0.7290839942952936,0.5147396602196812,2017
7회지방선거_기초의원비례,서울특별시,강남구,20180613,9,454862,265989,259850,6139,104985,0.0,0.0,0.0,0.0,97985.0,56880.0,강남구,강남구,0.40402155089474695,0.0,0.0,0.0,0.0,0.3770829324610352,0.21889551664421783,2017,11230,강남구,522514,250087,272427,43530,57015,71238,87259,95979,78705,54844,27974,9140,1510,63845,396963,61706,0.1363370168072051,0.166998396215221,0.1836869442732634,0.1506275429940633,0.1049617809283579,0.073919550480944,0.1180944434024734,0.7597174429776045,0.5213774176385705,2017
7회지방선거_기초의원비례,서울특별시,강동구,20180613,9,365176,218394,213548,4846,129546,1310.0,0.0,0.0,0.0,58514.0,24178.0,강동구,강동구,0.6066364470751306,0.006134452207466237,0.0,0.0,0.0,0.2740086537921217,0.11322044692528144,2017,11250,강동구,423978,209931,214047,37018,39281,56487,68187,69376,71798,51997,24020,8161,1206,50769,318730,54479,0.1332309695314379,0.1608267410101467,0.1636311318040087,0.1693436923613961,0.122640797399865,0.0787470104580898,0.1284948747340664,0.7517607045648595,0.5048540254447165,2017
7회지방선거_기초의원비례,서울특별시,강북구,20180613,9,280860,156250,152512,3738,97442,0.0,0.0,0.0,0.0,37135.0,17935.0,강북구,강북구,0.6389136592530423,0.0,0.0,0.0,0.0,0.24348903692824173,0.1175973038187159,2017,11090,강북구,313698,152464,161234,22312,25737,42899,44382,50745,52602,40851,26989,8321,963,31030,228382,54286,0.1367525454417943,0.1414800221869441,0.1617638620584128,0.1676835682726699,0.130223973375667,0.1156303196067555,0.1730517886629816,0.7280314187530682,0.5139784123583829,2017
7회지방선거_기초의원비례,서울특별시,강서구,20180613,9,509021,303529,295826,7703,164448,0.0,0.0,0.0,0.0,69846.0,61532.0,강서구,강서구,0.5558943432963972,0.0,0.0,0.0,0.0,0.23610500767342965,0.20800064903017315,2017,11160,강서구,581675,282678,298997,52946,48824,82439,105826,92823,90601,66746,32772,11568,1608,70300,438069,73306,0.1417269093565994,0.1819332101259294,0.1595788025959513,0.1557588000171917,0.1147479262474749,0.0789925645764387,0.1260257016375123,0.7531164309966906,0.5140275927278979,2017
7회지방선거_기초의원비례,서울특별시,관악구,20180613,9,449742,265333,258648,6685,143856,0.0,0.0,0.0,0.0,49933.0,64859.0,관악구,관악구,0.5561844669202932,0.0,0.0,0.0,0.0,0.19305388017692,0.2507616529027868,2017,11210,관악구,511687,257091,254596,32706,34390,104380,94704,74606,73289,57163,32958,9227,1075,43704,399771,68212,0.2039918934817574,0.1850818957683115,0.1458039778223797,0.1432301387371576,0.1117147787612349,0.0845438715464727,0.1333080574648173,0.7812803530283161,0.4975619861360558,2017
7회지방선거_기초의원비례,서울특별시,광진구,20180613,9,308174,180300,175158,5142,111611,0.0,0.0,0.0,0.0,42249.0,21298.0,광진구,광진구,0.6372018406238938,0.0,0.0,0.0,0.0,0.2412050834104066,0.12159307596569954,2017,11050,광진구,363934,177156,186778,26602,30908,66517,62019,57778,57481,37769,20017,6562,825,36540,284819,42575,0.182772150994411,0.1704127671500876,0.1587595553039837,0.1579434732671308,0.1037798062286018,0.0752993674677276,0.1169854973704023,0.7826116823380064,0.5132194298966296,2017
7회지방선거_기초의원비례,서울특별시,구로구,20180613,9,351457,211111,204579,6532,127009,0.0,0.0,0.0,0.0,52868.0,24702.0,구로구,구로구,0.6208310725929836,0.0,0.0,0.0,0.0,0.2584233963407779,0.12074553106623848,2017,11170,구로구,436869,218428,218441,38484,33124,56978,74323,71612,73059,55432,27691,8448,965,49929,327225,59715,0.1304235365750373,0.1701265138977588,0.1639209923340864,0.1672331980525054,0.1268847183022828,0.0849316385461087,0.1366885725469191,0.7490231625498719,0.5000148786020523,2017
7회지방선거_기초의원비례,서울특별시,금천구,20180613,9,206762,116898,114128,2770,73016,0.0,0.0,0.0,0.0,27685.0,13427.0,금천구,금천구,0.6397728865834852,0.0,0.0,0.0,0.0,0.2425785083415113,0.1176486050750035,2017,11180,금천구,249930,127252,122678,17676,17825,35668,39983,40271,46725,32005,15862,4806,590,23593,192087,34250,0.1427119593486176,0.1599767935021806,0.1611291161525227,0.1869523466570639,0.128055855639579,0.0850558156283759,0.1370383707438082,0.7685631976953547,0.4908494378425959,2017
7회지방선거_기초의원비례,서울특별시,노원구,20180613,9,456370,282889,276035,6854,173650,0.0,0.0,0.0,0.0,60982.0,41403.0,노원구,노원구,0.6290868911551072,0.0,0.0,0.0,0.0,0.2209212599851468,0.14999184885974604,2017,11110,노원구,543495,263654,279841,45633,62979,77266,73191,95603,87699,58294,33139,12966,1660,66976,404900,71619,0.1421650613161114,0.1346672922473988,0.1759041021536536,0.1613611900753457,0.1072576564641809,0.0878848931452911,0.1317749013330389,0.7449930542139303,0.5148915813392948,2017
7회지방선거_기초의원비례,서울특별시,도봉구,20180613,9,292696,173660,169841,3819,105496,0.0,0.0,0.0,0.0,44303.0,20042.0,도봉구,도봉구,0.6211456597641324,0.0,0.0,0.0,0.0,0.26084985368668345,0.11800448654918423,2017,11100,도봉구,332586,161944,170642,25795,30310,44924,45630,53558,58116,42148,24682,8921,1169,35920,244595,52071,0.1350748377863169,0.137197597012502,0.1610350405609376,0.1747397665566199,0.1267281244550281,0.1045504020012868,0.1565640165250491,0.735433842675278,0.5130763171029448,2017
7회지방선거_기초의원비례,서울특별시,동대문구,20180613,9,302939,178014,173801,4213,106966,0.0,0.0,0.0,0.0,45741.0,21094.0,동대문구,동대문구,0.6154510043095264,0.0,0.0,0.0,0.0,0.26318030391079456,0.12136869177967906,2017,11060,동대문구,357380,176460,180920,25804,29701,65689,53417,53672,54502,41450,25887,8617,992,34849,269496,53035,0.1838071520510381,0.1494683530135989,0.1501818792321898,0.1525043371201522,0.1159829872964351,0.0993228496278471,0.1483994627567295,0.7540880855112205,0.5062398567351278,2017
7회지방선거_기초의원비례,서울특별시,동작구,20180613,9,340489,213145,208440,4705,129118,0.0,0.0,0.0,0.0,50058.0,29264.0,동작구,동작구,0.6194492419881021,0.0,0.0,0.0,0.0,0.24015544041450776,0.14039531759739013,2017,11200,동작구,399771,195019,204752,31524,31595,69635,67416,61175,60028,45012,26287,8796,1060,42011,302577,55183,0.1741872221847007,0.1686365444216814,0.1530251068736851,0.1501559642895557,0.112594460328538,0.0904092593009498,0.1380365259110841,0.7568758114020276,0.5121732191679736,2017
7회지방선거_기초의원비례,서울특별시,마포구,20180613,9,320091,197151,192283,4868,123343,1078.0,0.0,0.0,0.0,43148.0,24714.0,마포구,마포구,0.6414659642298071,0.005606319851468929,0.0,0.0,0.0,0.2243984127561979,0.12852930316252606,2017,11140,마포구,368848,175330,193518,31224,30437,61814,67458,62369,51480,34917,22635,8427,931,41993,280089,46766,0.167586648158591,0.182888344250206,0.1690913330152257,0.1395696872424413,0.094665011061467,0.086737626339305,0.1267893549646467,0.7593615798377652,0.5246551424977226,2017
7회지방선거_기초의원비례,서울특별시,서대문구,20180613,9,269182,163890,160023,3867,101030,0.0,0.0,0.0,0.0,37943.0,21050.0,서대문구,서대문구,0.6313467439055636,0.0,0.0,0.0,0.0,0.23710966548558646,0.13154359060885,2017,11130,서대문구,321345,151132,170213,23414,28625,61827,46305,49512,47919,33552,22920,8441,949,32337,242443,46565,0.1924006908462867,0.1440974653409886,0.1540773934556318,0.149120104560519,0.1044111468981935,0.1005461419969192,0.1449065645956837,0.7544632715617171,0.529689274766995,2017
7회지방선거_기초의원비례,서울특별시,서초구,20180613,9,359734,226761,223048,3713,94217,0.0,0.0,0.0,0.0,80943.0,47888.0,서초구,서초구,0.4224068361966931,0.0,0.0,0.0,0.0,0.36289498224597394,0.21469818155733295,2017,11220,서초구,414550,198241,216309,41646,43523,53742,67847,76589,60337,43418,22927,7542,1178,58126,306502,49922,0.129639367989386,0.1636642142081775,0.1847521408756482,0.1455481847786756,0.1047352550958871,0.0763406103003256,0.1204245567482812,0.7393607526233265,0.5217923049089374,2017
7회지방선거_기초의원비례,서울특별시,성동구,20180613,9,264634,157806,153033,4773,106372,0.0,0.0,0.0,0.0,46661.0,0.0,성동구,성동구,0.6950919082812204,0.0,0.0,0.0,0.0,0.3049080917187796,0.0,2017,11040,성동구,302367,149060,153307,25097,23279,49441,52126,48371,47745,32121,18956,6510,785,32628,230303,39436,0.1635132140742872,0.1723931513690316,0.1599744681132531,0.1579041363640873,0.1062318308545575,0.0868183366571087,0.1304242857190103,0.7616671131439608,0.5070229224750056,2017
7회지방선거_기초의원비례,서울특별시,성북구,20180613,9,373174,222036,217329,4707,117373,0.0,0.0,0.0,0.0,50725.0,49231.0,성북구,성북구,0.5400705842294402,0.0,0.0,0.0,0.0,0.23340189298252878,0.22652752278803104,2017,11080,성북구,445417,215068,230349,36852,43326,75124,63673,73439,65880,48055,30889,10649,1275,50926,331288,63203,0.168659929908378,0.1429514365190372,0.1648769579966638,0.147906343942867,0.1078876648174631,0.0961189177781719,0.1418962455406955,0.7437704443252053,0.5171535886596156,2017
7회지방선거_기초의원비례,서울특별시,송파구,20180613,9,554983,348798,342863,5935,195877,1819.0,0.0,0.0,0.0,100193.0,44974.0,송파구,송파구,0.5712981569898181,0.005305326034013585,0.0,0.0,0.0,0.2922245911632343,0.13117192581293402,2017,11240,송파구,633953,307723,326230,58800,61192,86974,109211,107252,100506,70683,32219,11046,1610,80931,479690,73332,0.1371931357687399,0.1722698685864725,0.1691797341443293,0.1585385667391746,0.1114956471536533,0.0707860046407225,0.1156741903579603,0.7566649262642499,0.5145965079430178,2017
7회지방선거_기초의원비례,서울특별시,양천구,20180613,9,383104,238469,233025,5444,142501,0.0,0.0,0.0,0.0,58915.0,31609.0,양천구,양천구,0.6115266602295891,0.0,0.0,0.0,0.0,0.2528269498980796,0.1356463898723313,2017,11150,양천구,452111,222503,229608,40644,53803,57670,62998,83063,76588,48764,23556,8584,1063,60341,338750,53020,0.1275571706948072,0.1393418872798936,0.18372258140147,0.1694008772182052,0.1078584683849762,0.0734399295748168,0.1172720858373275,0.7492629022518806,0.5078575836464939,2017
7회지방선거_기초의원비례,서울특별시,영등포구,20180613,9,325036,195755,190310,5445,114244,0.0,0.0,0.0,0.0,50701.0,25365.0,영등포구,영등포구,0.600304765908255,0.0,0.0,0.0,0.0,0.2664126950764542,0.13328253901529083,2017,11190,영등포구,393560,196929,196631,30767,26128,55881,70890,63744,66665,47752,24453,8692,1058,39869,300105,53586,0.1419885150929972,0.1801250127045431,0.16196767964224,0.169389673747332,0.1213334688484602,0.0869066978351458,0.1361571297896127,0.7625393840837483,0.49962140461429,2017
7회지방선거_기초의원비례,서울특별시,용산구,20180613,9,200009,116021,112825,3196,63084,0.0,0.0,0.0,0.0,34302.0,15439.0,용산구,용산구,0.5591313981830268,0.0,0.0,0.0,0.0,0.30402836250830934,0.13684023930866385,2017,11030,용산구,223891,108467,115424,17375,17035,33113,39350,37577,34248,24351,15436,6216,781,23214,168123,32554,0.1478978610127249,0.175755166576593,0.1678361345476146,0.1529672921198261,0.1087627461577285,0.1001960775555962,0.1454011103617385,0.7509145075058845,0.5155365780670058,2017
7회지방선거_기초의원비례,서울특별시,은평구,20180613,9,413112,238077,231993,6084,150376,0.0,0.0,0.0,0.0,53023.0,28594.0,은평구,은평구,0.6481919713094791,0.0,0.0,0.0,0.0,0.2285543098283138,0.12325371886220705,2017,11120,은평구,466243,225813,240430,38678,43056,60894,71139,78950,74562,55220,34586,11614,1371,53575,341559,71109,0.1306057141876661,0.1525792344335464,0.1693323009675212,0.1599208996167234,0.1184360944829198,0.1020304862485871,0.1525148903039831,0.7325772183174868,0.5156753023637889,2017
7회지방선거_기초의원비례,서울특별시,종로구,20180613,9,134963,81149,79184,1965,47744,0.0,0.0,0.0,0.0,20799.0,10641.0,종로구,종로구,0.6029500909274601,0.0,0.0,0.0,0.0,0.26266670034350376,0.13438320872903617,2017,11010,종로구,157277,76670,80607,9716,15200,28682,21761,24214,24973,17196,11456,4437,603,13733,119870,23674,0.1823661438099658,0.1383609809444483,0.1539576670460398,0.1587835474989986,0.1093357579302758,0.1048850117944772,0.1505242343127094,0.762158484711687,0.5125161339547423,2017
7회지방선거_기초의원비례,서울특별시,중구,20180613,9,112336,66439,64629,1810,39520,0.0,0.0,0.0,0.0,20200.0,4909.0,중구,중구,0.6114901978987761,0.0,0.0,0.0,0.0,0.3125531881972489,0.075956613903975,2017,11020,중구,127896,62195,65701,8612,8886,21456,21164,19550,20736,15291,9039,3436,434,11035,97649,19212,0.1677613060611747,0.1654782010383436,0.1528585725902295,0.1621317320322762,0.1195580784387314,0.100933571026459,0.1502158003377744,0.7635031588165384,0.5137064489898042,2017
7회지방선거_기초의원비례,서울특별시,중랑구,20180613,9,352041,198806,194087,4719,122672,0.0,0.0,0.0,0.0,51448.0,19967.0,중랑구,중랑구,0.6320464533946117,0.0,0.0,0.0,0.0,0.2650770015508509,0.1028765450545374,2017,11070,중랑구,396892,196346,200546,30608,31450,56425,62561,62191,70229,49346,27178,8564,1030,41192,298451,57249,0.142167138667446,0.157627263840037,0.1566950203077915,0.1769473811515475,0.1243310522761859,0.0926498896425224,0.144243270209528,0.7519703093032866,0.505291111939772,2017
7회지방선거_기초의원비례,울산광역시,남구,20180613,9,274930,176627,171373,5254,84335,0.0,0.0,13166.0,0.0,62571.0,11301.0,남구,남구,0.4921136935223168,0.0,0.0,0.07682657128018999,0.0,0.36511585839076166,0.06594387680673151,2017,26020,남구,333117,170349,162768,30537,35642,47639,47361,59593,62577,34064,13439,4641,583,42635,258810,31672,0.1430098133688764,0.1421752717513666,0.1788951029217962,0.1878529165428363,0.1022583656793258,0.0560253604589378,0.0950777054308246,0.7769342303154747,0.4886211151037023,2017
7회지방선거_기초의원비례,울산광역시,동구,20180613,9,134316,86752,83880,2872,44702,0.0,0.0,13864.0,0.0,25314.0,0.0,동구,동구,0.5329279923700525,0.0,0.0,0.1652837386742966,0.0,0.3017882689556509,0.0,2017,26030,동구,172306,91965,80341,20709,16992,21397,32198,26967,29346,18000,6200,1928,289,26746,130317,15243,0.1241802374844752,0.1868652281406335,0.156506447831184,0.17031327986257,0.1044653117128829,0.0488491404826297,0.0884647081355263,0.7563114459159866,0.4662693115735958,2017
7회지방선거_기초의원비례,울산광역시,북구,20180613,9,159030,104110,101266,2844,53728,0.0,0.0,14633.0,0.0,26729.0,6176.0,북구,북구,0.5305630715146249,0.0,0.0,0.1445006221239113,0.0,0.2639484130902771,0.060987893271186776,2017,26040,북구,196147,102170,93977,26844,22845,24665,33203,35892,32983,13599,5927,2315,303,35099,147457,13591,0.1257475260901263,0.16927610414638,0.1829852100720378,0.1681544963726185,0.069330655069922,0.0435642655763279,0.0692898693326943,0.7517678067979627,0.4791151534308452,2017
7회지방선거_기초의원비례,울산광역시,울주군,20180613,9,179366,114739,110016,4723,58041,0.0,0.0,7893.0,0.0,44082.0,0.0,울주군,울주군,0.5275687172774869,0.0,0.0,0.07174410994764398,0.0,0.4006871727748691,0.0,2017,26510,울주군,222160,116628,105532,22670,23783,28739,30623,40441,38037,22432,11785,5250,667,31401,164054,26705,0.1293617212819589,0.1378420957868203,0.1820354699315808,0.1712144400432121,0.1009722722362261,0.0796813107670147,0.1202061577241627,0.7384497659344617,0.4750270075621174,2017
7회지방선거_기초의원비례,울산광역시,중구,20180613,9,194908,128312,123536,4776,72632,0.0,0.0,0.0,0.0,50904.0,0.0,중구,중구,0.5879419764279239,0.0,0.0,0.0,0.0,0.41205802357207616,0.0,2017,26010,중구,233343,118977,114366,23336,22899,29439,33361,39079,43928,27028,12075,3926,407,31236,174900,27207,0.1261619161491881,0.1429697912515053,0.1674744903425429,0.1882550580047398,0.1158294870641073,0.0703170868635442,0.1165965981409341,0.7495403761844153,0.4901196950412054,2017
7회지방선거_기초의원비례,인천광역시,강화군,20180613,9,60755,39930,38006,1924,18915,0.0,0.0,0.0,0.0,19091.0,0.0,강화군,강화군,0.4976845761195601,0.0,0.0,0.0,0.0,0.5023154238804399,0.0,2017,23510,강화군,63737,32025,31712,3759,4875,5270,5268,7782,11833,11119,8944,4651,616,5451,39125,19161,0.0826835276213188,0.0826521486734549,0.1220954861383497,0.1856535450366349,0.1744512606492304,0.222963114046786,0.3006260100098843,0.6138506675871158,0.4975445973296515,2017
7회지방선거_기초의원비례,인천광역시,계양구,20180613,9,266216,143843,139624,4219,94826,0.0,0.0,0.0,0.0,32874.0,11924.0,계양구,계양구,0.6791525812181287,0.0,0.0,0.0,0.0,0.23544662808686187,0.08540079069500946,2017,23070,계양구,318104,158179,159925,28073,32527,47906,45240,54628,62653,29124,13987,6002,830,38977,247626,31501,0.150598546387345,0.1422176395141211,0.17173000025149,0.1969575987727284,0.0915549631567034,0.0654471493599577,0.0990273621205643,0.7784435279028242,0.5027443854839927,2017
7회지방선거_기초의원비례,인천광역시,남동구,20180613,9,441132,246472,240950,5522,156001,0.0,0.0,0.0,0.0,63736.0,21213.0,남동구,남동구,0.6474413778792281,0.0,0.0,0.0,0.0,0.26451960987756795,0.08803901224320398,2017,23050,남동구,534052,268110,265942,56067,52886,71180,86834,93104,89538,51933,26107,10155,1446,75276,400545,58231,0.133282901290511,0.1625946537041336,0.1743350834750174,0.1676578310726296,0.0972433395998891,0.070607356586999,0.1090361987222218,0.7500112348610247,0.4979702351081917,2017
7회지방선거_기초의원비례,인천광역시,동구,20180613,9,57559,34749,33147,1602,20927,0.0,0.0,0.0,0.0,12220.0,0.0,동구,동구,0.6313391860500196,0.0,0.0,0.0,0.0,0.3686608139499804,0.0,2017,23020,동구,68172,34284,33888,6121,5862,7197,9942,10893,10867,9181,6124,2311,291,8185,47234,12753,0.1055712022531244,0.145837000528076,0.1597870093293434,0.1594056210761016,0.1346740597312679,0.1279997652995364,0.1870709382151029,0.6928651059085842,0.497095581763774,2017
7회지방선거_기초의원비례,인천광역시,미추홀구,20180613,9,356508,183757,178715,5042,94297,0.0,0.0,0.0,0.0,54948.0,29470.0,남구,남구,0.5276389782614778,0.0,0.0,0.0,0.0,0.3074616008728982,0.16489942086562404,2017,23090,미추홀구,421851,213845,208006,36205,36784,62670,64724,66960,69600,48458,28191,10160,1311,48339,313742,59770,0.1485595624995555,0.1534285802333051,0.1587290299181464,0.1649871637142024,0.1148699422307876,0.0940189782648375,0.1416850973447971,0.743727050546283,0.4930793099933389,2017
7회지방선거_기초의원비례,인천광역시,부평구,20180613,9,448618,241740,235367,6373,155192,1742.0,0.0,0.0,0.0,59521.0,18912.0,부평구,부평구,0.6593617626940055,0.0074012074759843135,0.0,0.0,0.0,0.2528859185867178,0.08035111124329239,2017,23060,부평구,538234,266993,271241,48617,50921,76426,83884,89104,96292,56054,28527,11561,1499,66165,408583,63486,0.1419940026085308,0.1558504293671525,0.1655488133414091,0.1789035995496382,0.1041442941174284,0.0772656502562082,0.1179524147489753,0.7591177814853762,0.5039462389964217,2017
7회지방선거_기초의원비례,인천광역시,서구,20180613,9,422819,230115,225107,5008,149774,0.0,0.0,0.0,0.0,53415.0,21918.0,서구,서구,0.6653458133243302,0.0,0.0,0.0,0.0,0.23728715677433398,0.0973670299013358,2017,23080,서구,509776,259613,250163,58748,55845,66410,83662,94279,84015,42862,20210,8228,1132,79714,384123,45939,0.1302729041775211,0.1641152192335457,0.1849420137472144,0.1648076802360252,0.0840800665390289,0.0580058692445309,0.090116050971407,0.7535133078057814,0.4907312231254512,2017
7회지방선거_기초의원비례,인천광역시,연수구,20180613,9,269626,160501,156904,3597,98257,0.0,0.0,0.0,0.0,43877.0,14770.0,연수구,연수구,0.6262236781726406,0.0,0.0,0.0,0.0,0.2796423290674553,0.09413399275990414,2017,23040,연수구,337595,168613,168982,37344,41561,48821,50065,61665,56885,26029,12677,5516,826,51777,257341,28477,0.1446141086212769,0.1482989973192731,0.1826596957893333,0.1685007183163257,0.0771012603859654,0.0563367348450065,0.0843525526148195,0.762277284912395,0.5005465128334247,2017
7회지방선거_기초의원비례,인천광역시,옹진군,20180613,9,18938,13907,13051,856,6823,0.0,0.0,0.0,0.0,6228.0,0.0,옹진군,옹진군,0.5227951881081909,0.0,0.0,0.0,0.0,0.4772048118918091,0.0,2017,23520,옹진군,19294,11004,8290,1331,1106,2490,2280,2442,3619,3033,1992,963,163,1745,13171,4378,0.1290556649735669,0.1181714522649528,0.1265678449258837,0.1875712656784492,0.1571991292629833,0.1616046439307557,0.2269099201824401,0.6826474551674095,0.4296672540686224,2017
7회지방선거_기초의원비례,인천광역시,중구,20180613,9,98608,53643,52234,1409,34543,0.0,0.0,0.0,0.0,17691.0,0.0,중구,중구,0.661312555040778,0.0,0.0,0.0,0.0,0.338687444959222,0.0,2017,23010,중구,115152,59415,55737,11966,12174,13030,18551,20556,16909,12537,7493,2699,444,16318,82927,15907,0.1131547867166875,0.1611001111574267,0.1785118799499791,0.1468406975128525,0.1088734889537307,0.092364874253161,0.138139155203557,0.7201524940947617,0.4840298040850354,2017
7회지방선거_기초의원비례,전라남도,강진군,20180613,9,31919,23897,22581,1316,15641,0.0,0.0,0.0,0.0,0.0,6940.0,강진군,강진군,0.6926619724547186,0.0,0.0,0.0,0.0,0.0,0.30733802754528144,2017,36590,강진군,33637,16212,17425,2441,2752,2594,2746,3948,5768,5297,5248,2775,297,3398,19263,10976,0.077117459939947,0.0816362933674227,0.117370752445224,0.1714778369057882,0.1574753991140708,0.2473466718197223,0.3263073401314029,0.5726729494306865,0.5180307399589738,2017
7회지방선거_기초의원비례,전라남도,고흥군,20180613,9,59446,47951,43926,4025,30664,0.0,0.0,0.0,0.0,0.0,13262.0,고흥군,고흥군,0.6980831398260712,0.0,0.0,0.0,0.0,0.0,0.3019168601739289,2017,36550,고흥군,60984,29552,31432,3151,3820,3807,4145,6693,10303,11104,11176,6350,766,4553,32435,23996,0.0624262101534828,0.067968647514102,0.109750098386462,0.1689459530368621,0.1820805457169093,0.2999475272202545,0.3934802571166207,0.5318608159517251,0.5154138790502427,2017
7회지방선거_기초의원비례,전라남도,광양시,20180613,9,122154,83732,81317,2415,56573,0.0,0.0,3850.0,0.0,0.0,20894.0,광양시,광양시,0.6957093842615936,0.0,0.0,0.047345573496316885,0.0,0.0,0.2569450422420896,2017,36060,광양시,144010,74408,69602,16662,16964,16510,20028,25695,25219,12864,7303,3803,470,22529,104620,16861,0.1146448163321991,0.1390736754392056,0.178425109367405,0.1751197833483785,0.0893271300604124,0.0803833067148114,0.1170821470731199,0.7264773279633359,0.4833136587736962,2017
7회지방선거_기초의원비례,전라남도,구례군,20180613,9,23743,19332,17900,1432,13042,0.0,0.0,0.0,0.0,0.0,4858.0,구례군,구례군,0.7286033519553072,0.0,0.0,0.0,0.0,0.0,0.2713966480446927,2017,36530,구례군,24420,11767,12653,1593,1740,1737,1973,3176,4399,3770,3907,2051,237,2260,14131,8029,0.0711302211302211,0.0807944307944308,0.13005733005733,0.1801392301392301,0.1543816543816543,0.2536855036855037,0.3287878787878788,0.5786650286650287,0.5181408681408681,2017
7회지방선거_기초의원비례,전라남도,나주시,20180613,9,93513,61420,58792,2628,44732,0.0,0.0,5654.0,0.0,0.0,8406.0,나주시,나주시,0.7608518165736835,0.0,0.0,0.09616954687712614,0.0,0.0,0.14297863654919038,2017,36040,나주시,105579,52440,53139,10889,9579,11652,14623,14394,15498,12560,10840,5654,753,13928,68596,23055,0.1103628562498224,0.1385029219825912,0.1363339300429062,0.1467905549399028,0.1189630513643811,0.1633563492740033,0.218367288949507,0.6497125375311378,0.5033103173926633,2017
7회지방선거_기초의원비례,전라남도,목포시,20180613,9,186864,119938,116419,3519,72692,0.0,0.0,2307.0,0.0,0.0,41420.0,목포시,목포시,0.6243997972839485,0.0,0.0,0.01981635300079884,0.0,0.0,0.3557838497152527,2017,36010,목포시,233948,117464,116484,24972,27111,26774,32325,39574,37378,25315,16380,5923,754,34666,165000,34282,0.1144442354711303,0.138171730470019,0.1691572486193513,0.1597705473011096,0.1082078068630635,0.0985560893873852,0.1465368372458837,0.705284935113786,0.4979055174654196,2017
7회지방선거_기초의원비례,전라남도,무안군,20180613,9,66517,46083,43637,2446,33535,0.0,0.0,0.0,0.0,0.0,10102.0,무안군,무안군,0.7684992093865298,0.0,0.0,0.0,0.0,0.0,0.23150079061347023,2017,36620,무안군,81420,41022,40398,8756,9562,10099,10556,12112,11277,8872,7378,3309,357,11911,54185,15324,0.1240358634242201,0.1296487349545566,0.1487595185458118,0.1385040530582166,0.1089658560550233,0.1356423483173667,0.1882092851879145,0.665499877180054,0.4961680176860722,2017
7회지방선거_기초의원비례,전라남도,보성군,20180613,9,38546,29105,27123,1982,21512,0.0,0.0,0.0,0.0,0.0,5611.0,보성군,보성군,0.793127603878627,0.0,0.0,0.0,0.0,0.0,0.206872396121373,2017,36560,보성군,39942,19109,20833,2574,3119,2743,2999,4427,6456,6628,6730,4024,478,3588,21785,14569,0.0686745781383005,0.07508387161384,0.110835711782084,0.1616343698362626,0.1659406138901407,0.281207751239297,0.3647538931450603,0.5454158529868309,0.5215812928746683,2017
7회지방선거_기초의원비례,전라남도,순천시,20180613,9,225673,144278,139866,4412,104268,0.0,0.0,7547.0,0.0,0.0,28051.0,순천시,순천시,0.7454849641800009,0.0,0.0,0.05395878912673559,0.0,0.0,0.20055624669326355,2017,36030,순천시,266809,132657,134152,27771,32252,32717,33287,45149,45333,26635,17075,8379,1031,39159,189504,38146,0.1226232998137244,0.1247596595317249,0.1692184296631672,0.1699080615721358,0.0998279668227083,0.0992657668969187,0.142971189127803,0.7102608982455614,0.5028016296301849,2017
7회지방선거_기초의원비례,전라남도,신안군,20180613,9,38023,30142,27244,2898,19727,0.0,0.0,0.0,0.0,0.0,7517.0,신안군,신안군,0.7240860372926149,0.0,0.0,0.0,0.0,0.0,0.2759139627073851,2017,36680,신안군,35592,18650,16942,2006,1804,2606,3050,4122,6394,6162,6373,2934,276,2588,20410,12594,0.0732187008316475,0.0856934142503933,0.115812542144302,0.1796471117104967,0.1731287929871881,0.2692458979545965,0.3538435603506406,0.5734434704427961,0.4760058440098899,2017
7회지방선거_기초의원비례,전라남도,여수시,20180613,9,235359,153536,149170,4366,116102,0.0,0.0,10697.0,0.0,0.0,22371.0,여수시,여수시,0.7783200375410605,0.0,0.0,0.07171012938258363,0.0,0.0,0.14996983307635584,2017,36020,여수시,271741,139146,132595,26258,27844,29606,35178,43506,46637,34221,21219,8674,1116,36285,188871,46585,0.1089493304286066,0.1294541493554524,0.1601009785052679,0.1716229792339028,0.1259324135849945,0.1141123349071358,0.1714316205504506,0.6950404981213729,0.4879462429298486,2017
7회지방선거_기초의원비례,전라남도,영암군,20180613,9,46588,31570,30041,1529,21397,0.0,0.0,0.0,0.0,0.0,8644.0,영암군,영암군,0.7122599114543458,0.0,0.0,0.0,0.0,0.0,0.28774008854565425,2017,36610,영암군,57679,30540,27139,4885,5199,6371,7520,8527,9126,6704,6290,3178,319,6587,38187,12905,0.1104561452174968,0.1303767402347475,0.1478354340401186,0.1582204961944555,0.1162294769326791,0.16968047296243,0.2237382756289117,0.662060715338338,0.4705178661211186,2017
7회지방선거_기초의원비례,전라남도,완도군,20180613,9,44758,34566,32438,2128,26085,0.0,0.0,0.0,0.0,0.0,6353.0,완도군,완도군,0.804149454343671,0.0,0.0,0.0,0.0,0.0,0.195850545656329,2017,36660,완도군,48332,24865,23467,3795,3430,3651,5106,6216,8027,7507,7335,3271,327,5139,28559,14634,0.0755400148969626,0.1056442936356865,0.1286104444260531,0.1660804435984441,0.1553215261110651,0.2262062401721427,0.3027807663659687,0.590892162542415,0.4855375320698502,2017
7회지방선거_기초의원비례,전라남도,장흥군,20180613,9,34777,26634,24965,1669,19573,0.0,0.0,0.0,0.0,0.0,5392.0,장흥군,장흥군,0.7840176246745444,0.0,0.0,0.0,0.0,0.0,0.21598237532545564,2017,36580,장흥군,36275,17657,18618,2368,2858,2803,3013,4474,6317,5655,5517,3178,322,3397,21138,11740,0.0772708476912474,0.0830599586492074,0.1233356305995865,0.1741419710544452,0.1558924879393521,0.2485733976567884,0.3236388697450034,0.5827153687112336,0.5132460372157133,2017
7회지방선거_기초의원비례,전라남도,진도군,20180613,9,27441,21409,19578,1831,13312,0.0,0.0,0.0,0.0,0.0,6266.0,진도군,진도군,0.6799468791500664,0.0,0.0,0.0,0.0,0.0,0.3200531208499336,2017,36670,진도군,29432,14921,14511,2122,2071,2478,2696,3587,4942,4560,4860,2131,211,2866,17071,9495,0.0841940744767599,0.0916009785267735,0.1218741505843979,0.1679124762163631,0.154933405816798,0.2446996466431095,0.3226080456645828,0.5800149497145963,0.4930347920630606,2017
7회지방선거_기초의원비례,전라남도,함평군,20180613,9,30165,22406,20834,1572,14802,0.0,0.0,0.0,0.0,0.0,6032.0,함평군,함평군,0.7104732648555246,0.0,0.0,0.0,0.0,0.0,0.28952673514447536,2017,36630,함평군,30948,15284,15664,1883,2506,2375,2427,3573,5170,4940,5251,2683,305,2657,17656,10635,0.0767416311231743,0.0784218689414501,0.1154517254749903,0.1670544138554995,0.1596225927362026,0.2662207573995088,0.3436409461031408,0.5705053638361122,0.5061393304898539,2017
7회지방선거_기초의원비례,전라남도,해남군,20180613,9,62461,44449,41809,2640,27927,0.0,0.0,0.0,0.0,0.0,13882.0,해남군,해남군,0.6679662273673133,0.0,0.0,0.0,0.0,0.0,0.33203377263268674,2017,36600,해남군,67123,33016,34107,5407,5031,5048,6338,8460,11589,10500,9825,4822,520,7281,39528,20314,0.0752052202672705,0.0944236699789937,0.1260372748536269,0.17265318892183,0.1564292418396078,0.2259583153315555,0.302638439879028,0.5888890544224782,0.5081268715641435,2017
7회지방선거_기초의원비례,전라북도,고창군,20180613,9,50442,37328,34795,2533,26168,0.0,0.0,0.0,0.0,0.0,8627.0,고창군,고창군,0.7520620778847535,0.0,0.0,0.0,0.0,0.0,0.24793792211524646,2017,35570,고창군,54947,27298,27649,3439,5154,4589,4572,6738,9088,8561,8423,4218,483,5083,32630,17234,0.0835168435037399,0.0832074544561122,0.1226272589950315,0.1653957449906273,0.1558046845141682,0.2388483447685952,0.3136476968715307,0.5938449778877828,0.5031939869328625,2017
7회지방선거_기초의원비례,전라북도,군산시,20180613,9,223434,134431,129103,5328,88222,0.0,0.0,0.0,0.0,5563.0,35318.0,군산시,군산시,0.6833458556346483,0.0,0.0,0.0,0.0,0.043089626112483834,0.27356451825286787,2017,35020,군산시,273649,139957,133692,27567,29732,33001,37236,45351,42457,31531,19819,8572,1038,37655,192774,43220,0.1205960920741533,0.1360721215864118,0.1657268983259577,0.1551513069662231,0.1152242471194851,0.1075428742659392,0.1579395502998366,0.7044571695858564,0.4885528542037427,2017
7회지방선거_기초의원비례,전라북도,김제시,20180613,9,74992,51659,49483,2176,36434,0.0,0.0,0.0,0.0,2831.0,10218.0,김제시,김제시,0.7362932724369986,0.0,0.0,0.0,0.0,0.05721156760907786,0.20649515995392356,2017,35060,김제시,82358,40867,41491,5870,6462,7755,8062,10524,13478,12759,10980,6322,730,8111,50170,24077,0.094162072901236,0.0978897010612205,0.127783579008718,0.1636513757012069,0.1549211976978557,0.2189465504261881,0.292345613055198,0.6091697224313364,0.503788338716336,2017
7회지방선거_기초의원비례,전라북도,남원시,20180613,9,69930,51526,48542,2984,34403,0.0,0.0,0.0,0.0,0.0,14139.0,남원시,남원시,0.7087264636809361,0.0,0.0,0.0,0.0,0.0,0.2912735363190639,2017,35050,남원시,79279,38899,40380,6301,7626,7244,7311,11651,13213,11226,9397,5237,715,9136,49514,20629,0.0913735037021153,0.0922186203155942,0.146961994979755,0.1666645643865336,0.1416011806405227,0.1936073865714754,0.2602076211859382,0.6245537910417639,0.5093404306310625,2017
7회지방선거_기초의원비례,전라북도,부안군,20180613,9,48572,34842,32509,2333,26515,0.0,0.0,0.0,0.0,0.0,5994.0,부안군,부안군,0.8156202897659109,0.0,0.0,0.0,0.0,0.0,0.18437971023408903,2017,35580,부안군,51249,25399,25850,3323,4065,4249,4634,6494,8746,8373,7370,3918,401,4665,30852,15732,0.082908934808484,0.0904212765127124,0.1267146676032703,0.1706569884290425,0.1633787976350758,0.2280824991707155,0.306971843353041,0.6020019902827373,0.5044000858553338,2017
7회지방선거_기초의원비례,전라북도,완주군,20180613,9,78531,52826,51025,1801,40952,0.0,0.0,0.0,0.0,2413.0,7660.0,완주군,완주군,0.8025869671729544,0.0,0.0,0.0,0.0,0.047290543851053406,0.15012248897599217,2017,35510,완주군,98528,50529,47999,9919,10275,12587,12751,13962,14469,11618,8707,4512,627,13212,66277,19039,0.1277504871711594,0.1294149886326729,0.1417059110100682,0.1468516563819422,0.1179157193894121,0.140528580708022,0.193234410522897,0.6726717278337122,0.4871610100682039,2017
7회지방선거_기초의원비례,전라북도,익산시,20180613,9,245566,153252,148174,5078,102041,0.0,0.0,2215.0,0.0,5846.0,38072.0,익산시,익산시,0.68865657942689,0.0,0.0,0.01494864146206487,0.0,0.03945361534412245,0.25694116376692266,2017,35030,익산시,298932,150085,148847,26484,33733,43077,34997,46205,48725,34363,21958,10731,1328,37309,212699,48924,0.1441030067038657,0.1170734481420523,0.1545669249193796,0.162996935757965,0.1149525644628209,0.1137951105937136,0.1636626389948215,0.7115297124429636,0.4979292949567125,2017
7회지방선거_기초의원비례,전라북도,전주시덕진구,20180613,9,210274,130689,128450,2239,84028,0.0,0.0,0.0,0.0,3899.0,40523.0,전주시덕진구,전주시,0.6541689373297003,0.0,0.0,0.0,0.0,0.030354223433242507,0.3154768392370572,2017,35012,전주시 덕진구,302381,151177,151204,32441,36555,44571,41482,50786,45105,28868,17634,7379,883,45098,218840,38443,0.1474001342676953,0.1371845453252684,0.167953674338004,0.1491661182415561,0.0954689613434706,0.0856403014739682,0.1271343106875101,0.7237227206735873,0.5000446456622605,2017
7회지방선거_기초의원비례,전라북도,전주시완산구,20180613,9,313929,193245,189638,3607,125319,0.0,0.0,0.0,0.0,6078.0,58241.0,전주시완산구,전주시,0.6608327444921377,0.0,0.0,0.0,0.0,0.032050538394203694,0.3071167171136587,2017,35011,전주시 완산구,354571,173517,181054,32713,44243,49758,44889,59583,57627,37193,21178,9481,1260,46942,259877,47752,0.1403329657529803,0.1266008782444136,0.168042507706496,0.1625259821023152,0.1048957754582298,0.0900214625561594,0.13467542466812,0.7329336014507672,0.5106283367788116,2017
7회지방선거_기초의원비례,전라북도,정읍시,20180613,9,96002,64321,61546,2775,40838,0.0,0.0,0.0,0.0,0.0,20708.0,정읍시,정읍시,0.6635362168134403,0.0,0.0,0.0,0.0,0.0,0.3364637831865597,2017,35040,정읍시,109263,54322,54941,8471,10740,10670,10927,15888,17953,14958,12854,6934,784,12218,69502,27543,0.0976542837007953,0.1000064065603177,0.1454106147552236,0.1643099676926315,0.136899041761621,0.1882796555100994,0.2520798440460174,0.6360982217219003,0.5028326148833548,2017
7회지방선거_기초의원비례,충청남도,계룡시,20180613,9,33093,22137,21455,682,13749,0.0,0.0,0.0,0.0,7706.0,0.0,계룡시,계룡시,0.6408296434397577,0.0,0.0,0.0,0.0,0.3591703565602424,0.0,2017,34070,계룡시,41858,20761,21097,5372,6175,4013,5412,9020,6290,3465,1718,913,136,7892,29894,4072,0.0958717568923503,0.1292942806631946,0.215490467771991,0.150269960342109,0.0827798748148502,0.0661044483730708,0.0972812843423001,0.7141765015050886,0.5040135696879927,2017
7회지방선거_기초의원비례,충청남도,공주시,20180613,9,92935,56742,54001,2741,32908,0.0,0.0,0.0,0.0,21093.0,0.0,공주시,공주시,0.6093961222940316,0.0,0.0,0.0,0.0,0.3906038777059684,0.0,2017,34020,공주시,111017,55006,56011,7484,11468,15454,10991,14615,18794,15318,10786,6186,722,10669,75906,24442,0.1392039057081348,0.0990028554185395,0.1316465045893872,0.1692893881117306,0.1379788681012818,0.1593809957033607,0.2201644793139789,0.6837331219542953,0.5045263338047327,2017
7회지방선거_기초의원비례,충청남도,금산군,20180613,9,46310,30785,28779,2006,17275,0.0,0.0,0.0,0.0,11504.0,0.0,금산군,금산군,0.6002640814482783,0.0,0.0,0.0,0.0,0.39973591855172175,0.0,2017,34510,금산군,55672,28047,27625,3677,5270,7375,4918,6851,9089,8320,6713,3501,394,5208,36079,14385,0.1324723379795947,0.0883388417876131,0.1230600661014513,0.1632598074435982,0.1494467595918953,0.1905446184796666,0.2583884178761316,0.6480636585716338,0.4962099439574651,2017
7회지방선거_기초의원비례,충청남도,논산시,20180613,9,103367,62937,60284,2653,35265,0.0,0.0,1737.0,0.0,18879.0,4403.0,논산시,논산시,0.5849810895096543,0.0,0.0,0.028813615553048903,0.0,0.3131676730143985,0.07303762192289828,2017,34060,논산시,123774,62102,61672,9418,12693,14985,13150,16832,20171,16933,12487,7200,895,13298,82486,27990,0.1210674293470357,0.1062420217493173,0.1359897878391261,0.1629663741981353,0.1368057912000904,0.1662869423303763,0.2261379611226913,0.6664242894307366,0.4982629631425017,2017
7회지방선거_기초의원비례,충청남도,당진시,20180613,9,135932,76648,73818,2830,41714,0.0,0.0,2029.0,0.0,23692.0,6383.0,당진시,당진시,0.5650925248584356,0.0,0.0,0.027486520902760846,0.0,0.3209515294372646,0.08646942480153892,2017,34080,당진시,168508,89656,78852,19541,16061,18789,27151,26526,24738,17758,12254,6569,795,25353,115621,27534,0.1115021245282123,0.1611258812637975,0.1574168585467752,0.1468060863579177,0.1053837206542122,0.1164217722600707,0.1633987703847888,0.6861454649037434,0.4679421748522325,2017
7회지방선거_기초의원비례,충청남도,보령시,20180613,9,87281,56336,53617,2719,27472,0.0,0.0,0.0,0.0,21515.0,4630.0,보령시,보령시,0.5123748064979391,0.0,0.0,0.0,0.0,0.4012719846317399,0.08635320887032098,2017,34030,보령시,100922,52077,48845,8096,8955,10034,11722,15020,17091,14763,10326,5095,608,11393,66781,22748,0.0994233170171023,0.1161491052495987,0.1488278076138007,0.1693486058540259,0.1462812865381185,0.1588256277124908,0.2254017954459879,0.6617090426269793,0.4839876340143873,2017
7회지방선거_기초의원비례,충청남도,부여군,20180613,9,60334,40210,37258,2952,21093,0.0,0.0,0.0,0.0,16165.0,0.0,부여군,부여군,0.5661334478501261,0.0,0.0,0.0,0.0,0.43386655214987385,0.0,2017,34530,부여군,67028,33215,33813,3937,5374,6190,5550,8094,11585,11485,9052,5460,721,5828,40690,20510,0.0923494658948499,0.0828012174016828,0.1207555051620218,0.1728382168645939,0.1713463030375365,0.227263233275646,0.3059915259294623,0.6070597362296354,0.5044608223429015,2017
7회지방선거_기초의원비례,충청남도,서산시,20180613,9,139529,81969,78793,3176,49040,0.0,0.0,3078.0,0.0,26675.0,0.0,서산시,서산시,0.6223903138603684,0.0,0.0,0.039064383891970096,0.0,0.3385453022476616,0.0,2017,34050,서산시,171364,88802,82562,18521,17693,18989,24463,28279,26783,18302,12541,6703,875,25038,117846,28480,0.1108109054410494,0.1427546042342615,0.1650229919936509,0.1562930370439532,0.1068018953805933,0.1174050559043906,0.1661959338017319,0.6876940314185009,0.4817931420835181,2017
7회지방선거_기초의원비례,충청남도,서천군,20180613,9,48407,33962,31126,2836,18560,0.0,0.0,0.0,0.0,12566.0,0.0,서천군,서천군,0.5962860630983744,0.0,0.0,0.0,0.0,0.40371393690162566,0.0,2017,34540,서천군,53321,26510,26811,3089,3944,4306,4526,6592,8893,9266,7850,4597,564,4460,31405,17456,0.0807561748654376,0.0848821289923294,0.1236285891112319,0.1667823184111325,0.1737776860899083,0.2440126779317717,0.3273757056319273,0.5889799516138107,0.5028225277095328,2017
7회지방선거_기초의원비례,충청남도,아산시,20180613,9,244293,129946,127161,2785,79118,0.0,0.0,0.0,0.0,37413.0,10630.0,아산시,아산시,0.62218762041821,0.0,0.0,0.0,0.0,0.2942175667067733,0.08359481287501672,2017,34040,아산시,338473,177501,160972,42468,37811,48817,62149,56204,43224,25997,16414,8116,912,55344,246782,36347,0.1442271613983981,0.1836158275549305,0.1660516496145926,0.1277029482410709,0.0768067172270757,0.07516700002659,0.1073852271820795,0.7291039462527291,0.4755829859397943,2017
7회지방선거_기초의원비례,충청남도,예산군,20180613,9,70654,44239,41604,2635,20631,0.0,0.0,0.0,0.0,20973.0,0.0,예산군,예산군,0.4958898182867032,0.0,0.0,0.0,0.0,0.5041101817132968,0.0,2017,34570,예산군,78678,39916,38762,4732,6356,7873,7375,10599,13857,12675,9802,5449,543,6781,50236,21661,0.1000660921731615,0.0937364955896184,0.1347136429497445,0.1761229314420803,0.1610996720811408,0.2007422659447367,0.2753120313175221,0.6385012328732301,0.4926663107857342,2017
7회지방선거_기초의원비례,충청남도,천안시동남구,20180613,9,211724,106374,104365,2009,61132,0.0,0.0,0.0,0.0,33898.0,9335.0,천안시동남구,천안시,0.5857519283284626,0.0,0.0,0.0,0.0,0.3248023762755713,0.08944569539596608,2017,34011,천안시 동남구,273839,139765,134074,26441,32447,44016,39066,45525,42535,24883,13933,6748,926,36521,205568,31750,0.1607367832923725,0.1426604683774042,0.1662473205058446,0.1553284959410456,0.0908672614200314,0.0789040275490342,0.1159440401111602,0.7506892736242828,0.4896088577594864,2017
7회지방선거_기초의원비례,충청남도,천안시서북구,20180613,9,298093,159380,157073,2307,106107,0.0,0.0,0.0,0.0,36763.0,14203.0,천안시서북구,천안시,0.6755266659451338,0.0,0.0,0.0,0.0,0.23405040968212232,0.09042292437274388,2017,34012,천안시 서북구,382455,196711,185744,46424,42869,60298,72996,67368,52696,24712,12818,5642,706,61801,291906,28748,0.1576603783451648,0.1908616700003922,0.1761462132799937,0.1377835300885071,0.0646141376109607,0.0501130851995659,0.0751670131126537,0.7632427344393458,0.4856623655070531,2017
7회지방선거_기초의원비례,충청남도,태안군,20180613,9,55792,37240,34244,2996,20761,0.0,0.0,0.0,0.0,13483.0,0.0,태안군,태안군,0.606266791262703,0.0,0.0,0.0,0.0,0.39373320873729706,0.0,2017,34580,태안군,61170,31411,29759,4118,4800,5660,6328,8010,10615,10254,7738,3623,449,5836,38662,16672,0.0925290174922347,0.1034494033022723,0.1309465424227562,0.173532777505313,0.167631191760667,0.1930684976295569,0.2725519045283636,0.6320418505803499,0.4864966486839954,2017
7회지방선거_기초의원비례,충청남도,홍성군,20180613,9,83928,51032,49022,2010,29108,0.0,0.0,0.0,0.0,19914.0,0.0,홍성군,홍성군,0.5937742238178777,0.0,0.0,0.0,0.0,0.4062257761821223,0.0,2017,34560,홍성군,103048,51438,51610,9776,11116,12006,12384,14923,15707,12826,9381,5294,608,13423,68439,21186,0.1165088114276841,0.1201770048909246,0.1448160080739073,0.1524241130347022,0.124466268146883,0.1483095256579458,0.2055935098206661,0.6641468053722537,0.5008345625339647,2017
7회지방선거_기초의원비례,충청북도,괴산군,20180613,9,34902,25073,23722,1351,12629,0.0,0.0,0.0,0.0,11093.0,0.0,괴산군,괴산군,0.5323750105387404,0.0,0.0,0.0,0.0,0.4676249894612596,0.0,2017,33560,괴산군,38575,19824,18751,1732,3040,4719,2872,4076,7212,6764,5377,2681,293,2520,24775,11280,0.1223331173039533,0.0744523655217109,0.1056642903434867,0.1869604666234608,0.175346727154893,0.2164873622812702,0.2924173687621516,0.6422553467271549,0.4860920285158782,2017
7회지방선거_기초의원비례,충청북도,단양군,20180613,9,26796,19075,18374,701,9378,0.0,0.0,0.0,0.0,8996.0,0.0,단양군,단양군,0.5103951235441384,0.0,0.0,0.0,0.0,0.48960487645586154,0.0,2017,33580,단양군,28411,14228,14183,1639,2186,2176,2350,3734,5742,5123,3799,1656,199,2445,18104,7862,0.0765900531484284,0.0827144415895251,0.1314279680405476,0.202104818556193,0.1803174826651649,0.1990074267009257,0.2767238041603604,0.6372179789518144,0.4992080532188237,2017
7회지방선거_기초의원비례,충청북도,보은군,20180613,9,30016,22728,21196,1532,11742,0.0,0.0,0.0,0.0,9454.0,0.0,보은군,보은군,0.5539724476316286,0.0,0.0,0.0,0.0,0.4460275523683714,0.0,2017,33520,보은군,32253,16018,16235,2010,2382,2500,2584,3608,6003,5628,4629,2742,355,2890,19199,10164,0.0775121694105974,0.0801165783027935,0.1118655628933742,0.1861222211887266,0.174495395777137,0.2395436083465104,0.315133475955725,0.5952624562056242,0.50336402815242,2017
7회지방선거_기초의원비례,충청북도,영동군,20180613,9,43904,31220,29925,1295,15386,0.0,0.0,0.0,0.0,14539.0,0.0,영동군,영동군,0.5141520467836257,0.0,0.0,0.0,0.0,0.48584795321637425,0.0,2017,33540,영동군,49034,24410,24624,3054,4161,5564,4055,6042,8584,7803,6352,3304,443,4322,31081,13631,0.1134722845372598,0.0826977199494228,0.1232206224252559,0.1750622017375698,0.1591344781172247,0.2059591303993147,0.2779907819064323,0.6338662968552433,0.5021821593180242,2017
7회지방선거_기초의원비례,충청북도,옥천군,20180613,9,44862,30484,29058,1426,16953,0.0,0.0,0.0,0.0,12105.0,0.0,옥천군,옥천군,0.5834193681602312,0.0,0.0,0.0,0.0,0.41658063183976873,0.0,2017,33530,옥천군,49898,24987,24911,3478,4185,4467,4702,6648,8800,8284,5958,3329,409,4939,31571,13388,0.089522626157361,0.094232233756864,0.1332317928574291,0.1763597739388352,0.1660186781033308,0.1943164054671529,0.2683073469878552,0.6327107298889735,0.4992384464307187,2017
7회지방선거_기초의원비례,충청북도,음성군,20180613,9,81826,47526,45184,2342,28713,0.0,0.0,0.0,0.0,16471.0,0.0,음성군,음성군,0.6354683073654391,0.0,0.0,0.0,0.0,0.3645316926345609,0.0,2017,33570,음성군,104509,57136,47373,8763,9091,13619,15059,16676,17978,11986,7832,3891,453,11858,75631,17020,0.130314135624683,0.1440928532470887,0.1595652049105818,0.1720234620941737,0.1146886870987187,0.1165067123405639,0.1628567874537121,0.7236793003473385,0.453291104115435,2017
7회지방선거_기초의원비례,충청북도,제천시,20180613,9,114513,70278,68129,2149,39757,0.0,0.0,0.0,0.0,28372.0,0.0,제천시,제천시,0.5835547270618973,0.0,0.0,0.0,0.0,0.41644527293810274,0.0,2017,33030,제천시,136929,68951,67978,10999,14436,17801,14505,20243,24165,18282,11938,5043,598,15490,96364,25075,0.1300016797026196,0.1059308108581819,0.1478357396899123,0.1764783208816248,0.133514449094056,0.1283804015219566,0.1831241008113694,0.7037515792856152,0.4964470638067904,2017
7회지방선거_기초의원비례,충청북도,증평군,20180613,9,30638,19433,18744,689,11889,0.0,0.0,0.0,0.0,6855.0,0.0,증평군,증평군,0.6342829705505761,0.0,0.0,0.0,0.0,0.3657170294494238,0.0,2017,33590,증평군,37625,19200,18425,4343,3625,4937,5560,5800,5750,3984,2598,1217,147,5674,26392,5559,0.1312159468438538,0.1477740863787375,0.1541528239202657,0.1528239202657807,0.1058870431893687,0.1053023255813953,0.1477475083056478,0.7014485049833887,0.4897009966777408,2017
7회지방선거_기초의원비례,충청북도,진천군,20180613,9,61715,36730,35388,1342,23241,0.0,0.0,0.0,0.0,12147.0,0.0,진천군,진천군,0.656748050186504,0.0,0.0,0.0,0.0,0.3432519498134961,0.0,2017,33550,진천군,79186,42564,36622,7935,7670,9471,12673,12770,12724,8201,5380,2796,316,10561,56852,11773,0.1196044755386053,0.1600409163235925,0.1612658803323819,0.1606849695653272,0.1035662869699189,0.1072411789962872,0.1486752708812163,0.7179551940999672,0.4624807415452226,2017
7회지방선거_기초의원비례,충청북도,청주시상당구,20180613,9,140405,80140,78108,2032,40237,0.0,0.0,0.0,0.0,23337.0,14534.0,청주시상당구,청주시,0.5151456957033851,0.0,0.0,0.0,0.0,0.2987786142264557,0.18607569007015926,2017,33041,청주시 상당구,166663,83201,83462,15715,19327,20913,20392,28384,28787,18148,10985,5083,621,22377,120357,23929,0.1254807605767327,0.1223546918032196,0.1703077467704289,0.1727257999675993,0.1088903955887029,0.1001362029964659,0.1435771586974913,0.7221578874735244,0.500783017226379,2017
7회지방선거_기초의원비례,충청북도,청주시서원구,20180613,9,174307,100177,97973,2204,50743,0.0,0.0,0.0,0.0,27118.0,20112.0,청주시서원구,청주시,0.5179284088473355,0.0,0.0,0.0,0.0,0.2767905443336429,0.20528104681902157,2017,33042,청주시 서원구,221148,109810,111338,21855,26476,34912,29707,37211,35063,20866,11458,5080,700,30628,165132,25388,0.1578671297049939,0.134330855354785,0.1682628827753359,0.1585499303633765,0.0943531028994157,0.0779477996635737,0.1148009477815761,0.7467035650333713,0.5034547000198962,2017
7회지방선거_기초의원비례,충청북도,청주시청원구,20180613,9,154249,85599,83223,2376,45958,0.0,0.0,0.0,0.0,20875.0,16390.0,청주시청원구,청주시,0.5522271487449383,0.0,0.0,0.0,0.0,0.2508321017026543,0.1969407495524074,2017,33044,청주시 청원구,196192,100077,96115,25188,20937,27565,35380,31481,26527,16520,9797,4436,521,32412,142561,21219,0.1405001223291469,0.1803335508073723,0.1604601614744739,0.1352093867232099,0.0842032294894797,0.0752018430924808,0.1081542570543141,0.7266402299787963,0.4899027483281683,2017
7회지방선거_기초의원비례,충청북도,청주시흥덕구,20180613,9,204639,110060,107624,2436,58080,0.0,0.0,0.0,0.0,27210.0,22334.0,청주시흥덕구,청주시,0.5396565821749796,0.0,0.0,0.0,0.0,0.25282464877722444,0.20751876904779604,2017,33043,청주시 흥덕구,258308,130000,128308,27632,28602,40592,41303,44523,40009,21728,10994,4904,588,37715,195738,24855,0.1571457330009136,0.1598982609907552,0.1723639995664091,0.1548887374761912,0.0841166359539774,0.0638230329683943,0.0962223392229431,0.7577697941991731,0.496724840113353,2017
7회지방선거_기초의원비례,충청북도,충주시,20180613,9,175414,103591,100653,2938,55510,0.0,0.0,0.0,0.0,36888.0,8255.0,충주시,충주시,0.5514987134014883,0.0,0.0,0.0,0.0,0.36648684092873535,0.08201444566977636,2017,33020,충주시,212274,108092,104182,17534,22143,29004,25078,33053,36600,24845,17221,7743,904,24641,151748,35885,0.1366347268153424,0.1181397627594524,0.1557091306518933,0.1724186664405438,0.1170421248009647,0.1218613678547537,0.1690503782846698,0.7148685189896078,0.4907902051122605,2017
