election_name,sido,sigungu_norm,sg_id,sg_typecode,total_voters,total_voted,valid_votes,invalid_votes,party_더불어민주당,party_대한애국당,party_민중당,party_우리미래,party_녹색당,party_한국국민당,party_노동당,party_대한당,party_국민의힘,party_기타,sigungu_elec,sgg_name,ratio_더불어민주당,ratio_대한애국당,ratio_민중당,ratio_우리미래,ratio_녹색당,ratio_한국국민당,ratio_노동당,ratio_대한당,ratio_국민의힘,ratio_기타,year,adm_cd,sigungu_pop,total_pop,male_pop,female_pop,age_0_9,age_10_19,age_20_29,age_30_39,age_40_49,age_50_59,age_60_69,age_70_79,age_80_89,age_90plus,age_0_14,age_15_64,age_65plus,ratio_20s,ratio_30s,ratio_40s,ratio_50s,ratio_60s,ratio_70plus,ratio_elderly,ratio_working,ratio_female,pop_year
7회지방선거_기초의원지역구,강원도,강릉시,121083678,36,179767,108749,105047,3702,26872.0,423.0,1112.0,0.0,0.0,0.0,0.0,0.0,18479.0,8963.0,강릉시,강릉시가선거구,0.48115454171068417,0.007573994162831922,0.019910830990707087,0.0,0.0,0.0,0.0,0.0,0.33087432183208293,0.1604863113036939,2017,32030,강릉시,215914,108572,107342,16650,23479,29629,23401,33518,36281,27096,18615,7785,1229,24035,152904,38975,0.1372259325472178,0.1083811147030762,0.1552377335420584,0.1680344952156877,0.1254944098113137,0.1279629852626508,0.1805116852079994,0.7081708457997166,0.4971516437099956,2017
7회지방선거_기초의원지역구,강원도,고성군,40361226,12,25496,18353,17421,932,2575.0,0.0,0.0,0.0,0.0,0.0,0.0,0.0,2289.0,2861.0,고성군,고성군가선거구,0.3333333333333333,0.0,0.0,0.0,0.0,0.0,0.0,0.0,0.2963106796116505,0.37035598705501616,2017,32600,고성군,28621,15422,13199,1547,2342,5140,2395,3272,4760,4122,3498,1431,269,2199,19516,6906,0.1795884141015338,0.0836798155200726,0.1143216519338947,0.1663114496348834,0.144020125082981,0.1816148981517067,0.2412913594912826,0.6818769435030223,0.4611648789350477,2017
7회지방선거_기초의원지역구,강원도,동해시,40361226,12,75747,46914,44551,2363,3780.0,0.0,0.0,0.0,0.0,0.0,0.0,0.0,5133.0,1371.0,동해시,동해시가선거구,0.367561260210035,0.0,0.0,0.0,0.0,0.0,0.0,0.0,0.4991248541423571,0.13331388564760793,2017,32040,동해시,89151,45347,43804,8514,9156,8704,10841,15266,15392,11409,7448,2940,362,12003,61710,15438,0.0976321073235297,0.1216026741147042,0.1712375632354096,0.172650895671389,0.1279738870007066,0.1205819340220524,0.1731668741797624,0.6921963859070566,0.4913461430606499,2017
7회지방선거_기초의원지역구,강원도,삼척시,40361226,12,59117,41027,39422,1605,5521.0,0.0,0.0,0.0,0.0,0.0,0.0,0.0,3185.0,3512.0,삼척시,삼척시가선거구,0.4518742838435096,0.0,0.0,0.0,0.0,0.0,0.0,0.0,0.26068096251432316,0.2874447536421673,2017,32070,삼척시,67860,35066,32794,4811,6569,9511,6707,9462,11475,9326,6851,3236,388,6728,46603,14529,0.1401562039493074,0.0988358384910109,0.1394341290893015,0.1690981432360742,0.1374300029472443,0.1543619216033009,0.2141025641025641,0.6867521367521368,0.4832596522251695,2017
7회지방선거_기초의원지역구,강원도,속초시,40361226,12,68234,40492,38607,1885,9077.0,0.0,0.0,0.0,0.0,0.0,0.0,0.0,5136.0,3618.0,속초시,속초시가선거구,0.5090572598283888,0.0,0.0,0.0,0.0,0.0,0.0,0.0,0.2880376871740228,0.20290505299758846,2017,32060,속초시,78618,38962,39656,6875,7890,7663,9502,13395,14774,9840,6335,2609,419,9861,55588,13169,0.0974713170011956,0.1208629067134752,0.1703808288178279,0.1879213411686891,0.1251621766007784,0.1190948637716553,0.1675061690706962,0.7070645399272432,0.5044137474878526,2017
7회지방선거_기초의원지역구,강원도,양구군,40361226,12,19596,14387,13780,607,1957.0,0.0,0.0,0.0,0.0,0.0,0.0,0.0,895.0,2813.0,양구군,양구군가선거구,0.34545454545454546,0.0,0.0,0.0,0.0,0.0,0.0,0.0,0.15798764342453664,0.4965578111209179,2017,32580,양구군,22355,11971,10384,2133,2162,3409,2720,2789,3636,2557,2100,889,139,2860,15414,4081,0.1524938492507269,0.1216730038022813,0.1247595616193245,0.162648177141579,0.1143815701185417,0.1399239543726236,0.1825542384254082,0.6895101766942519,0.4645045851040035,2017
7회지방선거_기초의원지역구,강원도,양양군,40361226,12,24088,17862,17159,703,2041.0,0.0,0.0,0.0,0.0,0.0,0.0,0.0,2403.0,1365.0,양양군,양양군가선거구,0.35135135135135137,0.0,0.0,0.0,0.0,0.0,0.0,0.0,0.4136684455155793,0.2349802031330694,2017,32610,양양군,25556,12939,12617,1576,1823,2090,2394,3468,4806,4322,3593,1391,266,2264,16203,7089,0.0817811864141493,0.0936766317107528,0.1357019877915166,0.1880575989982782,0.1691187979339489,0.2054312098920018,0.2773908279856003,0.6340194083581155,0.4937001095633119,2017
7회지방선거_기초의원지역구,강원도,영월군,40361226,12,35214,23980,23089,891,6330.0,0.0,0.0,0.0,0.0,0.0,0.0,0.0,2079.0,3523.0,영월군,영월군가선거구,0.5305062018102581,0.0,0.0,0.0,0.0,0.0,0.0,0.0,0.17423734495474355,0.29525645323499833,2017,32530,영월군,36934,19006,17928,2159,3081,3124,3084,5078,7224,6346,4837,1974,249,3211,23904,9819,0.0845833107705637,0.083500297828559,0.1374884929874912,0.195592137326041,0.1718200032490388,0.1911517842638219,0.2658526019385931,0.647208534141983,0.4854064006064872,2017
7회지방선거_기초의원지역구,강원도,원주시,161444904,48,278991,159174,151624,7550,39560.0,229.0,0.0,0.0,0.0,0.0,0.0,0.0,20174.0,10801.0,원주시,원주시가선거구,0.5590413204454242,0.0032361087558645638,0.0,0.0,0.0,0.0,0.0,0.0,0.28508846306031316,0.15263410773839806,2017,32020,원주시,341338,170450,170888,33238,39472,46585,45510,57887,57114,33211,21158,9458,1235,46678,250009,44651,0.1364776262824531,0.1333282552777598,0.169588501719703,0.1673238842437701,0.0972965213366223,0.0933122008097545,0.1308116881214514,0.7324382283835963,0.5006415927907235,2017
7회지방선거_기초의원지역구,강원도,인제군,40361226,12,27243,19633,18821,812,3133.0,0.0,0.0,0.0,0.0,0.0,0.0,0.0,3053.0,766.0,인제군,인제군가선거구,0.4506616800920598,0.0,0.0,0.0,0.0,0.0,0.0,0.0,0.4391542002301496,0.11018411967779057,2017,32590,인제군,30524,16456,14068,3098,2265,3863,4176,4046,5308,3842,2835,1152,181,4075,20815,5634,0.1265561525357096,0.1368103787183855,0.1325514349364434,0.1738959507272965,0.1258681693093958,0.136548289870266,0.1845760712881667,0.6819224217009566,0.4608832394181628,2017
7회지방선거_기초의원지역구,강원도,정선군,40361226,12,33293,23089,21905,1184,3021.0,0.0,0.0,0.0,0.0,0.0,0.0,0.0,2966.0,2659.0,정선군,정선군가선거구,0.34941013185287995,0.0,0.0,0.0,0.0,0.0,0.0,0.0,0.34304880869766363,0.3075410594494564,2017,32550,정선군,36002,18776,17226,2438,2637,2841,4042,5243,7041,5869,4271,1620,250,3410,23938,8654,0.0789122826509638,0.1122715404699739,0.1456307982889839,0.1955724681962113,0.1630187211821565,0.170573857007944,0.240375534692517,0.6649075051386034,0.4784734181434364,2017
7회지방선거_기초의원지역구,강원도,철원군,40361226,12,39354,26230,24683,1547,7742.0,0.0,0.0,0.0,0.0,0.0,0.0,0.0,5150.0,590.0,철원군,철원군가선거구,0.5742471443406023,0.0,0.0,0.0,0.0,0.0,0.0,0.0,0.3819908025515502,0.0437620531078475,2017,32560,철원군,44770,23792,20978,3999,4057,6445,5192,6128,7236,5452,4701,1676,252,5551,30374,8845,0.1439580075943712,0.1159705159705159,0.1368773732410096,0.1616260888988161,0.1217779763234308,0.1480679026133571,0.1975653339289703,0.6784453875362966,0.4685727049363413,2017
7회지방선거_기초의원지역구,강원도,춘천시,161444904,48,231430,144455,138401,6054,35086.0,0.0,621.0,0.0,0.0,0.0,0.0,0.0,30560.0,24129.0,춘천시,춘천시가선거구,0.3881366432143015,0.0,0.006869772998805257,0.0,0.0,0.0,0.0,0.0,0.33806805610867735,0.26692552767821587,2017,32010,춘천시,283742,139217,144525,25622,32168,41216,35807,44063,45575,29936,21220,9254,1389,35828,204680,43234,0.1452587209507228,0.126195628423004,0.1552924840171705,0.1606212686172649,0.1055042961563674,0.1122956770587364,0.1523708157410605,0.7213595449387119,0.509353567677679,2017
7회지방선거_기초의원지역구,강원도,태백시,40361226,12,38386,25318,24456,862,4633.0,0.0,0.0,0.0,0.0,0.0,0.0,0.0,3355.0,3232.0,태백시,태백시가선거구,0.41292335115864526,0.0,0.0,0.0,0.0,0.0,0.0,0.0,0.29901960784313725,0.2880570409982175,2017,32050,태백시,44733,22638,22095,3800,4199,3676,5086,7186,8026,6922,4607,1509,150,5260,30182,9291,0.0821764692732434,0.1136968233742427,0.1606420316097735,0.1794201149039858,0.1547403482887354,0.1400755594303981,0.207699014150627,0.6747144166499005,0.4939306552209778,2017
7회지방선거_기초의원지역구,강원도,평창군,40361226,12,37506,25480,24445,1035,6088.0,0.0,0.0,0.0,0.0,0.0,0.0,0.0,3564.0,1412.0,평창군,평창군가선거구,0.5502530730296457,0.0,0.0,0.0,0.0,0.0,0.0,0.0,0.32212581344902386,0.12762111352133043,2017,32540,평창군,40264,20670,19594,2639,3055,3338,3860,5890,8045,6660,4840,1919,304,3820,26639,9805,0.0829028412477647,0.0958672759785416,0.146284522153785,0.1998062785614941,0.1654083051857739,0.1754172461752434,0.2435177826346115,0.6616083846612358,0.4866381879594675,2017
7회지방선거_기초의원지역구,강원도,홍천군,60541839,18,60386,39954,37784,2170,5766.0,0.0,900.0,0.0,0.0,0.0,0.0,0.0,7248.0,5301.0,홍천군,홍천군가선거구,0.30007806401249026,0.0,0.0468384074941452,0.0,0.0,0.0,0.0,0.0,0.3772053083528493,0.2758782201405152,2017,32510,홍천군,67168,34331,32837,4970,5851,6660,6852,9041,12818,10290,7310,3413,473,7022,44892,15254,0.0991543592186755,0.1020128632682229,0.1346027870414483,0.1908349213911386,0.1531979514054311,0.1666865173892329,0.2271021915197713,0.6683539780848022,0.4888786326822296,2017
7회지방선거_기초의원지역구,강원도,화천군,40361226,12,21783,16230,15532,698,3195.0,0.0,0.0,0.0,0.0,0.0,0.0,0.0,3001.0,922.0,화천군,화천군가선거구,0.448862039898848,0.0,0.0,0.0,0.0,0.0,0.0,0.0,0.4216071930317505,0.1295307670694015,2017,32570,화천군,24625,13589,11036,2308,1877,4321,3020,2980,3828,2845,2514,985,142,3011,16881,4733,0.1754720812182741,0.1226395939086294,0.1210152284263959,0.1554517766497462,0.1155329949238578,0.1478578680203045,0.1922030456852791,0.685522842639594,0.4481624365482233,2017
7회지방선거_기초의원지역구,강원도,횡성군,40361226,12,40565,27938,26659,1279,4167.0,0.0,0.0,0.0,0.0,0.0,0.0,0.0,3769.0,1517.0,횡성군,횡성군가선거구,0.44081244049508095,0.0,0.0,0.0,0.0,0.0,0.0,0.0,0.39870940442187663,0.16047815508304242,2017,32520,횡성군,43211,21839,21372,2701,3679,3924,3779,5308,8482,7247,5431,2573,376,3840,27985,11386,0.0908102103631019,0.0874545833236907,0.1228390918978963,0.1962926106778366,0.1677119252042304,0.1939321006225266,0.2634977204878387,0.6476360186063734,0.4945962833537756,2017
7회지방선거_기초의원지역구,경기도,가평군,60541839,18,54583,35323,34215,1108,10176.0,0.0,0.0,0.0,0.0,0.0,0.0,0.0,8886.0,4676.0,가평군,가평군가선거구,0.4286797539809588,0.0,0.0,0.0,0.0,0.0,0.0,0.0,0.37433650686662734,0.19698373915241385,2017,31570,가평군,59548,30169,29379,4382,5234,5952,6206,8233,11153,9156,6359,2932,372,6114,40172,13262,0.0999529791092899,0.1042184456236985,0.138258211862699,0.1872942836031436,0.1537583126217505,0.162272452475314,0.2227110902129374,0.6746154362866931,0.4933666957748371,2017
7회지방선거_기초의원지역구,경기도,고양시덕양구,121083678,36,398866,231994,224566,7428,62890.0,0.0,0.0,0.0,0.0,0.0,0.0,0.0,48832.0,56679.0,고양시덕양구,고양시가선거구,0.37345383934774734,0.0,0.0,0.0,0.0,0.0,0.0,0.0,0.28997452509189375,0.3365716355603589,2017,31101,고양시 덕양구,433606,214769,218837,43270,42481,56597,62650,77023,74378,41930,26880,10915,1366,58513,319224,55869,0.1305263303552072,0.1444860080349441,0.1776336120810136,0.1715336042397937,0.0967006914110967,0.0903147096673016,0.1288473867981531,0.7362075248036236,0.5046908944986923,2017
7회지방선거_기초의원지역구,경기도,고양시일산동구,60541839,18,234054,132681,129279,3402,40018.0,295.0,793.0,0.0,0.0,0.0,0.0,0.0,29590.0,25729.0,고양시일산동구,고양시사선거구,0.4150168524760176,0.0030593725693544207,0.008224008296603578,0.0,0.0,0.0,0.0,0.0,0.30687062483795696,0.2668291418200674,2017,31103,고양시 일산동구,284692,138851,145841,25191,31241,39668,39308,54794,50589,24020,14275,7191,1009,36294,217137,31261,0.1393365461621682,0.1380720216936197,0.1924676492490129,0.1776973009427732,0.0843718825959282,0.0789449650850744,0.1098063872535933,0.7627084709089121,0.5122764250488246,2017
7회지방선거_기초의원지역구,경기도,고양시일산서구,80722452,24,222085,132784,128406,4378,71185.0,0.0,0.0,0.0,0.0,0.0,0.0,0.0,32360.0,10995.0,고양시일산서구,고양시차선거구,0.6214859437751004,0.0,0.0,0.0,0.0,0.0,0.0,0.0,0.2825213899074559,0.09599266631744369,2017,31104,고양시 일산서구,286804,139184,147620,28765,35715,36676,36160,56775,50007,22851,14894,7253,825,41808,213452,31544,0.1278782722695639,0.126079134182229,0.1979574901326341,0.1743594928941019,0.079674620995523,0.0800965119035996,0.1099845190443647,0.7442434554608722,0.514706907853447,2017
7회지방선거_기초의원지역구,경기도,과천시,40361226,12,46715,32764,31837,927,5349.0,0.0,0.0,0.0,0.0,0.0,0.0,0.0,5729.0,6811.0,과천시,과천시가선거구,0.29901056515176927,0.0,0.0,0.0,0.0,0.0,0.0,0.0,0.32025266923807927,0.3807367656101515,2017,31110,과천시,53583,26267,27316,4806,6450,6959,6379,9518,9621,5476,3167,1540,210,7157,39384,7042,0.1298732807047011,0.1190489520930145,0.1776309650448836,0.1795532165052348,0.1021965922027508,0.0917641789373495,0.1314222794543045,0.7350092380045911,0.5097885523393614,2017
7회지방선거_기초의원지역구,경기도,광명시,80722452,24,270792,166820,161091,5729,38126.0,0.0,720.0,0.0,0.0,0.0,0.0,0.0,31113.0,25621.0,광명시,광명시가선거구,0.3988909813768571,0.0,0.007532956685499058,0.0,0.0,0.0,0.0,0.0,0.32551789077212806,0.2680581711655158,2017,31060,광명시,328253,162480,165773,34078,34919,40448,51185,59359,53460,34096,16954,6454,711,46975,243806,37472,0.1232220269121683,0.1559315527961663,0.1808330769254203,0.1628621825238459,0.1038710994263571,0.0734768608360015,0.1141558492991686,0.7427380709391841,0.5050159480644503,2017
7회지방선거_기초의원지역구,경기도,광주시,80722452,24,287993,156083,149341,6742,43498.0,0.0,412.0,0.0,0.0,0.0,604.0,0.0,32321.0,18045.0,광주시,광주시가선거구,0.45845278246205734,0.0,0.004342327150084317,0.0,0.0,0.0,0.006365935919055649,0.0,0.34065134907251265,0.19018760539629004,2017,31250,광주시,341046,176877,164169,37633,32101,42104,60224,59094,54170,34804,17171,6052,883,49263,253928,37855,0.1234554869431103,0.1765861496689596,0.1732728136380429,0.1588348785794291,0.1020507497522328,0.0706825472223688,0.1109967570357078,0.7445564527952241,0.4813690821765978,2017
7회지방선거_기초의원지역구,경기도,구리시,40361226,12,165295,97689,92991,4698,26680.0,792.0,0.0,0.0,0.0,0.0,0.0,0.0,8331.0,8133.0,구리시,구리시가선거구,0.6072469045884924,0.018026219956300073,0.0,0.0,0.0,0.0,0.0,0.0,0.1896167152221413,0.18511016023306628,2017,31120,구리시,189745,93904,95841,18441,19947,25370,27546,34099,33424,18441,10197,3570,454,25579,142714,21452,0.1337057629977074,0.1451737858705104,0.1797096102664102,0.1761522042741574,0.0971883317083454,0.0749479564678911,0.1130569975493425,0.7521357611531265,0.5051042188199952,2017
7회지방선거_기초의원지역구,경기도,군포시,80722452,24,228999,144489,139700,4789,74376.0,0.0,0.0,0.0,0.0,0.0,0.0,0.0,33568.0,17065.0,군포시,군포시가선거구,0.5949651625082994,0.0,0.0,0.0,0.0,0.0,0.0,0.0,0.26852466622403187,0.13651017126766873,2017,31160,군포시,280913,139468,141445,29105,29190,37303,44118,49353,48074,25736,13498,6347,866,39663,210847,30403,0.1327920032180782,0.1570521834162178,0.1756878464150822,0.171134835340479,0.0916155535699665,0.0737274529836639,0.1082292382339016,0.7505775809592293,0.5035188830705593,2017
7회지방선거_기초의원지역구,경기도,김포시,80722452,24,316246,180007,173816,6191,61691.0,0.0,322.0,0.0,0.0,0.0,0.0,0.0,29861.0,16560.0,김포시,김포시가선거구,0.5689267204013502,0.0,0.002969548296659719,0.0,0.0,0.0,0.0,0.0,0.27538410461663315,0.152719626685357,2017,31230,김포시,392436,202237,190199,51876,39270,43913,70583,70892,56089,35737,19923,7529,1014,67416,281794,43226,0.1118985006472393,0.1798586266295651,0.1806460161656932,0.1429252158313712,0.0910645302673557,0.0725366683994332,0.1101478967271096,0.7180635823420889,0.4846624672558073,2017
7회지방선거_기초의원지역구,경기도,남양주시,141264291,42,537349,294673,283618,11055,66382.0,0.0,4279.0,0.0,0.0,0.0,0.0,0.0,50776.0,28073.0,남양주시,남양주시가선거구,0.44399705705303993,0.0,0.028620159186676476,0.0,0.0,0.0,0.0,0.0,0.3396160791920273,0.1877667045682563,2017,31130,남양주시,644936,322289,322647,74789,72682,73290,91954,120569,101297,63905,37967,14210,1866,102283,462109,80544,0.1136391828026346,0.1425784884081521,0.1869472319734051,0.1570651971668506,0.099087351303075,0.083795911532307,0.1248868104742176,0.7165191584901448,0.5002775469193842,2017
7회지방선거_기초의원지역구,경기도,동두천시,40361226,12,80603,43670,41487,2183,7043.0,402.0,0.0,0.0,0.0,0.0,0.0,0.0,6250.0,6170.0,동두천시,동두천시가선거구,0.35454316637301786,0.020236597029952178,0.0,0.0,0.0,0.0,0.0,0.0,0.31462371004278883,0.31059652655424114,2017,31080,동두천시,97373,48666,48707,9122,10154,11266,12706,16195,15849,10736,8301,3503,498,12579,67923,16871,0.1156994238649317,0.1304879175952266,0.1663192055292535,0.1627658591190576,0.1102564365891982,0.1263389235208938,0.1732615817526419,0.697554763640845,0.5002105306399105,2017
7회지방선거_기초의원지역구,경기도,부천시,201806130,60,715281,395852,383269,12583,104918.0,0.0,1935.0,0.0,0.0,0.0,0.0,0.0,70401.0,44049.0,부천시,부천시가선거구,0.474092081896766,0.0,0.008743668183440802,0.0,0.0,0.0,0.0,0.0,0.31812040505551215,0.1990438448642811,6051.0,93156.0,부천시,845514.0,420656.0,424858.0,76194.0,80043.0,121987.0,131770.0,140887.0,154031.0,88671.0,40117.0,16811.0,2292.0,103761.0,649082.0,92671.0,0.1442755530955135,0.15584602975231635,0.1666288198657858,0.182174393327609,0.10487230252840284,0.07004023588018649,0.10960315263851338,0.7676774127926917,0.5024848790203356,2017
7회지방선거_기초의원지역구,경기도,성남시분당구,141264291,42,401672,266829,259534,7295,87547.0,0.0,762.0,0.0,0.0,0.0,0.0,0.0,63130.0,43587.0,성남시분당구,성남시아선거구,0.448899121142822,0.0,0.003907171351512106,0.0,0.0,0.0,0.0,0.0,0.32370042968629825,0.22349327781936768,2017,31023,성남시 분당구,475778,230620,245158,49291,54497,60889,74979,90215,73331,41583,23671,10740,1596,69452,354066,52260,0.1279777543308013,0.1575924065425471,0.1896157451584562,0.1541286061986893,0.0874000058850976,0.0756802542362194,0.1098411443992786,0.7441832114977994,0.5152781339196012,2017
7회지방선거_기초의원지역구,경기도,성남시수정구,60541839,18,153406,88003,85252,2751,33382.0,0.0,2940.0,0.0,0.0,0.0,0.0,0.0,18186.0,13329.0,성남시수정구,성남시가선거구,0.4920913365862288,0.0,0.04333918068310804,0.0,0.0,0.0,0.0,0.0,0.268083789082654,0.1964856936480092,2017,31021,성남시 수정구,241862,122336,119526,19287,19686,35361,38351,39706,42474,28747,14757,4653,563,25734,184475,31653,0.1462032067873415,0.1585656283335125,0.1641679966261752,0.1756125393819616,0.1188570341765138,0.0825801490105928,0.1308721502344312,0.762728332685581,0.4941909022500434,2017
7회지방선거_기초의원지역구,경기도,성남시중원구,60541839,18,195192,112155,108707,3448,40425.0,0.0,2162.0,0.0,0.0,0.0,0.0,0.0,24800.0,14330.0,성남시중원구,성남시마선거구,0.4946951062814347,0.0,0.02645716313618953,0.0,0.0,0.0,0.0,0.0,0.30348642265379294,0.1753613079285828,2017,31022,성남시 중원구,226657,114220,112437,18817,19918,31818,35230,37515,40631,25965,13383,4530,652,25509,172028,29120,0.140379516185249,0.1554330993527665,0.165514411644026,0.1792620567641855,0.1145563560798916,0.081907904895944,0.1284760673616963,0.7589794270638013,0.4960667440229068,2017
7회지방선거_기초의원지역구,경기도,수원시권선구,100903065,30,342897,197273,191452,5821,65976.0,0.0,10028.0,0.0,0.0,0.0,0.0,0.0,42093.0,22458.0,수원시권선구,수원시라선거구,0.4693963217245918,0.0,0.07134573654441322,0.0,0.0,0.0,0.0,0.0,0.29947707303190924,0.15978086869908575,2017,31012,수원시 권선구,364662,183919,180743,39808,35126,52795,64597,62934,60417,31029,14923,5729,722,52291,279116,33255,0.144777903921988,0.1771421206487103,0.1725817332214489,0.1656794511081494,0.0850897543478618,0.0586131815215185,0.0911940372180265,0.7654101606419095,0.495645282480763,2017
7회지방선거_기초의원지역구,경기도,수원시영통구,80722452,24,273531,174598,169918,4680,40763.0,0.0,307.0,2408.0,0.0,0.0,0.0,0.0,25693.0,25819.0,수원시영통구,수원시자선거구,0.4291293820402148,0.0,0.003231919149384146,0.02535003684598379,0.0,0.0,0.0,0.0,0.27048110327402886,0.2718075586903885,2017,31014,수원시 영통구,352487,178617,173870,44349,43829,57465,64748,66477,47215,19172,9202,3771,471,60041,271724,20722,0.1630272889496634,0.1836890438512626,0.1885941892892504,0.133948202345051,0.0543906583788905,0.0381404136890154,0.0587879836703197,0.7708766564440674,0.4932664183359954,2017
7회지방선거_기초의원지역구,경기도,수원시장안구,60541839,18,202140,121884,118487,3397,42715.0,0.0,499.0,0.0,0.0,0.0,0.0,0.0,29500.0,18354.0,수원시장안구,수원시가선거구,0.46904510914920716,0.0,0.005479421970395748,0.0,0.0,0.0,0.0,0.0,0.323933763780911,0.2015417050994861,2017,31011,수원시 장안구,295436,149660,145776,27797,34275,46694,40648,52722,49228,25344,14516,6245,891,39240,224390,31806,0.1580511515184337,0.1375864823515076,0.1784548937841021,0.1666283052843932,0.0857850769709852,0.0732882925574405,0.1076578345225361,0.7595215207354554,0.4934266643198527,2017
7회지방선거_기초의원지역구,경기도,수원시팔달구,40361226,12,161673,88345,84886,3459,34101.0,0.0,0.0,0.0,3821.0,0.0,0.0,0.0,24155.0,6965.0,수원시팔달구,수원시사선거구,0.4939167463283219,0.0,0.0,0.0,0.055343124474957275,0.0,0.0,0.0,0.34985950580805886,0.10088062338866198,2017,31013,수원시 팔달구,206080,104333,101747,15744,17223,30428,32896,35009,36841,22781,11779,4279,556,21597,158769,25714,0.1476513975155279,0.1596273291925465,0.1698806288819875,0.1787703804347826,0.1105444487577639,0.0806191770186335,0.1247767857142857,0.7704241071428571,0.4937257375776397,2017
7회지방선거_기초의원지역구,경기도,시흥시,80722452,24,350586,185227,178197,7030,41243.0,0.0,2073.0,0.0,3825.0,0.0,0.0,0.0,20650.0,18945.0,시흥시,시흥시가선거구,0.47550036893562075,0.0,0.02390011068068622,0.0,0.04409933591588268,0.0,0.0,0.0,0.23807876775502676,0.21842141671278362,2017,31150,시흥시,446369,237042,209327,45860,48035,64215,73792,87263,75633,32363,15997,6690,958,62962,347874,35533,0.1438607967847229,0.165316139785693,0.1954952068804061,0.1694405301443424,0.0725027947729345,0.0529718685661414,0.0796045424301418,0.7793417553638358,0.4689550573628545,2017
7회지방선거_기초의원지역구,경기도,안산시단원구,80722452,24,252537,134582,130434,4148,48398.0,0.0,1649.0,0.0,0.0,0.0,0.0,0.0,33425.0,16676.0,안산시단원구,안산시마선거구,0.4832647681431481,0.0,0.01646563086631785,0.0,0.0,0.0,0.0,0.0,0.33375604105923234,0.16651355993130168,2017,31092,안산시 단원구,354452,186649,167803,30461,36659,54472,56779,68329,64804,28332,11734,5347,711,42740,283782,27930,0.1536794826944127,0.1601881213817385,0.1927736336654892,0.182828704591877,0.0799318384435692,0.0501957951993499,0.0787976933407062,0.8006218049270423,0.473415300238114,2017
7회지방선거_기초의원지역구,경기도,안산시상록구,80722452,24,301162,159968,154970,4998,45518.0,0.0,2354.0,0.0,0.0,0.0,0.0,0.0,33518.0,18381.0,안산시상록구,안산시가선거구,0.45622475468823603,0.0,0.023594030329454452,0.0,0.0,0.0,0.0,0.0,0.33594932395184973,0.18423189103045975,2017,31091,안산시 상록구,379209,193021,186188,34021,42180,61802,54759,69614,66954,29473,15921,7001,975,47643,296550,35016,0.1629760897025123,0.1444032182780472,0.1835768665828079,0.1765622651361122,0.0777223114430301,0.0630180190870997,0.09233958054793,0.78202257857804,0.490990456450137,2017
7회지방선거_기초의원지역구,경기도,안성시,60541839,18,149626,82011,78380,3631,17857.0,0.0,1852.0,0.0,0.0,0.0,0.0,0.0,16976.0,6138.0,안성시,안성시가선거구,0.41699553978002474,0.0,0.043247787403965156,0.0,0.0,0.0,0.0,0.0,0.3964224832449852,0.14333418957102492,2017,31220,안성시,198832,103648,95184,18853,21105,28219,30228,32240,30218,19819,12708,6404,869,25598,145045,28189,0.1419238351975537,0.1520278426007886,0.1621469381186127,0.1519775488854912,0.0996771143477911,0.1004918725356079,0.1417729540516617,0.7294851935302165,0.4787156996861672,2017
7회지방선거_기초의원지역구,경기도,안양시동안구,80722452,24,268004,174820,168411,6409,55097.0,0.0,1278.0,0.0,0.0,0.0,0.0,0.0,32400.0,15545.0,안양시동안구,안양시마선거구,0.5281537576687116,0.0,0.012250766871165645,0.0,0.0,0.0,0.0,0.0,0.31058282208588955,0.14901265337423314,2017,31042,안양시 동안구,322590,158660,163930,31732,37238,44131,47451,59481,55867,29417,13775,6018,769,45229,245932,31429,0.1368021327381506,0.1470938342788059,0.1843857528131684,0.1731826777023466,0.0911900554883908,0.0637403515298056,0.0974270746148361,0.7623670913543508,0.5081682631203696,2017
7회지방선거_기초의원지역구,경기도,안양시만안구,80722452,24,216498,129775,124836,4939,40931.0,0.0,0.0,0.0,0.0,0.0,0.0,0.0,30667.0,5686.0,안양시만안구,안양시가선거구,0.5296180321929507,0.0,0.0,0.0,0.0,0.0,0.0,0.0,0.39680917136794164,0.0735727964391077,2017,31041,안양시 만안구,254107,127061,127046,20891,22715,37806,37813,39904,46702,29087,14675,5604,727,28361,193340,32406,0.1487798447110862,0.1488073921615697,0.1570362091559854,0.183788718925492,0.1144675274589051,0.0826659635507876,0.1275289543381331,0.7608605823531032,0.499970484874482,2017
7회지방선거_기초의원지역구,경기도,양주시,60541839,18,171243,94151,89505,4646,29484.0,0.0,1814.0,0.0,0.0,0.0,0.0,0.0,13666.0,5933.0,양주시,양주시가선거구,0.5792875808004401,0.0,0.03564060750142445,0.0,0.0,0.0,0.0,0.0,0.2685030551898933,0.11656875650824214,2017,31260,양주시,212631,109115,103516,22521,23344,25489,29634,38395,33689,21959,13737,5437,762,31263,152570,28798,0.1198743362915097,0.1393682012500529,0.1805710362082669,0.1584387977293997,0.1032728059408082,0.0937586711250946,0.135436507376629,0.717534131899864,0.4868339988054423,2017
7회지방선거_기초의원지역구,경기도,양평군,40361226,12,98582,60987,58605,2382,13897.0,0.0,0.0,0.0,0.0,0.0,0.0,0.0,5578.0,9057.0,양평군,양평군가선거구,0.48706715267068557,0.0,0.0,0.0,0.0,0.0,0.0,0.0,0.19549978970979953,0.31743305761951496,2017,31580,양평군,109359,54876,54483,8873,10260,10459,11433,15588,19740,16877,11293,5048,709,12348,72761,24250,0.0956391334961,0.1045455792390201,0.1425397086659534,0.1805064055084629,0.1543265757733702,0.1559085214751415,0.22174672409221,0.6653407584195173,0.4982031657202425,2017
7회지방선거_기초의원지역구,경기도,여주시,40361226,12,94136,55396,52865,2531,11348.0,0.0,0.0,0.0,0.0,0.0,0.0,0.0,10029.0,10197.0,여주시,여주시가선거구,0.35940964084373217,0.0,0.0,0.0,0.0,0.0,0.0,0.0,0.31763476277950214,0.3229555963767657,2017,31280,여주시,111476,56779,54697,9503,11135,13368,13798,16800,19239,14159,9409,4438,594,13229,77958,20289,0.1199181886684129,0.1237755211884172,0.1507050845024938,0.172584233377588,0.127013886397072,0.1295435788869353,0.1820033011589938,0.6993254153360364,0.4906616670852919,2017
7회지방선거_기초의원지역구,경기도,연천군,40361226,12,38497,24784,23507,1277,5199.0,0.0,0.0,0.0,0.0,0.0,0.0,0.0,3819.0,2872.0,연천군,연천군가선거구,0.4372582001682086,0.0,0.0,0.0,0.0,0.0,0.0,0.0,0.3211942809083263,0.2415475189234651,2017,31550,연천군,43990,23259,20731,3655,3484,5645,4924,5490,7441,6223,4941,2175,302,4856,29094,10040,0.1283246192316435,0.1119345305751307,0.1248010911570811,0.1691520800181859,0.1414639690838827,0.1686292339167992,0.2282336894748806,0.661377585814958,0.4712661968629233,2017
7회지방선거_기초의원지역구,경기도,오산시,40361226,12,169638,90019,86405,3614,23005.0,0.0,0.0,0.0,0.0,0.0,0.0,0.0,7927.0,8295.0,오산시,오산시가선거구,0.5864583067784944,0.0,0.0,0.0,0.0,0.0,0.0,0.0,0.20208019986233972,0.2114614933591659,2017,31140,오산시,219877,112936,106941,29741,24132,28127,42758,41179,29577,15501,8252,2964,371,38917,163266,17694,0.1279215197587742,0.1944632680998922,0.1872819803799397,0.1345161158283949,0.0704985059828904,0.0526976445922038,0.0804722640385306,0.7425333254501381,0.4863673781250426,2017
7회지방선거_기초의원지역구,경기도,용인시기흥구,80722452,24,387109,245373,236195,9178,60519.0,942.0,2310.0,0.0,0.0,0.0,0.0,0.0,44795.0,18999.0,용인시기흥구,용인시라선거구,0.4744169639007565,0.007384470662015443,0.018108415317681183,0.0,0.0,0.0,0.0,0.0,0.3511543134872418,0.1489358366323051,2017,31192,용인시 기흥구,415720,205754,209966,54105,50023,51764,63773,82146,54169,33625,22290,8081,1293,73323,296014,46383,0.1245165014913884,0.1534037332820167,0.197599345713461,0.1303016453382084,0.0808837679207158,0.0761666506302318,0.1115726931588569,0.7120513807370346,0.5050659097469451,2017
7회지방선거_기초의원지역구,경기도,용인시수지구,60541839,18,215189,139058,135132,3926,53517.0,387.0,0.0,0.0,0.0,0.0,0.0,0.0,27455.0,15765.0,용인시수지구,용인시바선거구,0.551017256290927,0.003984597010007825,0.0,0.0,0.0,0.0,0.0,0.0,0.2826798731518471,0.16231827354721798,2017,31193,용인시 수지구,338993,165644,173349,41244,42469,39446,49070,68713,45567,28838,20119,6837,942,57727,240395,40871,0.116362284766942,0.1447522515214178,0.2026974008312856,0.1344187048110137,0.0850696032071458,0.0822966845923072,0.1205659113905006,0.7091444366107855,0.5113645414507084,2017
7회지방선거_기초의원지역구,경기도,용인시처인구,60541839,18,192573,106658,101096,5562,35368.0,325.0,0.0,0.0,0.0,0.0,0.0,0.0,20890.0,10734.0,용인시처인구,용인시가선거구,0.5253947739798268,0.004827903798446158,0.0,0.0,0.0,0.0,0.0,0.0,0.3103228010755084,0.15945452114621864,2017,31191,용인시 처인구,240521,125322,115199,22627,27948,37372,34610,40525,37241,22605,13246,5810,815,31137,180261,29123,0.1553793639640613,0.1438959591885947,0.1684884064177348,0.1548347129772452,0.0939834775341862,0.0826164867101001,0.1210829823591287,0.7494605460645848,0.4789560994674062,2017
7회지방선거_기초의원지역구,경기도,의왕시,40361226,12,127960,82339,80171,2168,21107.0,0.0,0.0,0.0,0.0,0.0,0.0,0.0,18570.0,13086.0,의왕시,의왕시가선거구,0.4000341148153062,0.0,0.0,0.0,0.0,0.0,0.0,0.0,0.35195117790876185,0.248014707275932,2017,31170,의왕시,151852,75667,76185,14665,15882,20923,21026,25645,27494,15741,7857,3480,506,19851,114225,17776,0.1377854753312435,0.1384637673524221,0.1688815425545926,0.1810578721386613,0.1036601427705924,0.0779904117166715,0.1170613492084398,0.7522126807681163,0.5017056080920896,2017
7회지방선거_기초의원지역구,경기도,의정부시,80722452,24,366459,198407,190378,8029,50547.0,689.0,3285.0,0.0,0.0,0.0,0.0,0.0,47286.0,4595.0,의정부시,의정부시가선거구,0.4750568598334618,0.00647544219093626,0.03087347982180786,0.0,0.0,0.0,0.0,0.0,0.44440893968158496,0.04318527847220917,2017,31030,의정부시,426530,210519,216011,40048,44618,56423,58459,74969,73014,44290,27492,10152,1182,55629,314085,56816,0.132283778397768,0.1370571823787306,0.1757648934424308,0.1711813940402785,0.1038379480927484,0.0910275947764518,0.1332051672801444,0.736372588094624,0.5064379996717698,2017
7회지방선거_기초의원지역구,경기도,이천시,60541839,18,171518,93691,89980,3711,27612.0,0.0,0.0,0.0,0.0,0.0,0.0,0.0,15949.0,8311.0,이천시,이천시가선거구,0.5323103022825416,0.0,0.0,0.0,0.0,0.0,0.0,0.0,0.30746838371375695,0.16022131400370143,2017,31210,이천시,218798,112606,106192,23879,24549,31431,34151,35584,33301,19867,12054,5511,715,32365,160017,26416,0.1436530498450625,0.156084607720363,0.1626340277333431,0.1521997458843316,0.0908006471722776,0.0835473816031225,0.1207323650124772,0.7313458075485151,0.4853426448139379,2017
7회지방선거_기초의원지역구,경기도,파주시,80722452,24,352518,193729,186427,7302,56354.0,0.0,7525.0,0.0,4318.0,0.0,0.0,0.0,25544.0,16533.0,파주시,파주시가선거구,0.5110361463264232,0.0,0.06823911348096559,0.0,0.039157008905090954,0.0,0.0,0.0,0.23164118468541994,0.14992654660210022,2017,31200,파주시,430650,220786,209864,50972,46901,54278,69711,76326,62370,37400,25540,10635,1391,68545,309148,52957,0.1260373853477301,0.1618739115290839,0.177234413096482,0.1448275862068965,0.0868454661558109,0.0872309299895506,0.1229699291768257,0.7178636944154185,0.487319168698479,2017
7회지방선거_기초의원지역구,경기도,평택시,121083678,36,394222,209661,199249,10412,66311.0,320.0,2216.0,0.0,0.0,0.0,0.0,0.0,41597.0,24298.0,평택시,평택시가선거구,0.49213311365424295,0.00237490908551157,0.016446245417167625,0.0,0.0,0.0,0.0,0.0,0.30871591634382745,0.18032981549925042,2017,31070,평택시,486077,252448,233629,52896,51668,65844,79943,87628,75215,40989,25050,10600,1226,71600,360991,53486,0.1354600197088115,0.1644657122225491,0.1802759645076808,0.1547388582467387,0.0843261458575493,0.0758645235219934,0.1100360642449653,0.7426621708083287,0.4806419559041057,2017
7회지방선거_기초의원지역구,경기도,포천시,40361226,12,129049,70708,66896,3812,10989.0,418.0,616.0,0.0,0.0,0.0,0.0,0.0,7020.0,7076.0,포천시,포천시가선거구,0.4207282055208852,0.016003675485278916,0.02358436387304261,0.0,0.0,0.0,0.0,0.0,0.2687698610207129,0.2709138941000804,2017,31270,포천시,161239,87185,74054,12223,14818,24746,21261,24814,29133,17925,11584,5202,773,17214,119528,24497,0.1534740354380764,0.1318601579022445,0.1538957696338975,0.1806820930420059,0.1111703744131382,0.1089004521238658,0.1519297440445549,0.7413094846780246,0.459280943196125,2017
7회지방선거_기초의원지역구,경기도,하남시,60541839,18,194181,115374,111024,4350,31928.0,0.0,0.0,0.0,0.0,0.0,0.0,0.0,15368.0,9761.0,하남시,하남시가선거구,0.5595807701070858,0.0,0.0,0.0,0.0,0.0,0.0,0.0,0.26934469039732195,0.17107453949559212,2017,31180,하남시,218994,110017,108977,27206,19524,24590,37967,37149,34714,24476,11035,3922,680,34570,158948,25476,0.1122861813565668,0.1733700466679452,0.1696347845146442,0.1585157584226051,0.111765619149383,0.0714037827520388,0.1163319543001178,0.7258098395389828,0.4976255057216179,2017
7회지방선거_기초의원지역구,경기도,화성시,141264291,42,551721,313666,303481,10185,82760.0,0.0,2692.0,0.0,0.0,0.0,0.0,0.0,45429.0,36848.0,화성시,화성시가선거구,0.49341497296233805,0.0,0.016049699217189635,0.0,0.0,0.0,0.0,0.0,0.27084761728741,0.21968771053306227,2017,31240,화성시,707928,374208,333720,103211,78761,88179,142548,132759,87215,47092,25327,10670,1388,134759,516835,56334,0.124559277214632,0.2013594602840966,0.1875317828931755,0.1231975568136872,0.066520889129968,0.052809042727509,0.079575889073465,0.730067181973308,0.4714038715801606,2017
7회지방선거_기초의원지역구,경상남도,거제시,100903065,30,194485,122570,117547,5023,24269.0,0.0,0.0,0.0,0.0,0.0,5654.0,0.0,18289.0,18356.0,거제시,거제시가선거구,0.36457457036413893,0.0,0.0,0.0,0.0,0.0,0.08493570484316788,0.0,0.2747416175940392,0.275748107198654,2017,38090,거제시,257847,139356,118491,35666,27564,26850,50796,48727,37033,20475,9075,4183,486,46171,190074,21602,0.1041315198547976,0.1970005468359143,0.1889764084903062,0.1436239320217028,0.0794075556434629,0.0533029277051895,0.0837783646891373,0.7371580821184656,0.4595399597435688,2017
7회지방선거_기초의원지역구,경상남도,거창군,80722452,24,53061,39552,38065,1487,8441.0,0.0,0.0,0.0,0.0,0.0,0.0,0.0,6467.0,6959.0,거창군,거창군가선거구,0.3860154570814469,0.0,0.0,0.0,0.0,0.0,0.0,0.0,0.2957424429505648,0.3182420999679883,2017,38590,거창군,60083,29491,30592,4845,6157,5445,5608,8308,10184,8588,7011,3960,488,6863,37866,15354,0.0906246359203102,0.0933375497228833,0.1382753857164256,0.1694988599104572,0.1429356057453855,0.1907195046851855,0.2555464940166103,0.6302281843449894,0.5091623254497945,2017
7회지방선거_기초의원지역구,경상남도,고성군,80722452,24,46588,34072,32431,1641,4712.0,0.0,0.0,0.0,0.0,0.0,0.0,0.0,5463.0,4695.0,고성군,고성군가선거구,0.3168796234028245,0.0,0.0,0.0,0.0,0.0,0.0,0.0,0.36738399462004034,0.31573638197713516,2017,38540,고성군,52439,26681,25758,3800,4473,4196,5690,7042,8947,8283,6373,3585,405,5262,32980,14197,0.0800167814031541,0.1085070272125708,0.134289364785751,0.170617288659204,0.1579549571883521,0.1976200919163218,0.2707336142947043,0.628921222754057,0.4911992982322317,2017
7회지방선거_기초의원지역구,경상남도,김해시,141264291,42,420296,251982,242817,9165,45860.0,0.0,3122.0,0.0,0.0,0.0,0.0,0.0,40488.0,29942.0,김해시,김해시가선거구,0.3840485043379225,0.0,0.02614477606940676,0.0,0.0,0.0,0.0,0.0,0.33906140086423475,0.25074531872843603,2017,38070,김해시,536456,275718,260738,61287,63926,68778,82258,103604,85813,44223,22536,9382,990,84904,401080,50472,0.1282080916235441,0.1533359679078992,0.1931267429202022,0.1599627928478756,0.0824354653503735,0.061343334774893,0.0940841373756654,0.7476475237484528,0.4860379975244941,2017
7회지방선거_기초의원지역구,경상남도,남해군,80722452,24,39731,30725,29217,1508,6922.0,0.0,0.0,0.0,0.0,0.0,0.0,0.0,5585.0,4535.0,남해군,남해군가선거구,0.40617298439150334,0.0,0.0,0.0,0.0,0.0,0.0,0.0,0.32771975120291047,0.2661072644055862,2017,38550,남해군,42986,20813,22173,2110,3374,3348,3009,5031,7416,7395,6743,4212,587,3132,24708,15146,0.0778858232913041,0.0699995347322384,0.1170381054296747,0.172521286000093,0.1720327548504164,0.2685060252175126,0.3523472758572558,0.5747917926766855,0.5158191038942912,2017
7회지방선거_기초의원지역구,경상남도,밀양시,100903065,30,93081,62112,59424,2688,16055.0,0.0,923.0,0.0,0.0,0.0,0.0,0.0,13401.0,7765.0,밀양시,밀양시가선거구,0.42090499161073824,0.0,0.024197776845637585,0.0,0.0,0.0,0.0,0.0,0.35132655201342283,0.20357067953020133,2017,38080,밀양시,103894,50665,53229,7321,8315,10405,10672,13590,19240,17362,11436,5740,578,10265,68204,25425,0.100150153040599,0.1027200800816216,0.1308063988295763,0.1851887500721889,0.1671126340308391,0.1708857104356363,0.2447205805917569,0.6564767936550715,0.5123394998748725,2017
7회지방선거_기초의원지역구,경상남도,사천시,80722452,24,94449,65479,62274,3205,12764.0,0.0,1653.0,0.0,0.0,0.0,0.0,0.0,12526.0,4031.0,사천시,사천시가선거구,0.4120875573061277,0.0,0.05336734034997094,0.0,0.0,0.0,0.0,0.0,0.404403693420288,0.13014140892361337,2017,38060,사천시,111655,57102,54553,11236,10196,10630,15256,18131,17673,14275,9817,4852,648,15108,74846,21701,0.0952039765348618,0.1366351708387443,0.162384129685191,0.158282208588957,0.1278491782723568,0.1371814965742689,0.1943576194527786,0.670332721329094,0.4885853745913752,2017
7회지방선거_기초의원지역구,경상남도,산청군,80722452,24,32408,24645,23577,1068,3288.0,0.0,0.0,0.0,0.0,0.0,0.0,0.0,4125.0,5292.0,산청군,산청군가선거구,0.2587957497048406,0.0,0.0,0.0,0.0,0.0,0.0,0.0,0.3246753246753247,0.41652892561983473,2017,38570,산청군,34033,16459,17574,1991,2378,2468,2649,3928,6164,5925,5359,3028,359,2791,19823,11419,0.0725178503217465,0.0778362177886169,0.1154173890047894,0.1811183263303264,0.1740957306144036,0.2569858666588311,0.3355272823436077,0.5824640789821643,0.5163811594628742,2017
7회지방선거_기초의원지역구,경상남도,양산시,121083678,36,275507,167471,160150,7321,46030.0,0.0,909.0,0.0,0.0,0.0,0.0,0.0,22633.0,15061.0,양산시,양산시가선거구,0.5438776836458592,0.0,0.010740491297720747,0.0,0.0,0.0,0.0,0.0,0.26742523601904694,0.17795658903737313,2017,38100,양산시,332600,167518,165082,39822,34193,39232,54171,58407,52906,32540,17341,6611,778,52108,242399,38093,0.1179555021046301,0.1628713168971738,0.1756073361395069,0.1590679494888755,0.0978352375225496,0.0743535778713169,0.1145309681298857,0.7288003607937462,0.4963379434756464,2017
7회지방선거_기초의원지역구,경상남도,의령군,80722452,24,24972,19912,18778,1134,2197.0,0.0,0.0,0.0,0.0,0.0,0.0,0.0,3736.0,4548.0,의령군,의령군가선거구,0.20961740291956873,0.0,0.0,0.0,0.0,0.0,0.0,0.0,0.35645453678084155,0.43392806029958975,2017,38510,의령군,26292,12747,13545,1430,1676,2084,2213,3022,4505,4447,4075,2695,282,2012,15129,9151,0.0792636543435265,0.084170089761144,0.1149399056747299,0.1713448957857903,0.1691389015670165,0.2682184694964247,0.3480526395861859,0.5754221816522136,0.5151757188498403,2017
7회지방선거_기초의원지역구,경상남도,진주시,161444904,48,282049,190793,185008,5785,59985.0,0.0,8641.0,0.0,0.0,0.0,0.0,0.0,34419.0,24539.0,진주시,진주시가선거구,0.47016083521444696,0.0,0.06772792826686731,0.0,0.0,0.0,0.0,0.0,0.2697752069224981,0.19233602959618762,2017,38030,진주시,353209,176672,176537,34246,40357,49463,46036,57482,56243,38470,23141,10037,1201,47653,254884,50672,0.1400389004810183,0.1303364297059248,0.1627421724814486,0.1592343343459538,0.108915684481426,0.0973333069089406,0.1434618030684382,0.7216237411843979,0.4998088950168314,2017
7회지방선거_기초의원지역구,경상남도,창녕군,80722452,24,55922,39406,37641,1765,7514.0,0.0,0.0,0.0,0.0,0.0,0.0,0.0,8199.0,5971.0,창녕군,창녕군가선거구,0.34652278177458035,0.0,0.0,0.0,0.0,0.0,0.0,0.0,0.37811289429994466,0.275364323925475,2017,38530,창녕군,62544,31527,31017,4187,4675,6029,6638,7725,11152,10069,7936,4147,377,5617,39932,16995,0.0963961371194679,0.1061332821693527,0.1235130468150422,0.1783064722435405,0.1609906625735482,0.1992197492964952,0.2717287029930929,0.6384625223842415,0.4959228702993092,2017
7회지방선거_기초의원지역구,경상남도,창원시마산합포구,80722452,24,154311,99250,95320,3930,35555.0,0.0,0.0,0.0,0.0,0.0,0.0,0.0,16672.0,9751.0,창원시마산합포구,창원시사선거구,0.5736713027203201,0.0,0.0,0.0,0.0,0.0,0.0,0.0,0.26899867694988544,0.15733002032979446,2017,38113,창원시 마산합포구,178850,89474,89376,15420,15969,21023,24433,26366,30651,25781,14137,5812,646,20606,126701,31543,0.1175454291305563,0.1366116857701985,0.1474196253844003,0.171378249930109,0.1441487279843444,0.1151523623147889,0.1763656695554934,0.7084204640760414,0.4997260273972603,2017
7회지방선거_기초의원지역구,경상남도,창원시마산회원구,60541839,18,166500,109557,104738,4819,35413.0,0.0,0.0,0.0,0.0,0.0,0.0,0.0,13714.0,4521.0,창원시마산회원구,창원시카선거구,0.6600991649269311,0.0,0.0,0.0,0.0,0.0,0.0,0.0,0.2556292872054876,0.08427154786758127,2017,38114,창원시 마산회원구,202765,101853,100912,18443,20794,24800,27087,33787,36044,26373,12589,4339,443,25954,148426,28385,0.1223090770103321,0.1335881439104382,0.1666313219737134,0.1777624343451779,0.1300668261287697,0.0856706039010677,0.1399896431829951,0.7320099622715952,0.4976795798091387,2017
7회지방선거_기초의원지역구,경상남도,창원시성산구,60541839,18,184600,125771,120989,4782,43837.0,0.0,14698.0,0.0,0.0,0.0,2369.0,0.0,29351.0,7913.0,창원시성산구,창원시라선거구,0.44655081085486104,0.0,0.14972292396707684,0.0,0.0,0.0,0.024132100073343654,0.0,0.2989874500855676,0.08060671501915084,2017,38112,창원시 성산구,267595,139059,128536,25404,31197,40471,39858,49744,52321,20757,7180,2989,316,36179,213781,17635,0.1512397466320372,0.1489489713933369,0.1858928604794558,0.1955230852594405,0.0775687139146845,0.0391823464563986,0.0659018292568994,0.7988975877725667,0.4803378239503728,2017
7회지방선거_기초의원지역구,경상남도,창원시의창구,60541839,18,210327,135098,129875,5223,32980.0,0.0,6806.0,0.0,0.0,0.0,0.0,0.0,15198.0,6801.0,창원시의창구,창원시가선거구,0.5337865177632112,0.0,0.11015618677672574,0.0,0.0,0.0,0.0,0.0,0.245982034474387,0.11007526098567613,2017,38111,창원시 의창구,209691,107361,102330,20168,20991,29830,30355,35192,38608,21971,9563,4293,501,27076,159732,22883,0.1422569399735801,0.14476062396574,0.1678278991468398,0.1841185363224936,0.104777982841419,0.0684674115722658,0.1091272396049425,0.7617494313060647,0.4880037769861367,2017
7회지방선거_기초의원지역구,경상남도,창원시진해구,80722452,24,150396,93882,90310,3572,23700.0,0.0,0.0,0.0,0.0,0.0,0.0,0.0,22071.0,11209.0,창원시진해구,창원시하선거구,0.41593541593541594,0.0,0.0,0.0,0.0,0.0,0.0,0.0,0.38734643734643737,0.19671814671814672,2017,38115,창원시 진해구,186658,95782,90876,24592,19473,18672,32265,32988,26955,19106,10236,4191,444,32563,131414,22681,0.1000332158278777,0.1728562397539886,0.1767296338758585,0.1444084903941968,0.1023583237793183,0.0796697703821963,0.1215109987249408,0.7040362588263026,0.4868583184219267,2017
7회지방선거_기초의원지역구,경상남도,통영시,100903065,30,110317,72811,70239,2572,13666.0,0.0,0.0,0.0,0.0,0.0,0.0,0.0,9697.0,9120.0,통영시,통영시가선거구,0.4207123726256811,0.0,0.0,0.0,0.0,0.0,0.0,0.0,0.2985253825077733,0.28076224486654555,2017,38050,통영시,132962,68376,64586,14274,12614,12055,19517,22477,22448,17062,9543,3920,418,19077,92575,21310,0.0906650020306553,0.1467862998450685,0.1690482995141469,0.1688301920849566,0.1283223778222349,0.1043982491238098,0.160271355725696,0.6962515605962606,0.4857478076442893,2017
7회지방선거_기초의원지역구,경상남도,하동군,80722452,24,42568,33770,32074,1696,6210.0,0.0,0.0,0.0,0.0,0.0,0.0,0.0,7347.0,6274.0,하동군,하동군가선거구,0.31314608441329234,0.0,0.0,0.0,0.0,0.0,0.0,0.0,0.3704805607382381,0.31637335484846957,2017,38560,하동군,43441,21214,22227,2582,3014,3383,3304,5578,8087,7354,6262,3665,469,3737,25918,13786,0.077875739508759,0.0760571810041205,0.1284040422642204,0.1861605395824221,0.1692870790267259,0.2393130913192606,0.3173499689233673,0.5966253078888607,0.5116594921848023,2017
7회지방선거_기초의원지역구,경상남도,함안군,80722452,24,56780,40446,38717,1729,9231.0,0.0,0.0,0.0,0.0,0.0,0.0,0.0,6921.0,8104.0,함안군,함안군가선거구,0.38056563324538256,0.0,0.0,0.0,0.0,0.0,0.0,0.0,0.2853314643799472,0.33410290237467016,2017,38520,함안군,67906,35444,32462,6172,6025,6972,8788,10404,11201,9101,6228,3308,321,8407,45733,13766,0.1026713397932436,0.1294141902041057,0.1532117927723618,0.1649486054251465,0.134023503077784,0.1451565399228345,0.2027214090065679,0.6734750979294908,0.4780431773333726,2017
7회지방선거_기초의원지역구,경상남도,함양군,60541839,18,34972,27234,26102,1132,3991.0,111.0,0.0,0.0,0.0,0.0,0.0,0.0,3280.0,3053.0,함양군,함양군가선거구,0.3824628653569717,0.01063727839003354,0.0,0.0,0.0,0.0,0.0,0.0,0.3143267848586488,0.29257307139434596,2017,38580,함양군,37942,18185,19757,2470,3144,2533,3086,4933,6625,6238,5668,3105,417,3584,22278,12080,0.0667597912603447,0.0813346687048653,0.1300142322492225,0.1746086131463813,0.1644088345369247,0.2422117969532444,0.3183806863106847,0.5871593484792578,0.5207158294238574,2017
7회지방선거_기초의원지역구,경상남도,합천군,80722452,24,42165,32498,30593,1905,4009.0,0.0,0.0,0.0,0.0,0.0,0.0,0.0,7269.0,6485.0,합천군,합천군가선거구,0.2256938580194787,0.0,0.0,0.0,0.0,0.0,0.0,0.0,0.4092214153014693,0.36508472667905195,2017,38600,합천군,43449,20657,22792,2191,2733,2905,3150,4862,7715,7712,7579,4405,447,3130,24141,16178,0.0668599967778314,0.0724987916868052,0.1119013095813482,0.1775645009091118,0.1774954544408387,0.2861055490345002,0.3723445879076618,0.5556169301940206,0.5245690349605284,2017
7회지방선거_기초의원지역구,경상북도,경산시,80722452,24,187246,103553,100221,3332,27971.0,226.0,2377.0,0.0,0.0,0.0,0.0,0.0,15183.0,19391.0,경산시,경산시가선거구,0.42934549026831215,0.003469024375268619,0.03648615460182968,0.0,0.0,0.0,0.0,0.0,0.23305396942346657,0.29764536133112296,2017,37100,경산시,282626,142697,139929,25074,31354,49149,38817,43339,42444,29166,17245,7405,859,33346,211044,38236,0.1739011980497194,0.1373440518565171,0.1533439952445988,0.1501772660689391,0.1031964504327273,0.0902570888736351,0.135288331576005,0.7467253543552256,0.4951030690736167,2017
7회지방선거_기초의원지역구,경상북도,경주시,181625517,54,218273,139130,133383,5747,16854.0,0.0,1552.0,0.0,0.0,0.0,0.0,0.0,35002.0,23597.0,경주시,경주시가선거구,0.21886890461658334,0.0,0.020154535419777936,0.0,0.0,0.0,0.0,0.0,0.4545419128628011,0.3064346471008376,2017,37020,경주시,262264,133171,129093,20375,24410,33020,31378,41002,45483,34481,22276,10629,1216,28435,184543,49286,0.1259036695848458,0.1196428026721166,0.1563386511301589,0.1734244883018637,0.1314743922154775,0.1301017295549522,0.1879251441295793,0.7036535704480981,0.4922253912088583,2017
7회지방선거_기초의원지역구,경상북도,고령군,60541839,18,29462,20296,19441,855,2019.0,0.0,0.0,0.0,0.0,0.0,0.0,0.0,4189.0,4066.0,고령군,고령군가선거구,0.19651547595873078,0.0,0.0,0.0,0.0,0.0,0.0,0.0,0.4077282460580105,0.3957562779832587,2017,37570,고령군,33094,17236,15858,2196,2219,3154,3626,4549,5930,5224,3988,2183,244,2993,21214,8887,0.0953042847646098,0.109566688825769,0.1374569408351967,0.1791865594971898,0.1578533873209645,0.1938417840091859,0.2685381035837312,0.6410225418504865,0.4791805161056385,2017
7회지방선거_기초의원지역구,경상북도,구미시,161444904,48,332873,187191,180150,7041,62412.0,0.0,0.0,0.0,0.0,0.0,0.0,0.0,27800.0,33920.0,구미시,구미시가선거구,0.5027873553958689,0.0,0.0,0.0,0.0,0.0,0.0,0.0,0.22395514452357168,0.2732575000805594,2017,37050,구미시,423003,218610,204393,50977,50190,61857,74055,75685,63335,29646,14315,6721,908,68475,321282,33246,0.1462330054396777,0.1750696803568769,0.1789230809237759,0.1497270704935898,0.0700846093290118,0.0518767006380569,0.0785951872681754,0.7595265281806513,0.4831951546442933,2017
7회지방선거_기초의원지역구,경상북도,군위군,40361226,12,22753,18639,17788,851,0.0,0.0,0.0,0.0,0.0,0.0,0.0,0.0,3670.0,2343.0,군위군,군위군가선거구,0.0,0.0,0.0,0.0,0.0,0.0,0.0,0.0,0.6103442541160818,0.38965574588391816,2017,22520,군위군,22230,11309,10921,954,1080,1645,1737,2214,4047,4456,3911,2089,186,1290,12617,8323,0.0739991003148897,0.0781376518218623,0.0995951417004048,0.182051282051282,0.2004498425551057,0.278272604588394,0.3744039586144849,0.5675663517768781,0.4912730544309491,2017
7회지방선거_기초의원지역구,경상북도,김천시,100903065,30,109705,76740,72895,3845,6418.0,0.0,0.0,0.0,0.0,0.0,0.0,0.0,10582.0,11987.0,김천시,김천시가선거구,0.2214095974057336,0.0,0.0,0.0,0.0,0.0,0.0,0.0,0.3650601993997309,0.4135302031945355,2017,37030,김천시,140765,70240,70525,12491,13104,16650,17058,20138,23204,18662,12836,6855,843,16732,95213,28820,0.1182822434554044,0.1211806912229602,0.1430611302525485,0.1648421127410933,0.1325755692110965,0.1458743295563528,0.2047383937768621,0.6763968315987638,0.5010123255070508,2017
7회지방선거_기초의원지역구,경상북도,문경시,80722452,24,62685,46205,43098,3107,2404.0,0.0,0.0,0.0,0.0,0.0,0.0,0.0,11543.0,9008.0,문경시,문경시가선거구,0.10472663907645394,0.0,0.0,0.0,0.0,0.0,0.0,0.0,0.5028534088433892,0.39241995208015684,2017,37090,문경시,70016,34275,35741,5102,6254,5511,6683,9196,12233,11615,8865,4429,613,7169,43678,19169,0.0787105804387568,0.0954496115173674,0.1313414076782449,0.1747172074954296,0.1658906535648994,0.1986260283363802,0.2737802787934186,0.6238288391224863,0.5104690356489945,2017
7회지방선거_기초의원지역구,경상북도,봉화군,60541839,18,29582,23343,22479,864,2788.0,0.0,0.0,0.0,0.0,0.0,0.0,0.0,3213.0,3867.0,봉화군,봉화군가선거구,0.28252938792055127,0.0,0.0,0.0,0.0,0.0,0.0,0.0,0.32559789217673285,0.3918727199027158,2017,37610,봉화군,31082,15350,15732,1918,1876,1866,2408,3557,5976,5741,4812,2729,369,2619,17895,10568,0.0600347467987903,0.0774724921176243,0.1144392252750788,0.1922656199729747,0.1847049739399009,0.25448812817708,0.3400038607554211,0.5757351521781096,0.5061450357119877,2017
7회지방선거_기초의원지역구,경상북도,상주시,100903065,30,78928,56335,53388,2947,5579.0,0.0,0.0,0.0,0.0,0.0,0.0,0.0,11086.0,8294.0,상주시,상주시가선거구,0.22352658359709923,0.0,0.0,0.0,0.0,0.0,0.0,0.0,0.4441684362354261,0.3323049801674747,2017,37080,상주시,98193,48298,49895,6634,8663,9204,8480,12474,17353,15846,12460,6851,940,9423,61212,27558,0.0937337692096177,0.0863605348650107,0.1270355320644037,0.1767233916877985,0.1613760655036509,0.2062366971169024,0.2806513702606092,0.6233845589807827,0.5081319442322773,2017
7회지방선거_기초의원지역구,경상북도,성주군,60541839,18,40239,28870,27730,1140,1744.0,0.0,0.0,0.0,0.0,0.0,0.0,0.0,3547.0,4048.0,성주군,성주군가선거구,0.18674376271549417,0.0,0.0,0.0,0.0,0.0,0.0,0.0,0.3798051183210194,0.4334511189634865,2017,37580,성주군,41225,21271,19954,2367,2266,4065,3966,4987,8096,7321,5113,2858,369,3159,26211,11855,0.098605215281989,0.0962037598544572,0.1209702850212249,0.1963856882959369,0.1775864160097028,0.2023044269254093,0.2875682231655548,0.635803517283202,0.4840266828380837,2017
7회지방선거_기초의원지역구,경상북도,안동시,161444904,48,137423,94428,88440,5988,5014.0,266.0,0.0,0.0,1395.0,0.0,0.0,0.0,25459.0,29261.0,안동시,안동시가선거구,0.08166788826451665,0.004332600374623341,0.0,0.0,0.022721720009772784,0.0,0.0,0.0,0.41467546217118656,0.47660232917990064,2017,37040,안동시,165704,81894,83810,14182,16867,19029,18137,24551,27046,22186,16039,7918,1070,19557,111237,34910,0.1148373002462221,0.1094542075025346,0.1481617824554627,0.1632187515087143,0.1338893448558876,0.1510343745473857,0.2106768695988027,0.6712994254815816,0.5057813933278618,2017
7회지방선거_기초의원지역구,경상북도,영덕군,40361226,12,34366,26336,25320,1016,3913.0,0.0,0.0,0.0,0.0,0.0,0.0,0.0,3081.0,3073.0,영덕군,영덕군가선거구,0.3886957385517036,0.0,0.0,0.0,0.0,0.0,0.0,0.0,0.3060494685606437,0.3052547928876527,2017,37550,영덕군,36148,17427,18721,2093,2157,2535,3096,4268,6274,6603,6058,2940,344,2940,20715,12493,0.0701283611818081,0.0856478919995573,0.1180701560252296,0.1735642359189996,0.1826657076463428,0.2584375345800597,0.3456069492088082,0.5730607502489764,0.517898638928848,2017
7회지방선거_기초의원지역구,경상북도,영양군,40361226,12,15686,12904,12498,406,844.0,0.0,0.0,0.0,0.0,0.0,0.0,0.0,1720.0,2143.0,영양군,영양군가선거구,0.17930741448905885,0.0,0.0,0.0,0.0,0.0,0.0,0.0,0.36541321436158913,0.455279371149352,2017,37540,영양군,16579,7980,8599,985,1207,1016,1204,1935,2997,3027,2763,1388,162,1337,9514,5728,0.0612823451354122,0.0726219916762169,0.11671391519392,0.1807708546956993,0.1825803727607214,0.2601483804813318,0.3454973158815368,0.5738584956873153,0.5186681947041438,2017
7회지방선거_기초의원지역구,경상북도,영주시,121083678,36,91447,63721,61067,2654,9711.0,0.0,0.0,0.0,0.0,0.0,0.0,0.0,12152.0,12798.0,영주시,영주시가선거구,0.2801707971495341,0.0,0.0,0.0,0.0,0.0,0.0,0.0,0.3505957704624794,0.3692334323879865,2017,37060,영주시,108443,54415,54028,8232,11132,11605,10271,15415,18395,16290,11527,5626,771,11762,71507,25174,0.1070147450734487,0.0947133517147257,0.1421484097636546,0.1696282839832907,0.1502171647778095,0.1652849884270999,0.232140387115812,0.6593971026253423,0.498215652462584,2017
7회지방선거_기초의원지역구,경상북도,영천시,80722452,24,88000,60063,56946,3117,6251.0,0.0,0.0,0.0,0.0,0.0,0.0,0.0,11570.0,9014.0,영천시,영천시가선거구,0.2329420532886156,0.0,0.0,0.0,0.0,0.0,0.0,0.0,0.43115334451276316,0.3359046021986212,2017,37070,영천시,97675,49918,47757,6702,6984,9998,11012,13390,17113,15639,11440,5570,479,9156,63702,24817,0.1023598669055541,0.1127412336831328,0.1370872792423854,0.1752034809316611,0.1601126183772715,0.1790529818274891,0.2540772971589455,0.6521832608139237,0.4889378039416432,2017
7회지방선거_기초의원지역구,경상북도,예천군,80722452,24,44218,34640,33041,1599,1655.0,0.0,0.0,0.0,0.0,0.0,0.0,0.0,8479.0,6914.0,예천군,예천군가선거구,0.09707883622712342,0.0,0.0,0.0,0.0,0.0,0.0,0.0,0.4973603941811356,0.405560769591741,2017,37600,예천군,46321,22674,23647,3685,3158,3369,4400,5331,7457,7905,6869,3949,518,4904,26382,15035,0.0727315904233501,0.0949893137022085,0.1150881889423803,0.1609852982448565,0.1706569374581723,0.2447270136655081,0.3245828026165238,0.5695472895662874,0.5105027957082101,2017
7회지방선거_기초의원지역구,경상북도,울릉군,40361226,12,9057,7476,7310,166,0.0,0.0,0.0,0.0,0.0,0.0,0.0,0.0,1720.0,1719.0,울릉군,울릉군가선거구,0.0,0.0,0.0,0.0,0.0,0.0,0.0,0.0,0.5001453911020646,0.4998546088979354,2017,37630,울릉군,8702,4824,3878,529,471,785,998,1407,1814,1442,887,382,38,714,6055,1933,0.0902091473224546,0.114686279016318,0.1616869685129855,0.2084578257871753,0.1657090324063433,0.1501953573891059,0.222132843024592,0.6958170535509078,0.4456446793840496,2017
7회지방선거_기초의원지역구,경상북도,울진군,60541839,18,43356,33189,31561,1628,1115.0,0.0,0.0,0.0,0.0,0.0,0.0,0.0,7133.0,9801.0,울진군,울진군가선거구,0.06177627569394426,0.0,0.0,0.0,0.0,0.0,0.0,0.0,0.3952019502465511,0.5430217740595047,2017,37620,울진군,48504,24852,23652,3803,3961,4003,5456,6855,8501,7019,5665,3200,422,5185,30964,12355,0.0825292759360052,0.1124855682005607,0.141328550222662,0.1752638957611743,0.1447097146627082,0.1914687448457859,0.2547212601022596,0.6383803397657926,0.487629886194953,2017
7회지방선거_기초의원지역구,경상북도,의성군,100903065,30,48843,36244,34693,1551,2379.0,0.0,0.0,0.0,0.0,0.0,0.0,0.0,9066.0,7734.0,의성군,의성군가선거구,0.1240419208509307,0.0,0.0,0.0,0.0,0.0,0.0,0.0,0.47270452056937273,0.4032535585796965,2017,37520,의성군,50082,24203,25879,2296,2344,3227,3468,4846,9090,10228,9038,5113,625,3183,27288,19611,0.0644343277025678,0.0692464358452138,0.0967613114492232,0.1815023361686833,0.2042250708837506,0.2950361407292041,0.3915778123876842,0.5448664190727207,0.5167325586038897,2017
7회지방선거_기초의원지역구,경상북도,청도군,40361226,12,39294,28370,27447,923,4500.0,0.0,0.0,0.0,0.0,0.0,0.0,0.0,4418.0,3586.0,청도군,청도군가선거구,0.3598848368522073,0.0,0.0,0.0,0.0,0.0,0.0,0.0,0.35332693538067816,0.28678822776711455,2017,37560,청도군,41278,19885,21393,1890,2907,3244,3283,4442,7486,8194,6088,3527,414,2683,24552,14043,0.0785890789282426,0.0795338921459373,0.1076118028974272,0.1813556858374921,0.1985076796356412,0.2429623528271718,0.3402054363098987,0.5947962595086971,0.51826638887543,2017
7회지방선거_기초의원지역구,경상북도,청송군,40361226,12,23522,18154,17487,667,1704.0,0.0,0.0,0.0,0.0,0.0,0.0,0.0,2455.0,1308.0,청송군,청송군가선거구,0.3116883116883117,0.0,0.0,0.0,0.0,0.0,0.0,0.0,0.44905798426925186,0.23925370404243643,2017,37530,청송군,24441,12056,12385,1290,1358,1626,1884,2758,4687,4699,4061,1955,227,1804,14181,8456,0.0665275561556401,0.0770835890511844,0.1128431733562456,0.1917679309357227,0.1922589092099341,0.2554314471584632,0.345976023894276,0.580213575549282,0.5067304938423142,2017
7회지방선거_기초의원지역구,경상북도,칠곡군,80722452,24,96894,54841,53078,1763,16339.0,0.0,0.0,0.0,0.0,0.0,0.0,0.0,7632.0,5321.0,칠곡군,칠곡군가선거구,0.5577973508125086,0.0,0.0,0.0,0.0,0.0,0.0,0.0,0.2605489553461696,0.18165369384132185,2017,37590,칠곡군,121778,63665,58113,13400,12521,15924,20905,20968,17406,10761,7092,3570,469,17878,88152,15748,0.1307625351048629,0.1716648327284074,0.1721821675507891,0.1429322209266041,0.0883657146611046,0.0914040302846162,0.1293172822677331,0.7238745914697235,0.4772044211598154,2017
7회지방선거_기초의원지역구,경상북도,포항시남구,121083678,36,198696,119378,115890,3488,37170.0,0.0,1504.0,0.0,0.0,0.0,0.0,0.0,21651.0,14409.0,포항시남구,포항시사선거구,0.4973639842641903,0.0,0.02012470896780582,0.0,0.0,0.0,0.0,0.0,0.28970749591885886,0.19280381084914497,2017,37011,포항시 남구,239046,124209,114837,23300,23075,27379,32995,39496,43230,31403,14468,5227,618,31590,174378,33078,0.1145344410699196,0.1380278272801051,0.1652234298001221,0.1808438543209256,0.1313680212176735,0.0849752767249818,0.1383750407871288,0.7294746617805778,0.4803970783865867,2017
7회지방선거_기초의원지역구,경상북도,포항시북구,121083678,36,223110,139923,136055,3868,34179.0,0.0,335.0,0.0,0.0,0.0,0.0,0.0,23157.0,25810.0,포항시북구,포항시가선거구,0.4094225033241097,0.0,0.004012889160407758,0.0,0.0,0.0,0.0,0.0,0.27739246055988787,0.3091721469555947,2017,37012,포항시 북구,267863,132626,135237,26047,27403,30201,34407,43580,48826,34106,17153,7467,1097,35695,192673,39495,0.1127479345784972,0.1284499912268585,0.1626951090669484,0.182279747482855,0.1273262824652901,0.0960080339576574,0.1474447758742342,0.7192968047098703,0.5048737600937793,2017
7회지방선거_기초의원지역구,광주광역시,광산구,100903065,30,307011,177993,172730,5263,29401.0,0.0,17044.0,0.0,0.0,0.0,0.0,0.0,2634.0,40991.0,광산구,광산구가선거구,0.3264238925280338,0.0,0.18923059842344844,0.0,0.0,0.0,0.0,0.0,0.029243921394470965,0.45510158765404685,2017,24050,광산구,419625,212570,207055,53487,57644,59192,66703,81730,57256,26200,15514,6628,867,74467,311308,33850,0.1410592791182603,0.1589585939827226,0.1947691391123026,0.1364456359845099,0.0624366994340184,0.0548322907357759,0.0806672624366994,0.741871909442955,0.4934286565385761,2017
7회지방선거_기초의원지역구,광주광역시,남구,60541839,18,176964,106278,101911,4367,16735.0,0.0,3811.0,0.0,0.0,0.0,0.0,0.0,0.0,18113.0,남구,남구가선거구,0.4328875552911353,0.0,0.09857989084042526,0.0,0.0,0.0,0.0,0.0,0.0,0.46853255386843945,2017,24030,남구,219325,106233,113092,20516,25355,28882,28448,34863,35422,25492,15642,6009,828,28885,156631,33809,0.1316858543257722,0.1297070557391998,0.1589558873817394,0.1615046164367947,0.1162293400205174,0.102491736008207,0.154150233671492,0.7141502336714921,0.5156366123332954,2017
7회지방선거_기초의원지역구,광주광역시,동구,40361226,12,82265,51548,49744,1804,6864.0,0.0,4091.0,0.0,0.0,0.0,0.0,0.0,0.0,12382.0,동구,동구가선거구,0.29412520889574495,0.0,0.17530102412478038,0.0,0.0,0.0,0.0,0.0,0.0,0.5305737669794747,2017,24010,동구,100914,50531,50383,6722,8766,16733,12719,13201,15612,13464,9761,3950,566,9154,71383,20377,0.1658144558733178,0.1260380125651544,0.1308143567790395,0.1547059872762946,0.1334205362982341,0.1414769011237291,0.2019244108845155,0.7073646867629863,0.4992667023406068,2017
7회지방선거_기초의원지역구,광주광역시,북구,121083678,36,358914,210525,202773,7752,42500.0,0.0,20062.0,0.0,0.0,0.0,0.0,0.0,0.0,28217.0,북구,북구가선거구,0.46816995120016747,0.0,0.22099824849359434,0.0,0.0,0.0,0.0,0.0,0.0,0.31083180030623825,2017,24040,북구,450323,224448,225875,41885,50801,68992,62649,72873,73953,45795,26155,10073,1336,58525,334496,57302,0.1532055879890656,0.1391201426531622,0.1618238464391115,0.1642221250080497,0.1016936732078974,0.0834156816329612,0.1272464431086131,0.7427912853662816,0.5015844182953125,2017
7회지방선거_기초의원지역구,광주광역시,서구,80722452,24,247275,147760,142895,4865,22574.0,0.0,14911.0,0.0,0.0,0.0,0.0,0.0,0.0,33547.0,서구,서구가선거구,0.31780042797612346,0.0,0.2099194729136164,0.0,0.0,0.0,0.0,0.0,0.0,0.47228009911026014,2017,24020,서구,305985,151340,154645,29294,36332,42613,43066,55114,49280,29548,16987,6187,769,42003,227426,36556,0.1392649966501626,0.1407454613788257,0.1801199405199601,0.1610536464205761,0.0965668251711685,0.0782489337712633,0.119469908655653,0.7432586564700884,0.5054005915322647,2017
7회지방선거_기초의원지역구,대구광역시,남구,60541839,18,134493,72225,69233,2992,22892.0,0.0,0.0,0.0,0.0,0.0,0.0,0.0,8396.0,7130.0,남구,남구가선거구,0.5958665209016607,0.0,0.0,0.0,0.0,0.0,0.0,0.0,0.21854339111874643,0.1855900879795929,2017,22040,남구,152785,73530,79255,9008,12007,21253,19375,22398,26104,22432,14293,6118,684,12683,108984,31118,0.1391039696305265,0.126812187060248,0.146598160814216,0.1708544686978433,0.1468206957489282,0.1380698366986288,0.2036718264227509,0.7133160977844684,0.5187354779592237,2017
7회지방선거_기초의원지역구,대구광역시,달서구,181625517,54,472669,265931,257072,8859,96601.0,0.0,0.0,0.0,0.0,0.0,0.0,0.0,35009.0,33565.0,달서구,달서구가선거구,0.5848403208718026,0.0,0.0,0.0,0.0,0.0,0.0,0.0,0.21195096110186165,0.2032087180263357,2017,22070,달서구,583043,290940,292103,53121,66188,83578,77077,101696,104183,60643,29329,11515,1145,75009,441526,66508,0.1433479177350555,0.1321977967319734,0.174422812725648,0.178688364323043,0.1040111964297659,0.0720169867402575,0.1140704887975672,0.7572786226744854,0.5009973535399619,2017
7회지방선거_기초의원지역구,대구광역시,달성군,80722452,24,196837,115207,111970,3237,36793.0,0.0,2786.0,0.0,0.0,0.0,0.0,0.0,15523.0,8769.0,달성군,달성군가선거구,0.5760517292668034,0.0,0.04361916988930813,0.0,0.0,0.0,0.0,0.0,0.2430367459410374,0.13729235490285105,2017,22510,달성군,239240,122794,116446,31076,22567,29103,43409,39650,36811,22162,11268,4987,563,39451,173787,26002,0.1216477177729476,0.1814454104664771,0.1657331549908042,0.153866410299281,0.0926350108677478,0.0702976090954689,0.108685838488547,0.7264128072228724,0.4867329877946831,2017
7회지방선거_기초의원지역구,대구광역시,동구,121083678,36,295860,171568,165227,6341,52994.0,1351.0,1234.0,0.0,0.0,0.0,0.0,0.0,17201.0,19158.0,동구,동구가선거구,0.5764101894755161,0.014694685548956905,0.013422088798973221,0.0,0.0,0.0,0.0,0.0,0.18709347603819965,0.2083795601383541,2017,22020,동구,340396,167950,172446,31870,29056,41076,48248,53076,56934,45322,26494,10033,1075,42196,240581,57619,0.1206712182281812,0.1417407960140542,0.1559242764309804,0.1672581346431803,0.1331449253222717,0.1104654578784709,0.16927049671559,0.7067679996239674,0.5066040729033243,2017
7회지방선거_기초의원지역구,대구광역시,북구,161444904,48,360010,205751,199034,6717,69144.0,0.0,0.0,0.0,0.0,0.0,0.0,0.0,30383.0,29105.0,북구,북구가선거구,0.5375334286958144,0.0,0.0,0.0,0.0,0.0,0.0,0.0,0.23620094533242117,0.22626562597176442,2017,22050,북구,445293,222709,222584,42559,50890,65793,58916,78873,73385,44295,24782,9181,944,59766,331913,53614,0.1477521541995944,0.1323083902059992,0.1771260720469443,0.1648016025403498,0.0994738295908536,0.0783910818270217,0.1204016232009036,0.7453811310754941,0.4998596429766468,2017
7회지방선거_기초의원지역구,대구광역시,서구,80722452,24,167260,89604,86145,3459,22542.0,726.0,0.0,0.0,0.0,0.0,0.0,0.0,16741.0,14534.0,서구,서구가선거구,0.4132885979869094,0.013310598976953964,0.0,0.0,0.0,0.0,0.0,0.0,0.30693214527987095,0.2664686577562657,2017,22030,서구,191414,96275,95139,11300,14988,25880,22868,28452,37946,28837,15850,5701,650,15858,140716,34840,0.1352043215229816,0.1194687953859174,0.1486411652230244,0.1982404630800255,0.1506525123554181,0.1159842017825237,0.1820138547859613,0.7351395404724838,0.4970326099449361,2017
7회지방선거_기초의원지역구,대구광역시,수성구,161444904,48,351854,211791,204838,6953,68720.0,390.0,0.0,0.0,0.0,0.0,0.0,0.0,43733.0,29684.0,수성구,수성구가선거구,0.48215425849137356,0.002736323643941148,0.0,0.0,0.0,0.0,0.0,0.0,0.3068401074884057,0.20826931037627958,2017,22060,수성구,425546,207706,217840,37456,57154,51717,46110,80390,73259,45699,26107,11152,1195,58086,309803,57657,0.1215309273263055,0.1083549134523647,0.1889102470708219,0.1721529517372975,0.1073890954209415,0.0903639089546136,0.1354894652986986,0.7280129527712633,0.5119070558764505,2017
7회지방선거_기초의원지역구,대구광역시,중구,40361226,12,68303,39854,38269,1585,9772.0,0.0,0.0,0.0,0.0,0.0,0.0,0.0,4622.0,5818.0,중구,중구가선거구,0.4834751632693449,0.0,0.0,0.0,0.0,0.0,0.0,0.0,0.22867603403918466,0.2878488026914704,2017,22010,중구,75324,36422,38902,5862,5221,10821,10982,11017,11689,10021,7066,2766,339,7634,52943,14747,0.1436593914290266,0.145796824385322,0.1462614837236471,0.1551829430194891,0.1330386065530242,0.1350300037172747,0.195780893208008,0.7028702671127396,0.5164622165578037,2017
7회지방선거_기초의원지역구,대전광역시,대덕구,40361226,12,109037,62524,59639,2885,11793.0,0.0,1423.0,0.0,0.0,0.0,0.0,0.0,10898.0,8130.0,대덕구,대덕구나선거구,0.3657424637141794,0.0,0.04413224165736261,0.0,0.0,0.0,0.0,0.0,0.3379853616176653,0.2521399330107927,2017,25050,대덕구,188469,95463,93006,15977,20892,28450,23699,32176,33175,20356,10770,4241,473,22765,142036,23668,0.1509532071587369,0.1257448174500846,0.1707230366797722,0.1760236431455571,0.1080071523698857,0.0821567472634756,0.1255803341663615,0.753630570544758,0.4934816866434268,2017
7회지방선거_기초의원지역구,대전광역시,동구,80722452,24,191362,106301,101975,4326,31496.0,0.0,0.0,0.0,0.0,0.0,0.0,0.0,22265.0,14070.0,동구,동구가선거구,0.46433046836991937,0.0,0.0,0.0,0.0,0.0,0.0,0.0,0.3282422491191343,0.20742728251094633,2017,25010,동구,239752,121017,118735,20662,26175,38533,30470,36134,36939,27970,17142,6868,908,28392,174459,36901,0.1607202442523941,0.1270896593146251,0.1507140712069138,0.154071707431012,0.116662217624879,0.103932396810037,0.1539132103173279,0.727664419900564,0.4952409156127998,2017
7회지방선거_기초의원지역구,대전광역시,서구,121083678,36,395367,226448,213922,12526,48935.0,0.0,0.0,0.0,0.0,0.0,0.0,0.0,32584.0,21239.0,서구,서구가선거구,0.4762159637205862,0.0,0.0,0.0,0.0,0.0,0.0,0.0,0.3170945327857685,0.20668950349364526,2017,25030,서구,487449,239928,247521,47868,57459,76136,70571,84108,76917,45899,22714,9327,1280,67535,368462,51452,0.1561927504210697,0.1447761714558856,0.1725472818694879,0.1577949693198673,0.0941616456285683,0.068357920520916,0.1055536066337196,0.7558985657986784,0.5077885071053587,2017
7회지방선거_기초의원지역구,대전광역시,유성구,80722452,24,272663,168234,162489,5745,51212.0,353.0,1294.0,0.0,0.0,0.0,0.0,0.0,32879.0,19732.0,유성구,유성구가선거구,0.4855598748459278,0.0033469232957239027,0.012268891627951075,0.0,0.0,0.0,0.0,0.0,0.3117379349578079,0.18708637527258937,2017,25040,유성구,366639,188954,177685,44153,44296,62950,61047,63163,51057,26077,11607,5537,797,59192,279970,27477,0.1716947733328969,0.1665043816942551,0.172275726259345,0.1392568712002814,0.0711244575727077,0.0489336922695076,0.0749429275118031,0.7636121634632431,0.4846320222344049,2017
7회지방선거_기초의원지역구,대전광역시,중구,80722452,24,206042,116928,112106,4822,23995.0,0.0,0.0,0.0,0.0,0.0,0.0,0.0,17164.0,14070.0,중구,중구가선거구,0.4344637780875989,0.0,0.0,0.0,0.0,0.0,0.0,0.0,0.31077875753680134,0.25475746437559976,2017,25020,중구,243540,120356,123184,21472,25045,30972,31426,40250,39382,30252,18469,7522,970,30188,173249,40103,0.1271741808327174,0.1290383509895705,0.1652705920998604,0.1617064958528373,0.1242177876324217,0.1107046070460704,0.1646669951548,0.7113780077194711,0.5058060277572473,2017
7회지방선거_기초의원지역구,부산광역시,강서구,40361226,12,92854,55507,53152,2355,9012.0,0.0,0.0,0.0,0.0,0.0,0.0,0.0,4247.0,11428.0,강서구,강서구가선거구,0.3650504314011423,0.0,0.0,0.0,0.0,0.0,0.0,0.0,0.17203386397699194,0.46291570462186576,2017,21120,강서구,116702,61825,54877,18442,8478,12806,27162,17073,15121,11322,5254,1920,222,21911,82937,11854,0.1097324810200339,0.232746653870542,0.1462956933043135,0.129569330431355,0.0970163321965347,0.0633750921149594,0.101574951586091,0.7106733389316379,0.4702318726328597,2017
7회지방선거_기초의원지역구,부산광역시,금정구,80722452,24,210978,126568,122036,4532,37585.0,0.0,0.0,0.0,2386.0,0.0,0.0,0.0,18394.0,8599.0,금정구,금정구가선거구,0.5612717280927065,0.0,0.0,0.0,0.035631085359297536,0.0,0.0,0.0,0.2746849053222627,0.12841228122573323,2017,21110,금정구,246584,120645,125939,16479,22934,41028,28858,34759,43228,34097,18740,7211,924,23231,181862,41491,0.1663854913538591,0.1170311131298056,0.1409621062193816,0.1753074003179444,0.138277422703825,0.1089892288226324,0.1682631476494825,0.7375255491029427,0.5107346786490607,2017
7회지방선거_기초의원지역구,부산광역시,기장군,60541839,18,127882,76257,73089,3168,19645.0,0.0,0.0,0.0,0.0,0.0,0.0,0.0,12527.0,7703.0,기장군,기장군가선거구,0.49266457680250786,0.0,0.0,0.0,0.0,0.0,0.0,0.0,0.3141567398119122,0.19317868338557995,2017,21510,기장군,156561,77587,78974,21770,15493,14750,27350,27069,20648,16855,9900,3965,548,27929,106825,21807,0.0942124794808413,0.1746922924610854,0.1728974648858911,0.1318846966996889,0.1076577180779376,0.092059963847957,0.1392875620365225,0.6823219064773475,0.5044295833572856,2017
7회지방선거_기초의원지역구,부산광역시,남구,80722452,24,157212,94197,89583,4614,34530.0,0.0,1971.0,1368.0,0.0,0.0,0.0,0.0,24010.0,5390.0,남구,남구가선거구,0.5133122240556571,0.0,0.02930027204209963,0.020336261873968694,0.0,0.0,0.0,0.0,0.35692518098975756,0.080126061038517,2017,21070,남구,275941,135757,140184,21382,27913,40733,33627,43173,43880,37441,22156,7121,736,30051,199389,46501,0.1476148886899735,0.1218630069471372,0.1564573586382596,0.1590195005454064,0.1356848021859745,0.1087660043270119,0.1685179078136268,0.722578377261806,0.5080216423075947,2017
7회지방선거_기초의원지역구,부산광역시,동구,40361226,12,79091,46274,43502,2772,7959.0,0.0,0.0,0.0,0.0,0.0,0.0,0.0,5252.0,5568.0,동구,동구가선거구,0.42382448479684753,0.0,0.0,0.0,0.0,0.0,0.0,0.0,0.27967410405239895,0.2965014111507535,2017,21030,동구,86106,42082,44024,4707,5972,10043,10407,12186,14883,14550,9747,3639,436,6530,59105,20471,0.1166353099667851,0.1208626576545188,0.14152323879869,0.1728450979025851,0.1689777715838617,0.1605230762083943,0.237741853064827,0.6864213875920377,0.5112767983648062,2017
7회지방선거_기초의원지역구,부산광역시,동래구,80722452,24,226713,135574,128796,6778,31864.0,226.0,0.0,0.0,0.0,0.0,0.0,0.0,24648.0,15800.0,동래구,동래구가선거구,0.4392732085251868,0.003115608370784968,0.0,0.0,0.0,0.0,0.0,0.0,0.3397943147040172,0.21781686840001102,2017,21060,동래구,261671,127795,133876,22053,25670,31726,33728,42686,45412,36106,18990,6772,852,31233,188364,42074,0.1212438520126418,0.1288946807250325,0.1631285086998559,0.1735461705729714,0.1379824283164737,0.1017078698059777,0.1607896939286355,0.7198504992910946,0.5116195527972148,2017
7회지방선거_기초의원지역구,부산광역시,부산진구,161444904,48,319402,184010,174222,9788,60384.0,388.0,368.0,0.0,0.0,0.0,1417.0,0.0,26059.0,5966.0,부산진구,부산진구가선거구,0.6384301452707704,0.004102260472394324,0.003890803747013174,0.0,0.0,0.0,0.01498170899325453,0.0,0.27551754033537035,0.06307754118119727,2017,21050,부산진구,366492,177345,189147,27389,30707,54057,52049,54251,61079,49918,28587,9912,1000,37001,268504,60987,0.1474984447136636,0.1420194710935027,0.1480277877825437,0.1666584809491066,0.1362048830533818,0.1077758859674972,0.1664074522772666,0.7326326359101972,0.5161013064405225,2017
7회지방선거_기초의원지역구,부산광역시,북구,100903065,30,253907,152075,144401,7674,36228.0,387.0,0.0,0.0,0.0,0.0,0.0,0.0,21407.0,11212.0,북구,북구가선거구,0.5232689141173412,0.005589739145506543,0.0,0.0,0.0,0.0,0.0,0.0,0.3091977929918826,0.16194355374526967,2017,21080,북구,296945,146861,150084,24927,28199,41698,38475,45987,57136,37386,18118,6464,757,34355,222176,40414,0.1404233107141053,0.1295694488878412,0.1548670629241105,0.1924127363653201,0.1259021030830625,0.0853323005943861,0.1360992776440081,0.7482058967148799,0.5054269309131321,2017
7회지방선거_기초의원지역구,부산광역시,사상구,80722452,24,195478,114122,109231,4891,44210.0,0.0,0.0,0.0,0.0,0.0,0.0,0.0,11496.0,13116.0,사상구,사상구가선거구,0.6423817965185551,0.0,0.0,0.0,0.0,0.0,0.0,0.0,0.16703960942721804,0.19057859405422684,2017,21150,사상구,231587,116752,114835,17309,19541,35596,31533,33934,44572,30920,14349,4758,559,23429,175803,32355,0.1537046552699417,0.1361604926010527,0.1465280866369874,0.1924633075258973,0.1335135391882964,0.0849184107916247,0.1397099146325139,0.7591229214075056,0.4958611666457961,2017
7회지방선거_기초의원지역구,부산광역시,사하구,100903065,30,281099,160627,153240,7387,38348.0,0.0,0.0,0.0,0.0,0.0,2278.0,0.0,14034.0,19092.0,사하구,사하구가선거구,0.5199587807788263,0.0,0.0,0.0,0.0,0.0,0.030887297971580432,0.0,0.1902863651155223,0.2588675561340709,2017,21100,사하구,330293,164623,165670,27256,31542,44362,45295,50826,58319,43928,22349,7924,1038,37246,243633,49414,0.1343110510970562,0.13713581577569,0.1538815536508494,0.1765674719113029,0.1329970662411858,0.0947976493598108,0.1496065614469577,0.7376268949084601,0.5015849563872077,2017
7회지방선거_기초의원지역구,부산광역시,서구,60541839,18,97123,55362,53095,2267,15960.0,0.0,265.0,0.0,0.0,164.0,0.0,0.0,8352.0,5297.0,서구,서구가선거구,0.5313269858179639,0.0,0.008822158599107796,0.0,0.0,0.005459750982089354,0.0,0.0,0.2780478061122578,0.17634329848858113,2017,21020,서구,106924,52450,54474,6400,8385,13922,12424,15014,18707,16936,11094,4187,516,9106,74384,23434,0.1302046313269238,0.1161946803336949,0.1404174927986233,0.1749560435449478,0.1583928771837941,0.1477404511615727,0.2191650144027533,0.6956716920429464,0.5094646664920879,2017
7회지방선거_기초의원지역구,부산광역시,수영구,60541839,18,121672,70416,67256,3160,33714.0,0.0,197.0,0.0,0.0,0.0,0.0,0.0,20292.0,5652.0,수영구,수영구가선거구,0.5632612146019548,0.0,0.0032912872775875033,0.0,0.0,0.0,0.0,0.0,0.33901929663353103,0.09442820148692674,2017,21140,수영구,173059,82221,90838,12336,12841,22484,25116,25635,28745,26050,14767,5504,676,16792,123977,32290,0.1299210095978828,0.1451296956529276,0.1481286728803471,0.1660994227402215,0.1505266989870506,0.1210396454388387,0.186583766230014,0.7163857412789858,0.5248961336885108,2017
7회지방선거_기초의원지역구,부산광역시,연제구,80722452,24,174673,105872,102129,3743,36147.0,0.0,6098.0,0.0,0.0,0.0,0.0,0.0,28999.0,10423.0,연제구,연제구가선거구,0.4426145199407349,0.0,0.07466908298333476,0.0,0.0,0.0,0.0,0.0,0.3550883465781772,0.12762805049775308,2017,21130,연제구,201053,97219,103834,16957,17876,25279,27916,31481,34033,27886,15203,5391,632,23145,144846,33062,0.1257330156724843,0.1388489602244184,0.1565806031245492,0.1692737735820902,0.138699745838162,0.1055741520892501,0.1644442012802594,0.7204368997229587,0.5164508860847637,2017
7회지방선거_기초의원지역구,부산광역시,영도구,60541839,18,107930,61309,58215,3094,16495.0,0.0,2774.0,0.0,0.0,0.0,0.0,0.0,11434.0,1611.0,영도구,영도구가선거구,0.5104598625982546,0.0,0.08584514451940335,0.0,0.0,0.0,0.0,0.0,0.35384044067586806,0.04985455220647397,2017,21040,영도구,123531,62131,61400,7103,10549,16860,13452,16957,21271,20140,13120,4363,444,10026,86610,26895,0.1364839594919493,0.1088957427690215,0.1372691874913989,0.1721915956318656,0.1630359990609644,0.1451214674858942,0.2177186293319085,0.7011195570342666,0.4970412285175381,2017
7회지방선거_기초의원지역구,부산광역시,중구,40361226,12,39832,22492,20944,1548,4805.0,131.0,0.0,0.0,0.0,0.0,0.0,0.0,2972.0,1101.0,중구,중구가선거구,0.5333555333555333,0.014541014541014542,0.0,0.0,0.0,0.0,0.0,0.0,0.3298923298923299,0.12221112221112221,2017,21010,중구,43799,21696,22103,2055,2677,5845,5602,6480,7694,7215,4566,1613,236,2864,31355,9580,0.1334505354003516,0.1279024635265645,0.1479485833009886,0.1756661110984269,0.1647297883513322,0.1464645311536793,0.2187264549418936,0.715883924290509,0.5046462247996529,2017
7회지방선거_기초의원지역구,부산광역시,해운대구,161444904,48,342079,200280,193093,7187,76177.0,335.0,2843.0,0.0,0.0,0.0,0.0,0.0,40235.0,17305.0,해운대구,해운대구가선거구,0.5564629825778882,0.0024471310128200445,0.020767741699842947,0.0,0.0,0.0,0.0,0.0,0.2939113919427298,0.126410752766719,2017,21090,해운대구,399670,193944,205726,35248,43058,47530,50980,70094,69650,49182,26659,9860,1064,50172,291393,58105,0.1189231115670428,0.1275552330672805,0.1753796882428003,0.1742687717366827,0.123056521630345,0.0940350789401256,0.1453824405134235,0.7290839942952936,0.5147396602196812,2017
7회지방선거_기초의원지역구,서울특별시,강남구,161444904,48,418175,247765,239391,8374,86633.0,158.0,144.0,0.0,0.0,0.0,0.0,0.0,57097.0,34416.0,강남구,강남구나선거구,0.4854803640276159,0.0008854119967721689,0.000806957769210078,0.0,0.0,0.0,0.0,0.0,0.31996435936519324,0.19286290684120863,2017,11230,강남구,522514,250087,272427,43530,57015,71238,87259,95979,78705,54844,27974,9140,1510,63845,396963,61706,0.1363370168072051,0.166998396215221,0.1836869442732634,0.1506275429940633,0.1049617809283579,0.073919550480944,0.1180944434024734,0.7597174429776045,0.5213774176385705,2017
7회지방선거_기초의원지역구,서울특별시,강동구,161444904,48,365176,218414,210197,8217,74451.0,0.0,0.0,0.0,0.0,0.0,0.0,0.0,57206.0,25337.0,강동구,강동구가선거구,0.4742283144578774,0.0,0.0,0.0,0.0,0.0,0.0,0.0,0.36438335223002155,0.1613883333121011,2017,11250,강동구,423978,209931,214047,37018,39281,56487,68187,69376,71798,51997,24020,8161,1206,50769,318730,54479,0.1332309695314379,0.1608267410101467,0.1636311318040087,0.1693436923613961,0.122640797399865,0.0787470104580898,0.1284948747340664,0.7517607045648595,0.5048540254447165,2017
7회지방선거_기초의원지역구,서울특별시,강북구,80722452,24,280860,156245,151399,4846,35305.0,0.0,1050.0,0.0,0.0,0.0,0.0,0.0,32731.0,18574.0,강북구,강북구가선거구,0.40274925849874516,0.0,0.011978097193702943,0.0,0.0,0.0,0.0,0.0,0.37338580880675337,0.21188683550079854,2017,11090,강북구,313698,152464,161234,22312,25737,42899,44382,50745,52602,40851,26989,8321,963,31030,228382,54286,0.1367525454417943,0.1414800221869441,0.1617638620584128,0.1676835682726699,0.130223973375667,0.1156303196067555,0.1730517886629816,0.7280314187530682,0.5139784123583829,2017
7회지방선거_기초의원지역구,서울특별시,강서구,181625517,54,509021,303532,293497,10035,123282.0,378.0,1337.0,0.0,0.0,0.0,0.0,0.0,68847.0,36615.0,강서구,강서구가선거구,0.5349411392048044,0.0016402049822311128,0.0058014657704841205,0.0,0.0,0.0,0.0,0.0,0.2987386042636651,0.15887858577881533,2017,11160,강서구,581675,282678,298997,52946,48824,82439,105826,92823,90601,66746,32772,11568,1608,70300,438069,73306,0.1417269093565994,0.1819332101259294,0.1595788025959513,0.1557588000171917,0.1147479262474749,0.0789925645764387,0.1260257016375123,0.7531164309966906,0.5140275927278979,2017
7회지방선거_기초의원지역구,서울특별시,관악구,161444904,48,449742,265351,256817,8534,75239.0,0.0,3562.0,0.0,0.0,0.0,0.0,0.0,43938.0,65869.0,관악구,관악구가선거구,0.39891733118425515,0.0,0.0188857312521208,0.0,0.0,0.0,0.0,0.0,0.23295936545639634,0.34923757210722767,2017,11210,관악구,511687,257091,254596,32706,34390,104380,94704,74606,73289,57163,32958,9227,1075,43704,399771,68212,0.2039918934817574,0.1850818957683115,0.1458039778223797,0.1432301387371576,0.1117147787612349,0.0845438715464727,0.1333080574648173,0.7812803530283161,0.4975619861360558,2017
7회지방선거_기초의원지역구,서울특별시,광진구,80722452,24,308174,180297,173120,7177,41528.0,0.0,0.0,0.0,0.0,0.0,0.0,0.0,25779.0,24770.0,광진구,광진구가선거구,0.45101382538527535,0.0,0.0,0.0,0.0,0.0,0.0,0.0,0.27997219718279265,0.26901397743193195,2017,11050,광진구,363934,177156,186778,26602,30908,66517,62019,57778,57481,37769,20017,6562,825,36540,284819,42575,0.182772150994411,0.1704127671500876,0.1587595553039837,0.1579434732671308,0.1037798062286018,0.0752993674677276,0.1169854973704023,0.7826116823380064,0.5132194298966296,2017
7회지방선거_기초의원지역구,서울특별시,구로구,121083678,36,351457,211109,203801,7308,85091.0,0.0,4247.0,0.0,0.0,0.0,0.0,0.0,51443.0,32918.0,구로구,구로구가선거구,0.4898761650901847,0.0,0.02445034225873494,0.0,0.0,0.0,0.0,0.0,0.2961617510751357,0.18951174157594458,2017,11170,구로구,436869,218428,218441,38484,33124,56978,74323,71612,73059,55432,27691,8448,965,49929,327225,59715,0.1304235365750373,0.1701265138977588,0.1639209923340864,0.1672331980525054,0.1268847183022828,0.0849316385461087,0.1366885725469191,0.7490231625498719,0.5000148786020523,2017
7회지방선거_기초의원지역구,서울특별시,금천구,80722452,24,206762,116905,113019,3886,22404.0,0.0,381.0,0.0,0.0,0.0,0.0,0.0,20523.0,17888.0,금천구,금천구가선거구,0.36610235963134846,0.0,0.006225897117458658,0.0,0.0,0.0,0.0,0.0,0.3353650565396431,0.2923066867115498,2017,11180,금천구,249930,127252,122678,17676,17825,35668,39983,40271,46725,32005,15862,4806,590,23593,192087,34250,0.1427119593486176,0.1599767935021806,0.1611291161525227,0.1869523466570639,0.128055855639579,0.0850558156283759,0.1370383707438082,0.7685631976953547,0.4908494378425959,2017
7회지방선거_기초의원지역구,서울특별시,노원구,121083678,36,456370,282887,274156,8731,56915.0,0.0,11512.0,0.0,0.0,0.0,0.0,0.0,54783.0,50335.0,노원구,노원구가선거구,0.32795528537266994,0.0,0.06633438013195425,0.0,0.0,0.0,0.0,0.0,0.31567028724538304,0.29004004724999277,2017,11110,노원구,543495,263654,279841,45633,62979,77266,73191,95603,87699,58294,33139,12966,1660,66976,404900,71619,0.1421650613161114,0.1346672922473988,0.1759041021536536,0.1613611900753457,0.1072576564641809,0.0878848931452911,0.1317749013330389,0.7449930542139303,0.5148915813392948,2017
7회지방선거_기초의원지역구,서울특별시,도봉구,100903065,30,292696,173657,167472,6185,56681.0,0.0,223.0,3463.0,0.0,0.0,0.0,0.0,35309.0,18801.0,도봉구,도봉구가선거구,0.4951300261187837,0.0,0.0019479895524865257,0.030250618028075507,0.0,0.0,0.0,0.0,0.30843750272980597,0.1642338635708483,2017,11100,도봉구,332586,161944,170642,25795,30310,44924,45630,53558,58116,42148,24682,8921,1169,35920,244595,52071,0.1350748377863169,0.137197597012502,0.1610350405609376,0.1747397665566199,0.1267281244550281,0.1045504020012868,0.1565640165250491,0.735433842675278,0.5130763171029448,2017
7회지방선거_기초의원지역구,서울특별시,동대문구,161444904,48,302939,178001,172990,5011,60208.0,0.0,750.0,0.0,0.0,0.0,0.0,0.0,42868.0,25769.0,동대문구,동대문구가선거구,0.4645858250704117,0.0,0.005787260310968787,0.0,0.0,0.0,0.0,0.0,0.3307843666808133,0.19884254793780623,2017,11060,동대문구,357380,176460,180920,25804,29701,65689,53417,53672,54502,41450,25887,8617,992,34849,269496,53035,0.1838071520510381,0.1494683530135989,0.1501818792321898,0.1525043371201522,0.1159829872964351,0.0993228496278471,0.1483994627567295,0.7540880855112205,0.5062398567351278,2017
7회지방선거_기초의원지역구,서울특별시,동작구,141264291,42,340489,213148,206265,6883,86347.0,0.0,0.0,0.0,0.0,0.0,0.0,0.0,41328.0,32427.0,동작구,동작구가선거구,0.5393249303568974,0.0,0.0,0.0,0.0,0.0,0.0,0.0,0.2581354386578556,0.2025396309852469,2017,11200,동작구,399771,195019,204752,31524,31595,69635,67416,61175,60028,45012,26287,8796,1060,42011,302577,55183,0.1741872221847007,0.1686365444216814,0.1530251068736851,0.1501559642895557,0.112594460328538,0.0904092593009498,0.1380365259110841,0.7568758114020276,0.5121732191679736,2017
7회지방선거_기초의원지역구,서울특별시,마포구,161444904,48,320091,197167,191811,5356,109250.0,0.0,510.0,0.0,2255.0,0.0,0.0,0.0,43182.0,35403.0,마포구,마포구가선거구,0.5731899265477439,0.0,0.002675760755508919,0.0,0.011831059811122771,0.0,0.0,0.0,0.22655823714585518,0.18574501573976915,2017,11140,마포구,368848,175330,193518,31224,30437,61814,67458,62369,51480,34917,22635,8427,931,41993,280089,46766,0.167586648158591,0.182888344250206,0.1690913330152257,0.1395696872424413,0.094665011061467,0.086737626339305,0.1267893549646467,0.7593615798377652,0.5246551424977226,2017
7회지방선거_기초의원지역구,서울특별시,서대문구,100903065,30,269182,163894,158093,5801,51365.0,0.0,1387.0,0.0,0.0,0.0,0.0,0.0,30549.0,31341.0,서대문구,서대문구가선거구,0.44804696359100504,0.0,0.012098532823921425,0.0,0.0,0.0,0.0,0.0,0.2664730203590307,0.27338148322604283,2017,11130,서대문구,321345,151132,170213,23414,28625,61827,46305,49512,47919,33552,22920,8441,949,32337,242443,46565,0.1924006908462867,0.1440974653409886,0.1540773934556318,0.149120104560519,0.1044111468981935,0.1005461419969192,0.1449065645956837,0.7544632715617171,0.529689274766995,2017
7회지방선거_기초의원지역구,서울특별시,서초구,80722452,24,320979,202242,196228,6014,63919.0,260.0,0.0,0.0,0.0,0.0,0.0,0.0,22711.0,25674.0,서초구,서초구가선거구,0.5678458476955333,0.0023097970932091966,0.0,0.0,0.0,0.0,0.0,0.0,0.20176077609182333,0.22808357911943428,2017,11220,서초구,414550,198241,216309,41646,43523,53742,67847,76589,60337,43418,22927,7542,1178,58126,306502,49922,0.129639367989386,0.1636642142081775,0.1847521408756482,0.1455481847786756,0.1047352550958871,0.0763406103003256,0.1204245567482812,0.7393607526233265,0.5217923049089374,2017
7회지방선거_기초의원지역구,서울특별시,성동구,80722452,24,264634,157803,150810,6993,38493.0,0.0,0.0,0.0,0.0,0.0,0.0,0.0,21632.0,15473.0,성동구,성동구가선거구,0.5091801370406625,0.0,0.0,0.0,0.0,0.0,0.0,0.0,0.28614513611471204,0.2046747268446255,2017,11040,성동구,302367,149060,153307,25097,23279,49441,52126,48371,47745,32121,18956,6510,785,32628,230303,39436,0.1635132140742872,0.1723931513690316,0.1599744681132531,0.1579041363640873,0.1062318308545575,0.0868183366571087,0.1304242857190103,0.7616671131439608,0.5070229224750056,2017
7회지방선거_기초의원지역구,서울특별시,성북구,161444904,48,373174,222027,215135,6892,83852.0,0.0,149.0,0.0,0.0,0.0,0.0,0.0,46544.0,36162.0,성북구,성북구가선거구,0.5029902763531225,0.0,0.0008937837043435489,0.0,0.0,0.0,0.0,0.0,0.27919643446285997,0.21691950547967392,2017,11080,성북구,445417,215068,230349,36852,43326,75124,63673,73439,65880,48055,30889,10649,1275,50926,331288,63203,0.168659929908378,0.1429514365190372,0.1648769579966638,0.147906343942867,0.1078876648174631,0.0961189177781719,0.1418962455406955,0.7437704443252053,0.5171535886596156,2017
7회지방선거_기초의원지역구,서울특별시,송파구,181625517,54,517721,325756,315694,10062,120757.0,382.0,1848.0,0.0,0.0,0.0,0.0,0.0,65100.0,47817.0,송파구,송파구가선거구,0.5118904300054259,0.0016193027672273467,0.007833695062398264,0.0,0.0,0.0,0.0,0.0,0.27595971242539336,0.20269685973955506,2017,11240,송파구,633953,307723,326230,58800,61192,86974,109211,107252,100506,70683,32219,11046,1610,80931,479690,73332,0.1371931357687399,0.1722698685864725,0.1691797341443293,0.1585385667391746,0.1114956471536533,0.0707860046407225,0.1156741903579603,0.7566649262642499,0.5145965079430178,2017
7회지방선거_기초의원지역구,서울특별시,양천구,161444904,48,383104,238478,230873,7605,76989.0,0.0,0.0,0.0,0.0,0.0,0.0,0.0,56081.0,35773.0,양천구,양천구가선거구,0.455979815568309,0.0,0.0,0.0,0.0,0.0,0.0,0.0,0.33214880095710214,0.2118713834745888,2017,11150,양천구,452111,222503,229608,40644,53803,57670,62998,83063,76588,48764,23556,8584,1063,60341,338750,53020,0.1275571706948072,0.1393418872798936,0.18372258140147,0.1694008772182052,0.1078584683849762,0.0734399295748168,0.1172720858373275,0.7492629022518806,0.5078575836464939,2017
7회지방선거_기초의원지역구,서울특별시,영등포구,121083678,36,292703,176410,170719,5691,81812.0,0.0,725.0,0.0,0.0,0.0,0.0,0.0,39423.0,34300.0,영등포구,영등포구가선거구,0.5235632919493153,0.0,0.004639703059004224,0.0,0.0,0.0,0.0,0.0,0.2522910533725842,0.2195059516190964,2017,11190,영등포구,393560,196929,196631,30767,26128,55881,70890,63744,66665,47752,24453,8692,1058,39869,300105,53586,0.1419885150929972,0.1801250127045431,0.16196767964224,0.169389673747332,0.1213334688484602,0.0869066978351458,0.1361571297896127,0.7625393840837483,0.49962140461429,2017
7회지방선거_기초의원지역구,서울특별시,용산구,100903065,30,200009,116024,112137,3887,47920.0,0.0,592.0,0.0,0.0,0.0,0.0,0.0,29892.0,21422.0,용산구,용산구가선거구,0.48003526135475727,0.0,0.005930318754633061,0.0,0.0,0.0,0.0,0.0,0.29944102738765455,0.21459339250295514,2017,11030,용산구,223891,108467,115424,17375,17035,33113,39350,37577,34248,24351,15436,6216,781,23214,168123,32554,0.1478978610127249,0.175755166576593,0.1678361345476146,0.1529672921198261,0.1087627461577285,0.1001960775555962,0.1454011103617385,0.7509145075058845,0.5155365780670058,2017
7회지방선거_기초의원지역구,서울특별시,은평구,161444904,48,413112,238072,230128,7944,55175.0,0.0,0.0,0.0,3930.0,0.0,0.0,0.0,46764.0,36064.0,은평구,은평구가선거구,0.38873975749121065,0.0,0.0,0.0,0.02768912092325252,0.0,0.0,0.0,0.3294794022531758,0.254091719332361,2017,11120,은평구,466243,225813,240430,38678,43056,60894,71139,78950,74562,55220,34586,11614,1371,53575,341559,71109,0.1306057141876661,0.1525792344335464,0.1693323009675212,0.1599208996167234,0.1184360944829198,0.1020304862485871,0.1525148903039831,0.7325772183174868,0.5156753023637889,2017
7회지방선거_기초의원지역구,서울특별시,종로구,80722452,24,134963,81152,78390,2762,20106.0,186.0,0.0,0.0,0.0,0.0,0.0,0.0,15406.0,9405.0,종로구,종로구가선거구,0.44577965988958607,0.004123894197725206,0.0,0.0,0.0,0.0,0.0,0.0,0.34157373123739,0.20852271467529876,2017,11010,종로구,157277,76670,80607,9716,15200,28682,21761,24214,24973,17196,11456,4437,603,13733,119870,23674,0.1823661438099658,0.1383609809444483,0.1539576670460398,0.1587835474989986,0.1093357579302758,0.1048850117944772,0.1505242343127094,0.762158484711687,0.5125161339547423,2017
7회지방선거_기초의원지역구,서울특별시,중구,80722452,24,112336,66455,64518,1937,11133.0,0.0,0.0,0.0,0.0,0.0,0.0,0.0,16555.0,13601.0,중구,중구가선거구,0.26963598052750126,0.0,0.0,0.0,0.0,0.0,0.0,0.0,0.40095424931579837,0.3294097701567003,2017,11020,중구,127896,62195,65701,8612,8886,21456,21164,19550,20736,15291,9039,3436,434,11035,97649,19212,0.1677613060611747,0.1654782010383436,0.1528585725902295,0.1621317320322762,0.1195580784387314,0.100933571026459,0.1502158003377744,0.7635031588165384,0.5137064489898042,2017
7회지방선거_기초의원지역구,서울특별시,중랑구,141264291,42,352041,198802,191759,7043,72305.0,0.0,1317.0,0.0,0.0,0.0,0.0,0.0,44177.0,20452.0,중랑구,중랑구가선거구,0.522998025330739,0.0,0.009526151709571721,0.0,0.0,0.0,0.0,0.0,0.319541992462984,0.14793383049670528,2017,11070,중랑구,396892,196346,200546,30608,31450,56425,62561,62191,70229,49346,27178,8564,1030,41192,298451,57249,0.142167138667446,0.157627263840037,0.1566950203077915,0.1769473811515475,0.1243310522761859,0.0926498896425224,0.144243270209528,0.7519703093032866,0.505291111939772,2017
7회지방선거_기초의원지역구,울산광역시,남구,121083678,36,274930,176642,170021,6621,76013.0,0.0,15378.0,0.0,0.0,0.0,0.0,0.0,48604.0,11619.0,남구,남구가선거구,0.5013587135752635,0.0,0.10142862796311686,0.0,0.0,0.0,0.0,0.0,0.32057725539857795,0.07663540306304167,2017,26020,남구,333117,170349,162768,30537,35642,47639,47361,59593,62577,34064,13439,4641,583,42635,258810,31672,0.1430098133688764,0.1421752717513666,0.1788951029217962,0.1878529165428363,0.1022583656793258,0.0560253604589378,0.0950777054308246,0.7769342303154747,0.4886211151037023,2017
7회지방선거_기초의원지역구,울산광역시,동구,60541839,18,134316,86749,83995,2754,32864.0,0.0,12877.0,0.0,0.0,0.0,3505.0,0.0,18580.0,6629.0,동구,동구가선거구,0.44139413068296285,0.0,0.17295010408971861,0.0,0.0,0.0,0.04707541468000806,0.0,0.24954670606406554,0.08903364448324491,2017,26030,동구,172306,91965,80341,20709,16992,21397,32198,26967,29346,18000,6200,1928,289,26746,130317,15243,0.1241802374844752,0.1868652281406335,0.156506447831184,0.17031327986257,0.1044653117128829,0.0488491404826297,0.0884647081355263,0.7563114459159866,0.4662693115735958,2017
7회지방선거_기초의원지역구,울산광역시,북구,60541839,18,159030,104106,101289,2817,48601.0,326.0,14015.0,0.0,0.0,0.0,0.0,0.0,28137.0,10210.0,북구,북구가선거구,0.4798250550405276,0.0032185133627541,0.13836645637729664,0.0,0.0,0.0,0.0,0.0,0.2777892959748837,0.10080067924453791,2017,26040,북구,196147,102170,93977,26844,22845,24665,33203,35892,32983,13599,5927,2315,303,35099,147457,13591,0.1257475260901263,0.16927610414638,0.1829852100720378,0.1681544963726185,0.069330655069922,0.0435642655763279,0.0692898693326943,0.7517678067979627,0.4791151534308452,2017
7회지방선거_기초의원지역구,울산광역시,울주군,60541839,18,179366,114746,109826,4920,17055.0,0.0,4177.0,0.0,0.0,0.0,0.0,0.0,14655.0,12140.0,울주군,울주군가선거구,0.35511274907864326,0.0,0.08697191163303974,0.0,0.0,0.0,0.0,0.0,0.3051408582672247,0.2527744810210923,2017,26510,울주군,222160,116628,105532,22670,23783,28739,30623,40441,38037,22432,11785,5250,667,31401,164054,26705,0.1293617212819589,0.1378420957868203,0.1820354699315808,0.1712144400432121,0.1009722722362261,0.0796813107670147,0.1202061577241627,0.7384497659344617,0.4750270075621174,2017
7회지방선거_기초의원지역구,울산광역시,중구,80722452,24,194908,128309,122339,5970,38039.0,0.0,3337.0,0.0,0.0,0.0,7697.0,0.0,28554.0,9000.0,중구,중구가선거구,0.4391125168827271,0.0,0.03852147713761298,0.0,0.0,0.0,0.08885220543248641,0.0,0.32962009535133385,0.10389370519583964,2017,26010,중구,233343,118977,114366,23336,22899,29439,33361,39079,43928,27028,12075,3926,407,31236,174900,27207,0.1261619161491881,0.1429697912515053,0.1674744903425429,0.1882550580047398,0.1158294870641073,0.0703170868635442,0.1165965981409341,0.7495403761844153,0.4901196950412054,2017
7회지방선거_기초의원지역구,인천광역시,강화군,40361226,12,60755,39933,38011,1922,6589.0,200.0,0.0,0.0,0.0,0.0,0.0,0.0,4552.0,2543.0,강화군,강화군가선거구,0.47457505041774706,0.014405070584845865,0.0,0.0,0.0,0.0,0.0,0.0,0.3278594065110919,0.18316047248631517,2017,23510,강화군,63737,32025,31712,3759,4875,5270,5268,7782,11833,11119,8944,4651,616,5451,39125,19161,0.0826835276213188,0.0826521486734549,0.1220954861383497,0.1856535450366349,0.1744512606492304,0.222963114046786,0.3006260100098843,0.6138506675871158,0.4975445973296515,2017
7회지방선거_기초의원지역구,인천광역시,계양구,80722452,24,266216,143823,138721,5102,38144.0,0.0,0.0,0.0,0.0,0.0,0.0,0.0,29331.0,18523.0,계양구,계양구가선거구,0.44354519872555176,0.0,0.0,0.0,0.0,0.0,0.0,0.0,0.3410660713039838,0.21538872997046443,2017,23070,계양구,318104,158179,159925,28073,32527,47906,45240,54628,62653,29124,13987,6002,830,38977,247626,31501,0.150598546387345,0.1422176395141211,0.17173000025149,0.1969575987727284,0.0915549631567034,0.0654471493599577,0.0990273621205643,0.7784435279028242,0.5027443854839927,2017
7회지방선거_기초의원지역구,인천광역시,남동구,121083678,36,441132,246480,236733,9747,88910.0,306.0,4155.0,0.0,0.0,0.0,0.0,0.0,46215.0,33652.0,남동구,남동구가선거구,0.5132245812119742,0.0017663561112458005,0.023984345236033665,0.0,0.0,0.0,0.0,0.0,0.26677172444844666,0.19425299299229962,2017,23050,남동구,534052,268110,265942,56067,52886,71180,86834,93104,89538,51933,26107,10155,1446,75276,400545,58231,0.133282901290511,0.1625946537041336,0.1743350834750174,0.1676578310726296,0.0972433395998891,0.070607356586999,0.1090361987222218,0.7500112348610247,0.4979702351081917,2017
7회지방선거_기초의원지역구,인천광역시,동구,60541839,18,57559,34747,32916,1831,13360.0,0.0,0.0,0.0,0.0,0.0,0.0,0.0,8315.0,3793.0,동구,동구가선거구,0.5245798649285378,0.0,0.0,0.0,0.0,0.0,0.0,0.0,0.3264881419820952,0.14893199308936705,2017,23020,동구,68172,34284,33888,6121,5862,7197,9942,10893,10867,9181,6124,2311,291,8185,47234,12753,0.1055712022531244,0.145837000528076,0.1597870093293434,0.1594056210761016,0.1346740597312679,0.1279997652995364,0.1870709382151029,0.6928651059085842,0.497095581763774,2017
7회지방선거_기초의원지역구,인천광역시,미추홀구,100903065,30,356508,183788,176588,7200,53920.0,0.0,0.0,0.0,0.0,0.0,0.0,223.0,34248.0,18685.0,남구,남구가선거구,0.5035675594904554,0.0,0.0,0.0,0.0,0.0,0.0,0.0020826328962606,0.3198475848929732,0.1745022227203108,2017,23090,미추홀구,421851,213845,208006,36205,36784,62670,64724,66960,69600,48458,28191,10160,1311,48339,313742,59770,0.1485595624995555,0.1534285802333051,0.1587290299181464,0.1649871637142024,0.1148699422307876,0.0940189782648375,0.1416850973447971,0.743727050546283,0.4930793099933389,2017
7회지방선거_기초의원지역구,인천광역시,부평구,121083678,36,448618,241782,233631,8151,74791.0,0.0,910.0,0.0,0.0,0.0,0.0,0.0,46587.0,33079.0,부평구,부평구가선거구,0.4813827904252512,0.0,0.005857099641494011,0.0,0.0,0.0,0.0,0.0,0.2998513197783313,0.2129087901549235,2017,23060,부평구,538234,266993,271241,48617,50921,76426,83884,89104,96292,56054,28527,11561,1499,66165,408583,63486,0.1419940026085308,0.1558504293671525,0.1655488133414091,0.1789035995496382,0.1041442941174284,0.0772656502562082,0.1179524147489753,0.7591177814853762,0.5039462389964217,2017
7회지방선거_기초의원지역구,인천광역시,서구,141264291,42,422819,230104,223082,7022,48670.0,0.0,0.0,1507.0,0.0,0.0,0.0,0.0,45964.0,30413.0,서구,서구가선거구,0.3845789149295953,0.0,0.0,0.01190796023831724,0.0,0.0,0.0,0.0,0.363196738151303,0.24031638668078448,2017,23080,서구,509776,259613,250163,58748,55845,66410,83662,94279,84015,42862,20210,8228,1132,79714,384123,45939,0.1302729041775211,0.1641152192335457,0.1849420137472144,0.1648076802360252,0.0840800665390289,0.0580058692445309,0.090116050971407,0.7535133078057814,0.4907312231254512,2017
7회지방선거_기초의원지역구,인천광역시,연수구,80722452,24,269626,160509,154602,5907,29109.0,634.0,0.0,0.0,0.0,0.0,0.0,0.0,29684.0,16062.0,연수구,연수구가선거구,0.3856058498589198,0.008398574626766814,0.0,0.0,0.0,0.0,0.0,0.0,0.3932228536607983,0.2127727218535151,2017,23040,연수구,337595,168613,168982,37344,41561,48821,50065,61665,56885,26029,12677,5516,826,51777,257341,28477,0.1446141086212769,0.1482989973192731,0.1826596957893333,0.1685007183163257,0.0771012603859654,0.0563367348450065,0.0843525526148195,0.762277284912395,0.5005465128334247,2017
7회지방선거_기초의원지역구,인천광역시,옹진군,60541839,18,18938,13906,13167,739,2585.0,0.0,0.0,0.0,0.0,0.0,0.0,0.0,2189.0,1883.0,옹진군,옹진군가선거구,0.3883130539281959,0.0,0.0,0.0,0.0,0.0,0.0,0.0,0.3288267988583446,0.28286014721345953,2017,23520,옹진군,19294,11004,8290,1331,1106,2490,2280,2442,3619,3033,1992,963,163,1745,13171,4378,0.1290556649735669,0.1181714522649528,0.1265678449258837,0.1875712656784492,0.1571991292629833,0.1616046439307557,0.2269099201824401,0.6826474551674095,0.4296672540686224,2017
7회지방선거_기초의원지역구,인천광역시,중구,40361226,12,98608,53649,51841,1808,8761.0,0.0,0.0,0.0,0.0,0.0,0.0,0.0,9449.0,8025.0,중구,중구가선거구,0.33394320564131885,0.0,0.0,0.0,0.0,0.0,0.0,0.0,0.360167714884696,0.30588907947398514,2017,23010,중구,115152,59415,55737,11966,12174,13030,18551,20556,16909,12537,7493,2699,444,16318,82927,15907,0.1131547867166875,0.1611001111574267,0.1785118799499791,0.1468406975128525,0.1088734889537307,0.092364874253161,0.138139155203557,0.7201524940947617,0.4840298040850354,2017
7회지방선거_기초의원지역구,전라남도,강진군,40361226,12,31919,23901,22786,1115,3118.0,0.0,0.0,0.0,0.0,0.0,0.0,0.0,0.0,5102.0,강진군,강진군가선거구,0.37931873479318734,0.0,0.0,0.0,0.0,0.0,0.0,0.0,0.0,0.6206812652068127,2017,36590,강진군,33637,16212,17425,2441,2752,2594,2746,3948,5768,5297,5248,2775,297,3398,19263,10976,0.077117459939947,0.0816362933674227,0.117370752445224,0.1714778369057882,0.1574753991140708,0.2473466718197223,0.3263073401314029,0.5726729494306865,0.5180307399589738,2017
7회지방선거_기초의원지역구,전라남도,고흥군,80722452,24,59446,47963,45162,2801,8102.0,0.0,0.0,0.0,0.0,0.0,0.0,0.0,0.0,9115.0,고흥군,고흥군가선거구,0.47058140210257304,0.0,0.0,0.0,0.0,0.0,0.0,0.0,0.0,0.529418597897427,2017,36550,고흥군,60984,29552,31432,3151,3820,3807,4145,6693,10303,11104,11176,6350,766,4553,32435,23996,0.0624262101534828,0.067968647514102,0.109750098386462,0.1689459530368621,0.1820805457169093,0.2999475272202545,0.3934802571166207,0.5318608159517251,0.5154138790502427,2017
7회지방선거_기초의원지역구,전라남도,곡성군,40361226,12,26739,20723,19900,823,3537.0,0.0,0.0,0.0,0.0,0.0,0.0,0.0,0.0,3990.0,곡성군,곡성군가선거구,0.469908330011957,0.0,0.0,0.0,0.0,0.0,0.0,0.0,0.0,0.530091669988043,2017,36520,곡성군,28768,13927,14841,1569,2769,3000,2075,3356,4575,4158,4378,2716,326,2268,16977,9523,0.1042825361512791,0.0721287541713014,0.1166573971078976,0.1590308676307008,0.1445355951056729,0.2579254727474972,0.3310275305895439,0.590134872080089,0.5158857063403782,2017
7회지방선거_기초의원지역구,전라남도,광양시,80722452,24,122154,83718,79388,4330,19781.0,0.0,3816.0,0.0,0.0,0.0,0.0,0.0,0.0,25323.0,광양시,광양시가선거구,0.4043540474243663,0.0,0.07800490596892887,0.0,0.0,0.0,0.0,0.0,0.0,0.5176410466067048,2017,36060,광양시,144010,74408,69602,16662,16964,16510,20028,25695,25219,12864,7303,3803,470,22529,104620,16861,0.1146448163321991,0.1390736754392056,0.178425109367405,0.1751197833483785,0.0893271300604124,0.0803833067148114,0.1170821470731199,0.7264773279633359,0.4833136587736962,2017
7회지방선거_기초의원지역구,전라남도,구례군,40361226,12,23743,19334,18574,760,2120.0,0.0,0.0,0.0,0.0,0.0,0.0,0.0,0.0,2917.0,구례군,구례군가선거구,0.42088544768711533,0.0,0.0,0.0,0.0,0.0,0.0,0.0,0.0,0.5791145523128847,2017,36530,구례군,24420,11767,12653,1593,1740,1737,1973,3176,4399,3770,3907,2051,237,2260,14131,8029,0.0711302211302211,0.0807944307944308,0.13005733005733,0.1801392301392301,0.1543816543816543,0.2536855036855037,0.3287878787878788,0.5786650286650287,0.5181408681408681,2017
7회지방선거_기초의원지역구,전라남도,나주시,80722452,24,93513,61431,59066,2365,9736.0,0.0,2684.0,0.0,0.0,0.0,0.0,0.0,0.0,12797.0,나주시,나주시가선거구,0.3860887496530119,0.0,0.10643613435380894,0.0,0.0,0.0,0.0,0.0,0.0,0.5074751159931792,2017,36040,나주시,105579,52440,53139,10889,9579,11652,14623,14394,15498,12560,10840,5654,753,13928,68596,23055,0.1103628562498224,0.1385029219825912,0.1363339300429062,0.1467905549399028,0.1189630513643811,0.1633563492740033,0.218367288949507,0.6497125375311378,0.5033103173926633,2017
7회지방선거_기초의원지역구,전라남도,담양군,60541839,18,32582,23295,22382,913,7286.0,0.0,0.0,0.0,0.0,0.0,0.0,0.0,0.0,5217.0,담양군,담양군가선거구,0.5827401423658322,0.0,0.0,0.0,0.0,0.0,0.0,0.0,0.0,0.4172598576341678,2017,36510,담양군,43781,21631,22150,2781,3947,4374,3952,5254,7424,6588,6180,3075,416,3788,27191,12802,0.0999063520705328,0.0902674676229414,0.1200063954683538,0.1695712752107078,0.1504762339827779,0.2208949087503711,0.2924099495214819,0.6210685000342614,0.5059272287065165,2017
7회지방선거_기초의원지역구,전라남도,목포시,141264291,42,186864,119935,115911,4024,12092.0,0.0,727.0,0.0,0.0,0.0,0.0,0.0,0.0,35922.0,목포시,목포시가선거구,0.24808682628587841,0.0,0.014915574157280318,0.0,0.0,0.0,0.0,0.0,0.0,0.7369975995568413,2017,36010,목포시,233948,117464,116484,24972,27111,26774,32325,39574,37378,25315,16380,5923,754,34666,165000,34282,0.1144442354711303,0.138171730470019,0.1691572486193513,0.1597705473011096,0.1082078068630635,0.0985560893873852,0.1465368372458837,0.705284935113786,0.4979055174654196,2017
7회지방선거_기초의원지역구,전라남도,무안군,40361226,12,66517,46094,44030,2064,3762.0,0.0,1362.0,0.0,0.0,0.0,0.0,0.0,0.0,4671.0,무안군,무안군가선거구,0.38407350689127107,0.0,0.13905053598774886,0.0,0.0,0.0,0.0,0.0,0.0,0.4768759571209801,2017,36620,무안군,81420,41022,40398,8756,9562,10099,10556,12112,11277,8872,7378,3309,357,11911,54185,15324,0.1240358634242201,0.1296487349545566,0.1487595185458118,0.1385040530582166,0.1089658560550233,0.1356423483173667,0.1882092851879145,0.665499877180054,0.4961680176860722,2017
7회지방선거_기초의원지역구,전라남도,보성군,60541839,18,38546,29106,27597,1509,4881.0,0.0,0.0,0.0,0.0,0.0,0.0,0.0,0.0,8995.0,보성군,보성군가선거구,0.3517584318247334,0.0,0.0,0.0,0.0,0.0,0.0,0.0,0.0,0.6482415681752667,2017,36560,보성군,39942,19109,20833,2574,3119,2743,2999,4427,6456,6628,6730,4024,478,3588,21785,14569,0.0686745781383005,0.07508387161384,0.110835711782084,0.1616343698362626,0.1659406138901407,0.281207751239297,0.3647538931450603,0.5454158529868309,0.5215812928746683,2017
7회지방선거_기초의원지역구,전라남도,순천시,181625517,54,225673,144290,139539,4751,29281.0,0.0,8427.0,0.0,0.0,0.0,0.0,0.0,0.0,30378.0,순천시,순천시가선거구,0.430059042975061,0.0,0.1237699380195635,0.0,0.0,0.0,0.0,0.0,0.0,0.44617101900537554,2017,36030,순천시,266809,132657,134152,27771,32252,32717,33287,45149,45333,26635,17075,8379,1031,39159,189504,38146,0.1226232998137244,0.1247596595317249,0.1692184296631672,0.1699080615721358,0.0998279668227083,0.0992657668969187,0.142971189127803,0.7102608982455614,0.5028016296301849,2017
7회지방선거_기초의원지역구,전라남도,신안군,80722452,24,38023,30149,28376,1773,7881.0,0.0,0.0,0.0,0.0,0.0,0.0,0.0,0.0,8974.0,신안군,신안군가선거구,0.4675763868288342,0.0,0.0,0.0,0.0,0.0,0.0,0.0,0.0,0.5324236131711658,2017,36680,신안군,35592,18650,16942,2006,1804,2606,3050,4122,6394,6162,6373,2934,276,2588,20410,12594,0.0732187008316475,0.0856934142503933,0.115812542144302,0.1796471117104967,0.1731287929871881,0.2692458979545965,0.3538435603506406,0.5734434704427961,0.4760058440098899,2017
7회지방선거_기초의원지역구,전라남도,여수시,161444904,48,235359,153543,148383,5160,19388.0,0.0,4192.0,0.0,0.0,0.0,0.0,0.0,0.0,31474.0,여수시,여수시가선거구,0.35216333054818905,0.0,0.07614342282123006,0.0,0.0,0.0,0.0,0.0,0.0,0.5716932466305809,2017,36020,여수시,271741,139146,132595,26258,27844,29606,35178,43506,46637,34221,21219,8674,1116,36285,188871,46585,0.1089493304286066,0.1294541493554524,0.1601009785052679,0.1716229792339028,0.1259324135849945,0.1141123349071358,0.1714316205504506,0.6950404981213729,0.4879462429298486,2017
7회지방선거_기초의원지역구,전라남도,영광군,40361226,12,46689,32952,31752,1200,4588.0,0.0,0.0,0.0,0.0,0.0,0.0,0.0,0.0,3181.0,영광군,영광군가선거구,0.5905521946196421,0.0,0.0,0.0,0.0,0.0,0.0,0.0,0.0,0.40944780538035785,2017,36640,영광군,49670,24720,24950,4076,4386,4213,4940,6544,8184,7261,7029,3054,353,5548,30153,13969,0.0848198107509563,0.0994564123213207,0.1317495470102677,0.1647674652707872,0.1461848198107509,0.210106704248037,0.2812361586470707,0.6070666398228307,0.502315280853634,2017
7회지방선거_기초의원지역구,전라남도,영암군,60541839,18,46588,31571,30219,1352,7459.0,0.0,1225.0,0.0,0.0,0.0,0.0,0.0,0.0,8222.0,영암군,영암군가선거구,0.44120430616349227,0.0,0.07245948184076659,0.0,0.0,0.0,0.0,0.0,0.0,0.4863362119957412,2017,36610,영암군,57679,30540,27139,4885,5199,6371,7520,8527,9126,6704,6290,3178,319,6587,38187,12905,0.1104561452174968,0.1303767402347475,0.1478354340401186,0.1582204961944555,0.1162294769326791,0.16968047296243,0.2237382756289117,0.662060715338338,0.4705178661211186,2017
7회지방선거_기초의원지역구,전라남도,완도군,40361226,12,35565,27593,26224,1369,3296.0,0.0,713.0,0.0,0.0,0.0,0.0,0.0,0.0,7439.0,완도군,완도군가선거구,0.28791055206149546,0.0,0.06228162124388539,0.0,0.0,0.0,0.0,0.0,0.0,0.6498078266946191,2017,36660,완도군,48332,24865,23467,3795,3430,3651,5106,6216,8027,7507,7335,3271,327,5139,28559,14634,0.0755400148969626,0.1056442936356865,0.1286104444260531,0.1660804435984441,0.1553215261110651,0.2262062401721427,0.3027807663659687,0.590892162542415,0.4855375320698502,2017
7회지방선거_기초의원지역구,전라남도,장성군,60541839,18,39603,29758,28412,1346,7352.0,0.0,0.0,0.0,0.0,0.0,0.0,0.0,0.0,5542.0,장성군,장성군가선거구,0.5701876841941989,0.0,0.0,0.0,0.0,0.0,0.0,0.0,0.0,0.42981231580580115,2017,36650,장성군,41663,20843,20820,3496,3751,3713,4290,5288,6640,5903,5713,2867,309,4658,25217,11788,0.089119842546144,0.1029690612773924,0.126923169238893,0.1593740249141924,0.1416844682332045,0.2133547752202193,0.2829368984470633,0.6052612629911432,0.4997239757098625,2017
7회지방선거_기초의원지역구,전라남도,장흥군,40361226,12,34777,26634,25581,1053,3086.0,0.0,0.0,0.0,0.0,0.0,0.0,0.0,0.0,6567.0,장흥군,장흥군가선거구,0.31969335957733347,0.0,0.0,0.0,0.0,0.0,0.0,0.0,0.0,0.6803066404226665,2017,36580,장흥군,36275,17657,18618,2368,2858,2803,3013,4474,6317,5655,5517,3178,322,3397,21138,11740,0.0772708476912474,0.0830599586492074,0.1233356305995865,0.1741419710544452,0.1558924879393521,0.2485733976567884,0.3236388697450034,0.5827153687112336,0.5132460372157133,2017
7회지방선거_기초의원지역구,전라남도,진도군,40361226,12,27441,21413,20261,1152,1828.0,0.0,0.0,0.0,0.0,0.0,0.0,0.0,0.0,3912.0,진도군,진도군가선거구,0.3184668989547038,0.0,0.0,0.0,0.0,0.0,0.0,0.0,0.0,0.6815331010452962,2017,36670,진도군,29432,14921,14511,2122,2071,2478,2696,3587,4942,4560,4860,2131,211,2866,17071,9495,0.0841940744767599,0.0916009785267735,0.1218741505843979,0.1679124762163631,0.154933405816798,0.2446996466431095,0.3226080456645828,0.5800149497145963,0.4930347920630606,2017
7회지방선거_기초의원지역구,전라남도,함평군,40361226,12,30165,22406,21286,1120,3855.0,0.0,0.0,0.0,0.0,0.0,0.0,0.0,0.0,5500.0,함평군,함평군가선거구,0.4120791020844468,0.0,0.0,0.0,0.0,0.0,0.0,0.0,0.0,0.5879208979155531,2017,36630,함평군,30948,15284,15664,1883,2506,2375,2427,3573,5170,4940,5251,2683,305,2657,17656,10635,0.0767416311231743,0.0784218689414501,0.1154517254749903,0.1670544138554995,0.1596225927362026,0.2662207573995088,0.3436409461031408,0.5705053638361122,0.5061393304898539,2017
7회지방선거_기초의원지역구,전라남도,해남군,80722452,24,62461,44457,42180,2277,6715.0,0.0,3052.0,0.0,0.0,0.0,0.0,0.0,0.0,12807.0,해남군,해남군가선거구,0.29746611145565693,0.0,0.13519978736599628,0.0,0.0,0.0,0.0,0.0,0.0,0.5673341011783468,2017,36600,해남군,67123,33016,34107,5407,5031,5048,6338,8460,11589,10500,9825,4822,520,7281,39528,20314,0.0752052202672705,0.0944236699789937,0.1260372748536269,0.17265318892183,0.1564292418396078,0.2259583153315555,0.302638439879028,0.5888890544224782,0.5081268715641435,2017
7회지방선거_기초의원지역구,전라남도,화순군,60541839,18,54543,38367,36908,1459,6734.0,0.0,2883.0,0.0,0.0,0.0,0.0,0.0,0.0,3660.0,화순군,화순군가선거구,0.5071928899600814,0.0,0.21714242675303155,0.0,0.0,0.0,0.0,0.0,0.0,0.2756646832868871,2017,36570,화순군,60566,29246,31320,4688,6385,5893,5598,9104,10213,7555,7396,3809,467,6860,38415,15291,0.0972988145163953,0.0924280949707756,0.1503153584519367,0.1686259617607238,0.124739953109005,0.1927153848693986,0.2524683816002377,0.6342667503219628,0.5171218175213816,2017
7회지방선거_기초의원지역구,전라북도,고창군,60541839,18,40258,30172,28470,1702,4277.0,0.0,0.0,0.0,0.0,0.0,0.0,0.0,0.0,6453.0,고창군,고창군가선거구,0.3986020503261883,0.0,0.0,0.0,0.0,0.0,0.0,0.0,0.0,0.6013979496738118,2017,35570,고창군,54947,27298,27649,3439,5154,4589,4572,6738,9088,8561,8423,4218,483,5083,32630,17234,0.0835168435037399,0.0832074544561122,0.1226272589950315,0.1653957449906273,0.1558046845141682,0.2388483447685952,0.3136476968715307,0.5938449778877828,0.5031939869328625,2017
7회지방선거_기초의원지역구,전라북도,군산시,161444904,48,223434,134423,130214,4209,28223.0,0.0,465.0,0.0,0.0,0.0,0.0,0.0,0.0,43028.0,군산시,군산시가선거구,0.39353840147247476,0.0,0.00648390875118523,0.0,0.0,0.0,0.0,0.0,0.0,0.59997768977634,2017,35020,군산시,273649,139957,133692,27567,29732,33001,37236,45351,42457,31531,19819,8572,1038,37655,192774,43220,0.1205960920741533,0.1360721215864118,0.1657268983259577,0.1551513069662231,0.1152242471194851,0.1075428742659392,0.1579395502998366,0.7044571695858564,0.4885528542037427,2017
7회지방선거_기초의원지역구,전라북도,김제시,100903065,30,74992,51658,49505,2153,6642.0,0.0,0.0,0.0,0.0,0.0,0.0,0.0,0.0,11142.0,김제시,김제시가선거구,0.3734817813765182,0.0,0.0,0.0,0.0,0.0,0.0,0.0,0.0,0.6265182186234818,2017,35060,김제시,82358,40867,41491,5870,6462,7755,8062,10524,13478,12759,10980,6322,730,8111,50170,24077,0.094162072901236,0.0978897010612205,0.127783579008718,0.1636513757012069,0.1549211976978557,0.2189465504261881,0.292345613055198,0.6091697224313364,0.503788338716336,2017
7회지방선거_기초의원지역구,전라북도,남원시,121083678,36,69930,51524,49142,2382,10640.0,0.0,1154.0,0.0,0.0,0.0,0.0,0.0,0.0,10533.0,남원시,남원시가선거구,0.4765530523581314,0.0,0.051686299099744704,0.0,0.0,0.0,0.0,0.0,0.0,0.4717606485421239,2017,35050,남원시,79279,38899,40380,6301,7626,7244,7311,11651,13213,11226,9397,5237,715,9136,49514,20629,0.0913735037021153,0.0922186203155942,0.146961994979755,0.1666645643865336,0.1416011806405227,0.1936073865714754,0.2602076211859382,0.6245537910417639,0.5093404306310625,2017
7회지방선거_기초의원지역구,전라북도,무주군,40361226,12,21573,17374,16700,674,2777.0,0.0,0.0,0.0,0.0,0.0,0.0,0.0,0.0,1672.0,무주군,무주군가선거구,0.6241852101595864,0.0,0.0,0.0,0.0,0.0,0.0,0.0,0.0,0.37581478984041355,2017,35530,무주군,23195,11478,11717,1633,1758,1732,1925,3008,4029,3674,3484,1896,239,2255,13619,7321,0.0746712653589135,0.0829920241431343,0.1296831213623625,0.1737012287130847,0.1583962060788963,0.2422504850183229,0.315628368182798,0.5871524035352447,0.5051519724078465,2017
7회지방선거_기초의원지역구,전라북도,부안군,80722452,24,48572,34845,33034,1811,7680.0,0.0,0.0,0.0,0.0,0.0,0.0,0.0,0.0,7397.0,부안군,부안군가선거구,0.5093851561981827,0.0,0.0,0.0,0.0,0.0,0.0,0.0,0.0,0.49061484380181736,2017,35580,부안군,51249,25399,25850,3323,4065,4249,4634,6494,8746,8373,7370,3918,401,4665,30852,15732,0.082908934808484,0.0904212765127124,0.1267146676032703,0.1706569884290425,0.1633787976350758,0.2280824991707155,0.306971843353041,0.6020019902827373,0.5044000858553338,2017
7회지방선거_기초의원지역구,전라북도,순창군,60541839,18,25441,20595,19739,856,4136.0,0.0,0.0,0.0,0.0,0.0,0.0,0.0,0.0,3658.0,순창군,순창군가선거구,0.5306646138054915,0.0,0.0,0.0,0.0,0.0,0.0,0.0,0.0,0.4693353861945086,2017,35560,순창군,27017,12875,14142,2026,2140,1988,2362,3357,4287,4067,4372,2304,328,2805,15264,8948,0.0735832994040789,0.0874264352074619,0.124255098641596,0.1586778694895806,0.150534848428767,0.2592441795906281,0.3311988747825443,0.5649776066920827,0.5234481992819336,2017
7회지방선거_기초의원지역구,전라북도,완주군,80722452,24,78531,52848,51122,1726,14964.0,0.0,0.0,0.0,0.0,0.0,0.0,0.0,0.0,16579.0,완주군,완주군가선거구,0.474400025362204,0.0,0.0,0.0,0.0,0.0,0.0,0.0,0.0,0.5255999746377961,2017,35510,완주군,98528,50529,47999,9919,10275,12587,12751,13962,14469,11618,8707,4512,627,13212,66277,19039,0.1277504871711594,0.1294149886326729,0.1417059110100682,0.1468516563819422,0.1179157193894121,0.140528580708022,0.193234410522897,0.6726717278337122,0.4871610100682039,2017
7회지방선거_기초의원지역구,전라북도,익산시,161444904,48,245566,153249,147878,5371,27510.0,0.0,258.0,0.0,0.0,0.0,0.0,0.0,0.0,36651.0,익산시,익산시가선거구,0.42704792064453034,0.0,0.004005029572020677,0.0,0.0,0.0,0.0,0.0,0.0,0.568947049783449,2017,35030,익산시,298932,150085,148847,26484,33733,43077,34997,46205,48725,34363,21958,10731,1328,37309,212699,48924,0.1441030067038657,0.1170734481420523,0.1545669249193796,0.162996935757965,0.1149525644628209,0.1137951105937136,0.1636626389948215,0.7115297124429636,0.4979292949567125,2017
7회지방선거_기초의원지역구,전라북도,임실군,60541839,18,25942,20074,19166,908,3697.0,0.0,0.0,0.0,0.0,0.0,0.0,0.0,0.0,4058.0,임실군,임실군가선거구,0.4767246937459703,0.0,0.0,0.0,0.0,0.0,0.0,0.0,0.0,0.5232753062540296,2017,35550,임실군,26409,13256,13153,1843,1859,2491,2284,2970,4258,4103,4113,2376,278,2466,15142,8801,0.0943239047294483,0.0864856677647771,0.1124616607974554,0.1612329130220758,0.1553637017683365,0.256238403574539,0.3332576015752205,0.5733651406717407,0.4980499072285963,2017
7회지방선거_기초의원지역구,전라북도,장수군,40361226,12,20072,16591,15963,628,2213.0,0.0,0.0,0.0,0.0,0.0,0.0,0.0,0.0,2273.0,장수군,장수군가선거구,0.4933125278644672,0.0,0.0,0.0,0.0,0.0,0.0,0.0,0.0,0.5066874721355328,2017,35540,장수군,21398,10545,10853,1605,1727,1659,1875,2630,3528,3582,3073,1676,209,2207,12509,6682,0.0775306103374147,0.0876250116833348,0.122908683054491,0.1648752219833629,0.167398822319843,0.2317038975605196,0.3122721749696233,0.584587344611646,0.5071969342929246,2017
7회지방선거_기초의원지역구,전라북도,전주시덕진구,80722452,24,210274,130679,125609,5070,23225.0,0.0,2629.0,0.0,0.0,0.0,0.0,0.0,0.0,21219.0,전주시덕진구,전주시아선거구,0.49338261848618103,0.0,0.05584942536061012,0.0,0.0,0.0,0.0,0.0,0.0,0.45076795615320886,2017,35012,전주시 덕진구,302381,151177,151204,32441,36555,44571,41482,50786,45105,28868,17634,7379,883,45098,218840,38443,0.1474001342676953,0.1371845453252684,0.167953674338004,0.1491661182415561,0.0954689613434706,0.0856403014739682,0.1271343106875101,0.7237227206735873,0.5000446456622605,2017
7회지방선거_기초의원지역구,전라북도,전주시완산구,141264291,42,313929,193205,186880,6325,52731.0,0.0,0.0,0.0,0.0,0.0,0.0,0.0,0.0,33446.0,전주시완산구,전주시가선거구,0.6118918040776541,0.0,0.0,0.0,0.0,0.0,0.0,0.0,0.0,0.38810819592234586,2017,35011,전주시 완산구,354571,173517,181054,32713,44243,49758,44889,59583,57627,37193,21178,9481,1260,46942,259877,47752,0.1403329657529803,0.1266008782444136,0.168042507706496,0.1625259821023152,0.1048957754582298,0.0900214625561594,0.13467542466812,0.7329336014507672,0.5106283367788116,2017
7회지방선거_기초의원지역구,전라북도,정읍시,141264291,42,96002,64321,61358,2963,12336.0,0.0,1095.0,0.0,0.0,0.0,0.0,0.0,0.0,17225.0,정읍시,정읍시가선거구,0.4024008350730689,0.0,0.03571894572025052,0.0,0.0,0.0,0.0,0.0,0.0,0.5618802192066806,2017,35040,정읍시,109263,54322,54941,8471,10740,10670,10927,15888,17953,14958,12854,6934,784,12218,69502,27543,0.0976542837007953,0.1000064065603177,0.1454106147552236,0.1643099676926315,0.136899041761621,0.1882796555100994,0.2520798440460174,0.6360982217219003,0.5028326148833548,2017
7회지방선거_기초의원지역구,전라북도,진안군,40361226,12,23029,17585,16968,617,3080.0,0.0,0.0,0.0,281.0,0.0,0.0,0.0,0.0,3418.0,진안군,진안군가선거구,0.45434429856911046,0.0,0.0,0.0,0.041451541525298716,0.0,0.0,0.0,0.0,0.5042041599055908,2017,35520,진안군,22998,11388,11610,1624,1625,1711,1835,2756,3986,3893,3560,1933,210,2203,13219,7576,0.0743977737194538,0.0797895469171232,0.1198365075223932,0.17331941907992,0.1692755891816679,0.247978085050874,0.3294199495608313,0.574789112096704,0.5048265066527524,2017
7회지방선거_기초의원지역구,충청남도,계룡시,40361226,12,33093,22138,21355,783,2930.0,0.0,0.0,0.0,0.0,0.0,0.0,0.0,3081.0,3949.0,계룡시,계룡시가선거구,0.29417670682730923,0.0,0.0,0.0,0.0,0.0,0.0,0.0,0.3093373493975904,0.3964859437751004,2017,34070,계룡시,41858,20761,21097,5372,6175,4013,5412,9020,6290,3465,1718,913,136,7892,29894,4072,0.0958717568923503,0.1292942806631946,0.215490467771991,0.150269960342109,0.0827798748148502,0.0661044483730708,0.0972812843423001,0.7141765015050886,0.5040135696879927,2017
7회지방선거_기초의원지역구,충청남도,공주시,80722452,24,92935,56744,54356,2388,10200.0,0.0,0.0,0.0,0.0,0.0,0.0,0.0,9390.0,9553.0,공주시,공주시가선거구,0.3499982843221357,0.0,0.0,0.0,0.0,0.0,0.0,0.0,0.32220430292008373,0.3277974127577806,2017,34020,공주시,111017,55006,56011,7484,11468,15454,10991,14615,18794,15318,10786,6186,722,10669,75906,24442,0.1392039057081348,0.0990028554185395,0.1316465045893872,0.1692893881117306,0.1379788681012818,0.1593809957033607,0.2201644793139789,0.6837331219542953,0.5045263338047327,2017
7회지방선거_기초의원지역구,충청남도,금산군,40361226,12,46310,30781,29500,1281,6636.0,0.0,0.0,0.0,0.0,0.0,0.0,0.0,3123.0,6579.0,금산군,금산군가선거구,0.40616966580976865,0.0,0.0,0.0,0.0,0.0,0.0,0.0,0.1911494674990819,0.40268086669114944,2017,34510,금산군,55672,28047,27625,3677,5270,7375,4918,6851,9089,8320,6713,3501,394,5208,36079,14385,0.1324723379795947,0.0883388417876131,0.1230600661014513,0.1632598074435982,0.1494467595918953,0.1905446184796666,0.2583884178761316,0.6480636585716338,0.4962099439574651,2017
7회지방선거_기초의원지역구,충청남도,논산시,80722452,24,103367,62943,59830,3113,10538.0,315.0,0.0,0.0,0.0,0.0,0.0,0.0,5941.0,1372.0,논산시,논산시가선거구,0.5800946823736651,0.017340085874711,0.0,0.0,0.0,0.0,0.0,0.0,0.32703952438621603,0.07552570736540791,2017,34060,논산시,123774,62102,61672,9418,12693,14985,13150,16832,20171,16933,12487,7200,895,13298,82486,27990,0.1210674293470357,0.1062420217493173,0.1359897878391261,0.1629663741981353,0.1368057912000904,0.1662869423303763,0.2261379611226913,0.6664242894307366,0.4982629631425017,2017
7회지방선거_기초의원지역구,충청남도,당진시,80722452,24,135932,76649,73021,3628,12067.0,0.0,0.0,0.0,0.0,0.0,0.0,0.0,8110.0,10281.0,당진시,당진시가선거구,0.3961849103683761,0.0,0.0,0.0,0.0,0.0,0.0,0.0,0.26626830389388667,0.3375467857377372,2017,34080,당진시,168508,89656,78852,19541,16061,18789,27151,26526,24738,17758,12254,6569,795,25353,115621,27534,0.1115021245282123,0.1611258812637975,0.1574168585467752,0.1468060863579177,0.1053837206542122,0.1164217722600707,0.1633987703847888,0.6861454649037434,0.4679421748522325,2017
7회지방선거_기초의원지역구,충청남도,보령시,80722452,24,87281,56348,53469,2879,9273.0,0.0,0.0,0.0,0.0,0.0,0.0,0.0,8547.0,7175.0,보령시,보령시가선거구,0.370994198839768,0.0,0.0,0.0,0.0,0.0,0.0,0.0,0.34194838967793556,0.28705741148229647,2017,34030,보령시,100922,52077,48845,8096,8955,10034,11722,15020,17091,14763,10326,5095,608,11393,66781,22748,0.0994233170171023,0.1161491052495987,0.1488278076138007,0.1693486058540259,0.1462812865381185,0.1588256277124908,0.2254017954459879,0.6617090426269793,0.4839876340143873,2017
7회지방선거_기초의원지역구,충청남도,부여군,60541839,18,60334,40213,37968,2245,4415.0,0.0,0.0,0.0,0.0,0.0,0.0,0.0,5799.0,1725.0,부여군,부여군가선거구,0.3697964653656085,0.0,0.0,0.0,0.0,0.0,0.0,0.0,0.4857190719490745,0.14448446268531703,2017,34530,부여군,67028,33215,33813,3937,5374,6190,5550,8094,11585,11485,9052,5460,721,5828,40690,20510,0.0923494658948499,0.0828012174016828,0.1207555051620218,0.1728382168645939,0.1713463030375365,0.227263233275646,0.3059915259294623,0.6070597362296354,0.5044608223429015,2017
7회지방선거_기초의원지역구,충청남도,서산시,100903065,30,139529,81977,78953,3024,24642.0,0.0,0.0,0.0,0.0,0.0,0.0,0.0,13677.0,14499.0,서산시,서산시가선거구,0.46654549585368627,0.0,0.0,0.0,0.0,0.0,0.0,0.0,0.25894581392707033,0.27450869021924346,2017,34050,서산시,171364,88802,82562,18521,17693,18989,24463,28279,26783,18302,12541,6703,875,25038,117846,28480,0.1108109054410494,0.1427546042342615,0.1650229919936509,0.1562930370439532,0.1068018953805933,0.1174050559043906,0.1661959338017319,0.6876940314185009,0.4817931420835181,2017
7회지방선거_기초의원지역구,충청남도,서천군,40361226,12,48407,33969,32202,1767,4357.0,0.0,1601.0,0.0,0.0,0.0,0.0,0.0,3099.0,2267.0,서천군,서천군가선거구,0.3847580360296715,0.0,0.1413811374072766,0.0,0.0,0.0,0.0,0.0,0.2736665489226422,0.20019427764040976,2017,34540,서천군,53321,26510,26811,3089,3944,4306,4526,6592,8893,9266,7850,4597,564,4460,31405,17456,0.0807561748654376,0.0848821289923294,0.1236285891112319,0.1667823184111325,0.1737776860899083,0.2440126779317717,0.3273757056319273,0.5889799516138107,0.5028225277095328,2017
7회지방선거_기초의원지역구,충청남도,아산시,80722452,24,244293,129946,124544,5402,22700.0,0.0,0.0,0.0,0.0,0.0,0.0,0.0,17504.0,15573.0,아산시,아산시가선거구,0.4069777865428402,0.0,0.0,0.0,0.0,0.0,0.0,0.0,0.31382110905928967,0.2792011043978701,2017,34040,아산시,338473,177501,160972,42468,37811,48817,62149,56204,43224,25997,16414,8116,912,55344,246782,36347,0.1442271613983981,0.1836158275549305,0.1660516496145926,0.1277029482410709,0.0768067172270757,0.07516700002659,0.1073852271820795,0.7291039462527291,0.4755829859397943,2017
7회지방선거_기초의원지역구,충청남도,예산군,80722452,24,70654,44241,42250,1991,7387.0,0.0,0.0,0.0,0.0,0.0,0.0,0.0,7676.0,4119.0,예산군,예산군가선거구,0.3851006151600459,0.0,0.0,0.0,0.0,0.0,0.0,0.0,0.4001668230632885,0.21473256177666564,2017,34570,예산군,78678,39916,38762,4732,6356,7873,7375,10599,13857,12675,9802,5449,543,6781,50236,21661,0.1000660921731615,0.0937364955896184,0.1347136429497445,0.1761229314420803,0.1610996720811408,0.2007422659447367,0.2753120313175221,0.6385012328732301,0.4926663107857342,2017
7회지방선거_기초의원지역구,충청남도,천안시동남구,80722452,24,211724,106386,103661,2725,45293.0,337.0,0.0,0.0,0.0,0.0,0.0,0.0,19802.0,12773.0,천안시동남구,천안시가선거구,0.5791573428808899,0.0043091873921104785,0.0,0.0,0.0,0.0,0.0,0.0,0.25320631673166677,0.1633271529953328,2017,34011,천안시 동남구,273839,139765,134074,26441,32447,44016,39066,45525,42535,24883,13933,6748,926,36521,205568,31750,0.1607367832923725,0.1426604683774042,0.1662473205058446,0.1553284959410456,0.0908672614200314,0.0789040275490342,0.1159440401111602,0.7506892736242828,0.4896088577594864,2017
7회지방선거_기초의원지역구,충청남도,천안시서북구,121083678,36,298093,159391,154752,4639,51476.0,0.0,0.0,0.0,0.0,0.0,0.0,0.0,29955.0,21885.0,천안시서북구,천안시라선거구,0.4982384141856053,0.0,0.0,0.0,0.0,0.0,0.0,0.0,0.2899357311549034,0.21182585465949128,2017,34012,천안시 서북구,382455,196711,185744,46424,42869,60298,72996,67368,52696,24712,12818,5642,706,61801,291906,28748,0.1576603783451648,0.1908616700003922,0.1761462132799937,0.1377835300885071,0.0646141376109607,0.0501130851995659,0.0751670131126537,0.7632427344393458,0.4856623655070531,2017
7회지방선거_기초의원지역구,충청남도,청양군,40361226,12,28741,21227,20320,907,1779.0,0.0,0.0,0.0,0.0,0.0,0.0,0.0,2226.0,2132.0,청양군,청양군가선거구,0.28988104937265763,0.0,0.0,0.0,0.0,0.0,0.0,0.0,0.36271794036174027,0.3474010102656021,2017,34550,청양군,31299,15692,15607,1705,2471,2972,2452,3574,5390,5339,4429,2858,276,2418,18844,10037,0.0949551103869133,0.0783411610594587,0.1141889517236972,0.1722099747595769,0.1705805297293843,0.2416371130068053,0.3206811719224256,0.6020639637049107,0.4986421291415061,2017
7회지방선거_기초의원지역구,충청남도,태안군,40361226,12,55792,37238,35404,1834,6725.0,0.0,0.0,0.0,0.0,0.0,0.0,0.0,3345.0,3496.0,태안군,태안군가선거구,0.4957246056317264,0.0,0.0,0.0,0.0,0.0,0.0,0.0,0.24657231313578062,0.25770308123249297,2017,34580,태안군,61170,31411,29759,4118,4800,5660,6328,8010,10615,10254,7738,3623,449,5836,38662,16672,0.0925290174922347,0.1034494033022723,0.1309465424227562,0.173532777505313,0.167631191760667,0.1930684976295569,0.2725519045283636,0.6320418505803499,0.4864966486839954,2017
7회지방선거_기초의원지역구,충청남도,홍성군,60541839,18,83928,51030,48961,2069,11518.0,0.0,0.0,0.0,803.0,0.0,0.0,0.0,7096.0,6239.0,홍성군,홍성군가선거구,0.448939819145619,0.0,0.0,0.0,0.031298721546616774,0.0,0.0,0.0,0.2765824758341129,0.24317898347365138,2017,34560,홍성군,103048,51438,51610,9776,11116,12006,12384,14923,15707,12826,9381,5294,608,13423,68439,21186,0.1165088114276841,0.1201770048909246,0.1448160080739073,0.1524241130347022,0.124466268146883,0.1483095256579458,0.2055935098206661,0.6641468053722537,0.5008345625339647,2017
7회지방선거_기초의원지역구,충청북도,괴산군,60541839,18,34902,25075,24036,1039,5982.0,0.0,0.0,0.0,0.0,0.0,0.0,0.0,4847.0,3777.0,괴산군,괴산군가선거구,0.4095577160071204,0.0,0.0,0.0,0.0,0.0,0.0,0.0,0.3318499246884842,0.25859235930439545,2017,33560,괴산군,38575,19824,18751,1732,3040,4719,2872,4076,7212,6764,5377,2681,293,2520,24775,11280,0.1223331173039533,0.0744523655217109,0.1056642903434867,0.1869604666234608,0.175346727154893,0.2164873622812702,0.2924173687621516,0.6422553467271549,0.4860920285158782,2017
7회지방선거_기초의원지역구,충청북도,단양군,40361226,12,26796,19074,18294,780,2770.0,0.0,0.0,0.0,0.0,0.0,0.0,0.0,1895.0,1861.0,단양군,단양군가선거구,0.4244560220655838,0.0,0.0,0.0,0.0,0.0,0.0,0.0,0.29037695372356725,0.2851670242108489,2017,33580,단양군,28411,14228,14183,1639,2186,2176,2350,3734,5742,5123,3799,1656,199,2445,18104,7862,0.0765900531484284,0.0827144415895251,0.1314279680405476,0.202104818556193,0.1803174826651649,0.1990074267009257,0.2767238041603604,0.6372179789518144,0.4992080532188237,2017
7회지방선거_기초의원지역구,충청북도,보은군,60541839,18,30016,22731,21597,1134,4639.0,0.0,0.0,0.0,0.0,0.0,0.0,0.0,3733.0,782.0,보은군,보은군가선거구,0.5067729954118418,0.0,0.0,0.0,0.0,0.0,0.0,0.0,0.4077998689097662,0.08542713567839195,2017,33520,보은군,32253,16018,16235,2010,2382,2500,2584,3608,6003,5628,4629,2742,355,2890,19199,10164,0.0775121694105974,0.0801165783027935,0.1118655628933742,0.1861222211887266,0.174495395777137,0.2395436083465104,0.315133475955725,0.5952624562056242,0.50336402815242,2017
7회지방선거_기초의원지역구,충청북도,영동군,60541839,18,43904,31223,29513,1710,7561.0,0.0,0.0,0.0,0.0,0.0,0.0,0.0,5099.0,1470.0,영동군,영동군가선거구,0.5351026185421089,0.0,0.0,0.0,0.0,0.0,0.0,0.0,0.36086341118188253,0.1040339702760085,2017,33540,영동군,49034,24410,24624,3054,4161,5564,4055,6042,8584,7803,6352,3304,443,4322,31081,13631,0.1134722845372598,0.0826977199494228,0.1232206224252559,0.1750622017375698,0.1591344781172247,0.2059591303993147,0.2779907819064323,0.6338662968552433,0.5021821593180242,2017
7회지방선거_기초의원지역구,충청북도,옥천군,60541839,18,44862,30484,28984,1500,5674.0,238.0,0.0,0.0,0.0,0.0,0.0,0.0,5311.0,5568.0,옥천군,옥천군가선거구,0.33791912333988444,0.014174260020248942,0.0,0.0,0.0,0.0,0.0,0.0,0.31630039902328627,0.3316062176165803,2017,33530,옥천군,49898,24987,24911,3478,4185,4467,4702,6648,8800,8284,5958,3329,409,4939,31571,13388,0.089522626157361,0.094232233756864,0.1332317928574291,0.1763597739388352,0.1660186781033308,0.1943164054671529,0.2683073469878552,0.6327107298889735,0.4992384464307187,2017
7회지방선거_기초의원지역구,충청북도,음성군,60541839,18,81826,47532,44851,2681,9226.0,0.0,0.0,0.0,0.0,0.0,0.0,0.0,7581.0,2910.0,음성군,음성군가선거구,0.46792108332910687,0.0,0.0,0.0,0.0,0.0,0.0,0.0,0.3844905411573769,0.14758837551351625,2017,33570,음성군,104509,57136,47373,8763,9091,13619,15059,16676,17978,11986,7832,3891,453,11858,75631,17020,0.130314135624683,0.1440928532470887,0.1595652049105818,0.1720234620941737,0.1146886870987187,0.1165067123405639,0.1628567874537121,0.7236793003473385,0.453291104115435,2017
7회지방선거_기초의원지역구,충청북도,제천시,100903065,30,114513,70284,67140,3144,16030.0,0.0,0.0,0.0,0.0,0.0,0.0,0.0,10435.0,9004.0,제천시,제천시가선거구,0.4519439510558516,0.0,0.0,0.0,0.0,0.0,0.0,0.0,0.29420056951140433,0.2538554794327441,2017,33030,제천시,136929,68951,67978,10999,14436,17801,14505,20243,24165,18282,11938,5043,598,15490,96364,25075,0.1300016797026196,0.1059308108581819,0.1478357396899123,0.1764783208816248,0.133514449094056,0.1283804015219566,0.1831241008113694,0.7037515792856152,0.4964470638067904,2017
7회지방선거_기초의원지역구,충청북도,증평군,60541839,18,30638,19431,18828,603,6173.0,0.0,0.0,0.0,0.0,0.0,0.0,0.0,5329.0,3229.0,증평군,증평군가선거구,0.41904826556241936,0.0,0.0,0.0,0.0,0.0,0.0,0.0,0.36175412395628265,0.21919761048129793,2017,33590,증평군,37625,19200,18425,4343,3625,4937,5560,5800,5750,3984,2598,1217,147,5674,26392,5559,0.1312159468438538,0.1477740863787375,0.1541528239202657,0.1528239202657807,0.1058870431893687,0.1053023255813953,0.1477475083056478,0.7014485049833887,0.4897009966777408,2017
7회지방선거_기초의원지역구,충청북도,진천군,40361226,12,61715,36730,35058,1672,4171.0,0.0,2054.0,0.0,0.0,0.0,0.0,0.0,3141.0,1597.0,진천군,진천군가선거구,0.3804615524947551,0.0,0.18735747514366505,0.0,0.0,0.0,0.0,0.0,0.28650916719875946,0.14567180516282038,2017,33550,진천군,79186,42564,36622,7935,7670,9471,12673,12770,12724,8201,5380,2796,316,10561,56852,11773,0.1196044755386053,0.1600409163235925,0.1612658803323819,0.1606849695653272,0.1035662869699189,0.1072411789962872,0.1486752708812163,0.7179551940999672,0.4624807415452226,2017
7회지방선거_기초의원지역구,충청북도,청주시상당구,60541839,18,140405,80131,76389,3742,16018.0,0.0,0.0,0.0,0.0,0.0,0.0,0.0,8074.0,4900.0,청주시상당구,청주시가선거구,0.5524972406181016,0.0,0.0,0.0,0.0,0.0,0.0,0.0,0.27849061810154524,0.1690121412803532,2017,33041,청주시 상당구,166663,83201,83462,15715,19327,20913,20392,28384,28787,18148,10985,5083,621,22377,120357,23929,0.1254807605767327,0.1223546918032196,0.1703077467704289,0.1727257999675993,0.1088903955887029,0.1001362029964659,0.1435771586974913,0.7221578874735244,0.500783017226379,2017
7회지방선거_기초의원지역구,충청북도,청주시서원구,60541839,18,174307,100174,96167,4007,15598.0,0.0,0.0,0.0,0.0,0.0,0.0,0.0,10345.0,12184.0,청주시서원구,청주시라선거구,0.4091064075327196,0.0,0.0,0.0,0.0,0.0,0.0,0.0,0.2713300285886642,0.31956356387861623,2017,33042,청주시 서원구,221148,109810,111338,21855,26476,34912,29707,37211,35063,20866,11458,5080,700,30628,165132,25388,0.1578671297049939,0.134330855354785,0.1682628827753359,0.1585499303633765,0.0943531028994157,0.0779477996635737,0.1148009477815761,0.7467035650333713,0.5034547000198962,2017
7회지방선거_기초의원지역구,충청북도,청주시청원구,60541839,18,154249,85616,82639,2977,21306.0,0.0,1210.0,0.0,1142.0,0.0,0.0,0.0,16553.0,7494.0,청주시청원구,청주시차선거구,0.4466198511686406,0.0,0.025364217587255006,0.0,0.023938790483177864,0.0,0.0,0.0,0.3469866890263075,0.15709045173461902,2017,33044,청주시 청원구,196192,100077,96115,25188,20937,27565,35380,31481,26527,16520,9797,4436,521,32412,142561,21219,0.1405001223291469,0.1803335508073723,0.1604601614744739,0.1352093867232099,0.0842032294894797,0.0752018430924808,0.1081542570543141,0.7266402299787963,0.4899027483281683,2017
7회지방선거_기초의원지역구,충청북도,청주시흥덕구,60541839,18,204639,110060,106206,3854,21204.0,0.0,0.0,960.0,0.0,0.0,0.0,0.0,15532.0,17664.0,청주시흥덕구,청주시사선거구,0.38302023121387285,0.0,0.0,0.017341040462427744,0.0,0.0,0.0,0.0,0.2805635838150289,0.3190751445086705,2017,33043,청주시 흥덕구,258308,130000,128308,27632,28602,40592,41303,44523,40009,21728,10994,4904,588,37715,195738,24855,0.1571457330009136,0.1598982609907552,0.1723639995664091,0.1548887374761912,0.0841166359539774,0.0638230329683943,0.0962223392229431,0.7577697941991731,0.496724840113353,2017
7회지방선거_기초의원지역구,충청북도,충주시,141264291,42,175414,103599,98259,5340,21506.0,0.0,0.0,0.0,0.0,0.0,0.0,0.0,14343.0,10705.0,충주시,충주시가선거구,0.46195815611977487,0.0,0.0,0.0,0.0,0.0,0.0,0.0,0.3080938265240366,0.2299480173561885,2017,33020,충주시,212274,108092,104182,17534,22143,29004,25078,33053,36600,24845,17221,7743,904,24641,151748,35885,0.1366347268153424,0.1181397627594524,0.1557091306518933,0.1724186664405438,0.1170421248009647,0.1218613678547537,0.1690503782846698,0.7148685189896078,0.4907902051122605,2017
