election_name,sido,sigungu_norm,sg_id,sg_typecode,total_voters,total_voted,valid_votes,invalid_votes,party_더불어민주당,party_민중당,party_대한애국당,party_국제녹색당,party_녹색당,party_우리미래,party_친박연대,party_노동당,party_국민의힘,party_기타,sigungu_elec,sgg_name,ratio_더불어민주당,ratio_민중당,ratio_대한애국당,ratio_국제녹색당,ratio_녹색당,ratio_우리미래,ratio_친박연대,ratio_노동당,ratio_국민의힘,ratio_기타,year,adm_cd,sigungu_pop,total_pop,male_pop,female_pop,age_0_9,age_10_19,age_20_29,age_30_39,age_40_49,age_50_59,age_60_69,age_70_79,age_80_89,age_90plus,age_0_14,age_15_64,age_65plus,ratio_20s,ratio_30s,ratio_40s,ratio_50s,ratio_60s,ratio_70plus,ratio_elderly,ratio_working,ratio_female,pop_year
7회지방선거_광역의원비례,강원도,강릉시,20180613,8,179767,108752,105710,3042,46931,694.0,653.0,0.0,482.0,0.0,0.0,847.0,41232.0,14871.0,강릉시,강원도,0.4439598902658216,0.006565131018825087,0.0061772774571942106,0.0,0.004559644309904455,0.0,0.0,0.00801248699271592,0.3900482451991297,0.14067732475640904,2017,32030,강릉시,215914,108572,107342,16650,23479,29629,23401,33518,36281,27096,18615,7785,1229,24035,152904,38975,0.1372259325472178,0.1083811147030762,0.1552377335420584,0.1680344952156877,0.1254944098113137,0.1279629852626508,0.1805116852079994,0.7081708457997166,0.4971516437099956,2017
7회지방선거_광역의원비례,강원도,고성군,20180613,8,25496,18360,17350,1010,8364,173.0,97.0,0.0,89.0,0.0,0.0,60.0,6851.0,1716.0,고성군,강원도,0.4820749279538905,0.009971181556195965,0.005590778097982709,0.0,0.005129682997118155,0.0,0.0,0.00345821325648415,0.39487031700288183,0.09890489913544669,2017,32600,고성군,28621,15422,13199,1547,2342,5140,2395,3272,4760,4122,3498,1431,269,2199,19516,6906,0.1795884141015338,0.0836798155200726,0.1143216519338947,0.1663114496348834,0.144020125082981,0.1816148981517067,0.2412913594912826,0.6818769435030223,0.4611648789350477,2017
7회지방선거_광역의원비례,강원도,동해시,20180613,8,75747,46919,44561,2358,21798,414.0,349.0,0.0,173.0,0.0,0.0,250.0,16253.0,5324.0,동해시,강원도,0.4891721460469918,0.009290635308902404,0.007831960683108548,0.0,0.0038823186194205696,0.0,0.0,0.00561028702228406,0.3647359798927313,0.11947667242656135,2017,32040,동해시,89151,45347,43804,8514,9156,8704,10841,15266,15392,11409,7448,2940,362,12003,61710,15438,0.0976321073235297,0.1216026741147042,0.1712375632354096,0.172650895671389,0.1279738870007066,0.1205819340220524,0.1731668741797624,0.6921963859070566,0.4913461430606499,2017
7회지방선거_광역의원비례,강원도,삼척시,20180613,8,59117,41025,39325,1700,18729,366.0,243.0,0.0,216.0,0.0,0.0,297.0,15519.0,3955.0,삼척시,강원도,0.47626191989828354,0.009307056579783852,0.006179275270184361,0.0,0.005492689129052765,0.0,0.0,0.0075524475524475524,0.3946344564526383,0.10057215511760967,2017,32070,삼척시,67860,35066,32794,4811,6569,9511,6707,9462,11475,9326,6851,3236,388,6728,46603,14529,0.1401562039493074,0.0988358384910109,0.1394341290893015,0.1690981432360742,0.1374300029472443,0.1543619216033009,0.2141025641025641,0.6867521367521368,0.4832596522251695,2017
7회지방선거_광역의원비례,강원도,속초시,20180613,8,68234,40488,39580,908,19950,218.0,114.0,0.0,133.0,0.0,0.0,147.0,13817.0,5201.0,속초시,강원도,0.5040424456796362,0.005507832238504295,0.002880242546740778,0.0,0.0033602829711975746,0.0,0.0,0.00371399696816574,0.34909044972208186,0.13140474987367357,2017,32060,속초시,78618,38962,39656,6875,7890,7663,9502,13395,14774,9840,6335,2609,419,9861,55588,13169,0.0974713170011956,0.1208629067134752,0.1703808288178279,0.1879213411686891,0.1251621766007784,0.1190948637716553,0.1675061690706962,0.7070645399272432,0.5044137474878526,2017
7회지방선거_광역의원비례,강원도,양구군,20180613,8,19596,14387,13725,662,7241,139.0,59.0,0.0,58.0,0.0,0.0,66.0,4744.0,1418.0,양구군,강원도,0.5275774134790528,0.010127504553734063,0.004298724954462659,0.0,0.004225865209471767,0.0,0.0,0.004808743169398907,0.34564663023679415,0.10331511839708561,2017,32580,양구군,22355,11971,10384,2133,2162,3409,2720,2789,3636,2557,2100,889,139,2860,15414,4081,0.1524938492507269,0.1216730038022813,0.1247595616193245,0.162648177141579,0.1143815701185417,0.1399239543726236,0.1825542384254082,0.6895101766942519,0.4645045851040035,2017
7회지방선거_광역의원비례,강원도,양양군,20180613,8,24088,17863,17108,755,8047,99.0,128.0,0.0,73.0,0.0,0.0,62.0,7280.0,1419.0,양양군,강원도,0.4703647416413374,0.005786766425064298,0.007481879822305354,0.0,0.004267009586158522,0.0,0.0,0.003624035538929156,0.425531914893617,0.08294365209258826,2017,32610,양양군,25556,12939,12617,1576,1823,2090,2394,3468,4806,4322,3593,1391,266,2264,16203,7089,0.0817811864141493,0.0936766317107528,0.1357019877915166,0.1880575989982782,0.1691187979339489,0.2054312098920018,0.2773908279856003,0.6340194083581155,0.4937001095633119,2017
7회지방선거_광역의원비례,강원도,영월군,20180613,8,35214,23982,23196,786,10569,159.0,73.0,0.0,95.0,0.0,0.0,114.0,9448.0,2738.0,영월군,강원도,0.4556389032591826,0.006854630108639421,0.0031470943266080358,0.0,0.004095533712709088,0.0,0.0,0.004914640455250905,0.4073116054492154,0.11803759268839455,2017,32530,영월군,36934,19006,17928,2159,3081,3124,3084,5078,7224,6346,4837,1974,249,3211,23904,9819,0.0845833107705637,0.083500297828559,0.1374884929874912,0.195592137326041,0.1718200032490388,0.1911517842638219,0.2658526019385931,0.647208534141983,0.4854064006064872,2017
7회지방선거_광역의원비례,강원도,원주시,20180613,8,278991,159187,156567,2620,80189,980.0,508.0,0.0,756.0,0.0,0.0,864.0,46479.0,26791.0,원주시,강원도,0.5121705084724112,0.006259301129867724,0.0032446173203804123,0.0,0.004828603728755101,0.0,0.0,0.005518404261434402,0.29686332368889995,0.17111524139825124,2017,32020,원주시,341338,170450,170888,33238,39472,46585,45510,57887,57114,33211,21158,9458,1235,46678,250009,44651,0.1364776262824531,0.1333282552777598,0.169588501719703,0.1673238842437701,0.0972965213366223,0.0933122008097545,0.1308116881214514,0.7324382283835963,0.5006415927907235,2017
7회지방선거_광역의원비례,강원도,인제군,20180613,8,27243,19633,18877,756,10019,126.0,91.0,0.0,94.0,0.0,0.0,57.0,6645.0,1845.0,인제군,강원도,0.530751708428246,0.006674789426285957,0.004820681252317635,0.0,0.004979604810086348,0.0,0.0,0.003019547597605552,0.3520156804576998,0.09773798802775865,2017,32590,인제군,30524,16456,14068,3098,2265,3863,4176,4046,5308,3842,2835,1152,181,4075,20815,5634,0.1265561525357096,0.1368103787183855,0.1325514349364434,0.1738959507272965,0.1258681693093958,0.136548289870266,0.1845760712881667,0.6819224217009566,0.4608832394181628,2017
7회지방선거_광역의원비례,강원도,정선군,20180613,8,33293,23088,22114,974,11380,253.0,147.0,0.0,90.0,0.0,0.0,89.0,8230.0,1925.0,정선군,강원도,0.5146061318621687,0.011440716288324139,0.006647372705073709,0.0,0.004069820023514516,0.0,0.0,0.004024599801031021,0.3721624310391607,0.08704892828072715,2017,32550,정선군,36002,18776,17226,2438,2637,2841,4042,5243,7041,5869,4271,1620,250,3410,23938,8654,0.0789122826509638,0.1122715404699739,0.1456307982889839,0.1955724681962113,0.1630187211821565,0.170573857007944,0.240375534692517,0.6649075051386034,0.4784734181434364,2017
7회지방선거_광역의원비례,강원도,철원군,20180613,8,39354,26230,25103,1127,12891,198.0,88.0,0.0,104.0,0.0,0.0,99.0,9238.0,2485.0,철원군,강원도,0.5135242799665378,0.007887503485639167,0.0035055571047285187,0.0,0.004142931123770067,0.0,0.0,0.003943751742819583,0.36800382424411426,0.09899215233239055,2017,32560,철원군,44770,23792,20978,3999,4057,6445,5192,6128,7236,5452,4701,1676,252,5551,30374,8845,0.1439580075943712,0.1159705159705159,0.1368773732410096,0.1616260888988161,0.1217779763234308,0.1480679026133571,0.1975653339289703,0.6784453875362966,0.4685727049363413,2017
7회지방선거_광역의원비례,강원도,춘천시,20180613,8,231430,144447,141637,2810,70007,562.0,462.0,0.0,838.0,0.0,0.0,453.0,42111.0,27204.0,춘천시,강원도,0.4942705648947662,0.003967889746323347,0.003261859542351222,0.0,0.005916533109286415,0.0,0.0,0.0031983168239937305,0.29731637919470194,0.19206845668857714,2017,32010,춘천시,283742,139217,144525,25622,32168,41216,35807,44063,45575,29936,21220,9254,1389,35828,204680,43234,0.1452587209507228,0.126195628423004,0.1552924840171705,0.1606212686172649,0.1055042961563674,0.1122956770587364,0.1523708157410605,0.7213595449387119,0.509353567677679,2017
7회지방선거_광역의원비례,강원도,태백시,20180613,8,38386,25316,24434,882,10906,368.0,206.0,0.0,104.0,0.0,0.0,145.0,8825.0,3880.0,태백시,강원도,0.4463452566096423,0.015060980600802161,0.008430875010231645,0.0,0.004256364082835393,0.0,0.0,0.005934353769337808,0.36117704837521486,0.15879512155193581,2017,32050,태백시,44733,22638,22095,3800,4199,3676,5086,7186,8026,6922,4607,1509,150,5260,30182,9291,0.0821764692732434,0.1136968233742427,0.1606420316097735,0.1794201149039858,0.1547403482887354,0.1400755594303981,0.207699014150627,0.6747144166499005,0.4939306552209778,2017
7회지방선거_광역의원비례,강원도,평창군,20180613,8,37506,25480,24675,805,12012,200.0,165.0,0.0,84.0,0.0,0.0,85.0,9588.0,2541.0,평창군,강원도,0.4868085106382979,0.008105369807497468,0.006686930091185411,0.0,0.003404255319148936,0.0,0.0,0.0034447821681864235,0.38857142857142857,0.10297872340425532,2017,32540,평창군,40264,20670,19594,2639,3055,3338,3860,5890,8045,6660,4840,1919,304,3820,26639,9805,0.0829028412477647,0.0958672759785416,0.146284522153785,0.1998062785614941,0.1654083051857739,0.1754172461752434,0.2435177826346115,0.6616083846612358,0.4866381879594675,2017
7회지방선거_광역의원비례,강원도,홍천군,20180613,8,60386,39955,38371,1584,19153,511.0,258.0,0.0,213.0,0.0,0.0,262.0,13790.0,4184.0,홍천군,강원도,0.49915300617653957,0.01331734903963931,0.006723827890855073,0.0,0.00555106721221756,0.0,0.0,0.006828073284511741,0.3593859946313622,0.10904068176487451,2017,32510,홍천군,67168,34331,32837,4970,5851,6660,6852,9041,12818,10290,7310,3413,473,7022,44892,15254,0.0991543592186755,0.1020128632682229,0.1346027870414483,0.1908349213911386,0.1531979514054311,0.1666865173892329,0.2271021915197713,0.6683539780848022,0.4888786326822296,2017
7회지방선거_광역의원비례,강원도,화천군,20180613,8,21783,16228,15602,626,7832,87.0,44.0,0.0,93.0,0.0,0.0,77.0,5781.0,1688.0,화천군,강원도,0.5019869247532368,0.0055762081784386614,0.0028201512626586335,0.0,0.0059607742597102935,0.0,0.0,0.004935264709652608,0.37052941930521727,0.10819125753108576,2017,32570,화천군,24625,13589,11036,2308,1877,4321,3020,2980,3828,2845,2514,985,142,3011,16881,4733,0.1754720812182741,0.1226395939086294,0.1210152284263959,0.1554517766497462,0.1155329949238578,0.1478578680203045,0.1922030456852791,0.685522842639594,0.4481624365482233,2017
7회지방선거_광역의원비례,강원도,횡성군,20180613,8,40565,27940,26700,1240,12447,408.0,164.0,0.0,166.0,0.0,0.0,135.0,10261.0,3119.0,횡성군,강원도,0.4661797752808989,0.015280898876404495,0.006142322097378277,0.0,0.006217228464419476,0.0,0.0,0.0050561797752808986,0.3843071161048689,0.11681647940074906,2017,32520,횡성군,43211,21839,21372,2701,3679,3924,3779,5308,8482,7247,5431,2573,376,3840,27985,11386,0.0908102103631019,0.0874545833236907,0.1228390918978963,0.1962926106778366,0.1677119252042304,0.1939321006225266,0.2634977204878387,0.6476360186063734,0.4945962833537756,2017
7회지방선거_광역의원비례,경기도,가평군,20180613,8,54583,35318,33993,1325,14806,290.0,327.0,0.0,188.0,169.0,0.0,161.0,13808.0,4244.0,가평군,경기도,0.43556026240696616,0.008531168181684465,0.009619627570382138,0.0,0.005530550407436825,0.004971611802429912,0.0,0.004736269231900686,0.40620127673344514,0.12484923366575472,2017,31570,가평군,59548,30169,29379,4382,5234,5952,6206,8233,11153,9156,6359,2932,372,6114,40172,13262,0.0999529791092899,0.1042184456236985,0.138258211862699,0.1872942836031436,0.1537583126217505,0.162272452475314,0.2227110902129374,0.6746154362866931,0.4933666957748371,2017
7회지방선거_광역의원비례,경기도,고양시덕양구,20180613,8,398866,232026,229361,2665,109713,926.0,556.0,0.0,1181.0,469.0,0.0,878.0,52297.0,63341.0,고양시덕양구,경기도,0.4783420023456473,0.004037303639241196,0.0024241261591988177,0.0,0.005149088118729862,0.0020448114544320962,0.0,0.003828026560749212,0.2280117369561521,0.2761629047658495,2017,31101,고양시 덕양구,433606,214769,218837,43270,42481,56597,62650,77023,74378,41930,26880,10915,1366,58513,319224,55869,0.1305263303552072,0.1444860080349441,0.1776336120810136,0.1715336042397937,0.0967006914110967,0.0903147096673016,0.1288473867981531,0.7362075248036236,0.5046908944986923,2017
7회지방선거_광역의원비례,경기도,고양시일산동구,20180613,8,234054,132687,131225,1462,65381,442.0,385.0,0.0,788.0,255.0,0.0,470.0,31070.0,32434.0,고양시일산동구,경기도,0.49823585444846635,0.0033682606210706802,0.002933892169937131,0.0,0.006004953324442751,0.0019432272813869307,0.0,0.0035816345970661077,0.23676890836349782,0.24716326919413223,2017,31103,고양시 일산동구,284692,138851,145841,25191,31241,39668,39308,54794,50589,24020,14275,7191,1009,36294,217137,31261,0.1393365461621682,0.1380720216936197,0.1924676492490129,0.1776973009427732,0.0843718825959282,0.0789449650850744,0.1098063872535933,0.7627084709089121,0.5122764250488246,2017
7회지방선거_광역의원비례,경기도,고양시일산서구,20180613,8,222085,132793,131485,1308,67662,360.0,294.0,0.0,679.0,222.0,0.0,469.0,29983.0,31816.0,고양시일산서구,경기도,0.5145986234171198,0.002737954899798456,0.0022359965015020726,0.0,0.005164087158230977,0.0016884055215423814,0.0,0.003566946800015211,0.2280336160018253,0.24197436969996577,2017,31104,고양시 일산서구,286804,139184,147620,28765,35715,36676,36160,56775,50007,22851,14894,7253,825,41808,213452,31544,0.1278782722695639,0.126079134182229,0.1979574901326341,0.1743594928941019,0.079674620995523,0.0800965119035996,0.1099845190443647,0.7442434554608722,0.514706907853447,2017
7회지방선거_광역의원비례,경기도,과천시,20180613,8,46715,32760,32352,408,13759,92.0,99.0,0.0,1294.0,84.0,0.0,116.0,9360.0,7548.0,과천시,경기도,0.42529055390702275,0.0028437190900098912,0.003060089020771513,0.0,0.0399975272007913,0.0025964391691394658,0.0,0.0035855588526211672,0.2893175074183976,0.23330860534124628,2017,31110,과천시,53583,26267,27316,4806,6450,6959,6379,9518,9621,5476,3167,1540,210,7157,39384,7042,0.1298732807047011,0.1190489520930145,0.1776309650448836,0.1795532165052348,0.1021965922027508,0.0917641789373495,0.1314222794543045,0.7350092380045911,0.5097885523393614,2017
7회지방선거_광역의원비례,경기도,광명시,20180613,8,270792,166815,164863,1952,90200,464.0,435.0,0.0,737.0,402.0,0.0,478.0,35121.0,37026.0,광명시,경기도,0.5471209428434518,0.002814458065181393,0.002638554436107556,0.0,0.0044703784354282045,0.002438388237506293,0.0,0.0028993770585273833,0.2130314260931804,0.22458647483061694,2017,31060,광명시,328253,162480,165773,34078,34919,40448,51185,59359,53460,34096,16954,6454,711,46975,243806,37472,0.1232220269121683,0.1559315527961663,0.1808330769254203,0.1628621825238459,0.1038710994263571,0.0734768608360015,0.1141558492991686,0.7427380709391841,0.5050159480644503,2017
7회지방선거_광역의원비례,경기도,광주시,20180613,8,287993,156066,154031,2035,84553,735.0,418.0,0.0,506.0,435.0,0.0,724.0,41836.0,24824.0,광주시,경기도,0.5489349546519856,0.004771766722283177,0.0027137394420603646,0.0,0.003285053008809915,0.002824106835636982,0.0,0.004700352526439483,0.271607663392434,0.16116236342035045,2017,31250,광주시,341046,176877,164169,37633,32101,42104,60224,59094,54170,34804,17171,6052,883,49263,253928,37855,0.1234554869431103,0.1765861496689596,0.1732728136380429,0.1588348785794291,0.1020507497522328,0.0706825472223688,0.1109967570357078,0.7445564527952241,0.4813690821765978,2017
7회지방선거_광역의원비례,경기도,구리시,20180613,8,165295,97692,96288,1404,51983,272.0,523.0,0.0,378.0,234.0,0.0,249.0,25615.0,17034.0,구리시,경기도,0.5398699734130941,0.002824858757062147,0.005431621801262878,0.0,0.003925722831505484,0.002430209371884347,0.0,0.0025859920239282154,0.2660248421402459,0.17690677966101695,2017,31120,구리시,189745,93904,95841,18441,19947,25370,27546,34099,33424,18441,10197,3570,454,25579,142714,21452,0.1337057629977074,0.1451737858705104,0.1797096102664102,0.1761522042741574,0.0971883317083454,0.0749479564678911,0.1130569975493425,0.7521357611531265,0.5051042188199952,2017
7회지방선거_광역의원비례,경기도,군포시,20180613,8,228999,144502,142865,1637,75375,374.0,313.0,0.0,951.0,330.0,0.0,402.0,33331.0,31789.0,군포시,경기도,0.5275959822209778,0.0026178560179190144,0.0021908795016274104,0.0,0.006656633885136318,0.002309872956987366,0.0,0.002813845238511882,0.2333041682707451,0.22251076190809504,2017,31160,군포시,280913,139468,141445,29105,29190,37303,44118,49353,48074,25736,13498,6347,866,39663,210847,30403,0.1327920032180782,0.1570521834162178,0.1756878464150822,0.171134835340479,0.0916155535699665,0.0737274529836639,0.1082292382339016,0.7505775809592293,0.5035188830705593,2017
7회지방선거_광역의원비례,경기도,김포시,20180613,8,316246,180031,177413,2618,94955,546.0,457.0,0.0,649.0,441.0,0.0,430.0,45367.0,34568.0,김포시,경기도,0.5352200797010366,0.003077564778229329,0.002575910446246893,0.0,0.0036581310276022614,0.002485725397800612,0.0,0.002423723176993794,0.2557140683039011,0.19484479716818948,2017,31230,김포시,392436,202237,190199,51876,39270,43913,70583,70892,56089,35737,19923,7529,1014,67416,281794,43226,0.1118985006472393,0.1798586266295651,0.1806460161656932,0.1429252158313712,0.0910645302673557,0.0725366683994332,0.1101478967271096,0.7180635823420889,0.4846624672558073,2017
7회지방선거_광역의원비례,경기도,남양주시,20180613,8,537349,294696,290937,3759,157685,1044.0,1438.0,0.0,1112.0,695.0,0.0,711.0,73709.0,54543.0,남양주시,경기도,0.5419901903161165,0.0035884057373245753,0.0049426508144374895,0.0,0.00382213331408518,0.0023888333213032374,0.0,0.002443828045246909,0.25335038169775587,0.1874735767537302,2017,31130,남양주시,644936,322289,322647,74789,72682,73290,91954,120569,101297,63905,37967,14210,1866,102283,462109,80544,0.1136391828026346,0.1425784884081521,0.1869472319734051,0.1570651971668506,0.099087351303075,0.083795911532307,0.1248868104742176,0.7165191584901448,0.5002775469193842,2017
7회지방선거_광역의원비례,경기도,동두천시,20180613,8,80603,43672,42619,1053,21868,197.0,310.0,0.0,125.0,147.0,0.0,151.0,14174.0,5647.0,동두천시,경기도,0.5131044839156245,0.004622351533353669,0.007273751143856026,0.0,0.002932964170909688,0.0034491658649897935,0.0,0.0035430207184589035,0.3325746732677914,0.13249958938501608,2017,31080,동두천시,97373,48666,48707,9122,10154,11266,12706,16195,15849,10736,8301,3503,498,12579,67923,16871,0.1156994238649317,0.1304879175952266,0.1663192055292535,0.1627658591190576,0.1102564365891982,0.1263389235208938,0.1732615817526419,0.697554763640845,0.5002105306399105,2017
7회지방선거_광역의원비례,경기도,부천시,20180613,8,715281,396062,391015,5047,221517,1459.0,1178.0,0.0,1980.0,1041.0,0.0,1046.0,85186.0,77608.0,부천시,경기도,0.5665179085201335,0.003731314655448001,0.0030126721481273096,0.0,0.005063744357633339,0.002662301957725407,0.0,0.002675089190951754,0.21785864992391596,0.19847831924606474,6051.0,93156.0,부천시,845514.0,420656.0,424858.0,76194.0,80043.0,121987.0,131770.0,140887.0,154031.0,88671.0,40117.0,16811.0,2292.0,103761.0,649082.0,92671.0,0.1442755530955135,0.15584602975231635,0.1666288198657858,0.182174393327609,0.10487230252840284,0.07004023588018649,0.10960315263851338,0.7676774127926917,0.5024848790203356,2017
7회지방선거_광역의원비례,경기도,성남시분당구,20180613,8,401672,266861,264150,2711,125870,872.0,587.0,0.0,2090.0,373.0,0.0,343.0,74111.0,59904.0,성남시분당구,경기도,0.4765095589627106,0.0033011546469808822,0.0022222222222222222,0.0,0.00791217111489684,0.0014120764717016846,0.0,0.0012985046375165626,0.28056407344311945,0.2267802385008518,2017,31023,성남시 분당구,475778,230620,245158,49291,54497,60889,74979,90215,73331,41583,23671,10740,1596,69452,354066,52260,0.1279777543308013,0.1575924065425471,0.1896157451584562,0.1541286061986893,0.0874000058850976,0.0756802542362194,0.1098411443992786,0.7441832114977994,0.5152781339196012,2017
7회지방선거_광역의원비례,경기도,성남시수정구,20180613,8,204053,115682,113934,1748,65319,1157.0,285.0,0.0,610.0,294.0,0.0,341.0,26809.0,19119.0,성남시수정구,경기도,0.5733055979777766,0.010155002018712589,0.002501448206856601,0.0,0.005353976863798339,0.002580441308125757,0.0,0.002992960836975793,0.23530289465831095,0.16780767812944336,2017,31021,성남시 수정구,241862,122336,119526,19287,19686,35361,38351,39706,42474,28747,14757,4653,563,25734,184475,31653,0.1462032067873415,0.1585656283335125,0.1641679966261752,0.1756125393819616,0.1188570341765138,0.0825801490105928,0.1308721502344312,0.762728332685581,0.4941909022500434,2017
7회지방선거_광역의원비례,경기도,성남시중원구,20180613,8,195192,112172,110508,1664,64887,1420.0,259.0,0.0,525.0,275.0,0.0,295.0,26041.0,16806.0,성남시중원구,경기도,0.5871701596264524,0.01284974843450248,0.0023437217215043255,0.0,0.004750787273319579,0.0024885076193578745,0.0,0.002669489991674811,0.23564809787526694,0.1520794874579216,2017,31022,성남시 중원구,226657,114220,112437,18817,19918,31818,35230,37515,40631,25965,13383,4530,652,25509,172028,29120,0.140379516185249,0.1554330993527665,0.165514411644026,0.1792620567641855,0.1145563560798916,0.081907904895944,0.1284760673616963,0.7589794270638013,0.4960667440229068,2017
7회지방선거_광역의원비례,경기도,수원시권선구,20180613,8,342897,197286,194740,2546,105292,1331.0,480.0,0.0,902.0,541.0,0.0,659.0,45360.0,40175.0,수원시권선구,경기도,0.5406798808667967,0.006834754031015714,0.002464824894731437,0.0,0.004631816781349492,0.00277806305843689,0.0,0.003383999178391702,0.23292595255212079,0.20630070863715724,2017,31012,수원시 권선구,364662,183919,180743,39808,35126,52795,64597,62934,60417,31029,14923,5729,722,52291,279116,33255,0.144777903921988,0.1771421206487103,0.1725817332214489,0.1656794511081494,0.0850897543478618,0.0586131815215185,0.0911940372180265,0.7654101606419095,0.495645282480763,2017
7회지방선거_광역의원비례,경기도,수원시영통구,20180613,8,273531,174615,172810,1805,93195,405.0,284.0,0.0,921.0,583.0,0.0,399.0,34651.0,42372.0,수원시영통구,경기도,0.5392917076558069,0.0023436143741681617,0.001643423412996933,0.0,0.005329552687923153,0.003373647358370465,0.0,0.002308894161217522,0.20051501649210116,0.24519414385741567,2017,31014,수원시 영통구,352487,178617,173870,44349,43829,57465,64748,66477,47215,19172,9202,3771,471,60041,271724,20722,0.1630272889496634,0.1836890438512626,0.1885941892892504,0.133948202345051,0.0543906583788905,0.0381404136890154,0.0587879836703197,0.7708766564440674,0.4932664183359954,2017
7회지방선거_광역의원비례,경기도,수원시장안구,20180613,8,202140,121910,120298,1612,61433,514.0,335.0,0.0,563.0,299.0,0.0,362.0,30174.0,26618.0,수원시장안구,경기도,0.5106734941561788,0.0042727227385326435,0.002784751201183727,0.0,0.004680044556019219,0.0024854943556833864,0.0,0.003009193835308983,0.25082711267020236,0.2212671864868909,2017,31011,수원시 장안구,295436,149660,145776,27797,34275,46694,40648,52722,49228,25344,14516,6245,891,39240,224390,31806,0.1580511515184337,0.1375864823515076,0.1784548937841021,0.1666283052843932,0.0857850769709852,0.0732882925574405,0.1076578345225361,0.7595215207354554,0.4934266643198527,2017
7회지방선거_광역의원비례,경기도,수원시팔달구,20180613,8,161673,88361,87060,1301,43300,310.0,245.0,0.0,906.0,216.0,0.0,545.0,24637.0,16901.0,수원시팔달구,경기도,0.49735814380886745,0.003560762692396049,0.002814151160119458,0.0,0.010406616126809097,0.0024810475534114405,0.0,0.00626005053985757,0.2829887433953595,0.19413048472317943,2017,31013,수원시 팔달구,206080,104333,101747,15744,17223,30428,32896,35009,36841,22781,11779,4279,556,21597,158769,25714,0.1476513975155279,0.1596273291925465,0.1698806288819875,0.1787703804347826,0.1105444487577639,0.0806191770186335,0.1247767857142857,0.7704241071428571,0.4937257375776397,2017
7회지방선거_광역의원비례,경기도,시흥시,20180613,8,350586,185250,182902,2348,107899,927.0,397.0,0.0,1284.0,499.0,0.0,540.0,39746.0,31610.0,시흥시,경기도,0.5899279395523286,0.005068287935615794,0.0021705612841849734,0.0,0.007020152868749385,0.002728236979365999,0.0,0.0029524007391936668,0.21730762922220642,0.1728247914183552,2017,31150,시흥시,446369,237042,209327,45860,48035,64215,73792,87263,75633,32363,15997,6690,958,62962,347874,35533,0.1438607967847229,0.165316139785693,0.1954952068804061,0.1694405301443424,0.0725027947729345,0.0529718685661414,0.0796045424301418,0.7793417553638358,0.4689550573628545,2017
7회지방선거_광역의원비례,경기도,안산시단원구,20180613,8,252537,134580,132713,1867,69555,715.0,335.0,0.0,446.0,352.0,0.0,461.0,33558.0,27291.0,안산시단원구,경기도,0.5241008793411346,0.005387565649182823,0.0025242440454213227,0.0,0.003360635355993761,0.00265234001190539,0.0,0.00347366120877382,0.2528614378395485,0.20563923654803976,2017,31092,안산시 단원구,354452,186649,167803,30461,36659,54472,56779,68329,64804,28332,11734,5347,711,42740,283782,27930,0.1536794826944127,0.1601881213817385,0.1927736336654892,0.182828704591877,0.0799318384435692,0.0501957951993499,0.0787976933407062,0.8006218049270423,0.473415300238114,2017
7회지방선거_광역의원비례,경기도,안산시상록구,20180613,8,301162,159969,157633,2336,88461,859.0,450.0,0.0,657.0,453.0,0.0,521.0,36424.0,29808.0,안산시상록구,경기도,0.5611832547753326,0.005449366566645309,0.0028547321944009186,0.0,0.004167909003825341,0.0028737637423635913,0.0,0.0033051454961841747,0.23106836766413125,0.18909746055711685,2017,31091,안산시 상록구,379209,193021,186188,34021,42180,61802,54759,69614,66954,29473,15921,7001,975,47643,296550,35016,0.1629760897025123,0.1444032182780472,0.1835768665828079,0.1765622651361122,0.0777223114430301,0.0630180190870997,0.09233958054793,0.78202257857804,0.490990456450137,2017
7회지방선거_광역의원비례,경기도,안성시,20180613,8,149626,82013,80415,1598,41466,456.0,263.0,0.0,247.0,294.0,0.0,403.0,25127.0,12159.0,안성시,경기도,0.5156500652863272,0.0056705838462973324,0.0032705341043337685,0.0,0.003071566250077722,0.0036560343219548593,0.0,0.0050115028290741775,0.31246657961823043,0.15120313374370453,2017,31220,안성시,198832,103648,95184,18853,21105,28219,30228,32240,30218,19819,12708,6404,869,25598,145045,28189,0.1419238351975537,0.1520278426007886,0.1621469381186127,0.1519775488854912,0.0996771143477911,0.1004918725356079,0.1417729540516617,0.7294851935302165,0.4787156996861672,2017
7회지방선거_광역의원비례,경기도,안양시동안구,20180613,8,268004,174833,172900,1933,86682,461.0,472.0,0.0,1143.0,337.0,0.0,355.0,42295.0,41155.0,안양시동안구,경기도,0.5013418160786581,0.0026662810873337188,0.0027299016772700984,0.0,0.006610757663389242,0.0019491035280508964,0.0,0.00205320994794679,0.24462116830537883,0.23802776171197224,2017,31042,안양시 동안구,322590,158660,163930,31732,37238,44131,47451,59481,55867,29417,13775,6018,769,45229,245932,31429,0.1368021327381506,0.1470938342788059,0.1843857528131684,0.1731826777023466,0.0911900554883908,0.0637403515298056,0.0974270746148361,0.7623670913543508,0.5081682631203696,2017
7회지방선거_광역의원비례,경기도,안양시만안구,20180613,8,216498,129811,128125,1686,67117,319.0,520.0,0.0,730.0,304.0,0.0,344.0,34547.0,24244.0,안양시만안구,경기도,0.52384,0.0024897560975609754,0.004058536585365854,0.0,0.005697560975609756,0.0023726829268292684,0.0,0.002684878048780488,0.2696351219512195,0.18922146341463414,2017,31041,안양시 만안구,254107,127061,127046,20891,22715,37806,37813,39904,46702,29087,14675,5604,727,28361,193340,32406,0.1487798447110862,0.1488073921615697,0.1570362091559854,0.183788718925492,0.1144675274589051,0.0826659635507876,0.1275289543381331,0.7608605823531032,0.499970484874482,2017
7회지방선거_광역의원비례,경기도,양주시,20180613,8,171243,94152,92609,1543,50295,495.0,286.0,0.0,304.0,262.0,0.0,282.0,26386.0,14299.0,양주시,경기도,0.5430897644937317,0.005345052856633804,0.0030882527616106427,0.0,0.00328261832003369,0.002829098683713246,0.0,0.00304506041529441,0.2849183124750294,0.15440183999395307,2017,31260,양주시,212631,109115,103516,22521,23344,25489,29634,38395,33689,21959,13737,5437,762,31263,152570,28798,0.1198743362915097,0.1393682012500529,0.1805710362082669,0.1584387977293997,0.1032728059408082,0.0937586711250946,0.135436507376629,0.717534131899864,0.4868339988054423,2017
7회지방선거_광역의원비례,경기도,양평군,20180613,8,98582,60989,59057,1932,22954,253.0,289.0,0.0,341.0,198.0,0.0,220.0,22258.0,12544.0,양평군,경기도,0.3886753475455915,0.004283996816634776,0.004893577391333796,0.0,0.005774082665899047,0.003352693160844608,0.0,0.003725214623160675,0.3768901231014105,0.21240496469512504,2017,31580,양평군,109359,54876,54483,8873,10260,10459,11433,15588,19740,16877,11293,5048,709,12348,72761,24250,0.0956391334961,0.1045455792390201,0.1425397086659534,0.1805064055084629,0.1543265757733702,0.1559085214751415,0.22174672409221,0.6653407584195173,0.4982031657202425,2017
7회지방선거_광역의원비례,경기도,여주시,20180613,8,94136,55393,53784,1609,24268,312.0,509.0,0.0,217.0,319.0,0.0,219.0,20520.0,7420.0,여주시,경기도,0.45121225643313995,0.005800981704596163,0.009463781050126432,0.0,0.004034657147106946,0.005931131935147999,0.0,0.004071842927264614,0.3815261044176707,0.1379592443849472,2017,31280,여주시,111476,56779,54697,9503,11135,13368,13798,16800,19239,14159,9409,4438,594,13229,77958,20289,0.1199181886684129,0.1237755211884172,0.1507050845024938,0.172584233377588,0.127013886397072,0.1295435788869353,0.1820033011589938,0.6993254153360364,0.4906616670852919,2017
7회지방선거_광역의원비례,경기도,연천군,20180613,8,38497,24786,23825,961,11601,134.0,102.0,0.0,89.0,97.0,0.0,59.0,9130.0,2613.0,연천군,경기도,0.48692549842602306,0.005624344176285414,0.004281217208814271,0.0,0.0037355718782791187,0.004071353620146904,0.0,0.0024763903462749213,0.3832109129066107,0.10967471143756559,2017,31550,연천군,43990,23259,20731,3655,3484,5645,4924,5490,7441,6223,4941,2175,302,4856,29094,10040,0.1283246192316435,0.1119345305751307,0.1248010911570811,0.1691520800181859,0.1414639690838827,0.1686292339167992,0.2282336894748806,0.661377585814958,0.4712661968629233,2017
7회지방선거_광역의원비례,경기도,오산시,20180613,8,169638,90033,88761,1272,51449,258.0,241.0,0.0,290.0,272.0,0.0,291.0,19774.0,16186.0,오산시,경기도,0.5796352001442074,0.002906681988711258,0.002715156431315555,0.0,0.0032672006849855228,0.003064408918331249,0.0,0.0032784668942440936,0.22277802187897838,0.18235486305922646,2017,31140,오산시,219877,112936,106941,29741,24132,28127,42758,41179,29577,15501,8252,2964,371,38917,163266,17694,0.1279215197587742,0.1944632680998922,0.1872819803799397,0.1345161158283949,0.0704985059828904,0.0526976445922038,0.0804722640385306,0.7425333254501381,0.4863673781250426,2017
7회지방선거_광역의원비례,경기도,용인시기흥구,20180613,8,387109,245403,243087,2316,126063,727.0,741.0,0.0,888.0,431.0,0.0,450.0,62896.0,50891.0,용인시기흥구,경기도,0.518592108998013,0.0029906988033091032,0.0030482913524787422,0.0,0.0036530131187599503,0.0017730277637224533,0.0,0.0018511890804526773,0.25873864089811466,0.20935302998514935,2017,31192,용인시 기흥구,415720,205754,209966,54105,50023,51764,63773,82146,54169,33625,22290,8081,1293,73323,296014,46383,0.1245165014913884,0.1534037332820167,0.197599345713461,0.1303016453382084,0.0808837679207158,0.0761666506302318,0.1115726931588569,0.7120513807370346,0.5050659097469451,2017
7회지방선거_광역의원비례,경기도,용인시수지구,20180613,8,215189,139063,137968,1095,65210,268.0,455.0,0.0,1021.0,222.0,0.0,214.0,39932.0,30646.0,용인시수지구,경기도,0.47264583091731416,0.0019424794155166415,0.00329786617186594,0.0,0.007400266728516757,0.0016090687695697553,0.0,0.0015510843094050793,0.2894294329119796,0.22212397077583207,2017,31193,용인시 수지구,338993,165644,173349,41244,42469,39446,49070,68713,45567,28838,20119,6837,942,57727,240395,40871,0.116362284766942,0.1447522515214178,0.2026974008312856,0.1344187048110137,0.0850696032071458,0.0822966845923072,0.1205659113905006,0.7091444366107855,0.5113645414507084,2017
7회지방선거_광역의원비례,경기도,용인시처인구,20180613,8,192573,106658,104395,2263,54215,370.0,341.0,0.0,508.0,352.0,0.0,333.0,31411.0,16865.0,용인시처인구,경기도,0.5193256382010633,0.0035442310455481582,0.0032664399635997893,0.0,0.004866133435509364,0.0033718089946836536,0.0,0.0031898079409933425,0.30088605776138705,0.16154988265721537,2017,31191,용인시 처인구,240521,125322,115199,22627,27948,37372,34610,40525,37241,22605,13246,5810,815,31137,180261,29123,0.1553793639640613,0.1438959591885947,0.1684884064177348,0.1548347129772452,0.0939834775341862,0.0826164867101001,0.1210829823591287,0.7494605460645848,0.4789560994674062,2017
7회지방선거_광역의원비례,경기도,의왕시,20180613,8,127960,82356,81243,1113,41141,363.0,222.0,0.0,783.0,211.0,0.0,282.0,21152.0,17089.0,의왕시,경기도,0.5063943970557463,0.004468077249732284,0.002732543111406521,0.0,0.009637753406447324,0.0025971468311116034,0.0,0.003471068276651527,0.26035473825437266,0.21034427581453172,2017,31170,의왕시,151852,75667,76185,14665,15882,20923,21026,25645,27494,15741,7857,3480,506,19851,114225,17776,0.1377854753312435,0.1384637673524221,0.1688815425545926,0.1810578721386613,0.1036601427705924,0.0779904117166715,0.1170613492084398,0.7522126807681163,0.5017056080920896,2017
7회지방선거_광역의원비례,경기도,의정부시,20180613,8,366459,198445,195935,2510,107540,949.0,609.0,0.0,1066.0,496.0,0.0,537.0,50994.0,33744.0,의정부시,경기도,0.5488554877893179,0.004843442978538801,0.0031081736290096205,0.0,0.005440579784112078,0.0025314517569602164,0.0,0.0027407048255799118,0.2602597800290913,0.1722203792073902,2017,31030,의정부시,426530,210519,216011,40048,44618,56423,58459,74969,73014,44290,27492,10152,1182,55629,314085,56816,0.132283778397768,0.1370571823787306,0.1757648934424308,0.1711813940402785,0.1038379480927484,0.0910275947764518,0.1332051672801444,0.736372588094624,0.5064379996717698,2017
7회지방선거_광역의원비례,경기도,이천시,20180613,8,171518,93691,91975,1716,46597,350.0,252.0,0.0,313.0,307.0,0.0,291.0,31169.0,12696.0,이천시,경기도,0.5066268007610764,0.0038053818972546886,0.002739874966023376,0.0,0.003403098668116336,0.003337863549877684,0.0,0.003163903234574613,0.3388855667300897,0.1380375101929872,2017,31210,이천시,218798,112606,106192,23879,24549,31431,34151,35584,33301,19867,12054,5511,715,32365,160017,26416,0.1436530498450625,0.156084607720363,0.1626340277333431,0.1521997458843316,0.0908006471722776,0.0835473816031225,0.1207323650124772,0.7313458075485151,0.4853426448139379,2017
7회지방선거_광역의원비례,경기도,파주시,20180613,8,352518,193732,190962,2770,102523,1122.0,546.0,0.0,1773.0,484.0,0.0,543.0,48345.0,35626.0,파주시,경기도,0.5368764466228884,0.005875514500267069,0.002859207591039055,0.0,0.00928456970496748,0.002534535666781873,0.0,0.002843497659220159,0.2531655512615075,0.1865606769933285,2017,31200,파주시,430650,220786,209864,50972,46901,54278,69711,76326,62370,37400,25540,10635,1391,68545,309148,52957,0.1260373853477301,0.1618739115290839,0.177234413096482,0.1448275862068965,0.0868454661558109,0.0872309299895506,0.1229699291768257,0.7178636944154185,0.487319168698479,2017
7회지방선거_광역의원비례,경기도,평택시,20180613,8,394222,209688,205915,3773,108137,1209.0,753.0,0.0,611.0,644.0,0.0,1006.0,58044.0,35511.0,평택시,경기도,0.5251535827890149,0.005871354685185634,0.0036568486997061896,0.0,0.00296724376563145,0.003127504067212199,0.0,0.004885511011825268,0.28188330136221257,0.1724546536192118,2017,31070,평택시,486077,252448,233629,52896,51668,65844,79943,87628,75215,40989,25050,10600,1226,71600,360991,53486,0.1354600197088115,0.1644657122225491,0.1802759645076808,0.1547388582467387,0.0843261458575493,0.0758645235219934,0.1100360642449653,0.7426621708083287,0.4806419559041057,2017
7회지방선거_광역의원비례,경기도,포천시,20180613,8,129049,70756,68448,2308,33276,474.0,410.0,0.0,231.0,294.0,0.0,249.0,24414.0,9100.0,포천시,경기도,0.4861500701262272,0.006924964936886395,0.005989948574100047,0.0,0.0033748246844319775,0.0042952314165497895,0.0,0.003637798036465638,0.35667952314165496,0.13294763908368395,2017,31270,포천시,161239,87185,74054,12223,14818,24746,21261,24814,29133,17925,11584,5202,773,17214,119528,24497,0.1534740354380764,0.1318601579022445,0.1538957696338975,0.1806820930420059,0.1111703744131382,0.1089004521238658,0.1519297440445549,0.7413094846780246,0.459280943196125,2017
7회지방선거_광역의원비례,경기도,하남시,20180613,8,194181,115376,114145,1231,58471,361.0,287.0,0.0,391.0,223.0,0.0,246.0,32541.0,21625.0,하남시,경기도,0.5122519602260283,0.0031626440054316877,0.002514345788251785,0.0,0.0034254676069911077,0.0019536554382583557,0.0,0.0021551535327872444,0.2850847606115029,0.1894520127907486,2017,31180,하남시,218994,110017,108977,27206,19524,24590,37967,37149,34714,24476,11035,3922,680,34570,158948,25476,0.1122861813565668,0.1733700466679452,0.1696347845146442,0.1585157584226051,0.111765619149383,0.0714037827520388,0.1163319543001178,0.7258098395389828,0.4976255057216179,2017
7회지방선거_광역의원비례,경기도,화성시,20180613,8,551721,313664,309910,3754,174476,1095.0,665.0,0.0,1044.0,785.0,0.0,959.0,65012.0,65874.0,화성시,경기도,0.562989254944984,0.00353328385660353,0.002145784259946436,0.0,0.0033687199509535026,0.0025329934497112065,0.0,0.0030944467748701236,0.20977703204156045,0.21255848472137073,2017,31240,화성시,707928,374208,333720,103211,78761,88179,142548,132759,87215,47092,25327,10670,1388,134759,516835,56334,0.124559277214632,0.2013594602840966,0.1875317828931755,0.1231975568136872,0.066520889129968,0.052809042727509,0.079575889073465,0.730067181973308,0.4714038715801606,2017
7회지방선거_광역의원비례,경상남도,거제시,20180613,8,194485,122564,119293,3271,62168,1489.0,662.0,0.0,923.0,0.0,0.0,0.0,36491.0,17560.0,거제시,경상남도,0.5211370323489224,0.012481872364681918,0.005549361655755158,0.0,0.007737251976226602,0.0,0.0,0.0,0.3058938915108179,0.14720059014359602,2017,38090,거제시,257847,139356,118491,35666,27564,26850,50796,48727,37033,20475,9075,4183,486,46171,190074,21602,0.1041315198547976,0.1970005468359143,0.1889764084903062,0.1436239320217028,0.0794075556434629,0.0533029277051895,0.0837783646891373,0.7371580821184656,0.4595399597435688,2017
7회지방선거_광역의원비례,경상남도,거창군,20180613,8,53061,39548,37713,1835,13251,486.0,600.0,0.0,468.0,0.0,0.0,0.0,17544.0,5364.0,거창군,경상남도,0.3513642510540132,0.012886802959191791,0.015909633282952827,0.0,0.012409513960703205,0.0,0.0,0.0,0.4651976771935407,0.14223212154959827,2017,38590,거창군,60083,29491,30592,4845,6157,5445,5608,8308,10184,8588,7011,3960,488,6863,37866,15354,0.0906246359203102,0.0933375497228833,0.1382753857164256,0.1694988599104572,0.1429356057453855,0.1907195046851855,0.2555464940166103,0.6302281843449894,0.5091623254497945,2017
7회지방선거_광역의원비례,경상남도,고성군,20180613,8,46588,34069,32505,1564,13186,498.0,506.0,0.0,308.0,0.0,0.0,0.0,15223.0,2784.0,고성군,경상남도,0.4056606675896016,0.015320719889247807,0.0155668358714044,0.0,0.009475465313028765,0.0,0.0,0.0,0.46832794954622364,0.08564836179049377,2017,38540,고성군,52439,26681,25758,3800,4473,4196,5690,7042,8947,8283,6373,3585,405,5262,32980,14197,0.0800167814031541,0.1085070272125708,0.134289364785751,0.170617288659204,0.1579549571883521,0.1976200919163218,0.2707336142947043,0.628921222754057,0.4911992982322317,2017
7회지방선거_광역의원비례,경상남도,김해시,20180613,8,420296,251992,246448,5544,139439,1601.0,1031.0,0.0,1467.0,0.0,0.0,0.0,68674.0,34236.0,김해시,경상남도,0.5657948126988249,0.006496299422190483,0.004183438291241966,0.0,0.005952574173862235,0.0,0.0,0.0,0.27865513211712006,0.13891774329676038,2017,38070,김해시,536456,275718,260738,61287,63926,68778,82258,103604,85813,44223,22536,9382,990,84904,401080,50472,0.1282080916235441,0.1533359679078992,0.1931267429202022,0.1599627928478756,0.0824354653503735,0.061343334774893,0.0940841373756654,0.7476475237484528,0.4860379975244941,2017
7회지방선거_광역의원비례,경상남도,남해군,20180613,8,39731,30722,28978,1744,11845,500.0,240.0,0.0,286.0,0.0,0.0,0.0,13530.0,2577.0,남해군,경상남도,0.40875836841742014,0.01725446890744703,0.008282145075574574,0.0,0.0098695562150597,0.0,0.0,0.0,0.4669059286355166,0.088929532748982,2017,38550,남해군,42986,20813,22173,2110,3374,3348,3009,5031,7416,7395,6743,4212,587,3132,24708,15146,0.0778858232913041,0.0699995347322384,0.1170381054296747,0.172521286000093,0.1720327548504164,0.2685060252175126,0.3523472758572558,0.5747917926766855,0.5158191038942912,2017
7회지방선거_광역의원비례,경상남도,밀양시,20180613,8,93081,62106,60154,1952,24444,712.0,408.0,0.0,560.0,0.0,0.0,0.0,28469.0,5561.0,밀양시,경상남도,0.40635701698972637,0.011836286863716461,0.006782591348871231,0.0,0.009309439106293846,0.0,0.0,0.0,0.4732686105662134,0.09244605512517871,2017,38080,밀양시,103894,50665,53229,7321,8315,10405,10672,13590,19240,17362,11436,5740,578,10265,68204,25425,0.100150153040599,0.1027200800816216,0.1308063988295763,0.1851887500721889,0.1671126340308391,0.1708857104356363,0.2447205805917569,0.6564767936550715,0.5123394998748725,2017
7회지방선거_광역의원비례,경상남도,사천시,20180613,8,94449,65476,62888,2588,25308,806.0,526.0,0.0,463.0,0.0,0.0,0.0,28909.0,6876.0,사천시,경상남도,0.40242971632107877,0.012816435567993894,0.00836407581732604,0.0,0.007362294873425773,0.0,0.0,0.0,0.45969024297163213,0.10933723444854344,2017,38060,사천시,111655,57102,54553,11236,10196,10630,15256,18131,17673,14275,9817,4852,648,15108,74846,21701,0.0952039765348618,0.1366351708387443,0.162384129685191,0.158282208588957,0.1278491782723568,0.1371814965742689,0.1943576194527786,0.670332721329094,0.4885853745913752,2017
7회지방선거_광역의원비례,경상남도,산청군,20180613,8,32408,24648,23361,1287,8081,569.0,370.0,0.0,425.0,0.0,0.0,0.0,11574.0,2342.0,산청군,경상남도,0.3459184110269252,0.024356834039638713,0.015838363083772098,0.0,0.018192714352981466,0.0,0.0,0.0,0.49544111981507644,0.1002525576816061,2017,38570,산청군,34033,16459,17574,1991,2378,2468,2649,3928,6164,5925,5359,3028,359,2791,19823,11419,0.0725178503217465,0.0778362177886169,0.1154173890047894,0.1811183263303264,0.1740957306144036,0.2569858666588311,0.3355272823436077,0.5824640789821643,0.5163811594628742,2017
7회지방선거_광역의원비례,경상남도,양산시,20180613,8,275507,167512,164401,3111,85051,1195.0,596.0,0.0,1061.0,0.0,0.0,0.0,55876.0,20622.0,양산시,경상남도,0.517338702319329,0.007268812233502229,0.0036252820846588525,0.0,0.006453732033260138,0.0,0.0,0.0,0.3398762781248289,0.1254371932044209,2017,38100,양산시,332600,167518,165082,39822,34193,39232,54171,58407,52906,32540,17341,6611,778,52108,242399,38093,0.1179555021046301,0.1628713168971738,0.1756073361395069,0.1590679494888755,0.0978352375225496,0.0743535778713169,0.1145309681298857,0.7288003607937462,0.4963379434756464,2017
7회지방선거_광역의원비례,경상남도,의령군,20180613,8,24972,19912,18600,1312,6358,583.0,392.0,0.0,383.0,0.0,0.0,0.0,9214.0,1670.0,의령군,경상남도,0.34182795698924734,0.031344086021505374,0.021075268817204302,0.0,0.020591397849462366,0.0,0.0,0.0,0.4953763440860215,0.08978494623655914,2017,38510,의령군,26292,12747,13545,1430,1676,2084,2213,3022,4505,4447,4075,2695,282,2012,15129,9151,0.0792636543435265,0.084170089761144,0.1149399056747299,0.1713448957857903,0.1691389015670165,0.2682184694964247,0.3480526395861859,0.5754221816522136,0.5151757188498403,2017
7회지방선거_광역의원비례,경상남도,진주시,20180613,8,282049,190800,185811,4989,75015,3725.0,1329.0,0.0,1524.0,0.0,0.0,0.0,78532.0,25686.0,진주시,경상남도,0.4037166798521078,0.020047252315524917,0.007152429081163117,0.0,0.008201882558083214,0.0,0.0,0.0,0.4226445151255846,0.13823724106753638,2017,38030,진주시,353209,176672,176537,34246,40357,49463,46036,57482,56243,38470,23141,10037,1201,47653,254884,50672,0.1400389004810183,0.1303364297059248,0.1627421724814486,0.1592343343459538,0.108915684481426,0.0973333069089406,0.1434618030684382,0.7216237411843979,0.4998088950168314,2017
7회지방선거_광역의원비례,경상남도,창녕군,20180613,8,55922,39401,37346,2055,13145,414.0,491.0,0.0,300.0,0.0,0.0,0.0,20161.0,2835.0,창녕군,경상남도,0.35197879290954853,0.011085524554169121,0.013147325014727146,0.0,0.008032988807368928,0.0,0.0,0.0,0.5398436244845499,0.07591174422963637,2017,38530,창녕군,62544,31527,31017,4187,4675,6029,6638,7725,11152,10069,7936,4147,377,5617,39932,16995,0.0963961371194679,0.1061332821693527,0.1235130468150422,0.1783064722435405,0.1609906625735482,0.1992197492964952,0.2717287029930929,0.6384625223842415,0.4959228702993092,2017
7회지방선거_광역의원비례,경상남도,창원시마산합포구,20180613,8,154311,99252,96944,2308,37700,803.0,560.0,0.0,780.0,0.0,0.0,0.0,44953.0,12148.0,창원시마산합포구,경상남도,0.3888843043406503,0.008283132530120483,0.005776530780656874,0.0,0.008045882158772074,0.0,0.0,0.0,0.46370069318369367,0.12530945700610663,2017,38113,창원시 마산합포구,178850,89474,89376,15420,15969,21023,24433,26366,30651,25781,14137,5812,646,20606,126701,31543,0.1175454291305563,0.1366116857701985,0.1474196253844003,0.171378249930109,0.1441487279843444,0.1151523623147889,0.1763656695554934,0.7084204640760414,0.4997260273972603,2017
7회지방선거_광역의원비례,경상남도,창원시마산회원구,20180613,8,166500,109568,106089,3479,45028,774.0,493.0,0.0,706.0,0.0,0.0,0.0,45849.0,13239.0,창원시마산회원구,경상남도,0.4244360866819369,0.007295761106240986,0.004647041634853755,0.0,0.006654789846261158,0.0,0.0,0.0,0.4321748720413992,0.12479144868930804,2017,38114,창원시 마산회원구,202765,101853,100912,18443,20794,24800,27087,33787,36044,26373,12589,4339,443,25954,148426,28385,0.1223090770103321,0.1335881439104382,0.1666313219737134,0.1777624343451779,0.1300668261287697,0.0856706039010677,0.1399896431829951,0.7320099622715952,0.4976795798091387,2017
7회지방선거_광역의원비례,경상남도,창원시성산구,20180613,8,184600,125773,122480,3293,57079,3382.0,422.0,0.0,931.0,0.0,0.0,0.0,35933.0,24733.0,창원시성산구,경상남도,0.46602710646636186,0.027612671456564337,0.0034454604833442193,0.0,0.007601241018941868,0.0,0.0,0.0,0.2933785107772698,0.20193500979751797,2017,38112,창원시 성산구,267595,139059,128536,25404,31197,40471,39858,49744,52321,20757,7180,2989,316,36179,213781,17635,0.1512397466320372,0.1489489713933369,0.1858928604794558,0.1955230852594405,0.0775687139146845,0.0391823464563986,0.0659018292568994,0.7988975877725667,0.4803378239503728,2017
7회지방선거_광역의원비례,경상남도,창원시의창구,20180613,8,210327,135112,132737,2375,60826,2158.0,610.0,0.0,981.0,0.0,0.0,0.0,48665.0,19497.0,창원시의창구,경상남도,0.45824449851962906,0.01625771261969157,0.004595553613536542,0.0,0.00739055425390057,0.0,0.0,0.0,0.3666272403323866,0.14688444066085568,2017,38111,창원시 의창구,209691,107361,102330,20168,20991,29830,30355,35192,38608,21971,9563,4293,501,27076,159732,22883,0.1422569399735801,0.14476062396574,0.1678278991468398,0.1841185363224936,0.104777982841419,0.0684674115722658,0.1091272396049425,0.7617494313060647,0.4880037769861367,2017
7회지방선거_광역의원비례,경상남도,창원시진해구,20180613,8,150396,93886,92048,1838,43099,1183.0,413.0,0.0,629.0,0.0,0.0,0.0,33935.0,12789.0,창원시진해구,경상남도,0.4682231009907874,0.012851990265948202,0.004486789501129846,0.0,0.006833391274117852,0.0,0.0,0.0,0.3686663479923518,0.13893837997566488,2017,38115,창원시 진해구,186658,95782,90876,24592,19473,18672,32265,32988,26955,19106,10236,4191,444,32563,131414,22681,0.1000332158278777,0.1728562397539886,0.1767296338758585,0.1444084903941968,0.1023583237793183,0.0796697703821963,0.1215109987249408,0.7040362588263026,0.4868583184219267,2017
7회지방선거_광역의원비례,경상남도,통영시,20180613,8,110317,72807,70242,2565,29044,437.0,840.0,0.0,632.0,0.0,0.0,0.0,32047.0,7242.0,통영시,경상남도,0.41348480965803935,0.006221349050425672,0.01195865721363287,0.0,0.008997465903590445,0.0,0.0,0.0,0.45623700919677684,0.1031007089775348,2017,38050,통영시,132962,68376,64586,14274,12614,12055,19517,22477,22448,17062,9543,3920,418,19077,92575,21310,0.0906650020306553,0.1467862998450685,0.1690482995141469,0.1688301920849566,0.1283223778222349,0.1043982491238098,0.160271355725696,0.6962515605962606,0.4857478076442893,2017
7회지방선거_광역의원비례,경상남도,하동군,20180613,8,42568,33766,31819,1947,13754,553.0,366.0,0.0,410.0,0.0,0.0,0.0,13715.0,3021.0,하동군,경상남도,0.43225745623683964,0.017379553097206072,0.011502561362707817,0.0,0.01288538294729564,0.0,0.0,0.0,0.4310317734686822,0.09494327288726861,2017,38560,하동군,43441,21214,22227,2582,3014,3383,3304,5578,8087,7354,6262,3665,469,3737,25918,13786,0.077875739508759,0.0760571810041205,0.1284040422642204,0.1861605395824221,0.1692870790267259,0.2393130913192606,0.3173499689233673,0.5966253078888607,0.5116594921848023,2017
7회지방선거_광역의원비례,경상남도,함안군,20180613,8,56780,40447,38754,1693,16131,415.0,381.0,0.0,434.0,0.0,0.0,0.0,17632.0,3761.0,함안군,경상남도,0.41624090416473136,0.010708572018372296,0.009831243226505651,0.0,0.011198843990297776,0.0,0.0,0.0,0.4549723899468442,0.09704804665324869,2017,38520,함안군,67906,35444,32462,6172,6025,6972,8788,10404,11201,9101,6228,3308,321,8407,45733,13766,0.1026713397932436,0.1294141902041057,0.1532117927723618,0.1649486054251465,0.134023503077784,0.1451565399228345,0.2027214090065679,0.6734750979294908,0.4780431773333726,2017
7회지방선거_광역의원비례,경상남도,함양군,20180613,8,34972,27234,25693,1541,10375,487.0,431.0,0.0,360.0,0.0,0.0,0.0,11681.0,2359.0,함양군,경상남도,0.40380648425641225,0.0189545790682287,0.01677499708091698,0.0,0.014011598489861051,0.0,0.0,0.0,0.45463744988907484,0.09181489121550616,2017,38580,함양군,37942,18185,19757,2470,3144,2533,3086,4933,6625,6238,5668,3105,417,3584,22278,12080,0.0667597912603447,0.0813346687048653,0.1300142322492225,0.1746086131463813,0.1644088345369247,0.2422117969532444,0.3183806863106847,0.5871593484792578,0.5207158294238574,2017
7회지방선거_광역의원비례,경상남도,합천군,20180613,8,42165,32500,30300,2200,9266,665.0,344.0,0.0,406.0,0.0,0.0,0.0,17217.0,2402.0,합천군,경상남도,0.3058085808580858,0.021947194719471947,0.011353135313531354,0.0,0.0133993399339934,0.0,0.0,0.0,0.5682178217821782,0.07927392739273928,2017,38600,합천군,43449,20657,22792,2191,2733,2905,3150,4862,7715,7712,7579,4405,447,3130,24141,16178,0.0668599967778314,0.0724987916868052,0.1119013095813482,0.1775645009091118,0.1774954544408387,0.2861055490345002,0.3723445879076618,0.5556169301940206,0.5245690349605284,2017
7회지방선거_광역의원비례,경상북도,경산시,20180613,8,215139,118493,114593,3900,40141,780.0,1212.0,0.0,0.0,0.0,644.0,0.0,54296.0,17520.0,경산시,경상북도,0.3502919026467585,0.006806698489436528,0.010576562268201374,0.0,0.0,0.0,0.005619889522047595,0.0,0.4738160271569817,0.1528889199165743,2017,37100,경산시,282626,142697,139929,25074,31354,49149,38817,43339,42444,29166,17245,7405,859,33346,211044,38236,0.1739011980497194,0.1373440518565171,0.1533439952445988,0.1501772660689391,0.1031964504327273,0.0902570888736351,0.135288331576005,0.7467253543552256,0.4951030690736167,2017
7회지방선거_광역의원비례,경상북도,경주시,20180613,8,218273,139126,133520,5606,43874,1310.0,2007.0,0.0,0.0,0.0,994.0,0.0,68040.0,17295.0,경주시,경상북도,0.3285949670461354,0.00981126423007789,0.015031455961653685,0.0,0.0,0.0,0.007444577591372079,0.0,0.5095865787896944,0.12953115638106652,2017,37020,경주시,262264,133171,129093,20375,24410,33020,31378,41002,45483,34481,22276,10629,1216,28435,184543,49286,0.1259036695848458,0.1196428026721166,0.1563386511301589,0.1734244883018637,0.1314743922154775,0.1301017295549522,0.1879251441295793,0.7036535704480981,0.4922253912088583,2017
7회지방선거_광역의원비례,경상북도,고령군,20180613,8,29462,20295,19143,1152,5012,312.0,286.0,0.0,0.0,0.0,330.0,0.0,11107.0,2096.0,고령군,경상북도,0.26181894164968916,0.016298385832941544,0.014940187013529749,0.0,0.0,0.0,0.01723867732330356,0.0,0.5802120879694928,0.1094917202110432,2017,37570,고령군,33094,17236,15858,2196,2219,3154,3626,4549,5930,5224,3988,2183,244,2993,21214,8887,0.0953042847646098,0.109566688825769,0.1374569408351967,0.1791865594971898,0.1578533873209645,0.1938417840091859,0.2685381035837312,0.6410225418504865,0.4791805161056385,2017
7회지방선거_광역의원비례,경상북도,구미시,20180613,8,332873,187204,182072,5132,78486,669.0,1588.0,0.0,0.0,0.0,1116.0,0.0,74754.0,25459.0,구미시,경상북도,0.43107122457049957,0.0036743705786721737,0.00872182433323081,0.0,0.0,0.0,0.006129443297157169,0.0,0.41057383892086646,0.1398292982995738,2017,37050,구미시,423003,218610,204393,50977,50190,61857,74055,75685,63335,29646,14315,6721,908,68475,321282,33246,0.1462330054396777,0.1750696803568769,0.1789230809237759,0.1497270704935898,0.0700846093290118,0.0518767006380569,0.0785951872681754,0.7595265281806513,0.4831951546442933,2017
7회지방선거_광역의원비례,경상북도,군위군,20180613,8,22753,18639,17233,1406,3776,232.0,464.0,0.0,0.0,0.0,396.0,0.0,10375.0,1990.0,군위군,경상북도,0.219114489641966,0.013462542795798758,0.026925085591597515,0.0,0.0,0.0,0.022979167875587535,0.0,0.6020425927000522,0.11547612139499797,2017,22520,군위군,22230,11309,10921,954,1080,1645,1737,2214,4047,4456,3911,2089,186,1290,12617,8323,0.0739991003148897,0.0781376518218623,0.0995951417004048,0.182051282051282,0.2004498425551057,0.278272604588394,0.3744039586144849,0.5675663517768781,0.4912730544309491,2017
7회지방선거_광역의원비례,경상북도,김천시,20180613,8,119511,83553,79649,3904,26493,699.0,998.0,0.0,0.0,0.0,858.0,0.0,39893.0,10708.0,김천시,경상북도,0.3326218784918831,0.008776004720712124,0.012529975266481688,0.0,0.0,0.0,0.010772263305251792,0.0,0.5008600233524589,0.13443985486321233,2017,37030,김천시,140765,70240,70525,12491,13104,16650,17058,20138,23204,18662,12836,6855,843,16732,95213,28820,0.1182822434554044,0.1211806912229602,0.1430611302525485,0.1648421127410933,0.1325755692110965,0.1458743295563528,0.2047383937768621,0.6763968315987638,0.5010123255070508,2017
7회지방선거_광역의원비례,경상북도,문경시,20180613,8,62685,46210,43567,2643,11640,881.0,512.0,0.0,0.0,0.0,537.0,0.0,25860.0,4137.0,문경시,경상북도,0.26717469644455666,0.020221727454265842,0.011752014139142012,0.0,0.0,0.0,0.012325842954529804,0.0,0.5935685266371337,0.09495719237037208,2017,37090,문경시,70016,34275,35741,5102,6254,5511,6683,9196,12233,11615,8865,4429,613,7169,43678,19169,0.0787105804387568,0.0954496115173674,0.1313414076782449,0.1747172074954296,0.1658906535648994,0.1986260283363802,0.2737802787934186,0.6238288391224863,0.5104690356489945,2017
7회지방선거_광역의원비례,경상북도,봉화군,20180613,8,29582,23341,21667,1674,6299,464.0,386.0,0.0,0.0,0.0,423.0,0.0,11633.0,2462.0,봉화군,경상북도,0.2907186043291642,0.021415055152997645,0.017815110536760975,0.0,0.0,0.0,0.019522776572668113,0.0,0.5368994323164259,0.1136290210919832,2017,37610,봉화군,31082,15350,15732,1918,1876,1866,2408,3557,5976,5741,4812,2729,369,2619,17895,10568,0.0600347467987903,0.0774724921176243,0.1144392252750788,0.1922656199729747,0.1847049739399009,0.25448812817708,0.3400038607554211,0.5757351521781096,0.5061450357119877,2017
7회지방선거_광역의원비례,경상북도,상주시,20180613,8,87109,61995,58751,3244,16920,681.0,1514.0,0.0,0.0,0.0,989.0,0.0,33338.0,5309.0,상주시,경상북도,0.2879950979557795,0.01159129206311382,0.025769774131504143,0.0,0.0,0.0,0.01683375602117411,0.0,0.5674456604993957,0.09036441932903269,2017,37080,상주시,98193,48298,49895,6634,8663,9204,8480,12474,17353,15846,12460,6851,940,9423,61212,27558,0.0937337692096177,0.0863605348650107,0.1270355320644037,0.1767233916877985,0.1613760655036509,0.2062366971169024,0.2806513702606092,0.6233845589807827,0.5081319442322773,2017
7회지방선거_광역의원비례,경상북도,성주군,20180613,8,40239,28867,27033,1834,7272,385.0,485.0,0.0,0.0,0.0,455.0,0.0,14906.0,3530.0,성주군,경상북도,0.2690045499944512,0.01424185255058632,0.01794103503125809,0.0,0.0,0.0,0.01683128028705656,0.0,0.5514001405689343,0.13058114156771353,2017,37580,성주군,41225,21271,19954,2367,2266,4065,3966,4987,8096,7321,5113,2858,369,3159,26211,11855,0.098605215281989,0.0962037598544572,0.1209702850212249,0.1963856882959369,0.1775864160097028,0.2023044269254093,0.2875682231655548,0.635803517283202,0.4840266828380837,2017
7회지방선거_광역의원비례,경상북도,안동시,20180613,8,137423,94436,90403,4033,30885,913.0,986.0,0.0,0.0,0.0,828.0,0.0,44074.0,12717.0,안동시,경상북도,0.34163689258099844,0.010099222370939017,0.010906717697421546,0.0,0.0,0.0,0.00915898808667854,0.0,0.48752806875878013,0.14067011050518236,2017,37040,안동시,165704,81894,83810,14182,16867,19029,18137,24551,27046,22186,16039,7918,1070,19557,111237,34910,0.1148373002462221,0.1094542075025346,0.1481617824554627,0.1632187515087143,0.1338893448558876,0.1510343745473857,0.2106768695988027,0.6712994254815816,0.5057813933278618,2017
7회지방선거_광역의원비례,경상북도,영덕군,20180613,8,34366,26337,24779,1558,7257,284.0,300.0,0.0,0.0,0.0,404.0,0.0,14592.0,1942.0,영덕군,경상북도,0.29286896162072723,0.011461318051575931,0.012107026110819645,0.0,0.0,0.0,0.016304128495903788,0.0,0.5888857500302676,0.07837281569070584,2017,37550,영덕군,36148,17427,18721,2093,2157,2535,3096,4268,6274,6603,6058,2940,344,2940,20715,12493,0.0701283611818081,0.0856478919995573,0.1180701560252296,0.1735642359189996,0.1826657076463428,0.2584375345800597,0.3456069492088082,0.5730607502489764,0.517898638928848,2017
7회지방선거_광역의원비례,경상북도,영양군,20180613,8,15686,12904,12124,780,3491,244.0,207.0,0.0,0.0,0.0,247.0,0.0,6467.0,1468.0,영양군,경상북도,0.28794127350709336,0.020125371164632134,0.017073573078192017,0.0,0.0,0.0,0.020372814252721874,0.0,0.5334048168921148,0.1210821511052458,2017,37540,영양군,16579,7980,8599,985,1207,1016,1204,1935,2997,3027,2763,1388,162,1337,9514,5728,0.0612823451354122,0.0726219916762169,0.11671391519392,0.1807708546956993,0.1825803727607214,0.2601483804813318,0.3454973158815368,0.5738584956873153,0.5186681947041438,2017
7회지방선거_광역의원비례,경상북도,영주시,20180613,8,91447,63714,61264,2450,19550,902.0,719.0,0.0,0.0,0.0,556.0,0.0,31317.0,8220.0,영주시,경상북도,0.3191107338730739,0.014723165317315226,0.011736092974667016,0.0,0.0,0.0,0.00907547662575085,0.0,0.5111811177853225,0.13417341342387046,2017,37060,영주시,108443,54415,54028,8232,11132,11605,10271,15415,18395,16290,11527,5626,771,11762,71507,25174,0.1070147450734487,0.0947133517147257,0.1421484097636546,0.1696282839832907,0.1502171647778095,0.1652849884270999,0.232140387115812,0.6593971026253423,0.498215652462584,2017
7회지방선거_광역의원비례,경상북도,영천시,20180613,8,88000,60059,55930,4129,17248,562.0,1020.0,0.0,0.0,0.0,615.0,0.0,29970.0,6515.0,영천시,경상북도,0.3083854818523154,0.010048274629000537,0.0182370820668693,0.0,0.0,0.0,0.010995887716788843,0.0,0.5358483819059539,0.11648489182907205,2017,37070,영천시,97675,49918,47757,6702,6984,9998,11012,13390,17113,15639,11440,5570,479,9156,63702,24817,0.1023598669055541,0.1127412336831328,0.1370872792423854,0.1752034809316611,0.1601126183772715,0.1790529818274891,0.2540772971589455,0.6521832608139237,0.4889378039416432,2017
7회지방선거_광역의원비례,경상북도,예천군,20180613,8,44218,34633,32433,2200,8845,560.0,552.0,0.0,0.0,0.0,536.0,0.0,18233.0,3707.0,예천군,경상북도,0.2727160608022693,0.017266364505287825,0.017019702155212285,0.0,0.0,0.0,0.016526377455061202,0.0,0.5621743286159159,0.11429716646625351,2017,37600,예천군,46321,22674,23647,3685,3158,3369,4400,5331,7457,7905,6869,3949,518,4904,26382,15035,0.0727315904233501,0.0949893137022085,0.1150881889423803,0.1609852982448565,0.1706569374581723,0.2447270136655081,0.3245828026165238,0.5695472895662874,0.5105027957082101,2017
7회지방선거_광역의원비례,경상북도,울릉군,20180613,8,9057,7477,7095,382,2431,56.0,89.0,0.0,0.0,0.0,51.0,0.0,3714.0,754.0,울릉군,경상북도,0.3426356589147287,0.007892882311486963,0.012544045102184638,0.0,0.0,0.0,0.00718816067653277,0.0,0.5234672304439746,0.10627202255109232,2017,37630,울릉군,8702,4824,3878,529,471,785,998,1407,1814,1442,887,382,38,714,6055,1933,0.0902091473224546,0.114686279016318,0.1616869685129855,0.2084578257871753,0.1657090324063433,0.1501953573891059,0.222132843024592,0.6958170535509078,0.4456446793840496,2017
7회지방선거_광역의원비례,경상북도,울진군,20180613,8,43356,33175,30622,2553,9059,505.0,742.0,0.0,0.0,0.0,626.0,0.0,16050.0,3640.0,울진군,경상북도,0.29583306119783165,0.016491411403566063,0.024230945072170336,0.0,0.0,0.0,0.0204428188883809,0.0,0.5241329762915551,0.11886878714649599,2017,37620,울진군,48504,24852,23652,3803,3961,4003,5456,6855,8501,7019,5665,3200,422,5185,30964,12355,0.0825292759360052,0.1124855682005607,0.141328550222662,0.1752638957611743,0.1447097146627082,0.1914687448457859,0.2547212601022596,0.6383803397657926,0.487629886194953,2017
7회지방선거_광역의원비례,경상북도,의성군,20180613,8,48843,36241,33832,2409,7805,611.0,618.0,0.0,0.0,0.0,455.0,0.0,20800.0,3543.0,의성군,경상북도,0.23069874674864035,0.01805982501773469,0.01826672972333885,0.0,0.0,0.0,0.013448805864270514,0.0,0.6148025537952234,0.10472333885079214,2017,37520,의성군,50082,24203,25879,2296,2344,3227,3468,4846,9090,10228,9038,5113,625,3183,27288,19611,0.0644343277025678,0.0692464358452138,0.0967613114492232,0.1815023361686833,0.2042250708837506,0.2950361407292041,0.3915778123876842,0.5448664190727207,0.5167325586038897,2017
7회지방선거_광역의원비례,경상북도,청도군,20180613,8,39294,28370,26995,1375,7670,348.0,373.0,0.0,0.0,0.0,334.0,0.0,15632.0,2638.0,청도군,경상북도,0.28412669012780145,0.012891276162252269,0.013817373587701427,0.0,0.0,0.0,0.01237266160400074,0.0,0.5790701981848491,0.09772180033339507,2017,37560,청도군,41278,19885,21393,1890,2907,3244,3283,4442,7486,8194,6088,3527,414,2683,24552,14043,0.0785890789282426,0.0795338921459373,0.1076118028974272,0.1813556858374921,0.1985076796356412,0.2429623528271718,0.3402054363098987,0.5947962595086971,0.51826638887543,2017
7회지방선거_광역의원비례,경상북도,청송군,20180613,8,23522,18154,16956,1198,4430,306.0,230.0,0.0,0.0,0.0,234.0,0.0,9717.0,2039.0,청송군,경상북도,0.2612644491625383,0.018046709129511677,0.013564519933946686,0.0,0.0,0.0,0.013800424628450107,0.0,0.5730714791224345,0.12025241802311866,2017,37530,청송군,24441,12056,12385,1290,1358,1626,1884,2758,4687,4699,4061,1955,227,1804,14181,8456,0.0665275561556401,0.0770835890511844,0.1128431733562456,0.1917679309357227,0.1922589092099341,0.2554314471584632,0.345976023894276,0.580213575549282,0.5067304938423142,2017
7회지방선거_광역의원비례,경상북도,칠곡군,20180613,8,96894,54842,53137,1705,21086,402.0,518.0,0.0,0.0,0.0,399.0,0.0,24473.0,6259.0,칠곡군,경상북도,0.39682330579445585,0.007565349944483129,0.009748386246871295,0.0,0.0,0.0,0.007508892109076538,0.0,0.4605642019684965,0.11778986393661667,2017,37590,칠곡군,121778,63665,58113,13400,12521,15924,20905,20968,17406,10761,7092,3570,469,17878,88152,15748,0.1307625351048629,0.1716648327284074,0.1721821675507891,0.1429322209266041,0.0883657146611046,0.0914040302846162,0.1293172822677331,0.7238745914697235,0.4772044211598154,2017
7회지방선거_광역의원비례,경상북도,포항시남구,20180613,8,198696,119376,116408,2968,45265,676.0,776.0,0.0,0.0,0.0,456.0,0.0,54464.0,14771.0,포항시남구,경상북도,0.3888478455088997,0.005807161019861178,0.006666208508006323,0.0,0.0,0.0,0.0039172565459418595,0.0,0.4678716239433716,0.12688990447391932,2017,37011,포항시 남구,239046,124209,114837,23300,23075,27379,32995,39496,43230,31403,14468,5227,618,31590,174378,33078,0.1145344410699196,0.1380278272801051,0.1652234298001221,0.1808438543209256,0.1313680212176735,0.0849752767249818,0.1383750407871288,0.7294746617805778,0.4803970783865867,2017
7회지방선거_광역의원비례,경상북도,포항시북구,20180613,8,223110,139935,136274,3661,50357,647.0,1135.0,0.0,0.0,0.0,555.0,0.0,63834.0,19746.0,포항시북구,경상북도,0.3695275694556555,0.004747787545680027,0.008328808136548424,0.0,0.0,0.0,0.004072677106417952,0.0,0.468423910650601,0.14489924710509708,2017,37012,포항시 북구,267863,132626,135237,26047,27403,30201,34407,43580,48826,34106,17153,7467,1097,35695,192673,39495,0.1127479345784972,0.1284499912268585,0.1626951090669484,0.182279747482855,0.1273262824652901,0.0960080339576574,0.1474447758742342,0.7192968047098703,0.5048737600937793,2017
7회지방선거_광역의원비례,광주광역시,광산구,20180613,8,307011,177999,175536,2463,119493,9463.0,0.0,0.0,880.0,0.0,0.0,1181.0,2254.0,42265.0,광산구,광주광역시,0.6807321575061526,0.053909169629021966,0.0,0.0,0.005013216662109197,0.0,0.0,0.006727964634035184,0.012840670859538784,0.24077682070914228,2017,24050,광산구,419625,212570,207055,53487,57644,59192,66703,81730,57256,26200,15514,6628,867,74467,311308,33850,0.1410592791182603,0.1589585939827226,0.1947691391123026,0.1364456359845099,0.0624366994340184,0.0548322907357759,0.0806672624366994,0.741871909442955,0.4934286565385761,2017
7회지방선거_광역의원비례,광주광역시,남구,20180613,8,176964,106278,104828,1450,71372,4009.0,0.0,0.0,564.0,0.0,0.0,641.0,1626.0,26616.0,남구,광주광역시,0.6808486282290991,0.03824359903842485,0.0,0.0,0.005380241920097684,0.0,0.0,0.0061147784942954175,0.01551112298240928,0.2539016293356737,2017,24030,남구,219325,106233,113092,20516,25355,28882,28448,34863,35422,25492,15642,6009,828,28885,156631,33809,0.1316858543257722,0.1297070557391998,0.1589558873817394,0.1615046164367947,0.1162293400205174,0.102491736008207,0.154150233671492,0.7141502336714921,0.5156366123332954,2017
7회지방선거_광역의원비례,광주광역시,동구,20180613,8,82265,51546,50312,1234,32779,1904.0,0.0,0.0,245.0,0.0,0.0,283.0,863.0,14238.0,동구,광주광역시,0.6515145492129114,0.037843854348863094,0.0,0.0,0.004869613611066942,0.0,0.0,0.005624900620130387,0.01715296549530927,0.28299411671171887,2017,24010,동구,100914,50531,50383,6722,8766,16733,12719,13201,15612,13464,9761,3950,566,9154,71383,20377,0.1658144558733178,0.1260380125651544,0.1308143567790395,0.1547059872762946,0.1334205362982341,0.1414769011237291,0.2019244108845155,0.7073646867629863,0.4992667023406068,2017
7회지방선거_광역의원비례,광주광역시,북구,20180613,8,358914,210536,207405,3131,140427,8834.0,0.0,0.0,1222.0,0.0,0.0,1302.0,2685.0,52935.0,북구,광주광역시,0.6770666088088523,0.04259299438297052,0.0,0.0,0.005891854101877968,0.0,0.0,0.006277572864685037,0.01294568597671223,0.255225283864902,2017,24040,북구,450323,224448,225875,41885,50801,68992,62649,72873,73953,45795,26155,10073,1336,58525,334496,57302,0.1532055879890656,0.1391201426531622,0.1618238464391115,0.1642221250080497,0.1016936732078974,0.0834156816329612,0.1272464431086131,0.7427912853662816,0.5015844182953125,2017
7회지방선거_광역의원비례,광주광역시,서구,20180613,8,247275,147779,145757,2022,97335,7207.0,0.0,0.0,699.0,0.0,0.0,850.0,2037.0,37629.0,서구,광주광역시,0.6677895401250026,0.049445309659227346,0.0,0.0,0.004795653038962108,0.0,0.0,0.005831623867121305,0.013975315079207174,0.2581625582304795,2017,24020,서구,305985,151340,154645,29294,36332,42613,43066,55114,49280,29548,16987,6187,769,42003,227426,36556,0.1392649966501626,0.1407454613788257,0.1801199405199601,0.1610536464205761,0.0965668251711685,0.0782489337712633,0.119469908655653,0.7432586564700884,0.5054005915322647,2017
7회지방선거_광역의원비례,대구광역시,남구,20180613,8,134493,72222,70403,1819,23196,301.0,1601.0,0.0,366.0,0.0,0.0,440.0,36514.0,7985.0,남구,대구광역시,0.3294745962530006,0.004275385992074201,0.02274050821697939,0.0,0.0051986421033194605,0.0,0.0,0.006249733676121756,0.5186426714770678,0.11341846228143687,2017,22040,남구,152785,73530,79255,9008,12007,21253,19375,22398,26104,22432,14293,6118,684,12683,108984,31118,0.1391039696305265,0.126812187060248,0.146598160814216,0.1708544686978433,0.1468206957489282,0.1380698366986288,0.2036718264227509,0.7133160977844684,0.5187354779592237,2017
7회지방선거_광역의원비례,대구광역시,달서구,20180613,8,472669,265924,261143,4781,96868,1124.0,4372.0,0.0,2151.0,0.0,0.0,1187.0,116378.0,39063.0,달서구,대구광역시,0.3709385279329716,0.00430415519466346,0.016741785152196306,0.0,0.008236866391210946,0.0,0.0,0.004545402327460433,0.4456485527086692,0.14958471029282808,2017,22070,달서구,583043,290940,292103,53121,66188,83578,77077,101696,104183,60643,29329,11515,1145,75009,441526,66508,0.1433479177350555,0.1321977967319734,0.174422812725648,0.178688364323043,0.1040111964297659,0.0720169867402575,0.1140704887975672,0.7572786226744854,0.5009973535399619,2017
7회지방선거_광역의원비례,대구광역시,달성군,20180613,8,196837,115200,112289,2911,43022,1357.0,1089.0,0.0,651.0,0.0,0.0,909.0,49907.0,15354.0,달성군,대구광역시,0.38313637132755657,0.012084888101238768,0.00969818949318277,0.0,0.005797540275539011,0.0,0.0,0.008095182965383965,0.44445137101586085,0.13673645682123806,2017,22510,달성군,239240,122794,116446,31076,22567,29103,43409,39650,36811,22162,11268,4987,563,39451,173787,26002,0.1216477177729476,0.1814454104664771,0.1657331549908042,0.153866410299281,0.0926350108677478,0.0702976090954689,0.108685838488547,0.7264128072228724,0.4867329877946831,2017
7회지방선거_광역의원비례,대구광역시,동구,20180613,8,295860,171578,165691,5887,56746,625.0,2513.0,0.0,753.0,0.0,0.0,825.0,72214.0,32015.0,동구,대구광역시,0.34248088308960656,0.0037720817666620395,0.015166786367394729,0.0,0.0045446041124744254,0.0,0.0,0.004979147931993892,0.43583538031637203,0.1932211164154963,2017,22020,동구,340396,167950,172446,31870,29056,41076,48248,53076,56934,45322,26494,10033,1075,42196,240581,57619,0.1206712182281812,0.1417407960140542,0.1559242764309804,0.1672581346431803,0.1331449253222717,0.1104654578784709,0.16927049671559,0.7067679996239674,0.5066040729033243,2017
7회지방선거_광역의원비례,대구광역시,북구,20180613,8,360010,205937,201811,4126,76001,932.0,1789.0,0.0,1104.0,0.0,0.0,789.0,90663.0,30533.0,북구,대구광역시,0.3765949328827467,0.004618182358741595,0.008864729871017933,0.0,0.005470464939968584,0.0,0.0,0.003909598584814504,0.4492470678010614,0.15129502356164926,2017,22050,북구,445293,222709,222584,42559,50890,65793,58916,78873,73385,44295,24782,9181,944,59766,331913,53614,0.1477521541995944,0.1323083902059992,0.1771260720469443,0.1648016025403498,0.0994738295908536,0.0783910818270217,0.1204016232009036,0.7453811310754941,0.4998596429766468,2017
7회지방선거_광역의원비례,대구광역시,서구,20180613,8,167260,89596,87532,2064,26432,484.0,1156.0,0.0,605.0,0.0,0.0,470.0,47872.0,10513.0,서구,대구광역시,0.3019695654160764,0.00552940638852077,0.013206598729607458,0.0,0.006911757985650962,0.0,0.0,0.005369464881414797,0.5469085591555088,0.12010464744322076,2017,22030,서구,191414,96275,95139,11300,14988,25880,22868,28452,37946,28837,15850,5701,650,15858,140716,34840,0.1352043215229816,0.1194687953859174,0.1486411652230244,0.1982404630800255,0.1506525123554181,0.1159842017825237,0.1820138547859613,0.7351395404724838,0.4970326099449361,2017
7회지방선거_광역의원비례,대구광역시,수성구,20180613,8,351854,211777,208065,3712,74381,587.0,2279.0,0.0,1664.0,0.0,0.0,573.0,96505.0,32076.0,수성구,대구광역시,0.35748924614904,0.0028212337490688007,0.010953307860524356,0.0,0.007997500781005936,0.0,0.0,0.002753947083843991,0.46382140196573185,0.1541633624107851,2017,22060,수성구,425546,207706,217840,37456,57154,51717,46110,80390,73259,45699,26107,11152,1195,58086,309803,57657,0.1215309273263055,0.1083549134523647,0.1889102470708219,0.1721529517372975,0.1073890954209415,0.0903639089546136,0.1354894652986986,0.7280129527712633,0.5119070558764505,2017
7회지방선거_광역의원비례,대구광역시,중구,20180613,8,68303,39848,38966,882,13435,149.0,412.0,0.0,241.0,0.0,0.0,187.0,18753.0,5789.0,중구,대구광역시,0.3447877636914233,0.0038238464302212186,0.010573320330544577,0.0,0.0061848791253913665,0.0,0.0,0.004799055586921932,0.4812657188318021,0.14856541600369552,2017,22010,중구,75324,36422,38902,5862,5221,10821,10982,11017,11689,10021,7066,2766,339,7634,52943,14747,0.1436593914290266,0.145796824385322,0.1462614837236471,0.1551829430194891,0.1330386065530242,0.1350300037172747,0.195780893208008,0.7028702671127396,0.5164622165578037,2017
7회지방선거_광역의원비례,대전광역시,대덕구,20180613,8,154079,88821,87108,1713,48055,659.0,0.0,0.0,399.0,0.0,0.0,511.0,26404.0,11080.0,대덕구,대전광역시,0.5516714882674382,0.007565321210451394,0.0,0.0,0.004580520732883318,0.0,0.0,0.0058662809386049505,0.30311796849887496,0.12719842035174725,2017,25050,대덕구,188469,95463,93006,15977,20892,28450,23699,32176,33175,20356,10770,4241,473,22765,142036,23668,0.1509532071587369,0.1257448174500846,0.1707230366797722,0.1760236431455571,0.1080071523698857,0.0821567472634756,0.1255803341663615,0.753630570544758,0.4934816866434268,2017
7회지방선거_광역의원비례,대전광역시,동구,20180613,8,191362,106309,104013,2296,55871,529.0,0.0,0.0,488.0,0.0,0.0,500.0,29253.0,17372.0,동구,대전광역시,0.5371540095949545,0.005085902723697999,0.0,0.0,0.004691721227154298,0.0,0.0,0.004807091421264649,0.2812436906925096,0.167017584340419,2017,25010,동구,239752,121017,118735,20662,26175,38533,30470,36134,36939,27970,17142,6868,908,28392,174459,36901,0.1607202442523941,0.1270896593146251,0.1507140712069138,0.154071707431012,0.116662217624879,0.103932396810037,0.1539132103173279,0.727664419900564,0.4952409156127998,2017
7회지방선거_광역의원비례,대전광역시,서구,20180613,8,395367,226530,223642,2888,125125,1059.0,0.0,0.0,1523.0,0.0,0.0,972.0,57272.0,37691.0,서구,대전광역시,0.5594879316049758,0.004735246510047308,0.0,0.0,0.006809990967707318,0.0,0.0,0.004346231924236056,0.25608785469634504,0.16853274429668846,2017,25030,서구,487449,239928,247521,47868,57459,76136,70571,84108,76917,45899,22714,9327,1280,67535,368462,51452,0.1561927504210697,0.1447761714558856,0.1725472818694879,0.1577949693198673,0.0941616456285683,0.068357920520916,0.1055536066337196,0.7558985657986784,0.5077885071053587,2017
7회지방선거_광역의원비례,대전광역시,유성구,20180613,8,272663,168255,166227,2028,94370,804.0,0.0,0.0,1306.0,0.0,0.0,803.0,36170.0,32774.0,유성구,대전광역시,0.5677176391320303,0.0048367593712212815,0.0,0.0,0.007856726043302231,0.0,0.0,0.004830743501356579,0.21759401300631065,0.19716411894577895,2017,25040,유성구,366639,188954,177685,44153,44296,62950,61047,63163,51057,26077,11607,5537,797,59192,279970,27477,0.1716947733328969,0.1665043816942551,0.172275726259345,0.1392568712002814,0.0711244575727077,0.0489336922695076,0.0749429275118031,0.7636121634632431,0.4846320222344049,2017
7회지방선거_광역의원비례,대전광역시,중구,20180613,8,206042,116932,114612,2320,60662,562.0,0.0,0.0,793.0,0.0,0.0,529.0,34720.0,17346.0,중구,대전광역시,0.5292814015984365,0.004903500506055212,0.0,0.0,0.006918996265661536,0.0,0.0,0.004615572540397166,0.3029351202317384,0.15134540885771122,2017,25020,중구,243540,120356,123184,21472,25045,30972,31426,40250,39382,30252,18469,7522,970,30188,173249,40103,0.1271741808327174,0.1290383509895705,0.1652705920998604,0.1617064958528373,0.1242177876324217,0.1107046070460704,0.1646669951548,0.7113780077194711,0.5058060277572473,2017
7회지방선거_광역의원비례,부산광역시,강서구,20180613,8,92854,55504,54172,1332,29603,337.0,167.0,0.0,339.0,0.0,0.0,0.0,17245.0,6481.0,강서구,부산광역시,0.5464631174776637,0.006220925939599793,0.0030827733884663663,0.0,0.0062578453813778336,0.0,0.0,0.0,0.3183378867311526,0.11963745108173965,2017,21120,강서구,116702,61825,54877,18442,8478,12806,27162,17073,15121,11322,5254,1920,222,21911,82937,11854,0.1097324810200339,0.232746653870542,0.1462956933043135,0.129569330431355,0.0970163321965347,0.0633750921149594,0.101574951586091,0.7106733389316379,0.4702318726328597,2017
7회지방선거_광역의원비례,부산광역시,금정구,20180613,8,210978,126589,124595,1994,57611,864.0,547.0,0.0,1506.0,0.0,0.0,0.0,47955.0,16112.0,금정구,부산광역시,0.4623861310646495,0.006934467675267868,0.004390224326818893,0.0,0.012087162406196075,0.0,0.0,0.0,0.384887033990128,0.12931498053693968,2017,21110,금정구,246584,120645,125939,16479,22934,41028,28858,34759,43228,34097,18740,7211,924,23231,181862,41491,0.1663854913538591,0.1170311131298056,0.1409621062193816,0.1753074003179444,0.138277422703825,0.1089892288226324,0.1682631476494825,0.7375255491029427,0.5107346786490607,2017
7회지방선거_광역의원비례,부산광역시,기장군,20180613,8,127882,76268,74124,2144,38421,826.0,335.0,0.0,483.0,0.0,0.0,0.0,24388.0,9671.0,기장군,부산광역시,0.518334142787761,0.01114348928821974,0.004519453888079434,0.0,0.006516108143111543,0.0,0.0,0.0,0.32901624305218286,0.1304705628406454,2017,21510,기장군,156561,77587,78974,21770,15493,14750,27350,27069,20648,16855,9900,3965,548,27929,106825,21807,0.0942124794808413,0.1746922924610854,0.1728974648858911,0.1318846966996889,0.1076577180779376,0.092059963847957,0.1392875620365225,0.6823219064773475,0.5044295833572856,2017
7회지방선거_광역의원비례,부산광역시,남구,20180613,8,234211,140414,138091,2323,65525,1062.0,617.0,0.0,910.0,0.0,0.0,0.0,51862.0,18115.0,남구,부산광역시,0.4745059417340739,0.007690580848860534,0.004468068157953813,0.0,0.0065898574128654295,0.0,0.0,0.0,0.3755639397209087,0.13118161212533763,2017,21070,남구,275941,135757,140184,21382,27913,40733,33627,43173,43880,37441,22156,7121,736,30051,199389,46501,0.1476148886899735,0.1218630069471372,0.1564573586382596,0.1590195005454064,0.1356848021859745,0.1087660043270119,0.1685179078136268,0.722578377261806,0.5080216423075947,2017
7회지방선거_광역의원비례,부산광역시,동구,20180613,8,79091,46273,44184,2089,20320,232.0,209.0,0.0,298.0,0.0,0.0,0.0,18509.0,4616.0,동구,부산광역시,0.4598949846098135,0.005250769509324642,0.004730219083831251,0.0,0.006744522904218722,0.0,0.0,0.0,0.4189072967590078,0.10447220713380409,2017,21030,동구,86106,42082,44024,4707,5972,10043,10407,12186,14883,14550,9747,3639,436,6530,59105,20471,0.1166353099667851,0.1208626576545188,0.14152323879869,0.1728450979025851,0.1689777715838617,0.1605230762083943,0.237741853064827,0.6864213875920377,0.5112767983648062,2017
7회지방선거_광역의원비례,부산광역시,동래구,20180613,8,226713,135579,133386,2193,62758,853.0,565.0,0.0,970.0,0.0,0.0,0.0,49938.0,18302.0,동래구,부산광역시,0.47049915283463034,0.006394973985275816,0.004235826848394884,0.0,0.007272127509633694,0.0,0.0,0.0,0.37438711708874994,0.13721080173331535,2017,21060,동래구,261671,127795,133876,22053,25670,31726,33728,42686,45412,36106,18990,6772,852,31233,188364,42074,0.1212438520126418,0.1288946807250325,0.1631285086998559,0.1735461705729714,0.1379824283164737,0.1017078698059777,0.1607896939286355,0.7198504992910946,0.5116195527972148,2017
7회지방선거_광역의원비례,부산광역시,부산진구,20180613,8,319402,184022,180605,3417,88865,1073.0,786.0,0.0,1134.0,0.0,0.0,0.0,67852.0,20895.0,부산진구,부산광역시,0.49204064117826196,0.005941142271808643,0.0043520389800946815,0.0,0.006278895933113701,0.0,0.0,0.0,0.3756928102765704,0.11569447136015061,2017,21050,부산진구,366492,177345,189147,27389,30707,54057,52049,54251,61079,49918,28587,9912,1000,37001,268504,60987,0.1474984447136636,0.1420194710935027,0.1480277877825437,0.1666584809491066,0.1362048830533818,0.1077758859674972,0.1664074522772666,0.7326326359101972,0.5161013064405225,2017
7회지방선거_광역의원비례,부산광역시,북구,20180613,8,253907,152080,149479,2601,76658,886.0,709.0,0.0,994.0,0.0,0.0,0.0,51390.0,18842.0,북구,부산광역시,0.5128345787702621,0.005927253995544525,0.004743141177021522,0.0,0.006649763511931442,0.0,0.0,0.0,0.34379411154744144,0.126051150997799,2017,21080,북구,296945,146861,150084,24927,28199,41698,38475,45987,57136,37386,18118,6464,757,34355,222176,40414,0.1404233107141053,0.1295694488878412,0.1548670629241105,0.1924127363653201,0.1259021030830625,0.0853323005943861,0.1360992776440081,0.7482058967148799,0.5054269309131321,2017
7회지방선거_광역의원비례,부산광역시,사상구,20180613,8,195478,114128,111563,2565,57401,622.0,371.0,0.0,648.0,0.0,0.0,0.0,39477.0,13044.0,사상구,부산광역시,0.5145164615508726,0.005575325152604358,0.0033254752919874868,0.0,0.005808377329401325,0.0,0.0,0.0,0.3538538762851483,0.11692048438998592,2017,21150,사상구,231587,116752,114835,17309,19541,35596,31533,33934,44572,30920,14349,4758,559,23429,175803,32355,0.1537046552699417,0.1361604926010527,0.1465280866369874,0.1924633075258973,0.1335135391882964,0.0849184107916247,0.1397099146325139,0.7591229214075056,0.4958611666457961,2017
7회지방선거_광역의원비례,부산광역시,사하구,20180613,8,281099,160634,155938,4696,79381,898.0,484.0,0.0,962.0,0.0,0.0,0.0,54972.0,19241.0,사하구,부산광역시,0.5090548807859534,0.005758698970103502,0.0031037976631738255,0.0,0.006169118495812438,0.0,0.0,0.0,0.3525247213636189,0.12338878272133796,2017,21100,사하구,330293,164623,165670,27256,31542,44362,45295,50826,58319,43928,22349,7924,1038,37246,243633,49414,0.1343110510970562,0.13713581577569,0.1538815536508494,0.1765674719113029,0.1329970662411858,0.0947976493598108,0.1496065614469577,0.7376268949084601,0.5015849563872077,2017
7회지방선거_광역의원비례,부산광역시,서구,20180613,8,97123,55361,53794,1567,24459,310.0,273.0,0.0,406.0,0.0,0.0,0.0,22603.0,5743.0,서구,부산광역시,0.4546789604788638,0.0057627244674127226,0.005074915418076365,0.0,0.007547310108934082,0.0,0.0,0.0,0.4201769714094509,0.10675911811726214,2017,21020,서구,106924,52450,54474,6400,8385,13922,12424,15014,18707,16936,11094,4187,516,9106,74384,23434,0.1302046313269238,0.1161946803336949,0.1404174927986233,0.1749560435449478,0.1583928771837941,0.1477404511615727,0.2191650144027533,0.6956716920429464,0.5094646664920879,2017
7회지방선거_광역의원비례,부산광역시,수영구,20180613,8,155794,90437,89120,1317,41401,435.0,355.0,0.0,624.0,0.0,0.0,0.0,35315.0,10990.0,수영구,부산광역시,0.46455341113105925,0.004881059245960503,0.003983393177737882,0.0,0.007001795332136445,0.0,0.0,0.0,0.39626346499102333,0.12331687612208259,2017,21140,수영구,173059,82221,90838,12336,12841,22484,25116,25635,28745,26050,14767,5504,676,16792,123977,32290,0.1299210095978828,0.1451296956529276,0.1481286728803471,0.1660994227402215,0.1505266989870506,0.1210396454388387,0.186583766230014,0.7163857412789858,0.5248961336885108,2017
7회지방선거_광역의원비례,부산광역시,연제구,20180613,8,174673,105870,104214,1656,49649,1166.0,416.0,0.0,828.0,0.0,0.0,0.0,38400.0,13755.0,연제구,부산광역시,0.4764139175158808,0.01118851593835761,0.003991786132381446,0.0,0.007945189705797686,0.0,0.0,0.0,0.3684725660659796,0.13198802464160286,2017,21130,연제구,201053,97219,103834,16957,17876,25279,27916,31481,34033,27886,15203,5391,632,23145,144846,33062,0.1257330156724843,0.1388489602244184,0.1565806031245492,0.1692737735820902,0.138699745838162,0.1055741520892501,0.1644442012802594,0.7204368997229587,0.5164508860847637,2017
7회지방선거_광역의원비례,부산광역시,영도구,20180613,8,107930,61314,59582,1732,30167,552.0,200.0,0.0,324.0,0.0,0.0,0.0,21817.0,6522.0,영도구,부산광역시,0.5063106307274009,0.009264542982780035,0.0033567184720217514,0.0,0.0054378839246752375,0.0,0.0,0.0,0.3661676345204928,0.10946258937262932,2017,21040,영도구,123531,62131,61400,7103,10549,16860,13452,16957,21271,20140,13120,4363,444,10026,86610,26895,0.1364839594919493,0.1088957427690215,0.1372691874913989,0.1721915956318656,0.1630359990609644,0.1451214674858942,0.2177186293319085,0.7011195570342666,0.4970412285175381,2017
7회지방선거_광역의원비례,부산광역시,중구,20180613,8,39832,22496,21660,836,10100,99.0,161.0,0.0,172.0,0.0,0.0,0.0,8956.0,2172.0,중구,부산광역시,0.4662973222530009,0.004570637119113574,0.007433056325023084,0.0,0.007940904893813482,0.0,0.0,0.0,0.4134810710987996,0.10027700831024931,2017,21010,중구,43799,21696,22103,2055,2677,5845,5602,6480,7694,7215,4566,1613,236,2864,31355,9580,0.1334505354003516,0.1279024635265645,0.1479485833009886,0.1756661110984269,0.1647297883513322,0.1464645311536793,0.2187264549418936,0.715883924290509,0.5046462247996529,2017
7회지방선거_광역의원비례,부산광역시,해운대구,20180613,8,342079,200282,197369,2913,93513,1618.0,1328.0,0.0,1317.0,0.0,0.0,0.0,70767.0,28826.0,해운대구,부산광역시,0.4737978101930901,0.008197842619661649,0.006728513596360118,0.0,0.006672780426510749,0.0,0.0,0.0,0.3585517482482051,0.14605130491617224,2017,21090,해운대구,399670,193944,205726,35248,43058,47530,50980,70094,69650,49182,26659,9860,1064,50172,291393,58105,0.1189231115670428,0.1275552330672805,0.1753796882428003,0.1742687717366827,0.123056521630345,0.0940350789401256,0.1453824405134235,0.7290839942952936,0.5147396602196812,2017
7회지방선거_광역의원비례,서울특별시,강남구,20180613,8,454862,265993,263244,2749,102803,453.0,892.0,123.0,2897.0,304.0,239.0,0.0,96379.0,59154.0,강남구,서울특별시,0.39052362067131635,0.0017208369421525278,0.003388491285651335,0.0004672471167434016,0.01100499916427345,0.0011548221421950739,0.0009079029341599429,0.0,0.366120405403352,0.2247116743401559,2017,11230,강남구,522514,250087,272427,43530,57015,71238,87259,95979,78705,54844,27974,9140,1510,63845,396963,61706,0.1363370168072051,0.166998396215221,0.1836869442732634,0.1506275429940633,0.1049617809283579,0.073919550480944,0.1180944434024734,0.7597174429776045,0.5213774176385705,2017
7회지방선거_광역의원비례,서울특별시,강동구,20180613,8,365176,218440,216013,2427,111471,611.0,763.0,105.0,1148.0,336.0,232.0,0.0,57949.0,43398.0,강동구,서울특별시,0.5160383865785856,0.002828533467893136,0.003532194821607959,0.0004860818561845815,0.005314494960951424,0.0015554619397906608,0.001074009434617361,0.0,0.26826626175276486,0.20090457518760446,2017,11250,강동구,423978,209931,214047,37018,39281,56487,68187,69376,71798,51997,24020,8161,1206,50769,318730,54479,0.1332309695314379,0.1608267410101467,0.1636311318040087,0.1693436923613961,0.122640797399865,0.0787470104580898,0.1284948747340664,0.7517607045648595,0.5048540254447165,2017
7회지방선거_광역의원비례,서울특별시,강북구,20180613,8,280860,156263,153851,2412,83970,564.0,645.0,83.0,1043.0,318.0,240.0,0.0,36007.0,30981.0,강북구,서울특별시,0.545787807684058,0.003665884524637474,0.004192367940409877,0.000539483006285302,0.006779286452476747,0.0020669348915509163,0.0015599508615478613,0.0,0.23403812779897434,0.20137015684005954,2017,11090,강북구,313698,152464,161234,22312,25737,42899,44382,50745,52602,40851,26989,8321,963,31030,228382,54286,0.1367525454417943,0.1414800221869441,0.1617638620584128,0.1676835682726699,0.130223973375667,0.1156303196067555,0.1730517886629816,0.7280314187530682,0.5139784123583829,2017
7회지방선거_광역의원비례,서울특별시,강서구,20180613,8,509021,303545,299983,3562,162748,1158.0,889.0,149.0,1964.0,464.0,378.0,0.0,69377.0,62856.0,강서구,서울특별시,0.5425240763643273,0.0038602187457289247,0.0029635012650716876,0.0004966948127060534,0.00654703766546771,0.001546754316077911,0.0012600714040462294,0.0,0.23126977195374404,0.20953187347283012,2017,11160,강서구,581675,282678,298997,52946,48824,82439,105826,92823,90601,66746,32772,11568,1608,70300,438069,73306,0.1417269093565994,0.1819332101259294,0.1595788025959513,0.1557588000171917,0.1147479262474749,0.0789925645764387,0.1260257016375123,0.7531164309966906,0.5140275927278979,2017
7회지방선거_광역의원비례,서울특별시,관악구,20180613,8,449742,265360,261824,3536,143995,1117.0,788.0,130.0,2106.0,468.0,307.0,0.0,49730.0,63183.0,관악구,서울특별시,0.5499686812515278,0.004266224639452457,0.003009655340992422,0.000496516744072354,0.008043571253972134,0.0017874602786604743,0.0011725433879247128,0.0,0.18993675140552432,0.24131859569787337,2017,11210,관악구,511687,257091,254596,32706,34390,104380,94704,74606,73289,57163,32958,9227,1075,43704,399771,68212,0.2039918934817574,0.1850818957683115,0.1458039778223797,0.1432301387371576,0.1117147787612349,0.0845438715464727,0.1333080574648173,0.7812803530283161,0.4975619861360558,2017
7회지방선거_광역의원비례,서울특별시,광진구,20180613,8,308174,180322,178100,2222,95932,501.0,534.0,106.0,1292.0,322.0,224.0,0.0,41557.0,37632.0,광진구,서울특별시,0.5386412128017968,0.0028130263896687254,0.0029983155530600787,0.0005951712521055587,0.00725435148792813,0.0018079730488489612,0.001257720381807973,0.0,0.23333520494104434,0.21129702414373946,2017,11050,광진구,363934,177156,186778,26602,30908,66517,62019,57778,57481,37769,20017,6562,825,36540,284819,42575,0.182772150994411,0.1704127671500876,0.1587595553039837,0.1579434732671308,0.1037798062286018,0.0752993674677276,0.1169854973704023,0.7826116823380064,0.5132194298966296,2017
7회지방선거_광역의원비례,서울특별시,구로구,20180613,8,351457,211125,208569,2556,109053,1042.0,592.0,88.0,1206.0,333.0,258.0,0.0,52168.0,43829.0,구로구,서울특별시,0.522862937445162,0.004995948582962952,0.0028383892141209863,0.00042192272101798444,0.005782259108496468,0.0015965939329430547,0.001237000704802727,0.0,0.2501234603416615,0.21014148794883228,2017,11170,구로구,436869,218428,218441,38484,33124,56978,74323,71612,73059,55432,27691,8448,965,49929,327225,59715,0.1304235365750373,0.1701265138977588,0.1639209923340864,0.1672331980525054,0.1268847183022828,0.0849316385461087,0.1366885725469191,0.7490231625498719,0.5000148786020523,2017
7회지방선거_광역의원비례,서울특별시,금천구,20180613,8,206762,116910,115211,1699,64258,539.0,404.0,56.0,655.0,209.0,155.0,0.0,26964.0,21971.0,금천구,서울특별시,0.5577418822855457,0.004678372724826622,0.0035066096119294164,0.00048606469868328546,0.005685221029241999,0.001814062893300119,0.0013453576481412366,0.0,0.23404015241600196,0.19070227669232973,2017,11180,금천구,249930,127252,122678,17676,17825,35668,39983,40271,46725,32005,15862,4806,590,23593,192087,34250,0.1427119593486176,0.1599767935021806,0.1611291161525227,0.1869523466570639,0.128055855639579,0.0850558156283759,0.1370383707438082,0.7685631976953547,0.4908494378425959,2017
7회지방선거_광역의원비례,서울특별시,노원구,20180613,8,456370,282889,278979,3910,144710,1816.0,854.0,131.0,1757.0,421.0,341.0,0.0,59167.0,69782.0,노원구,서울특별시,0.518712878030246,0.006509450532118905,0.003061162309707899,0.00046956939411210165,0.006297965079808875,0.001509074159703777,0.0012223142243681425,0.0,0.21208406367504365,0.25013352259489063,2017,11110,노원구,543495,263654,279841,45633,62979,77266,73191,95603,87699,58294,33139,12966,1660,66976,404900,71619,0.1421650613161114,0.1346672922473988,0.1759041021536536,0.1613611900753457,0.1072576564641809,0.0878848931452911,0.1317749013330389,0.7449930542139303,0.5148915813392948,2017
7회지방선거_광역의원비례,서울특별시,도봉구,20180613,8,292696,173661,171314,2347,89694,638.0,575.0,71.0,980.0,762.0,210.0,0.0,42991.0,35393.0,도봉구,서울특별시,0.5235649158854501,0.003724155644022088,0.003356409867261286,0.0004144436531748719,0.005720489860723583,0.004447972728440174,0.0012258192558693393,0.0,0.2509485506146608,0.20659724249039774,2017,11100,도봉구,332586,161944,170642,25795,30310,44924,45630,53558,58116,42148,24682,8921,1169,35920,244595,52071,0.1350748377863169,0.137197597012502,0.1610350405609376,0.1747397665566199,0.1267281244550281,0.1045504020012868,0.1565640165250491,0.735433842675278,0.5130763171029448,2017
7회지방선거_광역의원비례,서울특별시,동대문구,20180613,8,302939,178037,175674,2363,91561,684.0,592.0,82.0,1175.0,249.0,225.0,0.0,44774.0,36332.0,동대문구,서울특별시,0.5211983560458576,0.003893575600259572,0.003369878297300682,0.0004667736830720539,0.006688525336703212,0.0014173981351822125,0.0012807814474538066,0.0,0.2548698156813188,0.20681489577285198,2017,11060,동대문구,357380,176460,180920,25804,29701,65689,53417,53672,54502,41450,25887,8617,992,34849,269496,53035,0.1838071520510381,0.1494683530135989,0.1501818792321898,0.1525043371201522,0.1159829872964351,0.0993228496278471,0.1483994627567295,0.7540880855112205,0.5062398567351278,2017
7회지방선거_광역의원비례,서울특별시,동작구,20180613,8,340489,213148,210740,2408,109413,580.0,549.0,92.0,1535.0,320.0,214.0,0.0,49060.0,48977.0,동작구,서울특별시,0.5191847774508873,0.0027522065103919523,0.002605105817595141,0.0004365568947518269,0.00728385688526146,0.0015184587643541805,0.0010154692986618582,0.0,0.2327987093100503,0.23240485906804592,2017,11200,동작구,399771,195019,204752,31524,31595,69635,67416,61175,60028,45012,26287,8796,1060,42011,302577,55183,0.1741872221847007,0.1686365444216814,0.1530251068736851,0.1501559642895557,0.112594460328538,0.0904092593009498,0.1380365259110841,0.7568758114020276,0.5121732191679736,2017
7회지방선거_광역의원비례,서울특별시,마포구,20180613,8,320091,197173,194952,2221,97782,622.0,621.0,124.0,2824.0,307.0,211.0,0.0,42848.0,49613.0,마포구,서울특별시,0.5015696171365259,0.0031905289507160738,0.0031853994829496492,0.0006360540030366449,0.014485616972382945,0.0015747466042923385,0.0010823176987155812,0.0,0.21978743485575936,0.2544882842956215,2017,11140,마포구,368848,175330,193518,31224,30437,61814,67458,62369,51480,34917,22635,8427,931,41993,280089,46766,0.167586648158591,0.182888344250206,0.1690913330152257,0.1395696872424413,0.094665011061467,0.086737626339305,0.1267893549646467,0.7593615798377652,0.5246551424977226,2017
7회지방선거_광역의원비례,서울특별시,서대문구,20180613,8,269182,163919,161591,2328,83754,720.0,476.0,111.0,1836.0,261.0,199.0,0.0,36926.0,37308.0,서대문구,서울특별시,0.5183085691653619,0.0044556936958122665,0.0029457086100092207,0.0006869194447710578,0.01136201892432128,0.0016151889647319467,0.0012315042298147792,0.0,0.22851520196050523,0.2308791950046723,2017,11130,서대문구,321345,151132,170213,23414,28625,61827,46305,49512,47919,33552,22920,8441,949,32337,242443,46565,0.1924006908462867,0.1440974653409886,0.1540773934556318,0.149120104560519,0.1044111468981935,0.1005461419969192,0.1449065645956837,0.7544632715617171,0.529689274766995,2017
7회지방선거_광역의원비례,서울특별시,서초구,20180613,8,359734,226784,224376,2408,91896,367.0,674.0,115.0,1644.0,283.0,172.0,0.0,78081.0,51144.0,서초구,서울특별시,0.40956252005562094,0.00163564730630727,0.003003886333654223,0.0005125325346739402,0.007326986843512675,0.0012612757157628267,0.000766570399686241,0.0,0.347991763825008,0.22793881698577387,2017,11220,서초구,414550,198241,216309,41646,43523,53742,67847,76589,60337,43418,22927,7542,1178,58126,306502,49922,0.129639367989386,0.1636642142081775,0.1847521408756482,0.1455481847786756,0.1047352550958871,0.0763406103003256,0.1204245567482812,0.7393607526233265,0.5217923049089374,2017
7회지방선거_광역의원비례,서울특별시,성동구,20180613,8,264634,157821,155707,2114,82212,460.0,449.0,89.0,1036.0,250.0,153.0,0.0,38047.0,33011.0,성동구,서울특별시,0.5279916766747802,0.002954266667522976,0.002883621160256122,0.0005715863769772715,0.006653522320769137,0.001605579710610313,0.0009826147828935114,0.0,0.2443499649983623,0.21200716730782818,2017,11040,성동구,302367,149060,153307,25097,23279,49441,52126,48371,47745,32121,18956,6510,785,32628,230303,39436,0.1635132140742872,0.1723931513690316,0.1599744681132531,0.1579041363640873,0.1062318308545575,0.0868183366571087,0.1304242857190103,0.7616671131439608,0.5070229224750056,2017
7회지방선거_광역의원비례,서울특별시,성북구,20180613,8,373174,222076,219294,2782,114965,671.0,702.0,114.0,1996.0,350.0,278.0,0.0,50075.0,50143.0,성북구,서울특별시,0.5242505494906381,0.0030598192381004496,0.0032011819748830337,0.0005198500642972448,0.009101936213485094,0.0015960308991582078,0.0012677045427599478,0.0,0.22834642078670644,0.22865650678997146,2017,11080,성북구,445417,215068,230349,36852,43326,75124,63673,73439,65880,48055,30889,10649,1275,50926,331288,63203,0.168659929908378,0.1429514365190372,0.1648769579966638,0.147906343942867,0.1078876648174631,0.0961189177781719,0.1418962455406955,0.7437704443252053,0.5171535886596156,2017
7회지방선거_광역의원비례,서울특별시,송파구,20180613,8,554983,348815,345296,3519,167462,927.0,1155.0,166.0,2065.0,464.0,319.0,0.0,98275.0,74463.0,송파구,서울특별시,0.48498100180714515,0.00268465316713776,0.0033449562114823226,0.0004807469533385849,0.005980376256892637,0.0013437746165608636,0.0009238450488855938,0.0,0.28461088457439415,0.21564976136416292,2017,11240,송파구,633953,307723,326230,58800,61192,86974,109211,107252,100506,70683,32219,11046,1610,80931,479690,73332,0.1371931357687399,0.1722698685864725,0.1691797341443293,0.1585385667391746,0.1114956471536533,0.0707860046407225,0.1156741903579603,0.7566649262642499,0.5145965079430178,2017
7회지방선거_광역의원비례,서울특별시,양천구,20180613,8,383104,238491,235720,2771,119859,693.0,702.0,112.0,1425.0,360.0,293.0,0.0,57234.0,55042.0,양천구,서울특별시,0.50848040047514,0.002939928729000509,0.002978109621584931,0.0004751399966061429,0.006045307992533514,0.0015272357033768878,0.0012430001696928559,0.0,0.24280502290853556,0.2335058544035296,2017,11150,양천구,452111,222503,229608,40644,53803,57670,62998,83063,76588,48764,23556,8584,1063,60341,338750,53020,0.1275571706948072,0.1393418872798936,0.18372258140147,0.1694008772182052,0.1078584683849762,0.0734399295748168,0.1172720858373275,0.7492629022518806,0.5078575836464939,2017
7회지방선거_광역의원비례,서울특별시,영등포구,20180613,8,325036,195770,193308,2462,96927,723.0,598.0,107.0,1280.0,322.0,237.0,0.0,49991.0,43123.0,영등포구,서울특별시,0.5014122540194922,0.0037401452604134333,0.0030935088046019823,0.0005535208061746022,0.0066215573075092595,0.0016657355101702982,0.0012260227202185114,0.0,0.25860802449976206,0.22307923107165767,2017,11190,영등포구,393560,196929,196631,30767,26128,55881,70890,63744,66665,47752,24453,8692,1058,39869,300105,53586,0.1419885150929972,0.1801250127045431,0.16196767964224,0.169389673747332,0.1213334688484602,0.0869066978351458,0.1361571297896127,0.7625393840837483,0.49962140461429,2017
7회지방선거_광역의원비례,서울특별시,용산구,20180613,8,200009,116028,114475,1553,52344,313.0,357.0,67.0,1133.0,168.0,137.0,0.0,33739.0,26217.0,용산구,서울특별시,0.45725267525660623,0.0027342214457305087,0.0031185848438523697,0.0005852806289582879,0.009897357501637912,0.001467569338283468,0.001196767853243066,0.0,0.29472810657348764,0.22901943655820048,2017,11030,용산구,223891,108467,115424,17375,17035,33113,39350,37577,34248,24351,15436,6216,781,23214,168123,32554,0.1478978610127249,0.175755166576593,0.1678361345476146,0.1529672921198261,0.1087627461577285,0.1001960775555962,0.1454011103617385,0.7509145075058845,0.5155365780670058,2017
7회지방선거_광역의원비례,서울특별시,은평구,20180613,8,413112,238092,235053,3039,126714,723.0,679.0,134.0,2445.0,364.0,300.0,0.0,51969.0,51725.0,은평구,서울특별시,0.5390869293308318,0.0030759020306058635,0.0028887102057833765,0.0005700841937775735,0.01040190935661319,0.001548586914440573,0.0012763078965169557,0.0,0.22109481691363225,0.22005675315779846,2017,11120,은평구,466243,225813,240430,38678,43056,60894,71139,78950,74562,55220,34586,11614,1371,53575,341559,71109,0.1306057141876661,0.1525792344335464,0.1693323009675212,0.1599208996167234,0.1184360944829198,0.1020304862485871,0.1525148903039831,0.7325772183174868,0.5156753023637889,2017
7회지방선거_광역의원비례,서울특별시,종로구,20180613,8,134963,81162,80080,1082,38936,267.0,320.0,55.0,1055.0,147.0,116.0,0.0,20237.0,18947.0,종로구,서울특별시,0.4862137862137862,0.003334165834165834,0.003996003996003996,0.0006868131868131869,0.013174325674325674,0.0018356643356643356,0.0014485514485514486,0.0,0.25270979020979023,0.2366008991008991,2017,11010,종로구,157277,76670,80607,9716,15200,28682,21761,24214,24973,17196,11456,4437,603,13733,119870,23674,0.1823661438099658,0.1383609809444483,0.1539576670460398,0.1587835474989986,0.1093357579302758,0.1048850117944772,0.1505242343127094,0.762158484711687,0.5125161339547423,2017
7회지방선거_광역의원비례,서울특별시,중구,20180613,8,112336,66457,65365,1092,32514,185.0,239.0,44.0,453.0,117.0,94.0,0.0,17407.0,14312.0,중구,서울특별시,0.49742216782681864,0.00283026084295877,0.003656391034957546,0.0006731431194064102,0.006930314388434177,0.0017899487493306815,0.00143807848236824,0.0,0.2663045972615314,0.21895509829419413,2017,11020,중구,127896,62195,65701,8612,8886,21456,21164,19550,20736,15291,9039,3436,434,11035,97649,19212,0.1677613060611747,0.1654782010383436,0.1528585725902295,0.1621317320322762,0.1195580784387314,0.100933571026459,0.1502158003377744,0.7635031588165384,0.5137064489898042,2017
7회지방선거_광역의원비례,서울특별시,중랑구,20180613,8,352041,198824,196214,2610,108137,875.0,677.0,105.0,1024.0,324.0,270.0,0.0,49904.0,34898.0,중랑구,서울특별시,0.5511176572517761,0.004459416759252653,0.003450314452587481,0.0005351300111103184,0.005218791727399676,0.0016512583199975537,0.0013760485999979614,0.0,0.2543345530899936,0.17785682978788467,2017,11070,중랑구,396892,196346,200546,30608,31450,56425,62561,62191,70229,49346,27178,8564,1030,41192,298451,57249,0.142167138667446,0.157627263840037,0.1566950203077915,0.1769473811515475,0.1243310522761859,0.0926498896425224,0.144243270209528,0.7519703093032866,0.505291111939772,2017
7회지방선거_광역의원비례,세종특별자치시,세종특별자치시,20180613,8,222852,137593,135143,2450,79752,0.0,0.0,0.0,0.0,0.0,0.0,0.0,23567.0,31824.0,세종특별자치시,세종특별자치시,0.5901304544075535,0.0,0.0,0.0,0.0,0.0,0.0,0.0,0.17438565075512605,0.23548389483732046,2017,29010,세종시,276589,139347,137242,42638,32629,34826,50889,49612,32278,20229,11196,5330,659,55731,195460,25398,0.1259124549421705,0.1839877941639038,0.1793708354272946,0.1167002303056159,0.0731373988119556,0.0621318996778613,0.0918257775978075,0.706680309050613,0.4961947149018941,2017
7회지방선거_광역의원비례,울산광역시,남구,20180613,8,274930,176652,173950,2702,80094,8200.0,805.0,0.0,828.0,0.0,0.0,1835.0,62238.0,19950.0,남구,울산광역시,0.4604426559356137,0.04713998275366484,0.004627766599597585,0.0,0.004759988502443231,0.0,0.0,0.010549008335728657,0.3577924691003162,0.11468812877263582,2017,26020,남구,333117,170349,162768,30537,35642,47639,47361,59593,62577,34064,13439,4641,583,42635,258810,31672,0.1430098133688764,0.1421752717513666,0.1788951029217962,0.1878529165428363,0.1022583656793258,0.0560253604589378,0.0950777054308246,0.7769342303154747,0.4886211151037023,2017
7회지방선거_광역의원비례,울산광역시,동구,20180613,8,134316,86759,85321,1438,41342,7101.0,282.0,0.0,363.0,0.0,0.0,3011.0,23692.0,9530.0,동구,울산광역시,0.4845465946250044,0.08322687263393537,0.003305165199657763,0.0,0.004254521161261589,0.0,0.0,0.035290256794927394,0.27768075854713375,0.11169583103807973,2017,26030,동구,172306,91965,80341,20709,16992,21397,32198,26967,29346,18000,6200,1928,289,26746,130317,15243,0.1241802374844752,0.1868652281406335,0.156506447831184,0.17031327986257,0.1044653117128829,0.0488491404826297,0.0884647081355263,0.7563114459159866,0.4662693115735958,2017
7회지방선거_광역의원비례,울산광역시,북구,20180613,8,159030,104074,102605,1469,50550,9398.0,498.0,0.0,421.0,0.0,0.0,1850.0,26200.0,13688.0,북구,울산광역시,0.4926660494127966,0.09159397690171044,0.004853564641099361,0.0,0.0041031138833390185,0.0,0.0,0.01803031041372253,0.2553481799132596,0.1334048048340724,2017,26040,북구,196147,102170,93977,26844,22845,24665,33203,35892,32983,13599,5927,2315,303,35099,147457,13591,0.1257475260901263,0.16927610414638,0.1829852100720378,0.1681544963726185,0.069330655069922,0.0435642655763279,0.0692898693326943,0.7517678067979627,0.4791151534308452,2017
7회지방선거_광역의원비례,울산광역시,울주군,20180613,8,179366,114749,111524,3225,51426,3491.0,614.0,0.0,671.0,0.0,0.0,1316.0,40973.0,13033.0,울주군,울산광역시,0.46112047631003195,0.03130267924392956,0.005505541408127398,0.0,0.006016642157741832,0.0,0.0,0.01180015064022094,0.3673917721745992,0.11686273806534916,2017,26510,울주군,222160,116628,105532,22670,23783,28739,30623,40441,38037,22432,11785,5250,667,31401,164054,26705,0.1293617212819589,0.1378420957868203,0.1820354699315808,0.1712144400432121,0.1009722722362261,0.0796813107670147,0.1202061577241627,0.7384497659344617,0.4750270075621174,2017
7회지방선거_광역의원비례,울산광역시,중구,20180613,8,194908,128316,126038,2278,58360,3742.0,673.0,0.0,541.0,0.0,0.0,2427.0,46402.0,13893.0,중구,울산광역시,0.4630349577111665,0.029689458734667322,0.005339659467779558,0.0,0.004292356273504816,0.0,0.0,0.019256097367460607,0.3681588092480046,0.11022866119741666,2017,26010,중구,233343,118977,114366,23336,22899,29439,33361,39079,43928,27028,12075,3926,407,31236,174900,27207,0.1261619161491881,0.1429697912515053,0.1674744903425429,0.1882550580047398,0.1158294870641073,0.0703170868635442,0.1165965981409341,0.7495403761844153,0.4901196950412054,2017
7회지방선거_광역의원비례,인천광역시,강화군,20180613,8,60755,39938,37790,2148,16069,326.0,397.0,0.0,246.0,0.0,0.0,154.0,16860.0,3738.0,강화군,인천광역시,0.42521831172267793,0.008626620799153216,0.01050542471553321,0.0,0.006509658639851813,0.0,0.0,0.0040751521566551995,0.4461497750727706,0.09891505689335803,2017,23510,강화군,63737,32025,31712,3759,4875,5270,5268,7782,11833,11119,8944,4651,616,5451,39125,19161,0.0826835276213188,0.0826521486734549,0.1220954861383497,0.1856535450366349,0.1744512606492304,0.222963114046786,0.3006260100098843,0.6138506675871158,0.4975445973296515,2017
7회지방선거_광역의원비례,인천광역시,계양구,20180613,8,266216,143822,141928,1894,83424,685.0,400.0,0.0,1178.0,0.0,0.0,551.0,32206.0,23484.0,계양구,인천광역시,0.5877909926159743,0.004826390846062793,0.0028183304210585647,0.0,0.008299983090017473,0.0,0.0,0.0038822501550081732,0.22691787385153037,0.16546417902034835,2017,23070,계양구,318104,158179,159925,28073,32527,47906,45240,54628,62653,29124,13987,6002,830,38977,247626,31501,0.150598546387345,0.1422176395141211,0.17173000025149,0.1969575987727284,0.0915549631567034,0.0654471493599577,0.0990273621205643,0.7784435279028242,0.5027443854839927,2017
7회지방선거_광역의원비례,인천광역시,남동구,20180613,8,441132,246479,242964,3515,134748,1111.0,818.0,0.0,1214.0,0.0,0.0,848.0,61318.0,42907.0,남동구,인천광역시,0.5546006815824567,0.004572693897038244,0.0033667539223917946,0.0,0.004996625014405427,0.0,0.0,0.0034902290051201,0.2523748374244744,0.17659817915411335,2017,23050,남동구,534052,268110,265942,56067,52886,71180,86834,93104,89538,51933,26107,10155,1446,75276,400545,58231,0.133282901290511,0.1625946537041336,0.1743350834750174,0.1676578310726296,0.0972433395998891,0.070607356586999,0.1090361987222218,0.7500112348610247,0.4979702351081917,2017
7회지방선거_광역의원비례,인천광역시,동구,20180613,8,57559,34746,33944,802,17435,147.0,104.0,0.0,174.0,0.0,0.0,161.0,11148.0,4775.0,동구,인천광역시,0.5136401131275041,0.004330662267263728,0.003063869903370257,0.0,0.005126090030638699,0.0,0.0,0.004743106292717417,0.3284232854112656,0.14067287296724015,2017,23020,동구,68172,34284,33888,6121,5862,7197,9942,10893,10867,9181,6124,2311,291,8185,47234,12753,0.1055712022531244,0.145837000528076,0.1597870093293434,0.1594056210761016,0.1346740597312679,0.1279997652995364,0.1870709382151029,0.6928651059085842,0.497095581763774,2017
7회지방선거_광역의원비례,인천광역시,미추홀구,20180613,8,356508,183814,180617,3197,95174,597.0,595.0,0.0,886.0,0.0,0.0,834.0,54380.0,28151.0,남구,인천광역시,0.5269382173328092,0.003305336706954495,0.003294263552157327,0.0,0.004905407575145197,0.0,0.0,0.0046175055504188425,0.301079078934984,0.15586019034753096,2017,23090,미추홀구,421851,213845,208006,36205,36784,62670,64724,66960,69600,48458,28191,10160,1311,48339,313742,59770,0.1485595624995555,0.1534285802333051,0.1587290299181464,0.1649871637142024,0.1148699422307876,0.0940189782648375,0.1416850973447971,0.743727050546283,0.4930793099933389,2017
7회지방선거_광역의원비례,인천광역시,부평구,20180613,8,448618,241784,238481,3303,135338,1132.0,805.0,0.0,1871.0,0.0,0.0,867.0,58801.0,39667.0,부평구,인천광역시,0.5675001362792005,0.004746709381460159,0.003375530964730943,0.0,0.007845488739144837,0.0,0.0,0.0036355097471077362,0.24656471584738407,0.1663319090409718,2017,23060,부평구,538234,266993,271241,48617,50921,76426,83884,89104,96292,56054,28527,11561,1499,66165,408583,63486,0.1419940026085308,0.1558504293671525,0.1655488133414091,0.1789035995496382,0.1041442941174284,0.0772656502562082,0.1179524147489753,0.7591177814853762,0.5039462389964217,2017
7회지방선거_광역의원비례,인천광역시,서구,20180613,8,422819,230123,227165,2958,133091,837.0,652.0,0.0,1096.0,0.0,0.0,865.0,52245.0,38379.0,서구,인천광역시,0.5858781062223494,0.003684546475029164,0.0028701604560561708,0.0,0.004824686901591354,0.0,0.0,0.0038078048995223734,0.22998701384456233,0.1689476812008892,2017,23080,서구,509776,259613,250163,58748,55845,66410,83662,94279,84015,42862,20210,8228,1132,79714,384123,45939,0.1302729041775211,0.1641152192335457,0.1849420137472144,0.1648076802360252,0.0840800665390289,0.0580058692445309,0.090116050971407,0.7535133078057814,0.4907312231254512,2017
7회지방선거_광역의원비례,인천광역시,연수구,20180613,8,269626,160509,158335,2174,83806,455.0,519.0,0.0,800.0,0.0,0.0,437.0,42607.0,29711.0,연수구,인천광역시,0.529295481100199,0.002873653961537247,0.0032778602330501786,0.0,0.005052578393911643,0.0,0.0,0.002759970947674235,0.26909400953674173,0.18764644582688603,2017,23040,연수구,337595,168613,168982,37344,41561,48821,50065,61665,56885,26029,12677,5516,826,51777,257341,28477,0.1446141086212769,0.1482989973192731,0.1826596957893333,0.1685007183163257,0.0771012603859654,0.0563367348450065,0.0843525526148195,0.762277284912395,0.5005465128334247,2017
7회지방선거_광역의원비례,인천광역시,옹진군,20180613,8,18938,13907,13237,670,6005,93.0,96.0,0.0,83.0,0.0,0.0,96.0,5697.0,1167.0,옹진군,인천광역시,0.45365264032635794,0.00702576112412178,0.0072523985797386115,0.0,0.006270302938732341,0.0,0.0,0.0072523985797386115,0.43038452821636325,0.0881619702349475,2017,23520,옹진군,19294,11004,8290,1331,1106,2490,2280,2442,3619,3033,1992,963,163,1745,13171,4378,0.1290556649735669,0.1181714522649528,0.1265678449258837,0.1875712656784492,0.1571991292629833,0.1616046439307557,0.2269099201824401,0.6826474551674095,0.4296672540686224,2017
7회지방선거_광역의원비례,인천광역시,중구,20180613,8,98608,53647,52770,877,28601,262.0,180.0,0.0,352.0,0.0,0.0,166.0,15647.0,7562.0,중구,인천광역시,0.541993556945234,0.004964942202008717,0.0034110289937464467,0.0,0.00667045669888194,0.0,0.0,0.003145726738677279,0.2965131703619481,0.14330111805950352,2017,23010,중구,115152,59415,55737,11966,12174,13030,18551,20556,16909,12537,7493,2699,444,16318,82927,15907,0.1131547867166875,0.1611001111574267,0.1785118799499791,0.1468406975128525,0.1088734889537307,0.092364874253161,0.138139155203557,0.7201524940947617,0.4840298040850354,2017
7회지방선거_광역의원비례,전라남도,강진군,20180613,8,31919,23902,22215,1687,14186,510.0,0.0,0.0,189.0,0.0,0.0,0.0,641.0,6689.0,강진군,전라남도,0.6385775376997525,0.022957461174881837,0.0,0.0,0.008507765023632681,0.0,0.0,0.0,0.028854377672743643,0.30110285842898943,2017,36590,강진군,33637,16212,17425,2441,2752,2594,2746,3948,5768,5297,5248,2775,297,3398,19263,10976,0.077117459939947,0.0816362933674227,0.117370752445224,0.1714778369057882,0.1574753991140708,0.2473466718197223,0.3263073401314029,0.5726729494306865,0.5180307399589738,2017
7회지방선거_광역의원비례,전라남도,고흥군,20180613,8,59446,47957,43744,4213,28765,841.0,0.0,0.0,529.0,0.0,0.0,0.0,1225.0,12384.0,고흥군,전라남도,0.6575758961228969,0.019225493782004388,0.0,0.0,0.012093087051938551,0.0,0.0,0.0,0.028003840526700803,0.2831016825164594,2017,36550,고흥군,60984,29552,31432,3151,3820,3807,4145,6693,10303,11104,11176,6350,766,4553,32435,23996,0.0624262101534828,0.067968647514102,0.109750098386462,0.1689459530368621,0.1820805457169093,0.2999475272202545,0.3934802571166207,0.5318608159517251,0.5154138790502427,2017
7회지방선거_광역의원비례,전라남도,곡성군,20180613,8,26739,20720,19646,1074,13128,764.0,0.0,0.0,398.0,0.0,0.0,0.0,742.0,4614.0,곡성군,전라남도,0.6682276290339,0.038888323322813806,0.0,0.0,0.020258576809528656,0.0,0.0,0.0,0.03776850249414639,0.23485696833961112,2017,36520,곡성군,28768,13927,14841,1569,2769,3000,2075,3356,4575,4158,4378,2716,326,2268,16977,9523,0.1042825361512791,0.0721287541713014,0.1166573971078976,0.1590308676307008,0.1445355951056729,0.2579254727474972,0.3310275305895439,0.590134872080089,0.5158857063403782,2017
7회지방선거_광역의원비례,전라남도,광양시,20180613,8,122154,83704,81386,2318,57362,3268.0,0.0,0.0,627.0,0.0,0.0,0.0,2989.0,17140.0,광양시,전라남도,0.7048140957904308,0.0401543262969061,0.0,0.0,0.00770402771975524,0.0,0.0,0.0,0.03672621826849827,0.2106013319244096,2017,36060,광양시,144010,74408,69602,16662,16964,16510,20028,25695,25219,12864,7303,3803,470,22529,104620,16861,0.1146448163321991,0.1390736754392056,0.178425109367405,0.1751197833483785,0.0893271300604124,0.0803833067148114,0.1170821470731199,0.7264773279633359,0.4833136587736962,2017
7회지방선거_광역의원비례,전라남도,구례군,20180613,8,23743,19327,18146,1181,11852,853.0,0.0,0.0,312.0,0.0,0.0,0.0,641.0,4488.0,구례군,전라남도,0.6531466989970242,0.04700760498181417,0.0,0.0,0.017193871927697564,0.0,0.0,0.0,0.035324589441199164,0.24732723465226497,2017,36530,구례군,24420,11767,12653,1593,1740,1737,1973,3176,4399,3770,3907,2051,237,2260,14131,8029,0.0711302211302211,0.0807944307944308,0.13005733005733,0.1801392301392301,0.1543816543816543,0.2536855036855037,0.3287878787878788,0.5786650286650287,0.5181408681408681,2017
7회지방선거_광역의원비례,전라남도,나주시,20180613,8,93513,61434,58133,3301,40842,2619.0,0.0,0.0,626.0,0.0,0.0,0.0,1281.0,12765.0,나주시,전라남도,0.7025613678977517,0.045051863829494436,0.0,0.0,0.010768410369325512,0.0,0.0,0.0,0.022035676810073453,0.21958268109335488,2017,36040,나주시,105579,52440,53139,10889,9579,11652,14623,14394,15498,12560,10840,5654,753,13928,68596,23055,0.1103628562498224,0.1385029219825912,0.1363339300429062,0.1467905549399028,0.1189630513643811,0.1633563492740033,0.218367288949507,0.6497125375311378,0.5033103173926633,2017
7회지방선거_광역의원비례,전라남도,담양군,20180613,8,41703,29739,28857,882,20616,1460.0,0.0,0.0,576.0,0.0,0.0,0.0,862.0,5343.0,담양군,전라남도,0.714419378313754,0.05059430987282115,0.0,0.0,0.01996049485393492,0.0,0.0,0.0,0.029871435007103996,0.1851543819523859,2017,36510,담양군,43781,21631,22150,2781,3947,4374,3952,5254,7424,6588,6180,3075,416,3788,27191,12802,0.0999063520705328,0.0902674676229414,0.1200063954683538,0.1695712752107078,0.1504762339827779,0.2208949087503711,0.2924099495214819,0.6210685000342614,0.5059272287065165,2017
7회지방선거_광역의원비례,전라남도,목포시,20180613,8,186864,119948,116629,3319,73940,1757.0,0.0,0.0,549.0,0.0,0.0,0.0,1724.0,38659.0,목포시,전라남도,0.6339761122876815,0.01506486379888364,0.0,0.0,0.00470723404985038,0.0,0.0,0.0,0.01478191530408389,0.33146987455950067,2017,36010,목포시,233948,117464,116484,24972,27111,26774,32325,39574,37378,25315,16380,5923,754,34666,165000,34282,0.1144442354711303,0.138171730470019,0.1691572486193513,0.1597705473011096,0.1082078068630635,0.0985560893873852,0.1465368372458837,0.705284935113786,0.4979055174654196,2017
7회지방선거_광역의원비례,전라남도,무안군,20180613,8,66517,46081,44143,1938,29441,930.0,0.0,0.0,335.0,0.0,0.0,0.0,946.0,12491.0,무안군,전라남도,0.6669460616632309,0.0210678929841651,0.0,0.0,0.0075889722039734495,0.0,0.0,0.0,0.02143035135808622,0.2829667217905444,2017,36620,무안군,81420,41022,40398,8756,9562,10099,10556,12112,11277,8872,7378,3309,357,11911,54185,15324,0.1240358634242201,0.1296487349545566,0.1487595185458118,0.1385040530582166,0.1089658560550233,0.1356423483173667,0.1882092851879145,0.665499877180054,0.4961680176860722,2017
7회지방선거_광역의원비례,전라남도,보성군,20180613,8,38546,29108,27520,1588,19253,964.0,0.0,0.0,749.0,0.0,0.0,0.0,892.0,5662.0,보성군,전라남도,0.6996002906976744,0.03502906976744186,0.0,0.0,0.02721656976744186,0.0,0.0,0.0,0.03241279069767442,0.20574127906976744,2017,36560,보성군,39942,19109,20833,2574,3119,2743,2999,4427,6456,6628,6730,4024,478,3588,21785,14569,0.0686745781383005,0.07508387161384,0.110835711782084,0.1616343698362626,0.1659406138901407,0.281207751239297,0.3647538931450603,0.5454158529868309,0.5215812928746683,2017
7회지방선거_광역의원비례,전라남도,순천시,20180613,8,225673,144318,141242,3076,103719,5741.0,0.0,0.0,1529.0,0.0,0.0,0.0,3321.0,26932.0,순천시,전라남도,0.7343353959870293,0.04064654989309129,0.0,0.0,0.010825391880602088,0.0,0.0,0.0,0.023512836125231872,0.1906798261140454,2017,36030,순천시,266809,132657,134152,27771,32252,32717,33287,45149,45333,26635,17075,8379,1031,39159,189504,38146,0.1226232998137244,0.1247596595317249,0.1692184296631672,0.1699080615721358,0.0998279668227083,0.0992657668969187,0.142971189127803,0.7102608982455614,0.5028016296301849,2017
7회지방선거_광역의원비례,전라남도,신안군,20180613,8,38023,30144,27488,2656,17709,739.0,0.0,0.0,546.0,0.0,0.0,0.0,795.0,7699.0,신안군,전라남도,0.6442447613504074,0.026884458672875436,0.0,0.0,0.019863213038416764,0.0,0.0,0.0,0.028921711292200232,0.2800858556461001,2017,36680,신안군,35592,18650,16942,2006,1804,2606,3050,4122,6394,6162,6373,2934,276,2588,20410,12594,0.0732187008316475,0.0856934142503933,0.115812542144302,0.1796471117104967,0.1731287929871881,0.2692458979545965,0.3538435603506406,0.5734434704427961,0.4760058440098899,2017
7회지방선거_광역의원비례,전라남도,여수시,20180613,8,235359,153552,150467,3085,111472,6114.0,0.0,0.0,1200.0,0.0,0.0,0.0,3335.0,28346.0,여수시,전라남도,0.7408401842264417,0.04063349438747366,0.0,0.0,0.00797517063542172,0.0,0.0,0.0,0.022164328390942865,0.18838682235972007,2017,36020,여수시,271741,139146,132595,26258,27844,29606,35178,43506,46637,34221,21219,8674,1116,36285,188871,46585,0.1089493304286066,0.1294541493554524,0.1601009785052679,0.1716229792339028,0.1259324135849945,0.1141123349071358,0.1714316205504506,0.6950404981213729,0.4879462429298486,2017
7회지방선거_광역의원비례,전라남도,영광군,20180613,8,46689,32949,30951,1998,22458,1897.0,0.0,0.0,386.0,0.0,0.0,0.0,948.0,5262.0,영광군,전라남도,0.7255985267034991,0.06129042680365739,0.0,0.0,0.01247132564375949,0.0,0.0,0.0,0.030629058834932634,0.1700106620141514,2017,36640,영광군,49670,24720,24950,4076,4386,4213,4940,6544,8184,7261,7029,3054,353,5548,30153,13969,0.0848198107509563,0.0994564123213207,0.1317495470102677,0.1647674652707872,0.1461848198107509,0.210106704248037,0.2812361586470707,0.6070666398228307,0.502315280853634,2017
7회지방선거_광역의원비례,전라남도,영암군,20180613,8,46588,31573,30253,1320,18840,538.0,0.0,0.0,225.0,0.0,0.0,0.0,714.0,9936.0,영암군,전라남도,0.6227481572075496,0.017783360327901364,0.0,0.0,0.007437278947542392,0.0,0.0,0.0,0.023600965193534527,0.32843023832347207,2017,36610,영암군,57679,30540,27139,4885,5199,6371,7520,8527,9126,6704,6290,3178,319,6587,38187,12905,0.1104561452174968,0.1303767402347475,0.1478354340401186,0.1582204961944555,0.1162294769326791,0.16968047296243,0.2237382756289117,0.662060715338338,0.4705178661211186,2017
7회지방선거_광역의원비례,전라남도,완도군,20180613,8,44758,34565,32712,1853,24492,985.0,0.0,0.0,364.0,0.0,0.0,0.0,756.0,6115.0,완도군,전라남도,0.7487160674981658,0.030111274150158962,0.0,0.0,0.011127415015896307,0.0,0.0,0.0,0.023110785033015408,0.1869344583027635,2017,36660,완도군,48332,24865,23467,3795,3430,3651,5106,6216,8027,7507,7335,3271,327,5139,28559,14634,0.0755400148969626,0.1056442936356865,0.1286104444260531,0.1660804435984441,0.1553215261110651,0.2262062401721427,0.3027807663659687,0.590892162542415,0.4855375320698502,2017
7회지방선거_광역의원비례,전라남도,장성군,20180613,8,39603,29748,28033,1715,19523,1313.0,0.0,0.0,539.0,0.0,0.0,0.0,918.0,5740.0,장성군,전라남도,0.6964292084329183,0.046837655620161955,0.0,0.0,0.01922733920736275,0.0,0.0,0.0,0.03274711946634324,0.2047586772732137,2017,36650,장성군,41663,20843,20820,3496,3751,3713,4290,5288,6640,5903,5713,2867,309,4658,25217,11788,0.089119842546144,0.1029690612773924,0.126923169238893,0.1593740249141924,0.1416844682332045,0.2133547752202193,0.2829368984470633,0.6052612629911432,0.4997239757098625,2017
7회지방선거_광역의원비례,전라남도,장흥군,20180613,8,34777,26632,25227,1405,17117,1349.0,0.0,0.0,708.0,0.0,0.0,0.0,646.0,5407.0,장흥군,전라남도,0.6785190470527609,0.0534744519760574,0.0,0.0,0.02806516827208943,0.0,0.0,0.0,0.025607484044872557,0.21433384865421967,2017,36580,장흥군,36275,17657,18618,2368,2858,2803,3013,4474,6317,5655,5517,3178,322,3397,21138,11740,0.0772708476912474,0.0830599586492074,0.1233356305995865,0.1741419710544452,0.1558924879393521,0.2485733976567884,0.3236388697450034,0.5827153687112336,0.5132460372157133,2017
7회지방선거_광역의원비례,전라남도,진도군,20180613,8,27441,21409,19966,1443,12418,639.0,0.0,0.0,227.0,0.0,0.0,0.0,617.0,6065.0,진도군,전라남도,0.6219573274566763,0.032004407492737655,0.0,0.0,0.011369327857357508,0.0,0.0,0.0,0.03090253430832415,0.30376640288490436,2017,36670,진도군,29432,14921,14511,2122,2071,2478,2696,3587,4942,4560,4860,2131,211,2866,17071,9495,0.0841940744767599,0.0916009785267735,0.1218741505843979,0.1679124762163631,0.154933405816798,0.2446996466431095,0.3226080456645828,0.5800149497145963,0.4930347920630606,2017
7회지방선거_광역의원비례,전라남도,함평군,20180613,8,30165,22404,21085,1319,13494,677.0,0.0,0.0,175.0,0.0,0.0,0.0,715.0,6024.0,함평군,전라남도,0.6399810291676548,0.032108133744368036,0.0,0.0,0.008299739151055252,0.0,0.0,0.0,0.0339103628171686,0.28570073511975336,2017,36630,함평군,30948,15284,15664,1883,2506,2375,2427,3573,5170,4940,5251,2683,305,2657,17656,10635,0.0767416311231743,0.0784218689414501,0.1154517254749903,0.1670544138554995,0.1596225927362026,0.2662207573995088,0.3436409461031408,0.5705053638361122,0.5061393304898539,2017
7회지방선거_광역의원비례,전라남도,해남군,20180613,8,62461,44451,42198,2253,26050,1483.0,0.0,0.0,368.0,0.0,0.0,0.0,932.0,13365.0,해남군,전라남도,0.6173278354424381,0.03514384567989004,0.0,0.0,0.008720792454618702,0.0,0.0,0.0,0.02208635480354519,0.316721171619508,2017,36600,해남군,67123,33016,34107,5407,5031,5048,6338,8460,11589,10500,9825,4822,520,7281,39528,20314,0.0752052202672705,0.0944236699789937,0.1260372748536269,0.17265318892183,0.1564292418396078,0.2259583153315555,0.302638439879028,0.5888890544224782,0.5081268715641435,2017
7회지방선거_광역의원비례,전라남도,화순군,20180613,8,54543,38364,36807,1557,26373,1901.0,0.0,0.0,487.0,0.0,0.0,0.0,806.0,7240.0,화순군,전라남도,0.7165213138805119,0.05164778438883908,0.0,0.0,0.013231178851848832,0.0,0.0,0.0,0.021898008530985953,0.19670171434781428,2017,36570,화순군,60566,29246,31320,4688,6385,5893,5598,9104,10213,7555,7396,3809,467,6860,38415,15291,0.0972988145163953,0.0924280949707756,0.1503153584519367,0.1686259617607238,0.124739953109005,0.1927153848693986,0.2524683816002377,0.6342667503219628,0.5171218175213816,2017
7회지방선거_광역의원비례,전라북도,고창군,20180613,8,50442,37328,35487,1841,24775,894.0,0.0,0.0,392.0,0.0,0.0,0.0,1282.0,8144.0,고창군,전라북도,0.6981429819370474,0.02519232394961535,0.0,0.0,0.011046298644574069,0.0,0.0,0.0,0.036125905261081524,0.2294924902076817,2017,35570,고창군,54947,27298,27649,3439,5154,4589,4572,6738,9088,8561,8423,4218,483,5083,32630,17234,0.0835168435037399,0.0832074544561122,0.1226272589950315,0.1653957449906273,0.1558046845141682,0.2388483447685952,0.3136476968715307,0.5938449778877828,0.5031939869328625,2017
7회지방선거_광역의원비례,전라북도,군산시,20180613,8,223434,134436,129616,4820,88778,1251.0,0.0,0.0,1074.0,0.0,0.0,0.0,5317.0,33196.0,군산시,전라북도,0.6849308727317616,0.009651586223922972,0.0,0.0,0.008286014072336749,0.0,0.0,0.0,0.04102117022589804,0.25611035674608074,2017,35020,군산시,273649,139957,133692,27567,29732,33001,37236,45351,42457,31531,19819,8572,1038,37655,192774,43220,0.1205960920741533,0.1360721215864118,0.1657268983259577,0.1551513069662231,0.1152242471194851,0.1075428742659392,0.1579395502998366,0.7044571695858564,0.4885528542037427,2017
7회지방선거_광역의원비례,전라북도,김제시,20180613,8,74992,51660,48905,2755,32826,484.0,0.0,0.0,311.0,0.0,0.0,0.0,2419.0,12865.0,김제시,전라북도,0.6712197116859216,0.009896738574787853,0.0,0.0,0.006359267968510377,0.0,0.0,0.0,0.04946324506696657,0.26306103670381353,2017,35060,김제시,82358,40867,41491,5870,6462,7755,8062,10524,13478,12759,10980,6322,730,8111,50170,24077,0.094162072901236,0.0978897010612205,0.127783579008718,0.1636513757012069,0.1549211976978557,0.2189465504261881,0.292345613055198,0.6091697224313364,0.503788338716336,2017
7회지방선거_광역의원비례,전라북도,남원시,20180613,8,69930,51524,48950,2574,34185,857.0,0.0,0.0,718.0,0.0,0.0,0.0,1722.0,11468.0,남원시,전라북도,0.6983656792645556,0.017507660878447396,0.0,0.0,0.01466802860061287,0.0,0.0,0.0,0.035178753830439224,0.23427987742594483,2017,35050,남원시,79279,38899,40380,6301,7626,7244,7311,11651,13213,11226,9397,5237,715,9136,49514,20629,0.0913735037021153,0.0922186203155942,0.146961994979755,0.1666645643865336,0.1416011806405227,0.1936073865714754,0.2602076211859382,0.6245537910417639,0.5093404306310625,2017
7회지방선거_광역의원비례,전라북도,무주군,20180613,8,21573,17372,16088,1284,11536,457.0,0.0,0.0,222.0,0.0,0.0,0.0,1177.0,2696.0,무주군,전라북도,0.7170561909497762,0.02840626553953257,0.0,0.0,0.013799104922923919,0.0,0.0,0.0,0.07316011934361015,0.16757831924415714,2017,35530,무주군,23195,11478,11717,1633,1758,1732,1925,3008,4029,3674,3484,1896,239,2255,13619,7321,0.0746712653589135,0.0829920241431343,0.1296831213623625,0.1737012287130847,0.1583962060788963,0.2422504850183229,0.315628368182798,0.5871524035352447,0.5051519724078465,2017
7회지방선거_광역의원비례,전라북도,부안군,20180613,8,48572,34841,33140,1701,24203,649.0,0.0,0.0,416.0,0.0,0.0,0.0,1321.0,6551.0,부안군,전라북도,0.7303258901629451,0.019583584791792397,0.0,0.0,0.012552806276403138,0.0,0.0,0.0,0.03986119493059746,0.19767652383826192,2017,35580,부안군,51249,25399,25850,3323,4065,4249,4634,6494,8746,8373,7370,3918,401,4665,30852,15732,0.082908934808484,0.0904212765127124,0.1267146676032703,0.1706569884290425,0.1633787976350758,0.2280824991707155,0.306971843353041,0.6020019902827373,0.5044000858553338,2017
7회지방선거_광역의원비례,전라북도,순창군,20180613,8,25441,20597,19511,1086,14139,1028.0,0.0,0.0,383.0,0.0,0.0,0.0,669.0,3292.0,순창군,전라북도,0.7246681359233254,0.05268822715391318,0.0,0.0,0.019629952334580494,0.0,0.0,0.0,0.034288350161447385,0.16872533442673363,2017,35560,순창군,27017,12875,14142,2026,2140,1988,2362,3357,4287,4067,4372,2304,328,2805,15264,8948,0.0735832994040789,0.0874264352074619,0.124255098641596,0.1586778694895806,0.150534848428767,0.2592441795906281,0.3311988747825443,0.5649776066920827,0.5234481992819336,2017
7회지방선거_광역의원비례,전라북도,완주군,20180613,8,78531,52847,51198,1649,35471,732.0,0.0,0.0,484.0,0.0,0.0,0.0,1892.0,12619.0,완주군,전라북도,0.6928200320325013,0.01429743349349584,0.0,0.0,0.0094534942771202,0.0,0.0,0.0,0.03695456853783351,0.24647447165904918,2017,35510,완주군,98528,50529,47999,9919,10275,12587,12751,13962,14469,11618,8707,4512,627,13212,66277,19039,0.1277504871711594,0.1294149886326729,0.1417059110100682,0.1468516563819422,0.1179157193894121,0.140528580708022,0.193234410522897,0.6726717278337122,0.4871610100682039,2017
7회지방선거_광역의원비례,전라북도,익산시,20180613,8,245566,153258,147751,5507,101761,1715.0,0.0,0.0,1042.0,0.0,0.0,0.0,5210.0,38023.0,익산시,전라북도,0.6887330711805673,0.011607366447604416,0.0,0.0,0.007052405736678601,0.0,0.0,0.0,0.035262028683393,0.2573451279517567,2017,35030,익산시,298932,150085,148847,26484,33733,43077,34997,46205,48725,34363,21958,10731,1328,37309,212699,48924,0.1441030067038657,0.1170734481420523,0.1545669249193796,0.162996935757965,0.1149525644628209,0.1137951105937136,0.1636626389948215,0.7115297124429636,0.4979292949567125,2017
7회지방선거_광역의원비례,전라북도,임실군,20180613,8,25942,20070,19113,957,13326,458.0,0.0,0.0,730.0,0.0,0.0,0.0,803.0,3796.0,임실군,전라북도,0.6972217862188039,0.023962747867943286,0.0,0.0,0.03819389944017161,0.0,0.0,0.0,0.04201328938418877,0.19860827708889237,2017,35550,임실군,26409,13256,13153,1843,1859,2491,2284,2970,4258,4103,4113,2376,278,2466,15142,8801,0.0943239047294483,0.0864856677647771,0.1124616607974554,0.1612329130220758,0.1553637017683365,0.256238403574539,0.3332576015752205,0.5733651406717407,0.4980499072285963,2017
7회지방선거_광역의원비례,전라북도,장수군,20180613,8,20072,16591,15550,1041,11093,385.0,0.0,0.0,465.0,0.0,0.0,0.0,809.0,2798.0,장수군,전라북도,0.7133762057877814,0.024758842443729903,0.0,0.0,0.02990353697749196,0.0,0.0,0.0,0.05202572347266881,0.17993569131832798,2017,35540,장수군,21398,10545,10853,1605,1727,1659,1875,2630,3528,3582,3073,1676,209,2207,12509,6682,0.0775306103374147,0.0876250116833348,0.122908683054491,0.1648752219833629,0.167398822319843,0.2317038975605196,0.3122721749696233,0.584587344611646,0.5071969342929246,2017
7회지방선거_광역의원비례,전라북도,전주시덕진구,20180613,8,210274,130686,128143,2543,84210,1113.0,0.0,0.0,1046.0,0.0,0.0,0.0,3757.0,38017.0,전주시덕진구,전라북도,0.6571564580195562,0.008685609046143761,0.0,0.0,0.00816275567139836,0.0,0.0,0.0,0.02931880789430558,0.29667636936859604,2017,35012,전주시 덕진구,302381,151177,151204,32441,36555,44571,41482,50786,45105,28868,17634,7379,883,45098,218840,38443,0.1474001342676953,0.1371845453252684,0.167953674338004,0.1491661182415561,0.0954689613434706,0.0856403014739682,0.1271343106875101,0.7237227206735873,0.5000446456622605,2017
7회지방선거_광역의원비례,전라북도,전주시완산구,20180613,8,313929,193254,189309,3945,125645,887.0,0.0,0.0,1596.0,0.0,0.0,0.0,5895.0,55286.0,전주시완산구,전라북도,0.663703257636985,0.004685461335699834,0.0,0.0,0.008430660982837583,0.0,0.0,0.0,0.03113956547232303,0.2920410545721545,2017,35011,전주시 완산구,354571,173517,181054,32713,44243,49758,44889,59583,57627,37193,21178,9481,1260,46942,259877,47752,0.1403329657529803,0.1266008782444136,0.168042507706496,0.1625259821023152,0.1048957754582298,0.0900214625561594,0.13467542466812,0.7329336014507672,0.5106283367788116,2017
7회지방선거_광역의원비례,전라북도,정읍시,20180613,8,96002,64328,61718,2610,40841,828.0,0.0,0.0,819.0,0.0,0.0,0.0,1817.0,17413.0,정읍시,전라북도,0.6617356362811497,0.013415859230694448,0.0,0.0,0.013270034673839075,0.0,0.0,0.0,0.029440357756246153,0.2821381120580706,2017,35040,정읍시,109263,54322,54941,8471,10740,10670,10927,15888,17953,14958,12854,6934,784,12218,69502,27543,0.0976542837007953,0.1000064065603177,0.1454106147552236,0.1643099676926315,0.136899041761621,0.1882796555100994,0.2520798440460174,0.6360982217219003,0.5028326148833548,2017
7회지방선거_광역의원비례,전라북도,진안군,20180613,8,23029,17578,16744,834,11817,243.0,0.0,0.0,470.0,0.0,0.0,0.0,834.0,3380.0,진안군,전라북도,0.7057453416149069,0.014512661251791686,0.0,0.0,0.028069756330625896,0.0,0.0,0.0,0.049808886765408504,0.20186335403726707,2017,35520,진안군,22998,11388,11610,1624,1625,1711,1835,2756,3986,3893,3560,1933,210,2203,13219,7576,0.0743977737194538,0.0797895469171232,0.1198365075223932,0.17331941907992,0.1692755891816679,0.247978085050874,0.3294199495608313,0.574789112096704,0.5048265066527524,2017
7회지방선거_광역의원비례,제주특별자치도,서귀포시,20180613,8,148598,100756,97409,3347,52066,2109.0,0.0,0.0,5423.0,0.0,0.0,2034.0,17615.0,18162.0,서귀포시,제주특별자치도,0.5345091315997496,0.021650976809124412,0.0,0.0,0.055672473796055805,0.0,0.0,0.02088102742046423,0.18083544641665555,0.1864509439579505,2017,39020,서귀포시,169358,86155,83203,17190,16621,18125,21804,28194,27856,19881,13958,6572,900,23498,115771,30089,0.1070218117833229,0.1287450253309557,0.1664757495955313,0.1644799773261375,0.1173903801414754,0.1265366856009164,0.1776650645378429,0.6835874301774938,0.4912847341135346,2017
7회지방선거_광역의원비례,제주특별자치도,제주시,20180613,8,383917,250148,243983,6165,133152,3387.0,0.0,0.0,11217.0,0.0,0.0,4243.0,44090.0,47894.0,제주시,제주특별자치도,0.5457429411065525,0.013882114737502203,0.0,0.0,0.04597451461782173,0.0,0.0,0.017390555899386432,0.18070931171434076,0.19630056192439638,2017,39010,제주시,472399,237860,234539,53802,54923,59313,68071,83022,72441,43875,27290,12925,2073,74250,337811,60338,0.1255569973687497,0.1440964100262701,0.1757455032715988,0.1533470646635577,0.0928769959292886,0.0895175476662736,0.1277267733420265,0.7150967720084082,0.4964849629232915,2017
7회지방선거_광역의원비례,충청남도,계룡시,20180613,8,33093,22138,21746,392,11299,203.0,0.0,0.0,106.0,0.0,0.0,0.0,6481.0,3657.0,계룡시,충청남도,0.51958980962016,0.009335050124160766,0.0,0.0,0.004874459670744045,0.0,0.0,0.0,0.2980318219442656,0.16816885864066955,2017,34070,계룡시,41858,20761,21097,5372,6175,4013,5412,9020,6290,3465,1718,913,136,7892,29894,4072,0.0958717568923503,0.1292942806631946,0.215490467771991,0.150269960342109,0.0827798748148502,0.0661044483730708,0.0972812843423001,0.7141765015050886,0.5040135696879927,2017
7회지방선거_광역의원비례,충청남도,공주시,20180613,8,92935,56744,54737,2007,28537,574.0,0.0,0.0,404.0,0.0,0.0,0.0,18821.0,6401.0,공주시,충청남도,0.5213475345744195,0.010486508211995543,0.0,0.0,0.007380747940150173,0.0,0.0,0.0,0.34384420044942177,0.11694100882401301,2017,34020,공주시,111017,55006,56011,7484,11468,15454,10991,14615,18794,15318,10786,6186,722,10669,75906,24442,0.1392039057081348,0.0990028554185395,0.1316465045893872,0.1692893881117306,0.1379788681012818,0.1593809957033607,0.2201644793139789,0.6837331219542953,0.5045263338047327,2017
7회지방선거_광역의원비례,충청남도,금산군,20180613,8,46310,30782,29304,1478,14908,718.0,0.0,0.0,286.0,0.0,0.0,0.0,9980.0,3412.0,금산군,충청남도,0.5087360087360088,0.0245017745017745,0.0,0.0,0.00975975975975976,0.0,0.0,0.0,0.34056784056784056,0.11643461643461643,2017,34510,금산군,55672,28047,27625,3677,5270,7375,4918,6851,9089,8320,6713,3501,394,5208,36079,14385,0.1324723379795947,0.0883388417876131,0.1230600661014513,0.1632598074435982,0.1494467595918953,0.1905446184796666,0.2583884178761316,0.6480636585716338,0.4962099439574651,2017
7회지방선거_광역의원비례,충청남도,논산시,20180613,8,103367,62938,59993,2945,32984,964.0,0.0,0.0,398.0,0.0,0.0,0.0,18248.0,7399.0,논산시,충청남도,0.5497974763722434,0.01606854132982181,0.0,0.0,0.006634107312519794,0.0,0.0,0.0,0.30416881969563114,0.1233310552897838,2017,34060,논산시,123774,62102,61672,9418,12693,14985,13150,16832,20171,16933,12487,7200,895,13298,82486,27990,0.1210674293470357,0.1062420217493173,0.1359897878391261,0.1629663741981353,0.1368057912000904,0.1662869423303763,0.2261379611226913,0.6664242894307366,0.4982629631425017,2017
7회지방선거_광역의원비례,충청남도,당진시,20180613,8,135932,76648,74358,2290,38196,918.0,0.0,0.0,473.0,0.0,0.0,0.0,23082.0,11689.0,당진시,충청남도,0.513677075768579,0.012345679012345678,0.0,0.0,0.006361117835337153,0.0,0.0,0.0,0.31041717098361976,0.15719895640011836,2017,34080,당진시,168508,89656,78852,19541,16061,18789,27151,26526,24738,17758,12254,6569,795,25353,115621,27534,0.1115021245282123,0.1611258812637975,0.1574168585467752,0.1468060863579177,0.1053837206542122,0.1164217722600707,0.1633987703847888,0.6861454649037434,0.4679421748522325,2017
7회지방선거_광역의원비례,충청남도,보령시,20180613,8,87281,56350,53613,2737,25098,609.0,0.0,0.0,472.0,0.0,0.0,0.0,20682.0,6752.0,보령시,충청남도,0.46813272900229425,0.01135918527222875,0.0,0.0,0.008803834890791413,0.0,0.0,0.0,0.38576464663421184,0.12593960420047376,2017,34030,보령시,100922,52077,48845,8096,8955,10034,11722,15020,17091,14763,10326,5095,608,11393,66781,22748,0.0994233170171023,0.1161491052495987,0.1488278076138007,0.1693486058540259,0.1462812865381185,0.1588256277124908,0.2254017954459879,0.6617090426269793,0.4839876340143873,2017
7회지방선거_광역의원비례,충청남도,부여군,20180613,8,60334,40207,38139,2068,18629,592.0,0.0,0.0,336.0,0.0,0.0,0.0,14907.0,3675.0,부여군,충청남도,0.48845014289834554,0.015522168908466399,0.0,0.0,0.008809879650751199,0.0,0.0,0.0,0.3908597498623456,0.09635805868009124,2017,34530,부여군,67028,33215,33813,3937,5374,6190,5550,8094,11585,11485,9052,5460,721,5828,40690,20510,0.0923494658948499,0.0828012174016828,0.1207555051620218,0.1728382168645939,0.1713463030375365,0.227263233275646,0.3059915259294623,0.6070597362296354,0.5044608223429015,2017
7회지방선거_광역의원비례,충청남도,서산시,20180613,8,139529,81979,79726,2253,42044,911.0,0.0,0.0,510.0,0.0,0.0,0.0,24274.0,11987.0,서산시,충청남도,0.5273561949677646,0.011426636229084615,0.0,0.0,0.006396909414745504,0.0,0.0,0.0,0.30446780222261244,0.15035245716579285,2017,34050,서산시,171364,88802,82562,18521,17693,18989,24463,28279,26783,18302,12541,6703,875,25038,117846,28480,0.1108109054410494,0.1427546042342615,0.1650229919936509,0.1562930370439532,0.1068018953805933,0.1174050559043906,0.1661959338017319,0.6876940314185009,0.4817931420835181,2017
7회지방선거_광역의원비례,충청남도,서천군,20180613,8,48407,33967,32054,1913,16553,970.0,0.0,0.0,439.0,0.0,0.0,0.0,11150.0,2942.0,서천군,충청남도,0.5164098084482436,0.03026143383041118,0.0,0.0,0.013695638609845885,0.0,0.0,0.0,0.3478505022774069,0.09178261683409247,2017,34540,서천군,53321,26510,26811,3089,3944,4306,4526,6592,8893,9266,7850,4597,564,4460,31405,17456,0.0807561748654376,0.0848821289923294,0.1236285891112319,0.1667823184111325,0.1737776860899083,0.2440126779317717,0.3273757056319273,0.5889799516138107,0.5028225277095328,2017
7회지방선거_광역의원비례,충청남도,아산시,20180613,8,244293,129968,126750,3218,68463,693.0,0.0,0.0,767.0,0.0,0.0,0.0,35847.0,20980.0,아산시,충청남도,0.5401420118343195,0.005467455621301775,0.0,0.0,0.006051282051282051,0.0,0.0,0.0,0.2828165680473373,0.16552268244575938,2017,34040,아산시,338473,177501,160972,42468,37811,48817,62149,56204,43224,25997,16414,8116,912,55344,246782,36347,0.1442271613983981,0.1836158275549305,0.1660516496145926,0.1277029482410709,0.0768067172270757,0.07516700002659,0.1073852271820795,0.7291039462527291,0.4755829859397943,2017
7회지방선거_광역의원비례,충청남도,예산군,20180613,8,70654,44240,42220,2020,17978,613.0,0.0,0.0,419.0,0.0,0.0,0.0,19230.0,3980.0,예산군,충청남도,0.4258171482709616,0.014519185220274752,0.0,0.0,0.009924206537186168,0.0,0.0,0.0,0.4554713405968735,0.09426811937470393,2017,34570,예산군,78678,39916,38762,4732,6356,7873,7375,10599,13857,12675,9802,5449,543,6781,50236,21661,0.1000660921731615,0.0937364955896184,0.1347136429497445,0.1761229314420803,0.1610996720811408,0.2007422659447367,0.2753120313175221,0.6385012328732301,0.4926663107857342,2017
7회지방선거_광역의원비례,충청남도,천안시동남구,20180613,8,211724,106380,104536,1844,54054,611.0,0.0,0.0,663.0,0.0,0.0,0.0,33140.0,16068.0,천안시동남구,충청남도,0.5170850233412413,0.005844876406214127,0.0,0.0,0.006342312696104691,0.0,0.0,0.0,0.3170199739802556,0.1537078135761843,2017,34011,천안시 동남구,273839,139765,134074,26441,32447,44016,39066,45525,42535,24883,13933,6748,926,36521,205568,31750,0.1607367832923725,0.1426604683774042,0.1662473205058446,0.1553284959410456,0.0908672614200314,0.0789040275490342,0.1159440401111602,0.7506892736242828,0.4896088577594864,2017
7회지방선거_광역의원비례,충청남도,천안시서북구,20180613,8,298093,159399,157302,2097,92765,682.0,0.0,0.0,972.0,0.0,0.0,0.0,35497.0,27386.0,천안시서북구,충청남도,0.5897254961793238,0.004335609210308833,0.0,0.0,0.006179196704428424,0.0,0.0,0.0,0.2256614664784936,0.1740982314274453,2017,34012,천안시 서북구,382455,196711,185744,46424,42869,60298,72996,67368,52696,24712,12818,5642,706,61801,291906,28748,0.1576603783451648,0.1908616700003922,0.1761462132799937,0.1377835300885071,0.0646141376109607,0.0501130851995659,0.0751670131126537,0.7632427344393458,0.4856623655070531,2017
7회지방선거_광역의원비례,충청남도,청양군,20180613,8,28741,21228,20123,1105,9694,342.0,0.0,0.0,221.0,0.0,0.0,0.0,8045.0,1821.0,청양군,충청남도,0.48173731550961585,0.016995477811459523,0.0,0.0,0.010982457884013318,0.0,0.0,0.0,0.39979128360582417,0.09049346518908712,2017,34550,청양군,31299,15692,15607,1705,2471,2972,2452,3574,5390,5339,4429,2858,276,2418,18844,10037,0.0949551103869133,0.0783411610594587,0.1141889517236972,0.1722099747595769,0.1705805297293843,0.2416371130068053,0.3206811719224256,0.6020639637049107,0.4986421291415061,2017
7회지방선거_광역의원비례,충청남도,태안군,20180613,8,55792,37234,35191,2043,18361,581.0,0.0,0.0,399.0,0.0,0.0,0.0,12248.0,3602.0,태안군,충청남도,0.5217527208661306,0.016509903100224488,0.0,0.0,0.011338126225455372,0.0,0.0,0.0,0.3480435338580887,0.10235571595010087,2017,34580,태안군,61170,31411,29759,4118,4800,5660,6328,8010,10615,10254,7738,3623,449,5836,38662,16672,0.0925290174922347,0.1034494033022723,0.1309465424227562,0.173532777505313,0.167631191760667,0.1930684976295569,0.2725519045283636,0.6320418505803499,0.4864966486839954,2017
7회지방선거_광역의원비례,충청남도,홍성군,20180613,8,83928,51033,49051,1982,24060,461.0,0.0,0.0,910.0,0.0,0.0,0.0,17279.0,6341.0,홍성군,충청남도,0.49050987747446534,0.009398381276630445,0.0,0.0,0.018552119222849685,0.0,0.0,0.0,0.3522660088479338,0.12927361317812072,2017,34560,홍성군,103048,51438,51610,9776,11116,12006,12384,14923,15707,12826,9381,5294,608,13423,68439,21186,0.1165088114276841,0.1201770048909246,0.1448160080739073,0.1524241130347022,0.124466268146883,0.1483095256579458,0.2055935098206661,0.6641468053722537,0.5008345625339647,2017
7회지방선거_광역의원비례,충청북도,괴산군,20180613,8,34902,25074,23881,1193,10497,269.0,0.0,0.0,194.0,177.0,0.0,187.0,9738.0,2819.0,괴산군,충청북도,0.4395544575185294,0.011264184916879527,0.0,0.0,0.008123612914032076,0.007411749926719987,0.0,0.00783049286043298,0.40777186884971317,0.11804363301369289,2017,33560,괴산군,38575,19824,18751,1732,3040,4719,2872,4076,7212,6764,5377,2681,293,2520,24775,11280,0.1223331173039533,0.0744523655217109,0.1056642903434867,0.1869604666234608,0.175346727154893,0.2164873622812702,0.2924173687621516,0.6422553467271549,0.4860920285158782,2017
7회지방선거_광역의원비례,충청북도,단양군,20180613,8,26796,19073,18413,660,8200,185.0,0.0,0.0,100.0,127.0,0.0,89.0,8005.0,1707.0,단양군,충청북도,0.44533753326454134,0.010047249226090262,0.0,0.0,0.005430945527616358,0.006897300820072775,0.0,0.004833541519578558,0.43474718948568947,0.09270624015641123,2017,33580,단양군,28411,14228,14183,1639,2186,2176,2350,3734,5742,5123,3799,1656,199,2445,18104,7862,0.0765900531484284,0.0827144415895251,0.1314279680405476,0.202104818556193,0.1803174826651649,0.1990074267009257,0.2767238041603604,0.6372179789518144,0.4992080532188237,2017
7회지방선거_광역의원비례,충청북도,보은군,20180613,8,30016,22730,21524,1206,10045,411.0,0.0,0.0,72.0,186.0,0.0,138.0,8178.0,2494.0,보은군,충청북도,0.4666883478907266,0.019094963761382644,0.0,0.0,0.003345103140680171,0.008641516446757109,0.0,0.006411447686303661,0.3799479650622561,0.1158706560118937,2017,33520,보은군,32253,16018,16235,2010,2382,2500,2584,3608,6003,5628,4629,2742,355,2890,19199,10164,0.0775121694105974,0.0801165783027935,0.1118655628933742,0.1861222211887266,0.174495395777137,0.2395436083465104,0.315133475955725,0.5952624562056242,0.50336402815242,2017
7회지방선거_광역의원비례,충청북도,영동군,20180613,8,43904,31221,29998,1223,13973,157.0,0.0,0.0,105.0,179.0,0.0,161.0,12709.0,2714.0,영동군,충청북도,0.46579771984798984,0.005233682245483032,0.0,0.0,0.003500233348889926,0.005967064470964731,0.0,0.005367024468297886,0.4236615774384959,0.09047269817987866,2017,33540,영동군,49034,24410,24624,3054,4161,5564,4055,6042,8584,7803,6352,3304,443,4322,31081,13631,0.1134722845372598,0.0826977199494228,0.1232206224252559,0.1750622017375698,0.1591344781172247,0.2059591303993147,0.2779907819064323,0.6338662968552433,0.5021821593180242,2017
7회지방선거_광역의원비례,충청북도,옥천군,20180613,8,44862,30484,29007,1477,14244,212.0,0.0,0.0,133.0,177.0,0.0,279.0,10412.0,3550.0,옥천군,충청북도,0.4910538835453511,0.007308580687420278,0.0,0.0,0.00458510014824008,0.006101975385251836,0.0,0.009618367980142725,0.3589478401765091,0.12238425207708484,2017,33530,옥천군,49898,24987,24911,3478,4185,4467,4702,6648,8800,8284,5958,3329,409,4939,31571,13388,0.089522626157361,0.094232233756864,0.1332317928574291,0.1763597739388352,0.1660186781033308,0.1943164054671529,0.2683073469878552,0.6327107298889735,0.4992384464307187,2017
7회지방선거_광역의원비례,충청북도,음성군,20180613,8,81826,47526,45961,1565,24724,326.0,0.0,0.0,176.0,215.0,0.0,277.0,14577.0,5666.0,음성군,충청북도,0.537934335632384,0.007092970126846674,0.0,0.0,0.0038293335654141555,0.00467787907138661,0.0,0.0060268488501120515,0.3171602010400122,0.12327843171384435,2017,33570,음성군,104509,57136,47373,8763,9091,13619,15059,16676,17978,11986,7832,3891,453,11858,75631,17020,0.130314135624683,0.1440928532470887,0.1595652049105818,0.1720234620941737,0.1146886870987187,0.1165067123405639,0.1628567874537121,0.7236793003473385,0.453291104115435,2017
7회지방선거_광역의원비례,충청북도,제천시,20180613,8,114513,70275,68646,1629,33035,381.0,0.0,0.0,269.0,342.0,0.0,337.0,24611.0,9671.0,제천시,충청북도,0.48123707135157184,0.005550214142120444,0.0,0.0,0.003918655129213647,0.004982081985840398,0.0,0.004909244529907059,0.358520525595082,0.1408822072662646,2017,33030,제천시,136929,68951,67978,10999,14436,17801,14505,20243,24165,18282,11938,5043,598,15490,96364,25075,0.1300016797026196,0.1059308108581819,0.1478357396899123,0.1764783208816248,0.133514449094056,0.1283804015219566,0.1831241008113694,0.7037515792856152,0.4964470638067904,2017
7회지방선거_광역의원비례,충청북도,증평군,20180613,8,30638,19432,18903,529,10043,134.0,0.0,0.0,109.0,112.0,0.0,87.0,5822.0,2596.0,증평군,충청북도,0.5312913294186108,0.0070888218801248475,0.0,0.0,0.005766280484579167,0.005924985452044649,0.0,0.0046024440564989685,0.3079934401946781,0.13733269851346347,2017,33590,증평군,37625,19200,18425,4343,3625,4937,5560,5800,5750,3984,2598,1217,147,5674,26392,5559,0.1312159468438538,0.1477740863787375,0.1541528239202657,0.1528239202657807,0.1058870431893687,0.1053023255813953,0.1477475083056478,0.7014485049833887,0.4897009966777408,2017
7회지방선거_광역의원비례,충청북도,진천군,20180613,8,61715,36726,35390,1336,19477,419.0,0.0,0.0,122.0,203.0,0.0,207.0,10364.0,4598.0,진천군,충청북도,0.5503532071206556,0.011839502684374116,0.0,0.0,0.0034473014975981917,0.005736083639446171,0.0,0.005849109918055948,0.2928510878779316,0.1299237072619384,2017,33550,진천군,79186,42564,36622,7935,7670,9471,12673,12770,12724,8201,5380,2796,316,10561,56852,11773,0.1196044755386053,0.1600409163235925,0.1612658803323819,0.1606849695653272,0.1035662869699189,0.1072411789962872,0.1486752708812163,0.7179551940999672,0.4624807415452226,2017
7회지방선거_광역의원비례,충청북도,청주시상당구,20180613,8,140405,80136,78696,1440,40196,322.0,0.0,0.0,422.0,350.0,0.0,381.0,23240.0,13785.0,청주시상당구,충청북도,0.5107756429805835,0.004091694622344211,0.0,0.0,0.005362407237979059,0.0044474941547219685,0.0,0.004841415065568771,0.29531361187353866,0.1751677340652638,2017,33041,청주시 상당구,166663,83201,83462,15715,19327,20913,20392,28384,28787,18148,10985,5083,621,22377,120357,23929,0.1254807605767327,0.1223546918032196,0.1703077467704289,0.1727257999675993,0.1088903955887029,0.1001362029964659,0.1435771586974913,0.7221578874735244,0.500783017226379,2017
7회지방선거_광역의원비례,충청북도,청주시서원구,20180613,8,174307,100179,98445,1734,50700,335.0,0.0,0.0,542.0,390.0,0.0,530.0,26766.0,19182.0,청주시서원구,충청북도,0.5150083803138809,0.0034029153334349128,0.0,0.0,0.005505612270811113,0.003961602925491391,0.0,0.005383716796180609,0.27188785616333994,0.19484991619686118,2017,33042,청주시 서원구,221148,109810,111338,21855,26476,34912,29707,37211,35063,20866,11458,5080,700,30628,165132,25388,0.1578671297049939,0.134330855354785,0.1682628827753359,0.1585499303633765,0.0943531028994157,0.0779477996635737,0.1148009477815761,0.7467035650333713,0.5034547000198962,2017
7회지방선거_광역의원비례,충청북도,청주시청원구,20180613,8,154249,85618,83926,1692,45913,472.0,0.0,0.0,622.0,335.0,0.0,397.0,20598.0,15589.0,청주시청원구,충청북도,0.5470652717870504,0.0056240020970855275,0.0,0.0,0.00741129089912542,0.003991611657889093,0.0,0.004730357696065581,0.24543049829611802,0.18574696756666587,2017,33044,청주시 청원구,196192,100077,96115,25188,20937,27565,35380,31481,26527,16520,9797,4436,521,32412,142561,21219,0.1405001223291469,0.1803335508073723,0.1604601614744739,0.1352093867232099,0.0842032294894797,0.0752018430924808,0.1081542570543141,0.7266402299787963,0.4899027483281683,2017
7회지방선거_광역의원비례,충청북도,청주시흥덕구,20180613,8,204639,110063,108066,1997,57938,387.0,0.0,0.0,520.0,615.0,0.0,559.0,26892.0,21155.0,청주시흥덕구,충청북도,0.5361353247089742,0.0035811448559213816,0.0,0.0,0.004811874225010642,0.00569096663150297,0.0,0.00517276479188644,0.2488479262672811,0.19575999851942333,2017,33043,청주시 흥덕구,258308,130000,128308,27632,28602,40592,41303,44523,40009,21728,10994,4904,588,37715,195738,24855,0.1571457330009136,0.1598982609907552,0.1723639995664091,0.1548887374761912,0.0841166359539774,0.0638230329683943,0.0962223392229431,0.7577697941991731,0.496724840113353,2017
7회지방선거_광역의원비례,충청북도,충주시,20180613,8,175414,103592,100670,2922,49884,412.0,0.0,0.0,348.0,472.0,0.0,494.0,35491.0,13569.0,충주시,충청북도,0.49552001589351347,0.004092579715903447,0.0,0.0,0.0034568391775106786,0.004688586470646667,0.0,0.004907122280719181,0.35254792887652725,0.1347869275851793,2017,33020,충주시,212274,108092,104182,17534,22143,29004,25078,33053,36600,24845,17221,7743,904,24641,151748,35885,0.1366347268153424,0.1181397627594524,0.1557091306518933,0.1724186664405438,0.1170421248009647,0.1218613678547537,0.1690503782846698,0.7148685189896078,0.4907902051122605,2017
