election_name,sido,sigungu_norm,sg_id,sg_typecode,total_voters,total_voted,valid_votes,invalid_votes,party_더불어민주당,party_국민의힘,party_기본소득당,party_노동당,party_신자유민주연합,party_우리공화당,party_통일한국당,party_한류연합당,party_기타,sigungu_elec,sgg_name,ratio_더불어민주당,ratio_국민의힘,ratio_기본소득당,ratio_노동당,ratio_신자유민주연합,ratio_우리공화당,ratio_통일한국당,ratio_한류연합당,ratio_기타,year,adm_cd,sigungu_pop,total_pop,male_pop,female_pop,age_0_9,age_10_19,age_20_29,age_30_39,age_40_49,age_50_59,age_60_69,age_70_79,age_80_89,age_90plus,age_0_14,age_15_64,age_65plus,ratio_20s,ratio_30s,ratio_40s,ratio_50s,ratio_60s,ratio_70plus,ratio_elderly,ratio_working,ratio_female,pop_year
20대대통령선거,강원도,강릉시,20220309,1,185823,141724,140420,1304,54377,80513,80,41.0,41,121,55,74,5118,강릉시,대한민국,0.38724540663723117,0.5733727389260789,0.0005697194131890044,0.0002919811992593648,0.0002919811992593648,0.0008617006124483692,0.00039168209656744054,0.0005269904571998291,0.036447799458766555,2022,32030,강릉시,215128,107563,107565,13793,18792,28759,21081,30545,35509,35562,20066,10951,1719,20578,145962,48588,0.1336832025584768,0.0979928228775426,0.1419852366962924,0.165059871332416,0.1653062362872336,0.1521698709605444,0.2258562344278755,0.6784890855676621,0.500004648395374,2022
20대대통령선거,강원도,고성군,20220309,1,24668,19218,19000,218,7433,10842,8,5.0,3,10,18,18,663,고성군,대한민국,0.39121052631578945,0.5706315789473684,0.0004210526315789474,0.0002631578947368421,0.00015789473684210527,0.0005263157894736842,0.0009473684210526315,0.0009473684210526315,0.03489473684210526,2022,32600,고성군,27127,14275,12852,1446,1501,3307,2531,3008,4407,5512,3279,2005,287,2037,17001,8089,0.1219080620783721,0.0933018763593467,0.1108858333026136,0.1624580676079183,0.203192391344417,0.2053673461864563,0.2981899952077266,0.6267187672798319,0.4737715191506617,2022
20대대통령선거,강원도,동해시,20220309,1,77147,57515,56967,548,22896,31747,24,14.0,14,57,23,21,2171,동해시,대한민국,0.4019168992574648,0.5572875524426423,0.0004212965401021644,0.0002457563150595959,0.0002457563150595959,0.0010005792827426404,0.0004037425175979076,0.00036863447258939384,0.038109782856741624,2022,32040,동해시,86772,44153,42619,6735,7707,7787,8540,13808,15278,14790,8147,4273,576,10020,57089,19663,0.0897409302539989,0.0984188447886414,0.1591296731664592,0.176070621859586,0.1704466878716636,0.149771815793113,0.2266053565666343,0.6579196054026645,0.4911607430968515,2022
20대대통령선거,강원도,삼척시,20220309,1,56233,43642,43212,430,16297,25317,25,25.0,22,32,48,34,1412,삼척시,대한민국,0.3771406090900676,0.5858789225215218,0.0005785429973155605,0.0005785429973155605,0.0005091178376376933,0.0007405350365639174,0.0011108025548458762,0.0007868184763491623,0.03267610848838286,2022,32070,삼척시,64289,33295,30994,3826,5312,8386,5264,8147,10412,11696,6948,4101,643,5597,41776,16916,0.1304422218419947,0.0818802594534057,0.1267246340742584,0.1619561666848138,0.1819284792110625,0.1818662601689247,0.2631243292009519,0.6498156760876667,0.482104248005102,2022
20대대통령선거,강원도,속초시,20220309,1,71571,52516,52059,457,21713,28348,16,17.0,13,23,17,18,1894,속초시,대한민국,0.4170844618605813,0.5445360072225743,0.0003073435909256805,0.0003265525653585355,0.0002497166676271154,0.0004418064119556657,0.0003265525653585355,0.00034576153979139055,0.03638179757582743,2022,32060,속초시,80903,40449,40454,6113,6392,7848,9279,11948,14870,14044,6944,3587,593,8850,54736,17317,0.0970050554367576,0.1146929038478177,0.1476830278234429,0.1838003535097586,0.173590596146002,0.1374979914218261,0.2140464506878607,0.6765632918433185,0.5000309012026748,2022
20대대통령선거,강원도,양구군,20220309,1,18565,14529,14314,215,5689,7886,13,4.0,2,14,16,20,670,양구군,대한민국,0.39744306273578317,0.5509291602626799,0.0009082017605141819,0.0002794466955428252,0.0001397233477714126,0.0009780634343998882,0.0011177867821713008,0.001397233477714126,0.04680732150342322,2022,32580,양구군,20824,10970,9854,1721,1800,2345,2572,2448,3172,3662,1855,1270,160,2360,13606,4858,0.1126104494813676,0.1235113330772186,0.1175566653860929,0.1523242412600845,0.1758547829427583,0.1577506723011909,0.2332885132539377,0.6533807145601229,0.4732039953899347,2022
20대대통령선거,강원도,양양군,20220309,1,25257,19716,19554,162,7343,11503,4,3.0,2,13,14,6,666,양양군,대한민국,0.3755241894241587,0.5882683849851693,0.00020456172650097168,0.00015342129487572875,0.00010228086325048584,0.0006648256111281579,0.0007159660427534008,0.0003068425897514575,0.03405952746241178,2022,32610,양양군,26566,13501,13065,1312,1528,1944,2167,3285,4668,5833,3618,2058,305,1953,15934,8679,0.0731762403071595,0.0815704283670857,0.1236542949634871,0.1757133177745991,0.219566363020402,0.2251373936610705,0.3266957765565008,0.5997892042460288,0.4917940224346909,2022
20대대통령선거,강원도,영월군,20220309,1,34306,26925,26673,252,10758,14906,13,14.0,13,39,27,15,888,영월군,대한민국,0.4033292093127882,0.5588422749596971,0.0004873842462415176,0.0005248753421062497,0.0004873842462415176,0.0014621527387245529,0.0010122595883477674,0.0005623664379709819,0.03329209312788213,2022,32530,영월군,35654,18364,17290,1694,2410,2504,2501,4073,6543,8217,4717,2858,348,2571,21460,11623,0.0702305491669938,0.0701464071352443,0.1142368317720311,0.183513771245863,0.230465024962136,0.2222191058506759,0.325994278341841,0.6018960004487575,0.4849385763168228,2022
20대대통령선거,강원도,원주시,20220309,1,302881,226239,224205,2034,100954,113598,143,58.0,63,228,83,111,8967,원주시,대한민국,0.4502754175865837,0.5066702348297317,0.000637809147878058,0.0002586918222162753,0.0002809928413728507,0.0010169264735398408,0.00037019691799915254,0.0004950826252759751,0.03999464775540242,2022,32020,원주시,361810,180022,181788,29855,35354,47204,45656,56032,60870,51331,23104,13832,2076,43676,258000,60134,0.1304662668251292,0.1261877781155855,0.1548658135485476,0.1682374727066692,0.1418728061689837,0.1078245487963295,0.1662032558525192,0.7130814515906139,0.5024405074486609,2022
20대대통령선거,강원도,인제군,20220309,1,27897,21836,21487,349,8937,11595,20,4.0,8,14,14,25,870,인제군,대한민국,0.4159259086889747,0.539628612649509,0.0009307953646390841,0.0001861590729278168,0.0003723181458556336,0.0006515567552473589,0.0006515567552473589,0.0011634942057988551,0.04048959836180016,2022,32590,인제군,30905,16830,14075,2641,2022,3611,4085,3909,4795,5639,2644,1584,242,3514,20459,6932,0.1168419349619802,0.1321792590195761,0.1264843876395405,0.1551528878822197,0.1824623847273904,0.1446367901634039,0.2243002750364018,0.6619964407053874,0.4554279242840964,2022
20대대통령선거,강원도,정선군,20220309,1,32101,24898,24666,232,10103,13644,8,4.0,6,21,28,18,834,정선군,대한민국,0.40959215113922,0.5531500851374361,0.0003243330900835158,0.0001621665450417579,0.00024324981756263683,0.0008513743614692289,0.0011351658152923053,0.0007297494526879105,0.03381172464120652,2022,32550,정선군,33354,17386,15968,1690,2164,2036,2564,4324,6268,7627,4261,2357,288,2635,20396,10323,0.0610421538646039,0.0768723391497271,0.1296396234334712,0.1879234874377885,0.2286682257000659,0.2070516279906458,0.3094981111710739,0.6115008694609342,0.4787431792288781,2022
20대대통령선거,강원도,철원군,20220309,1,37248,27846,27439,407,11039,15201,16,5.0,7,20,16,20,1115,철원군,대한민국,0.4023105798316265,0.553992492437771,0.0005831116294325595,0.00018222238419767485,0.0002551113378767448,0.0007288895367906994,0.0005831116294325595,0.0007288895367906994,0.04063559167608149,2022,32560,철원군,41145,21372,19773,3285,3161,4559,4690,5139,6485,7110,4263,2434,323,4588,26348,10209,0.1108032567748207,0.1139871187264552,0.124899744804958,0.1576133187507595,0.1728034998177178,0.1706161137440758,0.2481224936201239,0.6403694252035484,0.4805687203791469,2022
20대대통령선거,강원도,춘천시,20220309,1,243403,186646,185048,1598,82376,94953,116,83.0,26,98,58,67,7271,춘천시,대한민국,0.44516017465738617,0.5131263239808049,0.0006268643811335438,0.0004485322727076218,0.00014050408542648393,0.0005295923219921318,0.0003134321905667719,0.00036206822013747786,0.0392925078898448,2022,32010,춘천시,293124,144265,148859,22681,28368,43522,35008,41053,46234,42287,21174,13380,2030,32978,204990,55156,0.1484764127127086,0.1194306846249368,0.1400533562587846,0.1577284698625837,0.1442631787229977,0.1248072488093776,0.188166100353434,0.6993286117820444,0.5078362740683123,2022
20대대통령선거,강원도,태백시,20220309,1,35551,27039,26837,202,10846,15102,11,8.0,5,21,18,18,808,태백시,대한민국,0.40414353318180124,0.5627305585572158,0.00040988187949472744,0.00029809591235980176,0.0001863099452248761,0.0007825017699444796,0.000670715802809554,0.000670715802809554,0.030107687148339977,2022,32050,태백시,39113,19680,19433,2388,3289,2867,3058,5866,6969,7759,4819,2251,205,3774,24426,10913,0.0733004371947945,0.0781837240815074,0.1499757114003017,0.1781760539973921,0.1983739421675657,0.1859995397949531,0.279012093165955,0.6244982486641271,0.4968424820392197,2022
20대대통령선거,강원도,평창군,20220309,1,37325,29353,29119,234,11463,16579,17,5.0,7,34,26,25,963,평창군,대한민국,0.3936604965829871,0.5693533431779938,0.0005838112572547135,0.00017170919331020983,0.00024039287063429377,0.001167622514509427,0.0008928878052130911,0.0008585459665510491,0.03307119063154641,2022,32540,평창군,38699,19891,18808,1805,2347,2628,2806,4631,7306,9288,4981,2781,360,2777,23663,12259,0.0679087314917698,0.0725083335486705,0.1196671748623995,0.1887904080208791,0.2400062017106385,0.2098762241918395,0.31677821132329,0.6114628284968604,0.4860073903718442,2022
20대대통령선거,강원도,홍천군,20220309,1,60872,46697,46234,463,18418,25862,37,15.0,19,31,32,34,1786,홍천군,대한민국,0.39836483972833847,0.5593718908162824,0.0008002768525327681,0.0003244365618376087,0.00041095297832763767,0.0006705022277977246,0.0006921313319202319,0.0007353895401652463,0.03862957996279794,2022,32510,홍천군,65215,33446,31769,3762,4442,5543,5705,7459,11245,14752,7346,4725,671,5529,40287,19399,0.0849957831787165,0.0874798742620562,0.1143755271026604,0.1724296557540443,0.2262056275396764,0.1953844974315725,0.2974622402821437,0.6177566510772061,0.4871425285593805,2022
20대대통령선거,강원도,화천군,20220309,1,21088,16494,16267,227,6445,9015,12,6.0,4,18,7,18,742,화천군,대한민국,0.39620089752259174,0.5541894633306694,0.0007376898014384951,0.00036884490071924757,0.0002458966004794984,0.0011065347021577427,0.00043031905083912216,0.0011065347021577427,0.04561381938894695,2022,32570,화천군,22545,12130,10415,1760,1503,2935,2674,2479,3465,4073,2128,1499,195,2396,14502,5647,0.1301840762918607,0.1186072299844755,0.1099578620536704,0.1536926147704591,0.1806609004213794,0.1695276114437791,0.2504768241295187,0.6432468396540253,0.4619649589709469,2022
20대대통령선거,강원도,횡성군,20220309,1,41685,32625,32339,286,12557,18550,19,12.0,7,30,25,18,1121,횡성군,대한민국,0.38829277343146046,0.5736108104765144,0.0005875258975231145,0.00037106898790933545,0.00021645690961377904,0.0009276724697733387,0.0007730603914777823,0.0005566034818640033,0.03466402795386376,2022,32520,횡성군,44864,22926,21938,2198,3253,3510,3459,4617,7807,10748,5617,3396,515,3302,27225,14337,0.0782364479315263,0.0770996790299572,0.1029110199714693,0.1740148002853067,0.2395684736091298,0.2123751783166904,0.3195657988587732,0.6068339871611983,0.4889889443651926,2022
20대대통령선거,경기도,가평군,20220309,1,55618,42512,42049,463,16684,23876,30,16.0,18,47,30,30,1318,가평군,대한민국,0.39677519084877166,0.5678137411115604,0.0007134533520416656,0.0003805084544222217,0.0004280720112249994,0.0011177435848652763,0.0007134533520416656,0.0007134533520416656,0.03134438393303051,2022,31570,가평군,59755,30570,29185,3300,4626,5542,5313,7236,10550,12676,6681,3730,506,4923,38100,16732,0.0927453769559032,0.0889130616684796,0.1210944690820851,0.1765542632415697,0.2121328759099656,0.1826960087022006,0.280010041000753,0.6376035478202661,0.4884110116308259,2022
20대대통령선거,경기도,고양시덕양구,20220309,1,414210,323033,320589,2444,167037,139960,165,89.0,86,208,48,81,12915,고양시덕양구,대한민국,0.5210316012090246,0.4365714357011625,0.000514677671411059,0.00027761401670051063,0.0002682562408566732,0.0006488057918393956,0.00014972441350139898,0.0002526599477836108,0.040285225007720166,2022,31101,고양시 덕양구,473370,232645,240725,39853,38763,56982,69048,76091,82714,63936,30802,17141,2335,55882,340752,76736,0.1203751822041954,0.1458647569554471,0.1607431818661934,0.1747343515643154,0.1350655935103618,0.1062128990007816,0.1621057523712951,0.7198428290766208,0.5085345501404821,2022
20대대통령선거,경기도,고양시일산동구,20220309,1,256654,197004,195523,1481,96990,91861,90,51.0,53,120,24,49,6285,고양시일산동구,대한민국,0.4960541726548795,0.46982196467934717,0.0004603039028656475,0.0002608388782905336,0.0002710678539097702,0.0006137385371541967,0.00012274770743083934,0.000250609902671297,0.032144555883451054,2022,31103,고양시 일산동구,290321,140807,149514,21113,26672,37824,37603,47121,56018,38098,16044,10613,1817,31642,215318,43361,0.1302833759872692,0.1295221496205923,0.1623065503356629,0.1929519394050034,0.1312271589034207,0.098077645089401,0.149355368712563,0.7416549267879348,0.5149954705308951,2022
20대대통령선거,경기도,고양시일산서구,20220309,1,251203,197311,195857,1454,99597,89695,108,43.0,47,130,33,63,6141,고양시일산서구,대한민국,0.5085189704733556,0.45796167612084326,0.0005514227216795928,0.00021954793548354157,0.0002399709992494524,0.0006637495723921024,0.00016849027606876446,0.0003216632543130958,0.03135450864661462,2022,31104,고양시 일산서구,280551,135901,144650,21650,29113,34538,33381,45803,55238,36243,15721,10215,1483,33392,205596,41563,0.1231077415514469,0.1189837141910027,0.1632608687903447,0.1968911178359728,0.1291850679555588,0.0977326760553339,0.1481477521021133,0.7328293251494381,0.5155925304133652,2022
20대대통령선거,경기도,과천시,20220309,1,63841,54194,53705,489,21072,30944,30,19.0,20,28,7,12,1573,과천시,대한민국,0.39236570151754957,0.5761847127827949,0.0005586072060329579,0.0003537845638208733,0.0003724048040219719,0.0005213667256307607,0.00013034168140769017,0.00022344288241318312,0.029289637836328087,2022,31110,과천시,73406,36168,37238,7681,6839,8597,10898,11212,12643,9672,4142,2141,365,10568,52191,10647,0.1171157671035065,0.1484619785848568,0.1527395580742718,0.172233877339727,0.1317603465656758,0.0905648039669781,0.145042639566248,0.7109909271721657,0.5072882325695447,2022
20대대통령선거,경기도,광명시,20220309,1,247357,198669,197058,1611,103470,87136,98,46.0,30,151,50,75,6002,광명시,대한민국,0.5250738361294645,0.44218453450253226,0.0004973155111693004,0.00023343381136518181,0.0001522394421946838,0.0007662718590465751,0.00025373240365780635,0.0003805986054867095,0.03045803773508307,2022,31060,광명시,284031,139684,144347,23082,27819,32959,38239,48121,48851,40156,18230,8247,1113,34184,205013,44834,0.1160401505469473,0.1346296707049582,0.1694216476370537,0.1719917896285968,0.1413789339895997,0.0971372843105154,0.157848967190201,0.7217979727564949,0.5082086110318944,2022
20대대통령선거,경기도,광주시,20220309,1,327252,244873,243206,1667,130220,105707,99,47.0,56,143,51,83,6800,광주시,대한민국,0.5354308693042112,0.4346397704004013,0.00040706232576498934,0.0001932518112217626,0.00023025747720039803,0.0005879789149938735,0.00020969877387893391,0.0003412744751363042,0.027959836517191188,2022,31250,광주시,392926,202013,190913,35808,33513,44813,57867,68734,66002,54298,24302,10079,1363,49540,284712,58674,0.1140494647847177,0.147272005415778,0.1749286125122796,0.1679756493589123,0.1381888701689376,0.0909687829260471,0.1493258272550047,0.7245944528995282,0.4858752029644259,2022
20대대통령선거,경기도,구리시,20220309,1,164281,127688,126654,1034,63465,58883,36,31.0,32,107,28,54,4018,구리시,대한민국,0.5010895826424748,0.4649122807017544,0.00028423895021081056,0.0002447613182370869,0.0002526568446318316,0.0008448213242376869,0.00022107473905285267,0.00042635842531621584,0.03172422505408436,2022,31120,구리시,184114,90974,93140,14401,16038,23160,23997,29944,33701,26278,11896,5674,706,20839,134398,28877,0.1257916290993623,0.1303377255396113,0.1626383653605918,0.1830442008755445,0.1427267888373507,0.0992645860716729,0.1568430428973353,0.7299716480006953,0.5058822251431179,2022
20대대통령선거,경기도,군포시,20220309,1,229884,183089,181469,1620,94891,80301,79,47.0,42,118,35,58,5898,군포시,대한민국,0.522904738550386,0.44250533148912485,0.0004353360629088164,0.0002589974045153718,0.00023144448914139606,0.000650248802825827,0.00019287040761783005,0.00031961381833811836,0.03250141897514176,2022,31160,군포시,267750,132765,134985,19749,23806,34240,38030,41780,47901,38619,15830,8656,1408,29210,197360,41180,0.1278804855275443,0.1420354808590102,0.1560410830999066,0.1789019607843137,0.144235294117647,0.0967096171802054,0.1538001867413632,0.7371055088702148,0.5041456582633054,2022
20대대통령선거,경기도,김포시,20220309,1,391889,302170,299953,2217,153206,136845,114,54.0,73,197,79,78,9307,김포시,대한민국,0.510766686780929,0.45622147469770263,0.0003800595426616837,0.00018002820441869225,0.00024337146152897287,0.0006567695605644885,0.00026337459535327203,0.0002600407397158888,0.03102819441712535,2022,31230,김포시,491249,251461,239788,56161,49043,51365,78562,94252,70940,55646,27730,12288,1676,78148,347415,65686,0.1045600092824616,0.1599229718533778,0.1918619681668563,0.1444074186410557,0.1132745308387396,0.0848734552131403,0.1337122314752803,0.7072075464784661,0.4881190597843456,2022
20대대통령선거,경기도,남양주시,20220309,1,608146,460518,457081,3437,239179,203131,186,100.0,107,322,97,156,13803,남양주시,대한민국,0.5232748681305939,0.4444091966194176,0.00040693006272411237,0.00021877960361511416,0.00023409417586817217,0.0007044703236406677,0.00021221621550666074,0.0003412961816395781,0.03019814868699421,2022,31130,남양주시,719886,357413,362473,67543,75295,80080,88703,128812,121640,92056,47893,22808,3343,99268,506832,113786,0.1112398351961282,0.1232181206468802,0.1789338867542916,0.1689711982174955,0.1278758025576271,0.102855174291485,0.1580611374578752,0.7040448070944566,0.5035144453427348,2022
20대대통령선거,경기도,동두천시,20220309,1,81075,57532,57032,500,28495,26445,26,14.0,22,61,24,32,1913,동두천시,대한민국,0.49963178566418853,0.4636870528825922,0.00045588441576658716,0.00024547622387431617,0.00038574835180249685,0.0010695749754523775,0.00042081638378454203,0.0005610885117127227,0.0335425725908262,2022,31080,동두천시,94142,47054,47088,6313,8441,10904,10518,13563,16247,14401,8527,5276,722,9557,63817,20768,0.1158250302734167,0.1117248411973401,0.1440695969917783,0.1725797199974506,0.1529710437424316,0.1542882029274925,0.2206029189947101,0.6778802234921714,0.5001805782753712,2022
20대대통령선거,경기도,부천시,20220309,1,699678,532995,528476,4519,285227,224407,351,126.0,125,323,118,218,17581,부천시,대한민국,0.5397160892831463,0.424630446794178,0.0006641739643805963,0.0002384214231109833,0.00023652918959422945,0.0006111914259114889,0.0002232835549769526,0.00041250690665233615,0.033267357458049186,6066.0,93156.0,부천시,810142.0,400250.0,409892.0,57519.0,65128.0,104664.0,115219.0,124281.0,145590.0,126840.0,50845.0,22983.0,3554.0,82943.0,598167.0,129032.0,0.1291921663115849,0.14222074648641844,0.15340643985869143,0.17970923615859935,0.1565651453695772,0.09551658844992607,0.15927084387675247,0.7383483389331746,0.5059508086236734,2022
20대대통령선거,경기도,성남시분당구,20220309,1,404493,335434,332885,2549,140966,183125,105,45.0,82,229,42,81,8210,성남시분당구,대한민국,0.4234675638734097,0.5501149045466152,0.00031542424561034594,0.0001351818195472911,0.00024633131561950825,0.0006879252594739926,0.00012616969824413838,0.00024332727518512398,0.024663171966294667,2022,31023,성남시 분당구,459088,222850,236238,40454,48574,54208,65386,80560,77687,54582,26339,13907,2342,60502,332914,65672,0.1180775798975359,0.1424258529955041,0.1754783396647266,0.1692202802077161,0.1188922385250758,0.0927665284215662,0.1430488272400934,0.7251638030181577,0.514581082493988,2022
20대대통령선거,경기도,성남시수정구,20220309,1,207998,161006,159710,1296,86224,68825,57,22.0,38,109,19,66,4350,성남시수정구,대한민국,0.5398785298353266,0.43093732389956796,0.00035689687558700144,0.00013774967127919353,0.0002379312503913343,0.0006824870077014589,0.00011896562519566715,0.00041324901383758063,0.027236866821113266,2022,31021,성남시 수정구,242193,122391,119802,15751,17069,35261,35172,35845,41776,36897,17846,7268,877,21983,178290,41920,0.1455905001383194,0.1452230246126023,0.1480018002171821,0.1724905344085089,0.152345443509928,0.1073152403248648,0.1730851015512421,0.7361484435966358,0.4946550891231373,2022
20대대통령선거,경기도,성남시중원구,20220309,1,186278,142368,141245,1123,80857,56087,65,28.0,25,94,38,69,3982,성남시중원구,대한민국,0.5724592020956494,0.3970901624836277,0.0004601932811780948,0.0001982371057382562,0.00017699741583772878,0.0006655102835498601,0.00026903607207334773,0.0004885128677121314,0.028192148394633437,2022,31022,성남시 중원구,203409,102340,101069,12819,14547,27437,30140,29986,35261,32044,15418,6364,783,18358,149053,35998,0.1348858703400537,0.1481743678991588,0.1474172725887251,0.1733502450727352,0.1575348190099749,0.1109341277917889,0.1769734869155249,0.7327748526368056,0.4968757527936325,2022
20대대통령선거,경기도,수원시권선구,20220309,1,311536,235055,232750,2305,121028,103196,121,55.0,63,187,48,99,7953,수원시권선구,대한민국,0.5199914070891515,0.4433770139634801,0.0005198711063372718,0.00023630504833512352,0.0002706766917293233,0.00080343716433942,0.0002062298603651987,0.00042534908700322233,0.03416970998925886,2022,31012,수원시 권선구,371343,187584,183759,32301,31760,50132,58765,61838,64315,47343,19113,8269,1115,45251,279052,47040,0.1350018715850305,0.1582499198853889,0.1665252879413372,0.173195670848784,0.1274912951099118,0.076740372108805,0.1266753378951535,0.751466972583299,0.4948497750058571,2022
20대대통령선거,경기도,수원시영통구,20220309,1,295828,239154,236891,2263,114418,114267,131,45.0,46,121,40,71,7752,수원시영통구,대한민국,0.48299850986318604,0.4823610859002664,0.0005529969479634093,0.00018996078365155283,0.0001941821343993651,0.0005107834404852865,0.0001688540299124914,0.0002997159030946722,0.032723910997040834,2022,31014,수원시 영통구,363819,182734,181085,35579,41002,58900,60471,65535,55927,31802,12189,5795,811,51812,281436,30571,0.1618936888947526,0.1662117701384479,0.1801307793160885,0.1537220431038511,0.0874115975251429,0.0516603036125106,0.0840280469134377,0.773560479249297,0.4977337632174241,2022
20대대통령선거,경기도,수원시장안구,20220309,1,234723,183882,182073,1809,91842,83497,122,27.0,38,170,46,68,6263,수원시장안구,대한민국,0.5044240496943534,0.45859078501480177,0.0006700609096351464,0.00014829216852581107,0.0002087074964437341,0.0009336914314588105,0.0002526459167476781,0.0003734765725835242,0.034398290795450176,2022,31011,수원시 장안구,276081,139587,136494,18683,27473,43962,33981,42927,49752,35370,16495,8496,1294,28822,206828,40431,0.1592358764275701,0.1230834429026264,0.1554869766481576,0.1802079824399361,0.1281145750703597,0.0952075658955161,0.1464461516728786,0.749156950315306,0.4943983830832256,2022
20대대통령선거,경기도,수원시팔달구,20220309,1,161747,119627,118547,1080,58024,56065,63,30.0,24,97,28,39,4177,수원시팔달구,대한민국,0.4894598766733869,0.4729347853593933,0.0005314347895771297,0.00025306418551291894,0.00020245134841033515,0.0008182408664917712,0.00023619323981205766,0.0003289834411667946,0.03523497009624874,2022,31013,수원시 팔달구,205106,103974,101132,13436,13580,30585,33343,30836,36177,28494,13236,5952,726,18584,154777,31745,0.149118017025343,0.1625647226312248,0.1503417744970893,0.1763819683480736,0.1389232884459742,0.0970912601289089,0.1547736292453658,0.754619562567648,0.493071875030472,2022
20대대통령선거,경기도,시흥시,20220309,1,424723,317197,314765,2432,178462,125595,151,47.0,50,218,57,136,10049,시흥시,대한민국,0.5669690086254825,0.39901196130446526,0.00047972296792845454,0.00014931774498435342,0.0001588486648769717,0.0006925801788635966,0.00018108747795974776,0.00043206836846536306,0.03192540466697377,2022,31150,시흥시,557663,294555,263108,53768,51268,71380,90807,101731,98259,61420,22240,10904,1616,74747,425094,57822,0.1279984506772011,0.1628349020824404,0.1824237935814282,0.176197811222907,0.1101382017454986,0.062331551492568,0.1036862764788053,0.7622775762422825,0.471804656217106,2022
20대대통령선거,경기도,안산시단원구,20220309,1,260659,192948,191175,1773,103595,80634,134,55.0,35,136,41,84,6461,안산시단원구,대한민국,0.5418857068131293,0.421781090623774,0.0007009284686805283,0.0002876945207270825,0.00018307833137177977,0.0007113900876160586,0.00021446318817837061,0.00043938799529227146,0.03379625997123055,2022,31092,안산시 단원구,352941,185123,167818,24977,29036,50368,55071,57901,69012,45184,15341,7538,1171,36063,276117,40761,0.1427094046880356,0.156034578017289,0.164052915359791,0.1955340977670489,0.128021397344032,0.068141700737517,0.1154895577447788,0.7823318911659456,0.4754845710756188,2022
20대대통령선거,경기도,안산시상록구,20220309,1,303413,222254,220195,2059,121488,90686,165,60.0,48,152,58,106,7432,안산시상록구,대한민국,0.5517291491632417,0.41184404732169216,0.0007493358159812893,0.0002724857512659234,0.0002179886010127387,0.0006902972365403393,0.00026340289289039263,0.0004813914939031313,0.03375190172347238,2022,31091,안산시 상록구,362147,184512,177635,24916,32449,58127,47897,55745,70751,46496,17801,9469,1395,36942,279302,45903,0.160506645091634,0.1322584475364976,0.1539292055436052,0.1953654179104065,0.1283898527393572,0.0791529406566946,0.1267523961264348,0.7712393033768056,0.4905052368237207,2022
20대대통령선거,경기도,안성시,20220309,1,162452,117380,116123,1257,56723,54819,87,24.0,30,75,25,54,4286,안성시,대한민국,0.48847342903645274,0.47207702177863126,0.0007492055837344884,0.00020667740240951405,0.00025834675301189254,0.0006458668825297314,0.0002152889608432438,0.0004650241554214066,0.036909139446965715,2022,31220,안성시,208619,109080,99539,14878,19558,29558,27616,32581,33432,28631,14503,8356,1281,22113,150182,36324,0.1416841227309113,0.1323752870064567,0.1561746533153739,0.1602538599072951,0.1372406156677963,0.1157133338765884,0.1741164515216735,0.7198864916426596,0.477132955291704,2022
20대대통령선거,경기도,안양시동안구,20220309,1,262895,216629,214914,1715,105221,102577,72,47.0,42,144,40,67,6704,안양시동안구,대한민국,0.48959583833533415,0.47729324287854674,0.00033501772802144115,0.0002186921280139963,0.00019542700801250732,0.0006700354560428823,0.00018612096001191175,0.00031175260801995214,0.031193872897996407,2022,31042,안양시 동안구,304493,149215,155278,25558,30639,37694,44792,50090,52974,40703,16194,7672,1167,38048,225050,41395,0.1237926651844213,0.1471035458943227,0.1645029606591941,0.1739744427622309,0.133674665755863,0.0822120705566302,0.1359472959969523,0.7390974505161039,0.5099558938957546,2022
20대대통령선거,경기도,안양시만안구,20220309,1,209083,162812,161370,1442,82650,73164,72,39.0,40,145,46,68,5146,안양시만안구,대한민국,0.5121769845696226,0.45339282394497116,0.0004461795872838818,0.00024168060977876928,0.0002478775484910454,0.0008985561132800397,0.00028505918076470225,0.0004213918324347772,0.03188944661337299,2022,31041,안양시 만안구,236296,117602,118694,15767,16965,31628,33427,33340,42097,38051,17395,8036,1167,22038,171798,42460,0.1338490706571418,0.1414624030876528,0.1410942208078003,0.1781536716660459,0.1610310796627958,0.1125622101093543,0.1796898804888783,0.7270457392423063,0.5023106612045909,2022
20대대통령선거,경기도,양주시,20220309,1,197345,145562,144334,1228,75236,63820,65,36.0,31,111,41,70,4924,양주시,대한민국,0.5212631812324192,0.4421688583424557,0.00045034434021089975,0.0002494214807321906,0.00021477960840827524,0.000769049565590921,0.000284063353056106,0.00048498621253481507,0.03411531586459185,2022,31260,양주시,242995,124291,118704,21544,23952,28130,30734,40173,40217,32457,17261,9566,1593,31326,169060,42609,0.1157636988415399,0.1264799687236363,0.1653243893907282,0.1655054630753719,0.1335706496018436,0.1169571390357826,0.1753492870223667,0.695734480133336,0.4885038786806313,2022
20대대통령선거,경기도,양평군,20220309,1,106406,83065,82424,641,34324,45499,40,21.0,26,80,34,48,2352,양평군,대한민국,0.41643210715325635,0.5520115500339707,0.00048529554498689704,0.00025478016111812093,0.00031544210424148305,0.0009705910899737941,0.00041250121323886245,0.0005823546539842764,0.028535378045229546,2022,31580,양평군,116950,58451,58499,7348,9514,9596,10221,15275,20082,24263,13456,7065,1064,11101,73193,32656,0.0820521590423257,0.0873963232150491,0.1306113723813595,0.1717144078666096,0.20746472851646,0.1845660538691748,0.2792304403591278,0.6258486532706284,0.5002052159042326,2022
20대대통령선거,경기도,여주시,20220309,1,98077,72566,71950,616,30695,38743,39,19.0,17,74,39,49,2275,여주시,대한민국,0.4266157053509382,0.5384711605281446,0.000542043085476025,0.0002640722724113968,0.00023627519110493397,0.0010284920083391243,0.000542043085476025,0.0006810284920083391,0.03161917998610146,2022,31280,여주시,113831,58240,55591,7380,9354,12674,12366,15763,19545,20038,10546,6071,966,10983,76327,26521,0.1113404959984538,0.1086347304337131,0.1384772162240514,0.1717019089703156,0.1760328908645272,0.154465830924792,0.2329857420210663,0.670529117727157,0.4883643295763017,2022
20대대통령선거,경기도,연천군,20220309,1,37817,28904,28549,355,12013,15330,17,7.0,13,64,22,27,1056,연천군,대한민국,0.42078531647343165,0.5369715226452766,0.0005954674419419244,0.0002451924760937336,0.0004553574556026481,0.0022417597814284214,0.0007706049248660199,0.0009457424077901152,0.03698903639356895,2022,31550,연천군,41288,21840,19448,2573,2710,4772,4290,4577,6589,7940,4719,2987,385,3704,25787,11797,0.1155783762836659,0.103904282115869,0.1108554543693082,0.159586320480527,0.1923076923076923,0.1959649292772718,0.2857246657624491,0.6245640379771362,0.4710327455919395,2022
20대대통령선거,경기도,오산시,20220309,1,188297,135108,133882,1226,72877,55805,65,38.0,17,74,26,58,4922,오산시,대한민국,0.5443375509777266,0.41682227633289015,0.00048550215861728984,0.00028383203119164635,0.00012697748763836812,0.0005527255344258377,0.00019420086344691594,0.0004332173107661971,0.03676371730329693,2022,31140,오산시,242596,126049,116547,23845,25241,30437,39849,46917,37552,25031,10917,5072,677,34411,181548,26637,0.1254637339445003,0.1642607462612738,0.1933956042144141,0.154792329634454,0.1031797721314448,0.0686985770581543,0.1097998318191561,0.7483552902768389,0.4804160002638131,2022
20대대통령선거,경기도,용인시기흥구,20220309,1,361753,289459,287327,2132,143279,135637,93,40.0,75,150,37,84,7932,용인시기흥구,대한민국,0.4986618034504241,0.47206492950540674,0.0003236730275957359,0.0001392142054175208,0.00026102663515785153,0.0005220532703157031,0.00012877314001120675,0.0002923498313767937,0.027606176934294374,2022,31192,용인시 기흥구,431163,212735,218428,40915,47526,55290,53906,78382,71002,45675,27541,13976,2111,60507,307204,63452,0.128234565581926,0.1250246426525467,0.1817920368862819,0.1646755403408919,0.1059344145949443,0.1011867901466498,0.1471647613547544,0.7125008407493222,0.5066019115740451,2022
20대대통령선거,경기도,용인시수지구,20220309,1,304545,250764,248865,1899,113161,129029,81,32.0,73,146,26,54,6263,용인시수지구,대한민국,0.4547083760271633,0.5184698531332248,0.0003254776686155144,0.00012858377031724026,0.0002933317260362044,0.0005866634520724088,0.00010447431338275772,0.00021698511241034297,0.02516625479677737,2022,31193,용인시 수지구,364474,177700,186774,37041,42387,43361,47955,67771,58073,36167,23583,11144,1421,54798,257450,52226,0.118968705586681,0.1315731712001404,0.1859419327578922,0.1593337247650038,0.09923067214671,0.0991785422279778,0.1432914281951524,0.7063603988213151,0.5124480758572628,2022
20대대통령선거,경기도,용인시처인구,20220309,1,220689,162420,161007,1413,80188,75132,78,33.0,44,105,46,69,5312,용인시처인구,대한민국,0.49804045786829143,0.46663809648027726,0.00048445098660306697,0.00020496003279360525,0.000273280043724807,0.000652145558888744,0.0002857018638941164,0.0004285527958411746,0.03299235436968579,2022,31191,용인시 처인구,268863,139323,129540,21216,25418,39358,35580,43435,44511,35188,16926,8463,1304,30943,196550,41370,0.1463868215410822,0.132335055399962,0.1615506782264573,0.1655527164392274,0.1308770637834138,0.0992810464809215,0.153870186674998,0.7310414597769124,0.4818067194072817,2022
20대대통령선거,경기도,의왕시,20220309,1,139712,113105,112238,867,54997,53578,52,30.0,15,77,17,35,3437,의왕시,대한민국,0.4900033856626098,0.4773606087064987,0.00046330119923733496,0.0002672891534061548,0.0001336445767030774,0.0006860421604091306,0.00015146385359682103,0.0003118373456405139,0.030622427341898465,2022,31170,의왕시,157318,77880,79438,13093,13699,20220,21717,22877,28271,23800,9487,4720,785,18302,114252,24764,0.1285294753302228,0.1380452332218817,0.1454188331913703,0.1797060730494921,0.151285930408472,0.0952974230539417,0.1574136462451849,0.7262487445810397,0.5049517537726135,2022
20대대통령선거,경기도,의정부시,20220309,1,398960,295029,292628,2401,154851,127381,152,51.0,65,226,72,112,9718,의정부시,대한민국,0.5291735582377626,0.4353001079869322,0.0005194308131826073,0.0001742827070546906,0.0002221250187951939,0.0007723116038109818,0.00024604617466544555,0.0003827384939240264,0.03320939896387222,2022,31030,의정부시,455128,223559,231569,35383,39359,59699,59806,71069,80218,63184,32088,16300,2090,50932,327162,77034,0.1311696929215517,0.131404791619061,0.1561516760120229,0.1762537132411102,0.1388268794712696,0.1109094584380657,0.1692578791021426,0.7188351408834438,0.5087997222759312,2022
20대대통령선거,경기도,이천시,20220309,1,187895,137512,136138,1374,63562,67747,68,34.0,36,77,47,64,4503,이천시,대한민국,0.4668938870851636,0.49763475297124976,0.0004994931613509821,0.00024974658067549105,0.00026443755600934345,0.0005656025503533179,0.00034523792034553175,0.00047011121068327725,0.03307673096416871,2022,31210,이천시,227193,118763,108430,19043,21660,32120,33787,35427,35919,29369,13657,7447,1000,27628,165575,33990,0.1413775952604173,0.1487149692111992,0.1559335014723165,0.1580990611506516,0.1292689475467994,0.0972917299388625,0.1496084826557156,0.7287856580088296,0.47725942260545,2022
20대대통령선거,경기도,파주시,20220309,1,401260,297278,294801,2477,157155,126808,154,98.0,88,211,84,119,10084,파주시,대한민국,0.5330884223594899,0.43014779461399383,0.0005223862876991598,0.000332427637626738,0.0002985064501138056,0.0007157370565228747,0.0002849379751086326,0.00040366213140389617,0.034206125488041084,2022,31200,파주시,490765,251118,239647,47884,49917,57464,73047,83755,78541,56883,29477,16831,2489,68701,349583,72481,0.1170906645746946,0.1488431326602345,0.1706621295324646,0.1600379000132446,0.1159067985695801,0.0994304809837702,0.1476898311819302,0.7123225983923059,0.4883131437653459,2022
20대대통령선거,경기도,평택시,20220309,1,472732,338768,335805,2963,166032,156677,166,108.0,71,220,87,140,12304,평택시,대한민국,0.49442980301067585,0.46657137326722353,0.0004943345096112327,0.00032161522312056107,0.0002114322300144429,0.0006551421211715132,0.0002590789297360075,0.00041690862256369023,0.03664031208588318,2022,31070,평택시,590205,310646,279559,56835,53620,79636,96528,102454,95672,64393,29432,15642,2028,79548,437972,72685,0.1349293889411306,0.1635499529824383,0.1735905321032522,0.1620996094577307,0.1091027693767419,0.0798061690429596,0.1231521251090722,0.7420675866859819,0.4736642353080709,2022
20대대통령선거,경기도,포천시,20220309,1,131901,95968,95063,905,44320,47323,49,26.0,22,113,43,50,3117,포천시,대한민국,0.4662171402122803,0.49780671765040024,0.0005154476505054542,0.0002735028349620778,0.00023142547573714274,0.001188685398104415,0.0004523316116680517,0.000525966990311688,0.03278878217603063,2022,31270,포천시,163542,89523,74019,8729,12466,26648,20452,20590,28433,26601,12174,7363,1126,12939,118876,31727,0.1629428526005552,0.1250565603942718,0.125900380330435,0.1738574800357094,0.1626554646512822,0.1263467488473909,0.1939990950336916,0.7268836139951816,0.4525993322816157,2022
20대대통령선거,경기도,하남시,20220309,1,265087,208858,207371,1487,101106,100115,81,39.0,35,114,37,39,5805,하남시,대한민국,0.48756094150098134,0.4827820669235332,0.00039060427928688194,0.00018806872706405428,0.0001687796268523564,0.0005497393560333894,0.00017842417695820533,0.00018806872706405428,0.02799330668222654,2022,31180,하남시,315203,157092,158111,35291,28195,34328,51601,57690,45724,39360,18522,6997,1106,47896,223554,43753,0.1089075928845854,0.163707198218291,0.1830249077578576,0.1450620711097293,0.1248719079450386,0.0844693737051995,0.1388089580365669,0.7092381734945417,0.5016164186254572,2022
20대대통령선거,경기도,화성시,20220309,1,703896,542027,537699,4328,283324,236113,194,100.0,90,223,117,177,17361,화성시,대한민국,0.5269193359109836,0.4391174244326287,0.00036079665389000164,0.00018597765664433075,0.0001673798909798977,0.0004147301743168576,0.000217593858273867,0.00032918045226046545,0.03228758097002226,2022,31240,화성시,931472,492101,439371,109888,102175,116215,165864,181157,130916,83359,35424,16548,2326,154889,689106,87477,0.1247648882628785,0.1780665441365924,0.1944846436607863,0.1405474345981414,0.0894916862772042,0.0582926808320593,0.0939126457907484,0.7398032361681296,0.4716953381314736,2022
20대대통령선거,경상남도,거제시,20220309,1,194074,145481,143983,1498,64355,71824,84,73.0,25,122,79,102,7319,거제시,대한민국,0.4469624886271296,0.4988366682177757,0.0005834022072050173,0.000507004299118646,0.0001736316092872075,0.0008473222533215727,0.0005486758853475757,0.0007084169658918067,0.050832389934922874,2022,38090,거제시,236686,125420,111266,25206,26645,19777,31871,47518,40966,29853,12045,5270,795,37196,169104,30386,0.0835579628706387,0.1346551971810753,0.2007638812604041,0.1730816355846987,0.1261291331130696,0.0765148762495458,0.128381061828752,0.7144655788682052,0.4700996256643823,2022
20대대통령선거,경상남도,거창군,20220309,1,53049,41399,40945,454,11963,27272,46,19.0,12,42,62,52,1477,거창군,대한민국,0.292172426425693,0.6660642325070216,0.0011234582977164489,0.0004640371229698376,0.00029307607766516057,0.001025766271828062,0.0015142264012699964,0.0012699963365490291,0.03607278055928685,2022,38590,거창군,58702,28951,29751,3707,5594,5063,4664,7021,9772,10781,6801,5005,776,5761,35506,17435,0.0862491908282511,0.0794521481380532,0.1196041020748867,0.1664679227283567,0.1836564341930428,0.2143368198698511,0.2970086198085244,0.6048516234540561,0.5068140778849102,2022
20대대통령선거,경상남도,고성군,20220309,1,45053,34327,33935,392,10348,22224,25,14.0,12,43,51,31,1187,고성군,대한민국,0.3049359068808015,0.6548990717548254,0.0007367025195226168,0.0004125534109326654,0.0003536172093708561,0.0012671283335789008,0.0015028731398261381,0.0009135111242080448,0.034978635626933846,2022,38540,고성군,48298,24498,23800,2322,3892,3216,3652,5773,8290,9929,6618,4287,662,3834,28336,16128,0.0665866081411238,0.0756138970557787,0.1195287589548221,0.1716427181249741,0.2055778707192844,0.2394923185225061,0.3339268706778748,0.5866909602882107,0.4927740279100583,2022
20대대통령선거,경상남도,김해시,20220309,1,444342,328521,325158,3363,150338,160449,162,75.0,67,251,106,171,13539,김해시,대한민국,0.46235368651547865,0.49344933847544886,0.0004982193272193826,0.00023065709593489934,0.00020605367236851009,0.0007719324143954632,0.00032599536225465773,0.0005258981787315705,0.04163821895816803,2022,38070,김해시,547313,280568,266745,49740,58076,66393,72330,97169,100037,65937,28387,13611,1853,73706,403628,69979,0.1213071861987564,0.1321547268199366,0.1775382642107898,0.1827784101601825,0.1204740249180998,0.0801205160484037,0.127859195743569,0.7374719767299516,0.4873719425630307,2022
20대대통령선거,경상남도,남해군,20220309,1,38680,30297,29908,389,10143,18506,19,21.0,12,29,44,46,1088,남해군,대한민국,0.3391400294235656,0.6187642102447506,0.0006352815300254113,0.0007021532700280861,0.00040123044001604924,0.0009696402300387856,0.001471178280058847,0.001538050020061522,0.03637822656145513,2022,38550,남해군,40491,20138,20353,1615,2648,2772,2564,4123,6568,8531,6323,4730,824,2635,22001,15855,0.0684596577017114,0.0633227136894618,0.1018250969351213,0.1622088859252673,0.2106887950408733,0.2933244424686967,0.391568496702971,0.5433553135264627,0.5026549109678694,2022
20대대통령선거,경상남도,밀양시,20220309,1,92517,70249,69517,732,21906,44892,37,27.0,22,74,55,63,2441,밀양시,대한민국,0.3151171655853964,0.6457700994001467,0.0005322439115612008,0.00038839420573384925,0.00031646935282017346,0.0010644878231224016,0.0007911733820504337,0.000906253146712315,0.03511371319245652,2022,38080,밀양시,101574,49645,51929,5495,7080,9323,9042,12159,17070,21343,12670,7155,896,8274,62560,30740,0.0917852993876385,0.0890188434048083,0.119705830232146,0.1680548171776242,0.2101226691869966,0.2039990548762478,0.3026365014669108,0.6159056451454112,0.5112430346348475,2022
20대대통령선거,경상남도,사천시,20220309,1,94303,71772,71016,756,23424,44669,34,25.0,16,65,65,64,2654,사천시,대한민국,0.3298411625549172,0.6289990987946378,0.0004787653486538245,0.00035203334459840035,0.00022530134054297624,0.000915286695955841,0.000915286695955841,0.000901205362171905,0.037371859862566185,2022,38060,사천시,109350,56209,53141,8150,9552,9755,11980,17407,17967,17354,10856,6327,1021,12362,70929,26059,0.0892089620484682,0.1095564700502972,0.1591860996799268,0.1643072702331961,0.1587014174668495,0.166474622770919,0.2383081847279378,0.648641975308642,0.4859716506630087,2022
20대대통령선거,경상남도,산청군,20220309,1,31645,24913,24646,267,7125,16611,24,9.0,9,34,42,28,764,산청군,대한민국,0.28909356487868215,0.6739836078876897,0.0009737888501176661,0.0003651708187941248,0.0003651708187941248,0.0013795342043333603,0.0017041304877059157,0.0011360869918039438,0.03099894506207904,2022,38570,산청군,32811,16008,16803,1235,1937,1923,2032,3096,5690,7599,4999,3837,592,1963,17871,12977,0.0586083935265612,0.0619304501539118,0.0943585992502514,0.1734174514644479,0.2315991588186888,0.2873426594739569,0.3955076041571424,0.5446648989668099,0.5121148395355216,2022
20대대통령선거,경상남도,양산시,20220309,1,294133,220501,218398,2103,92137,116946,107,57.0,48,169,83,126,8725,양산시,대한민국,0.4218765739613,0.5354719365561955,0.000489931226476433,0.00026099140102015585,0.00021978223243802598,0.0007738166100422165,0.00038004011025741995,0.0005769283601498183,0.03994999954212035,2022,38100,양산시,352842,177197,175645,34630,34562,37535,47247,61481,59268,47558,22826,10464,1295,49118,249149,54575,0.1063790591822969,0.1339041270597037,0.1742451295480696,0.1679732004693319,0.1347855414038011,0.098018376497129,0.1546726296756055,0.7061205865514877,0.4978007153343423,2022
20대대통령선거,경상남도,의령군,20220309,1,24419,19089,18797,292,5396,12631,22,9.0,7,25,47,47,613,의령군,대한민국,0.2870670851731659,0.6719689312124275,0.0011703995318401873,0.0004787998084800766,0.0003723998510400596,0.0013299994680002127,0.0025003989998404,0.0025003989998404,0.032611586955365215,2022,38510,의령군,25032,12414,12618,1060,1277,1596,1888,2483,4120,5685,3703,2894,461,1585,13753,9694,0.0637583892617449,0.0754234579737935,0.0991930329178651,0.1645893256631511,0.2271093000958772,0.2819590923617769,0.3872643016938319,0.5494167465643975,0.5040747842761265,2022
20대대통령선거,경상남도,진주시,20220309,1,292842,228238,225760,2478,74975,141473,105,76.0,33,184,125,138,8651,진주시,대한민국,0.3321004606661942,0.6266521970233877,0.00046509567682494684,0.00033664068036853297,0.00014617292700212615,0.000815024805102764,0.0005536853295535081,0.000611268603827073,0.03831945428773919,2022,38030,진주시,351119,174881,176238,28584,35199,47968,41378,52441,56749,50045,26572,13717,1891,42247,245125,63747,0.1366146520125655,0.1178460863695784,0.1493539227441409,0.1616232673253227,0.1425300254329728,0.1201302122642181,0.1815538321765555,0.6981251370617939,0.5019323932911633,2022
20대대통령선거,경상남도,창녕군,20220309,1,54037,41401,40952,449,10934,28499,37,18.0,12,67,48,36,1301,창녕군,대한민국,0.2669955069349482,0.6959122875561633,0.000903496776714202,0.0004395389724555577,0.0002930259816370385,0.0016360617308067982,0.001172103926548154,0.0008790779449111154,0.03176890017581559,2022,38530,창녕군,58804,29810,28994,3019,3868,4436,5365,6709,9784,12419,7761,5106,695,4511,35017,19276,0.0754370450989728,0.0912352901163186,0.1140908781715529,0.1663832392354261,0.21119311611455,0.2306305693490238,0.3278008298755187,0.5954867015849262,0.4930616964832324,2022
20대대통령선거,경상남도,창원시마산합포구,20220309,1,156984,120928,119819,1109,37657,77538,48,33.0,31,143,68,60,4241,창원시마산합포구,대한민국,0.31428237591700814,0.6471260818401088,0.00040060424473580984,0.0002754154182558693,0.00025872357472521055,0.0011934668124421002,0.0005675226800423973,0.0005007553059197623,0.03539505420676187,2022,38113,창원시 마산합포구,179191,89165,90026,13902,14326,19183,20700,26445,28134,31274,17630,8102,1142,19651,118164,41376,0.1070533676356513,0.1155191946024074,0.1475799565826408,0.1570056531857068,0.1745288546857822,0.1499740500359951,0.2309044539067252,0.6594304401448734,0.5024024644094849,2022
20대대통령선거,경상남도,창원시마산회원구,20220309,1,160587,125233,123961,1272,41527,77303,87,31.0,16,136,36,57,4768,창원시마산회원구,대한민국,0.33500052435846756,0.6236074249159009,0.0007018336412258694,0.0002500786537701374,0.00012907285355878058,0.001097119255249635,0.0002904139205072563,0.0004598220408031558,0.038463710360516615,2022,38114,창원시 마산회원구,183667,91474,92193,12726,16901,20072,19757,28489,32586,31405,16264,6410,798,19466,126633,37568,0.1092847381402211,0.1075696777319823,0.1551122411756058,0.1774189157551438,0.1709888003833024,0.1277965012767672,0.2045440933864004,0.6894706180206569,0.5019573467198789,2022
20대대통령선거,경상남도,창원시성산구,20220309,1,213187,170073,168358,1715,67177,93112,70,65.0,37,145,51,86,7615,창원시성산구,대한민국,0.3990128179237102,0.5530595516696564,0.00041578065788379527,0.00038608203946352413,0.00021976977631000605,0.0008612599341878616,0.0003029259078867651,0.0005108162368286628,0.04523099585407287,2022,38112,창원시 성산구,246438,126896,119542,19654,23654,32500,35397,39623,50082,33924,9857,3692,511,29270,191160,26008,0.1318790121653316,0.1436345044189613,0.1607828338162134,0.2032235288388966,0.1376573418060526,0.0570528895706019,0.1055356722583367,0.775692060477686,0.4850794114544023,2022
20대대통령선거,경상남도,창원시의창구,20220309,1,185646,143063,141590,1473,52289,82932,68,55.0,30,141,52,69,5954,창원시의창구,대한민국,0.3692986792852603,0.5857193304611907,0.00048025990536054806,0.0003884455116886786,0.0002118793700120065,0.0009958330390564306,0.00036725757468747796,0.00048732255102761497,0.042050992301716224,2022,38111,창원시 의창구,215053,109515,105538,18007,18564,26104,28060,33483,40264,33109,13076,5730,778,25795,156348,32910,0.1213840309133097,0.1304794632020943,0.1556965027225846,0.1872282646603395,0.1539573965487577,0.0910659232840276,0.1530320432637535,0.7270207809237723,0.4907534421747197,2022
20대대통령선거,경상남도,창원시진해구,20220309,1,159611,119212,117794,1418,45890,66319,53,41.0,36,90,46,74,5245,창원시진해구,대한민국,0.3895784165577194,0.5630083026300151,0.0004499380274037727,0.00034806526648216375,0.00030561828276482676,0.0007640457069120668,0.0003905122501995008,0.0006282153590165883,0.04452688591948656,2022,38115,창원시 진해구,192402,99257,93145,19185,20291,19028,25389,36053,29982,25435,12700,5988,771,28178,133464,30760,0.0988971008617374,0.1319580877537655,0.1873837070300724,0.1558299809773287,0.1321971705075831,0.1011372023159842,0.1598735979875469,0.6936726229457074,0.4841165892246442,2022
20대대통령선거,경상남도,통영시,20220309,1,106361,80080,79336,744,26387,49786,42,22.0,19,89,71,50,2870,통영시,대한민국,0.3325980639306242,0.6275335282847635,0.0005293939699505899,0.00027730160330745183,0.00023948774831098114,0.0011218110315619643,0.0008949279015831401,0.0006302309166078451,0.03617525461329031,2022,38050,통영시,123006,63463,59543,8881,12022,10061,13005,20605,21087,21322,11514,5213,619,14259,82039,26708,0.0817927580768417,0.1057265499243939,0.1675121538786725,0.1714306619189307,0.1733411378306749,0.1410175113409102,0.2171276197909045,0.6669512056322456,0.4840658179275807,2022
20대대통령선거,경상남도,하동군,20220309,1,39640,32089,31646,443,11218,18984,32,15.0,11,34,83,59,1210,하동군,대한민국,0.35448397901788536,0.599886241547115,0.001011186247867029,0.00047399355368766985,0.00034759527270429125,0.0010743853883587184,0.0026227643304051066,0.0018643746445048347,0.03823547999747203,2022,38560,하동군,39542,19615,19927,1629,2265,2339,2419,3979,7141,9029,5933,4278,726,2618,21869,15055,0.0591522937635931,0.0611754590056142,0.1006271812250265,0.1805927874159122,0.2283394871276111,0.2765919781498154,0.3807344089828536,0.5530575084720044,0.5039451722219412,2022
20대대통령선거,경상남도,함안군,20220309,1,54570,41791,41377,414,13504,26078,25,23.0,9,60,32,33,1613,함안군,대한민국,0.3263648887062861,0.6302535224883389,0.0006042004011890664,0.0005558643690939411,0.0002175121444280639,0.0014500809628537593,0.000773376513522005,0.0007975445295695676,0.03898300988471856,2022,38520,함안군,62409,32899,29510,3764,5488,5267,6217,8812,10558,11480,6493,4230,638,6081,39674,16654,0.084394878943742,0.0996170424137544,0.1411975836818407,0.1691743178067266,0.1839478280376227,0.1820410517713791,0.2668525372943005,0.6357095931676521,0.4728484673684885,2022
20대대통령선거,경상남도,함양군,20220309,1,34459,26955,26616,339,8526,16971,23,17.0,11,39,65,29,935,함양군,대한민국,0.3203336339044184,0.6376239855725879,0.0008641418695521491,0.0006387135557559362,0.00041328524195972347,0.0014652840396753833,0.0024421400661256386,0.0010895701833483619,0.0351292455665765,2022,38580,함양군,36017,17479,18538,1747,2469,2193,2337,3834,6387,7603,5185,3913,572,2758,20016,13243,0.0608879140405919,0.0648860260432573,0.1064497320709664,0.1773329261182219,0.2110947608073965,0.2684843268456562,0.3676874809117916,0.5557375683704917,0.514701391009801,2022
20대대통령선거,경상남도,합천군,20220309,1,39768,31270,30832,438,6911,22751,30,24.0,16,62,68,52,918,합천군,대한민국,0.22415023352361182,0.7379021795537104,0.0009730150492994292,0.0007784120394395433,0.0005189413596263622,0.0020108977685521535,0.0022055007784120392,0.0016865594187856772,0.029774260508562533,2022,38600,합천군,40082,19467,20615,1495,1975,2389,2357,3619,6567,9254,6605,5297,699,2316,20939,16827,0.0596028142308268,0.0588044508757048,0.0902899056933286,0.1638391297839429,0.2308767027593433,0.314380519934135,0.4198143805199341,0.5224040716531111,0.5143206426825009,2022
20대대통령선거,경상북도,경산시,20220309,1,230797,176406,174650,1756,40267,128190,103,51.0,48,289,69,85,5548,경산시,대한민국,0.23055825937589464,0.7339822502147152,0.0005897509304322932,0.00029201259662181507,0.00027483538505582595,0.0016547380475236187,0.0003950758660177498,0.00048668766103635843,0.031766389922702545,2022,37100,경산시,295543,148992,146551,21079,28028,53262,35327,42102,46331,38610,20855,10905,1467,29969,215769,49805,0.1802174302893318,0.1195325214943341,0.1424564276602727,0.156765682151159,0.1306408881279543,0.1124269564834897,0.1685203168405274,0.7300765032499501,0.4958703132877449,2022
20대대통령선거,경상북도,경주시,20220309,1,220573,173759,172303,1456,43031,123226,72,73.0,52,235,102,84,5428,경주시,대한민국,0.24974028310592386,0.7151703684787845,0.000417868522312438,0.00042367225178899964,0.0003017939327812052,0.0013638764269919851,0.0005919804066092871,0.00048751327603117764,0.031502643598776574,2022,37020,경주시,259674,131678,127996,17023,20617,29179,28187,36357,46056,43599,24824,13990,1860,24938,174596,60140,0.112367815029614,0.1085476405030923,0.140010166593498,0.1773608447514961,0.1678989810300607,0.1566348575521615,0.231598080670379,0.6723661205973643,0.4929103414280983,2022
20대대통령선거,경상북도,고령군,20220309,1,27955,22270,22046,224,3852,17469,22,8.0,9,50,42,18,576,고령군,대한민국,0.17472557380023587,0.792388641930509,0.0009979134536877439,0.0003628776195228159,0.0004082373219631679,0.0022679851220175997,0.0019051075024947837,0.0008164746439263358,0.026127188605642747,2022,37570,고령군,30142,15833,14309,1317,1689,2521,2580,3573,5322,6246,4069,2646,337,1987,18262,9893,0.0836374494061442,0.0855948510384181,0.1185389157985535,0.1765642624908765,0.2072191626302169,0.2339592595050096,0.3282131245438259,0.6058655696370513,0.4747196602746997,2022
20대대통령선거,경상북도,구미시,20220309,1,338810,253211,250743,2468,67054,173995,124,57.0,60,327,99,110,8917,구미시,대한민국,0.26742122412190966,0.6939176766649517,0.0004945302560789334,0.00022732439190725165,0.0002392888335865807,0.0013041241430468648,0.00039482657541785814,0.0004386961949087313,0.035562308818192334,2022,37050,구미시,409171,211489,197682,40660,43552,52580,62227,72035,69542,45676,17360,9076,1297,58359,305596,45216,0.1285037307140535,0.1520806704287449,0.1760510886646414,0.1699582815008883,0.1116305896556696,0.0677785082520511,0.1105063653093694,0.7468662246346882,0.4831280809246012,2022
20대대통령선거,경상북도,군위군,20220309,1,21784,18239,18069,170,2511,15034,14,4.0,11,30,46,22,397,군위군,대한민국,0.13896729204715258,0.8320327632962532,0.0007748076816647296,0.0002213736233327799,0.0006087774641651447,0.0016603021749958492,0.0025457966683269688,0.0012175549283302894,0.021971332115778404,2022,22520,군위군,21797,11194,10603,672,857,1283,1413,1836,3710,5399,3820,2584,306,1008,11510,9279,0.0588613111896132,0.0648254346928476,0.0842317750149103,0.1702069092076891,0.2476946368766344,0.3078405285130981,0.42570078451163,0.5280543194017525,0.4864430884984172,2022
20대대통령선거,경상북도,김천시,20220309,1,120746,95575,94693,882,22122,69290,70,21.0,22,116,77,63,2912,김천시,대한민국,0.23361811327130833,0.7317330742504726,0.0007392309885630406,0.00022176929656891217,0.00023232973926266988,0.0012250113524758957,0.0008131540874193446,0.0006653078897067365,0.030752009124222487,2022,37030,김천시,137698,69099,68599,10481,11632,13842,14721,18672,22753,23236,13654,8609,1257,15018,88654,34026,0.1005243358654446,0.1069078708477973,0.1356010980551642,0.1652384203111156,0.1687460965300875,0.1708085810977646,0.247105985562608,0.6438292495170591,0.4981844325988758,2022
20대대통령선거,경상북도,문경시,20220309,1,63035,49720,49242,478,9912,37742,41,13.0,22,114,83,39,1276,문경시,대한민국,0.20129158035823078,0.7664595264205353,0.0008326225579789611,0.000264002274481134,0.0004467730798911498,0.002315096868526867,0.0016855529832257017,0.0007920068234434019,0.02591283863368669,2022,37090,문경시,67515,33131,34384,4033,4903,5110,5256,8093,11265,13765,8921,5824,791,5939,39531,22045,0.0756868843960601,0.0778493668073761,0.1198696585943864,0.1668518107087314,0.2038806191216766,0.2301118270014071,0.3265200325853514,0.5855143301488558,0.5092794193882841,2022
20대대통령선거,경상북도,봉화군,20220309,1,28052,22707,22485,222,5252,16460,15,7.0,10,49,76,22,594,봉화군,대한민국,0.23357794084945518,0.7320435846119635,0.00066711140760507,0.00031131865688236604,0.00044474093840338,0.002179230598176562,0.0033800311318656884,0.000978430064487436,0.026417611741160772,2022,37610,봉화군,28798,14360,14438,1205,1588,1444,1650,2747,4975,6980,4533,3298,525,1826,15414,11558,0.0501423709979859,0.0572956455309396,0.0953885686506007,0.1727550524341968,0.2423779429127022,0.2901590388221404,0.4013473157858184,0.5352455031599417,0.5013542607125495,2022
20대대통령선거,경상북도,상주시,20220309,1,85100,68459,67768,691,13660,51952,43,29.0,27,100,101,57,1799,상주시,대한민국,0.20157006256640303,0.7666155117459568,0.0006345177664974619,0.0004279305867075906,0.0003984181324518947,0.0014756227127847952,0.001490378939912643,0.0008411049462873333,0.026546452602998465,2022,37080,상주시,93208,46019,47189,5137,7067,7784,6986,10516,15395,18814,12121,8693,1290,7766,54623,30819,0.0835121448802677,0.074950648013046,0.1128229336537636,0.1651682259033559,0.20184962664149,0.2371470260063513,0.3306475838983778,0.5860333876920436,0.5062762852973993,2022
20대대통령선거,경상북도,성주군,20220309,1,39491,32009,31730,279,5775,24982,24,14.0,16,55,49,23,792,성주군,대한민국,0.18200441222817523,0.7873306019539867,0.0007563819728963126,0.000441222817522849,0.0005042546485975418,0.0017333753545540499,0.0015442798613299717,0.0007248660573589663,0.024960605105578317,2022,37580,성주군,40851,21423,19428,1805,1902,3039,3622,4273,7139,9358,5811,3530,541,2600,24211,14040,0.0743923037379745,0.0886636802036669,0.1045996426036082,0.1747570438912144,0.229076399598541,0.2419035029742234,0.3436880370125578,0.5926660302073389,0.4755819930968642,2022
20대대통령선거,경상북도,안동시,20220309,1,136307,106950,105952,998,30870,71909,49,31.0,31,121,133,78,2730,안동시,대한민국,0.2913583509513742,0.6786941256418001,0.0004624735729386892,0.0002925853216550891,0.0002925853216550891,0.0011420265780730898,0.0012552854122621564,0.0007361824222289338,0.025766384778012685,2022,37040,안동시,156025,77217,78808,10500,13823,17509,14559,20794,25136,26609,16490,10385,1529,15496,99967,40562,0.112219195641724,0.0933119692356994,0.1332735138599583,0.1611023874379105,0.1705431821823425,0.1820477487582118,0.2599711584681942,0.6407114244512098,0.5050985419003365,2022
20대대통령선거,경상북도,영덕군,20220309,1,32227,25897,25624,273,4342,20614,16,17.0,7,44,46,23,515,영덕군,대한민국,0.16945051514205434,0.8044801748360911,0.0006244146113019045,0.0006634405245082735,0.0002731813924445832,0.0017171401810802372,0.0017951920074929753,0.0008975960037464877,0.02009834530128005,2022,37550,영덕군,33516,16283,17233,1540,1649,1983,2492,3497,5563,7084,5469,3920,492,2222,17952,13342,0.0591657715717866,0.0743525480367585,0.1043382265186776,0.1659804272586227,0.2113617376775271,0.2948144169948681,0.398078529657477,0.53562477622628,0.514172335600907,2022
20대대통령선거,경상북도,영양군,20220309,1,14932,12337,12201,136,2855,8969,11,5.0,9,19,35,11,287,영양군,대한민국,0.2339972133431686,0.7351036800262274,0.0009015654454552905,0.00040980247520695025,0.0007376444553725104,0.001557249405786411,0.002868617326448652,0.0009015654454552905,0.023522662076878944,2022,37540,영양군,15333,7589,7744,664,749,797,1026,1499,2628,3519,2453,1805,252,987,8183,6163,0.0519793908563229,0.0669144981412639,0.097762994847714,0.1713950303267462,0.2295049892388965,0.2941368290615013,0.4019435205113155,0.5336855149024978,0.5050544577056023,2022
20대대통령선거,경상북도,영주시,20220309,1,89380,70769,70207,562,17937,50228,27,15.0,18,66,77,43,1796,영주시,대한민국,0.25548734456678107,0.715427236600339,0.0003845770364778441,0.00021365390915435782,0.0002563846909852294,0.0009400772002791744,0.001096756733659037,0.0006124745395758258,0.025581494722748444,2022,37060,영주시,101521,50654,50867,6153,9064,9913,8067,12894,16794,19010,11876,7448,1134,9414,62667,29440,0.0976448222535239,0.0794613922242688,0.1270082051989243,0.1654239024438293,0.1872518986219599,0.2015149574964785,0.289989263305129,0.6172811536529388,0.5010490440401494,2022
20대대통령선거,경상북도,영천시,20220309,1,91044,70942,70203,739,14332,53564,33,17.0,21,120,59,64,1993,영천시,대한민국,0.2041508197655371,0.7629873367235018,0.0004700653818212897,0.00024215489366551286,0.0002991325157044571,0.0017093286611683262,0.000840419925074427,0.0009116419526231073,0.02838910018090395,2022,37070,영천시,99741,51094,48647,5823,6145,9174,10049,12050,17223,19154,12430,7387,895,8192,62024,29525,0.0919782235991217,0.1007509449474138,0.1208129054250508,0.1726772340361536,0.1920373768059273,0.2076578337895148,0.2960166832095126,0.6218505930359631,0.4877332290632739,2022
20대대통령선거,경상북도,예천군,20220309,1,47677,39128,38715,413,9147,28334,26,17.0,15,74,87,37,978,예천군,대한민국,0.23626501356063542,0.7318610357742477,0.0006715743251969521,0.0004391062895518533,0.0003874467260751647,0.001911403848637479,0.0022471910112359553,0.0009557019243187395,0.025261526540100738,2022,37600,예천군,54448,26636,27812,4743,4333,3762,5270,7148,7576,9675,6534,5206,712,6696,30601,17151,0.0690934469585659,0.0967895974140464,0.1312812224507787,0.1391419335880105,0.177692477225977,0.2286952688803996,0.314997796062298,0.5620224801645607,0.5107992947399354,2022
20대대통령선거,경상북도,울릉군,20220309,1,8141,6653,6605,48,1590,4818,3,0.0,2,7,1,6,178,울릉군,대한민국,0.24072672218016655,0.729447388342165,0.0004542013626040878,0.0,0.0003028009084027252,0.0010598031794095382,0.0001514004542013626,0.0009084027252081756,0.026949280847842545,2022,37630,울릉군,8288,4619,3669,398,372,673,822,1156,1660,1744,988,460,67,557,5464,2267,0.0812017374517374,0.0991795366795366,0.1394787644787644,0.2002895752895752,0.2104247104247104,0.1827944015444015,0.2735279922779923,0.6592664092664092,0.4426882239382239,2022
20대대통령선거,경상북도,울진군,20220309,1,42282,33544,33164,380,6888,25294,21,12.0,10,66,50,41,782,울진군,대한민국,0.207695091062598,0.762694487999035,0.0006332167410445061,0.00036183813773971776,0.0003015317814497648,0.0019901097575684475,0.001507658907248824,0.0012362803039440357,0.023579785309371607,2022,37620,울진군,45954,23960,21994,2813,3176,3619,4610,5928,7837,8570,5278,3788,655,4058,28301,13595,0.0787526657091874,0.1003177090133611,0.1289985637811724,0.170540105322714,0.1864908386647517,0.2115376245811028,0.295839317578448,0.6158549854202028,0.4786090438264351,2022
20대대통령선거,경상북도,의성군,20220309,1,47369,39245,38839,406,6431,31192,28,15.0,16,45,72,38,1002,의성군,대한민국,0.16558098818198203,0.8031102757537527,0.0007209248435850563,0.00038620973763485157,0.000411957053477175,0.0011586292129045547,0.0018538067406472876,0.0009783980020082906,0.025798810474008085,2022,37520,의성군,47775,23322,24453,1890,1875,2401,2964,3941,7407,11879,8433,6321,844,2650,23748,21377,0.0502564102564102,0.0620408163265306,0.0824908424908424,0.1550392464678179,0.2486446886446886,0.3264887493458922,0.4474515960230246,0.4970800627943485,0.5118367346938776,2022
20대대통령선거,경상북도,청도군,20220309,1,38816,30953,30667,286,5654,24041,17,12.0,15,50,54,27,797,청도군,대한민국,0.18436756122216064,0.78393713111814,0.0005543418006326019,0.0003913000945641895,0.0004891251182052369,0.001630417060684123,0.0017608504255388529,0.0008804252127694264,0.02598884794730492,2022,37560,청도군,40045,19395,20650,1425,2404,2532,2691,3827,6460,9487,6529,4257,605,2189,22007,15849,0.0632288675240354,0.0671994006742414,0.0955674865776002,0.1613185166687476,0.2369084779622924,0.2844549881383443,0.3957797477837433,0.54955674865776,0.515669871394681,2022
20대대통령선거,경상북도,청송군,20220309,1,22793,18789,18611,178,3716,14272,16,5.0,4,48,52,13,485,청송군,대한민국,0.19966686368276826,0.7668583096018484,0.0008597066251141798,0.00026865832034818116,0.00021492665627854496,0.0025791198753425393,0.0027940465316210845,0.0006985116329052711,0.026059857073773576,2022,37530,청송군,23173,11547,11626,941,932,1284,1604,2127,4049,5562,3845,2575,357,1337,12439,9397,0.0554093125620334,0.0692184870323221,0.0917878565572001,0.1747292107193716,0.2400207137617054,0.2924524230785828,0.4055150390540715,0.5367885038622535,0.5017045699736763,2022
20대대통령선거,경상북도,칠곡군,20220309,1,96181,71492,70833,659,17603,50484,44,26.0,24,103,43,32,2474,칠곡군,대한민국,0.24851411065463838,0.7127186480877558,0.0006211793937853825,0.00036706055087318057,0.00033882512388293593,0.0014541244899976,0.0006070616802902602,0.00045176683184391454,0.03492722318693264,2022,37590,칠곡군,113549,59460,54089,9088,10640,11690,14381,20626,20055,15039,7642,4839,712,13584,80515,19450,0.1029511488432306,0.1266501686496578,0.181648451329382,0.1766197852909316,0.1324450237342468,0.1161877251230746,0.171291689050542,0.7090771385040819,0.4763494174321218,2022
20대대통령선거,경상북도,포항시남구,20220309,1,197466,152184,150740,1444,38517,106731,72,32.0,44,121,81,62,5080,포항시남구,대한민국,0.25551943744195305,0.7080469682897704,0.000477643624784397,0.000212286055459732,0.0002918933262571315,0.0008027066472071116,0.0005373490778824466,0.00041130423245323074,0.03370041130423245,2022,37011,포항시 남구,227243,118920,108323,17325,20498,24887,26096,35034,39769,38484,18885,7626,894,25801,156658,44784,0.109517124839929,0.114837420734632,0.154169765405315,0.175006490849003,0.1693517512090581,0.1205977741888639,0.1970753774593716,0.6893853716066062,0.4766835502083673,2022
20대대통령선거,경상북도,포항시북구,20220309,1,232070,183046,181606,1440,45053,130488,73,54.0,57,182,73,48,5578,포항시북구,대한민국,0.24808101053929937,0.7185225157759105,0.00040196909793729284,0.00029734700395361386,0.00031386628195103684,0.0010021695318436616,0.00040196909793729284,0.0002643084479587679,0.030714844223208485,2022,37012,포항시 북구,269365,133717,135648,22143,23910,28752,30753,40151,47188,45525,21698,10267,1553,32096,183671,53598,0.1067399253800605,0.1141685074155885,0.1490579696694076,0.1751823733595678,0.1690085942865628,0.1244333896385944,0.1989790804298999,0.6818666122176229,0.5035843557997512,2022
20대대통령선거,광주광역시,광산구,20220309,1,326650,264470,262478,1992,224484,30891,133,79.0,31,31,51,165,6613,광산구,대한민국,0.8552488208535572,0.11768986353141977,0.0005067091337178735,0.0003009776057421955,0.00011810513643048179,0.00011810513643048179,0.00019430199864369586,0.000628624113259016,0.02519449249079923,2022,24050,광산구,421755,213534,208221,41007,51274,63422,56123,76874,70609,39041,17744,9442,1412,61257,317133,43365,0.1503764033621415,0.1330701473604343,0.1822716980237341,0.1674171023461488,0.0925679600716055,0.0678071392158954,0.1028203577906604,0.7519365508411281,0.4937013194864317,2022
20대대통령선거,광주광역시,남구,20220309,1,180643,148854,147822,1032,124572,19944,63,32.0,19,24,40,73,3055,남구,대한민국,0.8427162398019239,0.1349190242318464,0.00042618825343994804,0.00021647657317584663,0.00012853296532315894,0.00016235742988188496,0.0002705957164698083,0.0004938371825574001,0.020666747845381608,2022,24030,남구,214531,102898,111633,18123,22125,27057,24366,33660,33395,30060,18181,8747,1177,27040,146179,41312,0.1261216327710214,0.1135779910595671,0.1569004013405988,0.1556651486265388,0.1401196097533689,0.1310067076553039,0.192568906125455,0.6813887037304632,0.5203583631270073,2022
20대대통령선거,광주광역시,동구,20220309,1,90678,73877,73363,514,60669,11041,28,22.0,16,4,12,31,1540,동구,대한민국,0.8269699985006066,0.15049820754331203,0.0003816637814702234,0.0002998786854408898,0.00021809358941155622,5.4523397352889056e-05,0.00016357019205866718,0.0004225563294848902,0.020991507980862287,2022,24010,동구,111181,55149,56032,8416,8116,18219,14520,14451,15845,15554,10353,5614,832,11149,76085,23947,0.1638679270738705,0.1305978539498655,0.1299772443133269,0.1425153578399187,0.1398980041553862,0.1510959606407569,0.2153875212491343,0.6843345535658071,0.5039710022395913,2022
20대대통령선거,광주광역시,북구,20220309,1,363088,295658,293660,1998,249976,36447,142,65.0,45,34,51,104,6796,북구,대한민국,0.8512429340053123,0.12411291970305796,0.0004835524075461418,0.00022134441190492407,0.00015323843901110127,0.00011578015391949873,0.0001736702308792481,0.0003541510590478785,0.023142409589320984,2022,24040,북구,434712,216165,218547,34555,41362,64844,54659,65443,72147,58524,30949,14325,1885,50180,313258,71274,0.1491654244649331,0.1257361195458142,0.1505433482397541,0.1659650527245624,0.1346270634351018,0.1084833176907929,0.163956826588638,0.7206104271333664,0.5027397449345774,2022
20대대통령선거,광주광역시,서구,20220309,1,248147,202633,201278,1355,170357,26280,68,44.0,29,19,34,82,4365,서구,대한민국,0.8463766531861405,0.13056568527111756,0.0003378411947654488,0.00021860312602470214,0.0001440793330617355,9.439680441975774e-05,0.0001689205973827244,0.00040739673486421763,0.021686423752223294,2022,24020,서구,286793,141113,145680,21489,27647,40793,34601,45938,50684,37745,20089,9281,1219,32456,208011,46326,0.1422384786239552,0.1206479935005387,0.1601782470283445,0.1767267680870872,0.1316106041639789,0.1066588096641131,0.1615311391840107,0.7253001293615953,0.5079621887563504,2022
20대대통령선거,대구광역시,남구,20220309,1,129711,97962,96908,1054,19765,73889,87,68.0,37,199,17,36,2810,남구,대한민국,0.20395632971478103,0.7624654311305569,0.000897758698972221,0.0007016964543690923,0.00038180542370082966,0.0020534940355801377,0.00017542411359227307,0.0003714863581954018,0.028996574070252197,2022,22040,남구,142675,67983,74692,6687,9027,20697,16644,18279,23322,24168,15216,8248,1116,9624,97160,35891,0.1450639565445943,0.1166567373401086,0.1281163483441387,0.1634624145785877,0.169391974767829,0.1722796565621167,0.2515577361135447,0.6809882600315402,0.523511477133345,2022
20대대통령선거,대구광역시,달서구,20220309,1,466792,368662,365208,3454,77951,275213,180,63.0,102,786,109,132,10672,달서구,대한민국,0.21344275043263017,0.7535787825020263,0.0004928698166524282,0.00017250443582834986,0.0002792928961030427,0.00215219819938227,0.000298460055639526,0.00036143786554511403,0.029221703796192853,2022,22070,달서구,545073,269226,275847,39218,51813,76394,63756,82910,100210,80462,36928,16548,1889,58846,397418,88809,0.1401537041827425,0.116967818989383,0.1521080662590148,0.1838469342638509,0.1476169247054981,0.1015735506987137,0.1629304698636696,0.7291096788870481,0.5060734984121393,2022
20대대통령선거,대구광역시,달성군,20220309,1,214088,166298,164863,1435,38882,120095,117,33.0,44,250,63,84,5295,달성군,대한민국,0.23584430709134252,0.7284533218490504,0.0007096801586772047,0.00020016619860126287,0.00026688826480168385,0.0015164105954641126,0.0003821354700569564,0.0005095139600759419,0.03211757641192991,2022,22510,달성군,266123,135333,130790,30542,25172,27747,41518,46075,41037,33355,15315,7414,1094,41337,187211,37575,0.1042638178586593,0.1560105665425386,0.1731342274061242,0.15420313163462,0.1253367803609609,0.0895187563645382,0.1411941094907242,0.7034754605952886,0.4914644731947257,2022
20대대통령선거,대구광역시,동구,20220309,1,297312,232992,230821,2171,52170,171041,111,40.0,69,433,78,83,6796,동구,대한민국,0.22601929633785486,0.7410114331018408,0.0004808921198677763,0.00017329445761000948,0.00029893293937726637,0.0018759125036283528,0.0003379241923395185,0.0003595859995407697,0.02944272834794061,2022,22020,동구,332954,162916,170038,25483,25288,37278,42218,49263,54763,53497,31357,14924,1692,35654,225064,72236,0.1119614120869549,0.126798296461373,0.1479573754933114,0.1644761738858821,0.1606738468377013,0.1440829664157811,0.2169548946701346,0.6759612438955531,0.5106951711047172,2022
20대대통령선거,대구광역시,북구,20220309,1,373173,294832,292132,2700,66469,215910,155,54.0,71,436,83,124,8830,북구,대한민국,0.2275307052976052,0.7390837018881875,0.0005305820656415593,0.00018484794544931744,0.00024304081716484328,0.0014924760039981926,0.0002841181383758027,0.00042446565251324744,0.03022606219106431,2022,22050,북구,439303,218472,220831,33407,41659,65899,51937,67518,77575,59425,29806,14411,1619,48770,320060,70473,0.1500080809828296,0.1182259169639178,0.153693464419774,0.1765865473261052,0.1352710999014347,0.1043380081629308,0.1604200290004848,0.7285632012528938,0.5026849349993057,2022
20대대통령선거,대구광역시,서구,20220309,1,149729,113904,112682,1222,19516,89640,68,28.0,22,236,57,46,3069,서구,대한민국,0.17319536394455193,0.7955130366873148,0.0006034681670541879,0.0002484868923164303,0.00019523970110576667,0.00209438952095277,0.0005058483165013046,0.00040822846594842124,0.02723593830425445,2022,22030,서구,160754,79872,80882,7182,9742,18561,16972,20278,30272,31693,17848,8162,945,10703,108948,41103,0.1154621346902721,0.1055774661905769,0.1261430508727621,0.1883125769809771,0.1971521703970041,0.1676785647635517,0.2556888164524677,0.6777311917588364,0.5031414459360265,2022
20대대통령선거,대구광역시,수성구,20220309,1,349945,285537,283374,2163,59379,216064,132,37.0,89,385,57,88,7143,수성구,대한민국,0.20954286561222976,0.7624693867468434,0.00046581549471722884,0.00013056949473134444,0.00031407256840782855,0.001358628526258584,0.00020114759999153062,0.0003105436631448192,0.025206970293675496,2022,22060,수성구,402458,194837,207621,31039,46327,46145,39880,66657,74186,55496,29992,15219,1965,49777,281246,71435,0.1146579270383493,0.0990910852809485,0.1656247359972966,0.1843322781507635,0.1378926496677914,0.1172196850354571,0.1774967822729328,0.6988207465126796,0.515882402635803,2022
20대대통령선거,대구광역시,중구,20220309,1,65964,51325,50818,507,10913,38297,42,21.0,17,99,8,26,1395,중구,대한민국,0.21474674327994017,0.7536109252627022,0.0008264788067220277,0.00041323940336101384,0.00033452713605415404,0.0019481286158447794,0.00015742453461371956,0.0005116297374945885,0.027450903223267348,2022,22010,중구,77512,37059,40453,6074,5161,11678,11746,11082,11337,10204,6928,3459,427,8085,53869,15558,0.1506605428836825,0.1515378264010733,0.1429714108783156,0.1462612240685313,0.131644132521416,0.1395138817215399,0.200717308287749,0.6949762617401176,0.5218933842501806,2022
20대대통령선거,대전광역시,대덕구,20220309,1,152905,115404,114225,1179,54119,55177,96,37.0,25,96,45,58,4572,대덕구,대한민국,0.4737929525060188,0.483055373166995,0.000840446487196323,0.0003239220836069162,0.0002188662727073758,0.000840446487196323,0.0003939592908732764,0.0005077697526811118,0.040026263952724885,2022,25050,대덕구,174695,88590,86105,11271,15368,24674,20240,25130,32575,27286,12590,6120,768,16913,127023,30759,0.1412404476373107,0.1158590686625261,0.143850711239589,0.1864678439566101,0.1561922207275537,0.1114971808008243,0.1760725836457826,0.7271129683162082,0.4928876041100203,2022
20대대통령선거,대전광역시,동구,20220309,1,192350,142804,141433,1371,65555,70097,103,34.0,41,111,44,82,5366,동구,대한민국,0.46350568820572285,0.49561983412640614,0.000728260024181061,0.00024039651283646674,0.0002898899125380922,0.0007848239095543472,0.0003111013695530746,0.0005797798250761845,0.03794022611413178,2022,25010,동구,231324,116188,115136,15102,22012,37785,25299,32456,35316,34315,19480,9884,1432,22331,162917,46076,0.1633423250505784,0.1093660839342221,0.1403053725510539,0.1526689837630336,0.1483417198388407,0.1331292905189258,0.19918382874237,0.7042805761615742,0.4977261330428317,2022
20대대통령선거,대전광역시,서구,20220309,1,399599,304873,302013,2860,139877,150073,173,70.0,70,159,61,118,11412,서구,대한민국,0.4631489372974011,0.49690907345048063,0.000572823024174456,0.00023177810226712096,0.00023177810226712096,0.0005264674037210318,0.00020197806054706255,0.00039071165810743245,0.03778645290103406,2022,25030,서구,474248,232872,241376,38567,48455,75110,63815,74166,76085,60256,27481,12916,1887,56871,349665,67712,0.1583770516691688,0.134560398778698,0.1563865319410941,0.1604329380408562,0.1270558863716873,0.0891601018876199,0.142777618461227,0.7373041109293028,0.5089657731819639,2022
20대대통령선거,대전광역시,유성구,20220309,1,288686,231027,228816,2211,108701,111373,126,44.0,44,124,63,63,8278,유성구,대한민국,0.475058562338298,0.48673606740787356,0.0005506607929515419,0.0001922942451576813,0.0001922942451576813,0.0005419201454443745,0.00027533039647577095,0.00027533039647577095,0.036177540032165584,2022,25040,유성구,369281,189660,179621,36067,39856,63149,55698,60042,55907,38966,14809,7362,1277,51038,279270,38973,0.1710052778236627,0.150828231076064,0.1625916307635648,0.1513941957479534,0.1055185617456625,0.0634963618491067,0.1055375175002234,0.7562533680313908,0.4864073699973733,2022
20대대통령선거,대전광역시,중구,20220309,1,199637,151200,149914,1286,66698,77478,68,38.0,47,98,45,74,5368,중구,대한민국,0.44490841415745025,0.5168163080165962,0.00045359339354563284,0.00025347866109903013,0.00031351308083301093,0.0006537081259922355,0.0003001720986699041,0.0004936163400349534,0.03580719612577878,2022,25020,중구,224114,109817,114297,14852,20004,27879,24524,33375,37545,34764,20889,10730,1399,22524,152774,48816,0.1243965124891796,0.10942645260894,0.1489197462005943,0.1675263481977922,0.1551174848514595,0.1473268068929205,0.2178177177686356,0.6816798593572914,0.5099949133030511,2022
20대대통령선거,부산광역시,강서구,20220309,1,112330,84488,83901,587,36016,44904,30,8.0,14,42,16,21,2850,강서구,대한민국,0.4292678275586703,0.5352022025959167,0.00035756427217792396,9.535047258077973e-05,0.0001668633270163645,0.0005005899810490936,0.00019070094516155945,0.0002502949905245468,0.03396860585690278,2022,21120,강서구,143734,75952,67782,20887,13271,12977,27424,27734,16815,16604,7130,2704,330,27435,98787,17512,0.0902848317030069,0.1907968886971767,0.1929536504932723,0.1169869341978933,0.115518944717325,0.0707139577274688,0.1218361695910501,0.6872904114544923,0.4715794453643536,2022
20대대통령선거,부산광역시,금정구,20220309,1,201647,155206,153664,1542,54772,93312,97,38.0,45,147,51,71,5131,금정구,대한민국,0.35644002498958766,0.607246980424823,0.0006312473969179508,0.00024729279466888796,0.0002928467305289463,0.0009566326530612245,0.0003318929612661391,0.00046204706372344855,0.03339103498542274,2022,21110,금정구,227484,110587,116897,12246,17809,36515,23215,29108,36750,39135,22567,10251,1402,18344,157008,52132,0.1605167835979673,0.1020511332665154,0.1279562518682632,0.1615498232842749,0.1720340771219074,0.1504281619806228,0.2291677656450563,0.6901935960331276,0.5138691072778745,2022
20대대통령선거,부산광역시,기장군,20220309,1,144027,106148,105305,843,42955,58510,54,28.0,23,78,21,40,3596,기장군,대한민국,0.40791035563363565,0.5556241394045867,0.0005127961635249988,0.00026589430701296233,0.00021841318076064764,0.0007407055695361094,0.00019942073025972176,0.0003798490100185176,0.034148426000664735,2022,21510,기장군,174501,86365,88136,19343,17801,15808,23631,32859,25135,22327,13087,5918,844,27173,117121,30207,0.0905897387407522,0.1354204273901009,0.1883026458301098,0.1440392891731279,0.1279476908441785,0.1137471991564518,0.173105025186102,0.6711766694746735,0.5050744694872809,2022
20대대통령선거,부산광역시,남구,20220309,1,227098,173557,171956,1601,64361,101772,64,43.0,43,156,46,53,5418,남구,대한민국,0.37428760845797765,0.5918490776710321,0.00037218823419944637,0.00025006396985275303,0.00025006396985275303,0.0009072088208611505,0.00026751029333085206,0.0003082183814464165,0.031508060201446884,2022,21070,남구,258062,126131,131931,17033,22023,37732,26982,38319,40685,40709,25169,10491,1114,25540,176688,55834,0.1462129255760243,0.1045562694236268,0.1484875727538343,0.1576559121451434,0.1577489130519022,0.1425006393812339,0.2163588594988801,0.6846726755585867,0.5112376095666933,2022
20대대통령선거,부산광역시,동구,20220309,1,80399,59326,58750,576,21558,35089,28,19.0,24,56,23,34,1919,동구,대한민국,0.36694468085106385,0.5972595744680851,0.00047659574468085107,0.0003234042553191489,0.00040851063829787235,0.0009531914893617021,0.0003914893617021277,0.0005787234042553192,0.03266382978723404,2022,21030,동구,85918,41697,44221,4319,4563,9773,10777,11212,13584,15575,10694,5274,609,5991,55886,24041,0.1137479922717009,0.125433552922554,0.1304965199376149,0.158104238925487,0.1812774971484438,0.1929397797900323,0.2798133103656975,0.6504574128820503,0.5146884238459927,2022
20대대통령선거,부산광역시,동래구,20220309,1,232079,179768,178174,1594,65261,106543,73,41.0,47,147,31,68,5963,동래구,대한민국,0.3662767856140627,0.597971645694658,0.00040971185470382887,0.00023011213757338333,0.00026378708453534186,0.0008250362005679841,0.0001739872259701191,0.0003816493989021967,0.033467284789026455,2022,21060,동래구,267292,129093,138199,21825,24133,28647,31750,42629,42868,42431,24058,10242,1334,31901,180196,55195,0.1071749248013408,0.1187839516334196,0.1594847582419226,0.1603789114526435,0.1587439953309489,0.1333148766143393,0.2064970145009951,0.6741541086152971,0.5170338057255736,2022
20대대통령선거,부산광역시,부산진구,20220309,1,313739,233474,231164,2310,89233,133315,137,59.0,52,216,68,97,7987,부산진구,대한민국,0.38601598864875153,0.576711771729162,0.0005926528352165562,0.00025523005312245853,0.00022494852139606512,0.0009344015504144244,0.0002941634510563929,0.0004196155110657369,0.03455122769981485,2022,21050,부산진구,350426,167405,183021,21418,24727,52174,47097,47988,54368,56780,32155,14524,1561,30409,245847,74170,0.1488873542488285,0.1343992740264706,0.1369418935809557,0.1551483052056639,0.1620313561208357,0.1376610183034363,0.2116566693110671,0.701566093840069,0.5222814517187652,2022
20대대통령선거,부산광역시,북구,20220309,1,246904,189125,187357,1768,74650,105613,90,63.0,47,198,51,114,6531,북구,대한민국,0.3984372081107191,0.5636992479597773,0.0004803663594101101,0.0003362564515870771,0.0002508579876919464,0.0010568059907022423,0.00027220760366572906,0.0006084640552528061,0.03485858548119366,2022,21080,북구,275580,135387,140193,19341,20894,32969,33318,37971,49850,49457,23097,9669,1170,27637,192855,55088,0.1196349517381522,0.1209013716525147,0.1377857609405617,0.1808912112635169,0.1794651280934756,0.1231439146527324,0.1998983961100225,0.6998149357718267,0.5087197909862835,2022
20대대통령선거,부산광역시,사상구,20220309,1,185365,136658,135213,1445,54207,75719,78,42.0,30,116,50,87,4884,사상구,대한민국,0.40090080095848774,0.5599979291931989,0.0005768676088837611,0.0003106210201681791,0.00022187215726298507,0.0008579056747502089,0.0003697869287716418,0.0006434292560626567,0.03612078720241397,2022,21150,사상구,206948,103562,103386,11584,14599,29495,24325,27290,36562,38529,18345,6900,771,16857,147558,42533,0.1425237257668593,0.1175416046543093,0.1318688752730154,0.1766724007963353,0.186177203935288,0.1257127394321278,0.2055250594352204,0.7130196957689855,0.4995747724065948,2022
20대대통령선거,부산광역시,사하구,20220309,1,268754,196600,194689,1911,78332,109017,91,49.0,45,156,62,102,6835,사하구,대한민국,0.4023442516012718,0.5599545942503171,0.00046741212908792996,0.00025168345412427,0.00023113786603249284,0.0008012779355793086,0.0003184566154225457,0.0005239124963403171,0.03510727365182419,2022,21100,사하구,303000,150370,152630,19258,24704,37361,34852,43337,51093,53599,28056,11596,1540,28436,209107,65457,0.1233036303630363,0.115023102310231,0.143026402640264,0.1686237623762376,0.1768943894389439,0.1359471947194719,0.216029702970297,0.6901221122112211,0.5037293729372937,2022
20대대통령선거,부산광역시,서구,20220309,1,94117,69786,69112,674,25154,41483,40,22.0,18,52,19,31,2293,서구,대한민국,0.3639599490681792,0.6002286144229656,0.0005787706910522051,0.00031832388007871284,0.0002604468109734923,0.0007524018983678666,0.0002749160782497974,0.00044854728556545896,0.03317802986456766,2022,21020,서구,104824,50647,54177,5811,7204,13416,10932,13820,16462,18875,12299,5955,743,8482,68464,27878,0.1279859574143326,0.1042890941005876,0.1318400366328321,0.1570441883538121,0.1800637258643058,0.1812275814698924,0.2659505456765626,0.6531328703350378,0.5168377470808212,2022
20대대통령선거,부산광역시,수영구,20220309,1,156367,118017,116990,1027,41801,71181,49,22.0,28,104,27,40,3738,수영구,대한민국,0.3573040430806052,0.6084366185144029,0.00041883921702709633,0.00018805026070604325,0.00023933669544405506,0.0008889648687922044,0.00023078895632105308,0.00034190956492007865,0.031951448841781346,2022,21140,수영구,170007,79729,90278,10316,10519,22167,23024,23597,25955,28499,17832,8086,1111,14485,114859,40663,0.130388748698583,0.1354297175998635,0.1388001670519449,0.1526701841688871,0.1676342738828401,0.1589875711000135,0.239184268883046,0.6756133570970607,0.531025193080285,2022
20대대통령선거,부산광역시,연제구,20220309,1,180732,139351,138164,1187,51471,81905,72,19.0,31,108,20,44,4494,연제구,대한민국,0.37253553747720103,0.5928099939202687,0.0005211198286094786,0.00013751773254972352,0.00022437103731796996,0.0007816797429142179,0.00014475550794707738,0.0003184621174835702,0.03252656263570829,2022,21130,연제구,199751,95333,104418,14481,15305,22904,25097,30062,32179,33257,18960,8174,936,20603,135658,43490,0.114662755130137,0.1256414235723475,0.1504973692246847,0.1610955639771515,0.1664922828922007,0.1405249535671911,0.2177210627230902,0.6791355237270401,0.5227408123113276,2022
20대대통령선거,부산광역시,영도구,20220309,1,100073,71696,71046,650,29565,39076,41,26.0,13,55,29,36,2205,영도구,대한민국,0.4161388396250317,0.5500098527714439,0.0005770908988542634,0.00036596008220026463,0.00018298004110013232,0.000774146327731329,0.0004081862455310644,0.0005067139599695972,0.031036230048137825,2022,21040,영도구,109889,55037,54852,5093,7643,13422,10315,13830,17289,21553,14298,6417,659,7675,70519,31695,0.1221414336284796,0.0938674480612254,0.1258542711281384,0.1573314890480394,0.1961342809562376,0.1945053645041815,0.2884274131168725,0.6417293814667528,0.4991582414982391,2022
20대대통령선거,부산광역시,중구,20220309,1,38032,27408,27126,282,9929,16158,9,7.0,6,24,13,10,970,중구,대한민국,0.3660325886603259,0.5956646759566467,0.00033178500331785003,0.00025805500258055,0.00022119000221190003,0.0008847600088476001,0.00047924500479245007,0.00036865000368650004,0.035759050357590506,2022,21010,중구,41145,20277,20868,1139,1783,6234,5077,5067,6466,7788,5006,2357,362,1777,27885,11483,0.151512942034269,0.1233928788431158,0.1231498359460444,0.1571515372463239,0.1892818082391542,0.1877506379876048,0.2790861587070118,0.6777251184834123,0.5071819176084579,2022
20대대통령선거,부산광역시,해운대구,20220309,1,339847,259616,257567,2049,92631,156827,118,60.0,61,212,48,94,7516,해운대구,대한민국,0.3596384630018597,0.6088784665737459,0.00045813322358842555,0.0002329490967398774,0.000236831581685542,0.0008230868084809001,0.0001863592773919019,0.00036495358489247457,0.029180756851615308,2022,21090,해운대구,377199,181375,195824,28282,34536,40886,42104,60191,67171,59919,31840,14100,1670,42240,260482,74477,0.1083937126026315,0.1116227773668541,0.1595735937794108,0.178078414842033,0.1588524890044777,0.1262198468182577,0.1974475011863764,0.6905691690593029,0.5191530200239131,2022
20대대통령선거,서울특별시,강남구,20220309,1,451970,354778,352023,2755,106865,235936,130,47.0,109,258,46,95,8537,강남구,대한민국,0.3035739142044696,0.6702289339048869,0.00036929405180911477,0.00013351400334637225,0.00030963885882456544,0.00073290665666732,0.00013067327987091753,0.0002698687301681992,0.02425125630995702,2022,11230,강남구,500149,239430,260719,35342,54333,61803,72066,90955,80022,60013,35522,13145,1951,57829,363263,79057,0.1235691763854371,0.144089061459685,0.181855806969523,0.1599963210963133,0.1199902429076135,0.1012058406594834,0.1580668960649726,0.7263095597511942,0.5212826577679851,2022
20대대통령선거,서울특별시,강동구,20220309,1,397634,313203,310584,2619,139172,160625,182,56.0,84,242,63,85,10075,강동구,대한민국,0.4480977770908997,0.5171708780877315,0.0005859928392962934,0.00018030548901424413,0.0002704582335213662,0.000779177291811555,0.00020284367514102465,0.0002736779743966206,0.03243888931818767,2022,11250,강동구,448655,219114,229541,35914,36976,55424,67915,72291,69658,66982,33394,12102,1871,51079,320029,77547,0.1235336728666793,0.151374664274331,0.1611282611360622,0.1552596092766156,0.1492951154004747,0.1055755535990906,0.1728432760138636,0.713307552573804,0.5116202873031617,2022
20대대통령선거,서울특별시,강북구,20220309,1,268974,199448,197477,1971,103333,86569,135,69.0,52,173,61,73,7012,강북구,대한민국,0.5232660005975379,0.43837510191060225,0.0006836239156965115,0.00034940777913377257,0.00026332180456458223,0.000876051388262937,0.00030889673227768295,0.00036966330256181734,0.03550793256936251,2022,11090,강북구,287788,138515,149273,14484,19194,40055,35696,40896,49177,46274,28997,13380,1379,21655,201430,64703,0.1391823147594757,0.1240357485371176,0.1421046047785175,0.1708792583429469,0.1607919718681807,0.1520424757112874,0.2248286933437113,0.6999249447509973,0.5186908418697096,2022
20대대통령선거,서울특별시,강서구,20220309,1,504185,390247,386376,3871,190000,181569,242,91.0,95,297,79,117,13886,강서구,대한민국,0.49174896991531564,0.4699282564134418,0.0006263328985237178,0.00023552187506470381,0.00024587448495765784,0.0007686812845518356,0.00020446404538584177,0.0003028138393689049,0.03593908524338986,2022,11160,강서구,555999,266085,289914,37720,40315,79873,96385,85671,81572,79061,40874,16382,2424,53586,407294,95119,0.1436567331955633,0.1733546283356624,0.154084809505053,0.1467124940872196,0.1421962989142066,0.1073383225509398,0.171077645823104,0.7325444829936745,0.5214289953758909,2022
20대대통령선거,서울특별시,관악구,20220309,1,446161,340773,336394,4379,169284,151979,309,110.0,103,246,98,116,14149,관악구,대한민국,0.5032313299285956,0.45178867637353815,0.0009185657294719882,0.00032699750887352333,0.00030618857649066276,0.000731285338026243,0.00029132505336004804,0.0003448337366302609,0.042060797755013465,2022,11210,관악구,496743,248148,248595,20630,26485,115556,88770,63680,67816,61823,37321,15337,1548,29651,385034,82058,0.2326273344566506,0.1787040783664792,0.128195062638024,0.136521299746549,0.1244567110155553,0.1091228260891446,0.1651920610859136,0.7751171128732564,0.500449930849554,2022
20대대통령선거,서울특별시,광진구,20220309,1,303582,235471,232918,2553,109922,113769,155,52.0,62,180,38,80,8660,광진구,대한민국,0.4719343288195846,0.4884508711220258,0.0006654702513330872,0.0002232545359311002,0.0002661881005332349,0.0007728041628384238,0.0001631475454881117,0.00034346851681707724,0.03718046694544861,2022,11050,광진구,346519,165843,180676,18659,24446,66920,55951,49099,54297,45351,22711,10006,1231,27546,265456,53517,0.193120723538969,0.1614658936450815,0.1416920861482343,0.1566927066048326,0.1308759404246232,0.0979686539554829,0.1544417477829498,0.7660647756688667,0.5214028667980688,2022
20대대통령선거,서울특별시,구로구,20220309,1,348156,272920,270395,2525,133027,127162,159,59.0,75,193,54,89,9577,구로구,대한민국,0.4919728545276355,0.47028236468869616,0.0005880286247896596,0.00021819930102257807,0.0002773719928253111,0.0007137705948704673,0.000199707834834224,0.0003291480981527025,0.03541855433717339,2022,11170,구로구,424038,210737,213301,28207,28325,53096,66323,64581,71487,65637,34182,13586,1532,39336,306010,78692,0.1252151929779878,0.1564081520995759,0.152300029714318,0.1685863059442786,0.1547903725609497,0.1162631650936944,0.1855777076582759,0.7216570213046944,0.5030233139482783,2022
20대대통령선거,서울특별시,금천구,20220309,1,208786,157035,155534,1501,80208,69250,106,52.0,38,119,48,70,5643,금천구,대한민국,0.5156943176411588,0.4452402690087055,0.0006815230110458163,0.0003343320431545514,0.0002443195699975568,0.0007651060218344542,0.0003086141936811244,0.00045006236578497305,0.03628145614463719,2022,11180,금천구,247185,125201,121984,12854,13496,36859,40692,33410,44229,39275,19178,7700,853,17881,184924,44380,0.1491150352974492,0.1646216396626008,0.135161923255861,0.1789307603616724,0.1588890911665351,0.1121872281894127,0.1795416388534903,0.7481198292776665,0.4934927281186156,2022
20대대통령선거,서울특별시,노원구,20220309,1,441879,349297,345873,3424,169275,163386,207,76.0,96,242,76,112,12403,노원구,대한민국,0.4894137443512503,0.4723872635331466,0.0005984855712935095,0.0002197338329386798,0.00027755852581727976,0.0006996787838310594,0.0002197338329386798,0.00032381828012015973,0.03585998328866376,2022,11110,노원구,496423,238120,258303,32215,48168,69746,60586,76763,84127,70550,37836,18047,2428,49920,356706,89797,0.1404971163705146,0.1220451107221059,0.1546322390380784,0.1694663623562969,0.1421167028924929,0.1174623254764585,0.180888073276218,0.7185525247621484,0.5203284295852529,2022
20대대통령선거,서울특별시,도봉구,20220309,1,281812,216036,214155,1881,106546,99826,127,53.0,48,136,41,77,7301,도봉구,대한민국,0.49751815273983796,0.4661390114636595,0.0005930284139992062,0.0002474842987555742,0.00022413672340127478,0.0006350540496369452,0.00019145011790525554,0.0003595526604562116,0.03409212953234807,2022,11100,도봉구,304137,146600,157537,17448,22459,38668,37323,43106,53293,51021,27824,13388,1708,25883,212439,65815,0.1271400717439837,0.1227177226052732,0.1417321799057661,0.1752269536426018,0.167756635989702,0.1411206134077734,0.216399188523593,0.6984977164896083,0.5179803838401773,2022
20대대통령선거,서울특별시,동대문구,20220309,1,300928,232106,229637,2469,108171,112922,151,44.0,55,184,80,78,7952,동대문구,대한민국,0.4710521388103833,0.4917413134642937,0.0006575595396212283,0.0001916067532671129,0.0002395084415838911,0.0008012646045715629,0.0003483759150311143,0.0003396665171553365,0.03462856595409276,2022,11060,동대문구,350709,169670,181039,20726,23756,70468,50138,47956,51054,47176,27396,12787,1352,28934,258825,62950,0.2009301158510331,0.1429618287526125,0.1367401463891716,0.1455736807438645,0.1345160802830837,0.1184315201491835,0.1794935402285085,0.7380050127028391,0.5162085945898166,2022
20대대통령선거,서울특별시,동작구,20220309,1,342248,271510,268708,2802,122914,135768,161,56.0,85,140,51,66,9467,동작구,대한민국,0.45742590469952515,0.5052622177233279,0.0005991634041412983,0.0002084046623100168,0.00031632850529198983,0.0005210116557750421,0.00018979710317519388,0.0002456197805796627,0.035231552465873735,2022,11200,동작구,386605,186536,200069,23564,26679,70343,60154,54950,57734,51342,29804,12951,1529,33111,286129,67365,0.1819505697029267,0.1555955044554519,0.1421347370054707,0.1493358854644921,0.1328022141462216,0.1145458542957282,0.1742476170768614,0.7401068273819531,0.5175023602902187,2022
20대대통령선거,서울특별시,마포구,20220309,1,324091,256218,253554,2664,117916,124361,180,71.0,75,160,50,58,10683,마포구,대한민국,0.46505280926350995,0.4904714577565331,0.0007099079486026645,0.00028001924639327325,0.00029579497858444356,0.0006310292876468129,0.00019719665238962904,0.00022874811677196967,0.04213303674956814,2022,11140,마포구,362415,168773,193642,24117,26354,64667,62853,56727,53511,40589,22995,11692,1452,34115,274443,53857,0.1784335637321854,0.1734282521418815,0.1565249782707669,0.1476511733785853,0.1119959162838182,0.0997171750617386,0.1486058799994481,0.7572617027440918,0.534310114095719,2022
20대대통령선거,서울특별시,서대문구,20220309,1,269615,210460,208352,2108,100702,98954,119,57.0,38,153,47,63,8219,서대문구,대한민국,0.4833262939640608,0.47493664567654736,0.0005711488250652742,0.00027357548763630777,0.0001823836584242052,0.0007343342036553525,0.00022557978805099062,0.00030237290738749806,0.03944766548917217,2022,11130,서대문구,318308,146857,171451,20376,23840,62869,45056,44154,47691,39801,22998,12243,1407,28463,235716,54129,0.1975099589077246,0.1415484373625545,0.1387147039973861,0.1498265830579187,0.1250392701408698,0.115133769807859,0.1700522764115259,0.7405280420221924,0.538632393782123,2022
20대대통령선거,서울특별시,서초구,20220309,1,344756,277878,275558,2320,88686,179490,105,52.0,98,186,35,49,6857,서초구,대한민국,0.321841499793147,0.651369221724646,0.0003810450068588101,0.00018870800339674406,0.00035564200640155613,0.0006749940121498923,0.00012701500228627004,0.00017782100320077807,0.024884053447912963,2022,11220,서초구,383181,183006,200175,31870,40062,45978,54095,69125,60878,46460,26850,10431,1508,48792,274035,60354,0.1199902917942173,0.141173492422641,0.1803977754638147,0.1588753095795459,0.1212481829735816,0.1012289231459806,0.1575078096252163,0.7151581106578875,0.5224032506830976,2022
20대대통령선거,서울특별시,성동구,20220309,1,252087,197240,195238,2002,84411,103900,123,50.0,47,122,34,65,6486,성동구,대한민국,0.4323492352923099,0.5321709913029226,0.0006300003073172231,0.0002560976859013102,0.00024073182474723158,0.0006248783535991968,0.00017414642641289094,0.00033292699167170324,0.03322099181511796,2022,11040,성동구,282131,136734,145397,19789,18086,46160,45740,41237,44477,38004,19913,9414,1086,26146,209140,46845,0.1636119391346573,0.1621232689778861,0.1461625982256469,0.15764662514931,0.1347033824712633,0.107797441614002,0.1660398892712959,0.7412868490169461,0.515352797104891,2022
20대대통령선거,서울특별시,성북구,20220309,1,375880,292187,289359,2828,142702,135080,169,99.0,89,202,69,87,10862,성북구,대한민국,0.4931659288288942,0.46682494755649556,0.0005840495716393822,0.0003421355478834251,0.0003075764016325741,0.0006980947542671906,0.00023845810913087202,0.00030066457238240386,0.037538144657674376,2022,11080,성북구,436113,207284,228829,29154,37594,75521,58164,64644,67806,56113,32555,15984,1906,42146,318438,75529,0.1731684219456883,0.1333691038790405,0.1482276382497196,0.1554780527065233,0.1286661943120246,0.1156695627050787,0.1731867658152818,0.730173143199125,0.5247011668994045,2022
20대대통령선거,서울특별시,송파구,20220309,1,565840,453536,449510,4026,180490,255232,196,56.0,136,290,69,100,12941,송파구,대한민국,0.40152610620453383,0.5678004938711041,0.00043603034415252165,0.0001245800983292919,0.00030255166737113744,0.0006451469377766902,0.0001535004782985918,0.00022246446130230694,0.028789125937131545,2022,11240,송파구,635758,305954,329804,50507,54225,82564,101969,103174,100135,87863,43305,15509,2266,72299,462646,100813,0.1298670248742446,0.160389645116538,0.1622850204008443,0.1575048996630793,0.1382019573485508,0.0960742924194426,0.1585713431840417,0.7277077126831278,0.5187571371496702,2022
20대대통령선거,서울특별시,양천구,20220309,1,378710,301379,298740,2639,138586,149819,169,75.0,81,213,55,94,9648,양천구,대한민국,0.463901720559684,0.5015029791792194,0.0005657093124456048,0.0002510544286001205,0.00027113878288813017,0.0007129945772243422,0.0001841065809734217,0.00031465488384548436,0.032295641695119504,2022,11150,양천구,426981,208521,218460,30874,46063,51280,52596,72232,73864,60733,30335,11757,1605,49611,306740,70630,0.1200990207995203,0.1231811251554518,0.1691691199374211,0.17299130406271,0.1422381792164054,0.1023394483595288,0.1654171965497294,0.7183926216857425,0.51163869118298,2022
20대대통령선거,서울특별시,영등포구,20220309,1,334361,263581,261079,2502,116443,134880,134,72.0,58,198,39,65,9190,영등포구,대한민국,0.44600676423611246,0.5166252360396661,0.0005132546087582686,0.0002757785957507115,0.00022215497991029536,0.0007583911383144565,0.00014938007269830206,0.0002489667878305034,0.035200073540958866,2022,11190,영등포구,401805,198830,202975,26806,22664,57419,73915,59115,65201,56097,28472,13034,1551,35699,298529,67577,0.1429026517838255,0.1839573922673933,0.1471236047336394,0.1622702554721817,0.1396124986000672,0.1071589452595164,0.168183571633006,0.7429698485583803,0.5051579746394396,2022
20대대통령선거,서울특별시,용산구,20220309,1,199077,152068,150682,1386,60063,85071,67,37.0,56,86,27,46,5229,용산구,대한민국,0.39860766382182344,0.5645730744216296,0.0004446450140029997,0.0002455502316135968,0.000371643593793552,0.0005707383761829548,0.00017918530415046257,0.0003052786663304177,0.03470222057047292,2022,11030,용산구,219282,105469,113813,14715,13455,32658,39446,32765,34817,28488,15072,8139,1116,19807,162608,36867,0.1489315128464716,0.1798870860353335,0.1494194689942631,0.1587772822210669,0.1299149040960954,0.1109393383861876,0.1681259747722111,0.7415474138324167,0.5190257294260359,2022
20대대통령선거,서울특별시,은평구,20220309,1,417391,317971,315020,2951,161510,140715,248,117.0,71,252,76,89,11942,은평구,대한민국,0.5126976065011746,0.44668592470319346,0.0007872516030728207,0.00037140499015935494,0.00022538251539584787,0.0007999492095739953,0.00024125452352231604,0.0002825217446511333,0.03790870420925656,2022,11120,은평구,454649,216315,238334,28930,34973,60296,64719,69761,74531,66291,38293,18221,1969,42114,324489,88046,0.1326209889387197,0.1423493728128732,0.1534392465396382,0.1639308565508777,0.1458069851687785,0.1286332973348671,0.1936570849160561,0.7137132161293658,0.5242153837355851,2022
20대대통령선거,서울특별시,종로구,20220309,1,129968,100629,99366,1263,46130,49181,53,42.0,50,82,20,30,3778,종로구,대한민국,0.4642433025380915,0.4949479701306282,0.0005333816395950325,0.0004226797898677616,0.0005031902260330495,0.0008252319706942013,0.00020127609041321981,0.00030191413561982973,0.038021053479057224,2022,11010,종로구,147512,70318,77194,7123,11181,28268,20200,20040,23874,19866,10994,6011,817,10650,110329,26533,0.1916318672379196,0.1369380118227669,0.1358533543033787,0.1618444601117197,0.1346737892510439,0.120817289440859,0.1798701122620532,0.7479323716036661,0.5233065784478551,2022
20대대통령선거,서울특별시,중구,20220309,1,111448,84998,84184,814,38244,42916,46,19.0,17,67,17,28,2830,중구,대한민국,0.4542906015394849,0.5097880832462226,0.0005464221229687352,0.00022569609426969494,0.00020193861066235866,0.0007958757008457664,0.00020193861066235866,0.00033260477050270836,0.03361683930438088,2022,11020,중구,125257,59795,65462,6793,6709,20791,21260,17137,19653,17991,9953,4908,694,8986,92579,23692,0.1659867312804873,0.1697310329961599,0.1368147089583815,0.1569014106996016,0.1436326911869196,0.1241846763055158,0.1891471135345729,0.7391123849365704,0.5226214902161157,2022
20대대통령선거,서울특별시,중랑구,20220309,1,347108,260862,258423,2439,130381,118231,156,59.0,73,236,60,75,9152,중랑구,대한민국,0.5045255259787248,0.45750958699496563,0.0006036614388038216,0.00022830785185529151,0.0002824825963633268,0.0009132314074211661,0.0002321774764630083,0.0002902218455787604,0.0354148044098242,2022,11070,중랑구,379127,185196,193931,22788,23908,51854,57667,53496,64333,60756,31788,13413,1520,31886,273865,73376,0.136772110664764,0.1521047037008706,0.14110311320481,0.1696872024413982,0.1602523692588499,0.1232331118596143,0.1935393680745502,0.7223568883250204,0.5115198864760357,2022
20대대통령선거,세종특별자치시,세종특별자치시,20220309,1,288895,231832,229891,1941,119349,101514,100,50.0,48,121,66,88,8555,세종특별자치시,대한민국,0.5191547298502334,0.441574485299555,0.0004349887555406693,0.00021749437777033464,0.00020879460265952124,0.0005263363942042098,0.0002870925786568417,0.000382790104875789,0.037213288036504255,2022,29010,세종시,382589,192165,190424,51224,48475,43501,61115,74518,50589,34862,15253,7524,1168,72186,271913,38490,0.1137016485053151,0.1597406093745507,0.1947729809273136,0.1322280567397389,0.0911212815841542,0.0625867445221896,0.1006040424580947,0.7107182903847209,0.4977247124198553,2022
20대대통령선거,울산광역시,남구,20220309,1,268213,209589,207601,1988,77783,121338,81,58.0,43,189,54,86,7969,남구,대한민국,0.37467545917408873,0.5844769533865444,0.00039017153096565044,0.00027938208390132995,0.00020712809668546877,0.000910400238919851,0.00026011435397710033,0.00041425619337093753,0.038386134941546524,2022,26020,남구,311172,158893,152279,24125,27511,41514,41155,48250,59930,45551,18315,6842,817,35255,231255,44662,0.1334117465581736,0.1322580437828596,0.1550589384649004,0.1925944493720514,0.1463852788811332,0.0834715205738305,0.1435283380252722,0.7431741930507886,0.4893724371087373,2022
20대대통령선거,울산광역시,동구,20220309,1,127599,98491,97416,1075,44506,47082,64,88.0,30,71,32,46,5497,동구,대한민국,0.4568654019873532,0.4833086967233309,0.0006569762667323643,0.0009033423667570009,0.00030795762503079576,0.0007288330459062167,0.00032848813336618213,0.00047220169171388685,0.05642810215980948,2022,26030,동구,154118,81404,72714,14508,15649,16066,21435,26962,24465,24150,9518,2863,332,21104,110349,22665,0.1042447994393905,0.1390817425608949,0.1749438741743339,0.1587420028809094,0.156698114431799,0.0824887423921929,0.1470626403145641,0.7160033221297967,0.4718073164717943,2022
20대대통령선거,울산광역시,북구,20220309,1,175732,138319,137050,1269,64692,64612,79,67.0,21,113,44,53,7369,북구,대한민국,0.4720321050711419,0.4714483765049252,0.0005764319591390004,0.000488872674206494,0.00015322874863188618,0.0008245165997811018,0.0003210507114191901,0.0003867201751185699,0.05376869755563663,2022,26040,북구,216750,112367,104383,25481,23995,23149,32481,39332,38822,23985,8370,3454,488,35830,159832,21088,0.106800461361015,0.1498546712802768,0.1814625144175317,0.1791095732410611,0.1106574394463667,0.0568027681660899,0.0972918108419838,0.7374025374855825,0.4815824682814302,2022
20대대통령선거,울산광역시,울주군,20220309,1,188615,145891,144454,1437,56078,81980,76,51.0,53,156,54,83,5923,울주군,대한민국,0.3882066263308735,0.5675163027676631,0.0005261190413557257,0.00035305356722555275,0.0003668988051559666,0.001079928558572279,0.00037382142412117355,0.0005745773741121741,0.04100267213092057,2022,26510,울주군,223854,117193,106661,17505,21217,25996,26287,35604,43222,33240,14610,7266,1067,26015,161006,36833,0.11612926282309,0.1174292172576768,0.1590500951513039,0.1930812047137866,0.1484896405692996,0.1024909092533526,0.1645402807186827,0.7192455797082027,0.476475738651085,2022
20대대통령선거,울산광역시,중구,20220309,1,182051,143171,141869,1302,54075,81418,75,44.0,38,156,50,65,5948,중구,대한민국,0.3811614940543741,0.5738956361150075,0.0005286567185220168,0.00031014527486624983,0.0002678527373844885,0.001099605974525795,0.0003524378123480112,0.00045816915605241456,0.04192600215691941,2022,26010,중구,204622,103223,101399,15952,18158,21861,23966,31784,38861,34154,15498,5748,627,23659,144505,36458,0.1068360195873366,0.11712328097663,0.1553303163882671,0.1899160403084712,0.1669126486888018,0.1068946643078456,0.1781724350265367,0.706204611429856,0.4955430012413132,2022
20대대통령선거,인천광역시,강화군,20220309,1,63019,48473,48009,464,17036,29278,22,23.0,12,34,32,32,1540,강화군,대한민국,0.3548501322668666,0.609843987585661,0.00045824741194359393,0.0004790768397592118,0.0002499531337874149,0.0007082005457310088,0.000666541690099773,0.000666541690099773,0.032077318836051576,2022,23510,강화군,66420,33292,33128,3301,4445,4490,5070,7017,10897,15064,9596,5955,972,5006,38009,23405,0.0676001204456489,0.0763324299909665,0.1056458897922312,0.1640620295091839,0.2267991568804576,0.2487654320987654,0.3523788015657934,0.5722523336344475,0.4987654320987654,2022
20대대통령선거,인천광역시,계양구,20220309,1,258741,193864,192157,1707,100532,83662,124,62.0,64,132,58,81,7442,계양구,대한민국,0.5231763609964768,0.43538356656275856,0.0006453056615163642,0.0003226528307581821,0.0003330609865890912,0.0006869382848400007,0.0003018365190963639,0.00042153031115181854,0.03872874784681276,2022,23070,계양구,288122,142279,145843,17898,23896,39247,37520,42374,56866,45726,16777,8625,1316,27019,217303,43800,0.1362166026891386,0.130222614031556,0.1470696441090926,0.1973677817035839,0.1587036047229993,0.0927315512178868,0.1520189364227653,0.7542048160154379,0.5061848800161043,2022
20대대통령선거,인천광역시,남동구,20220309,1,441525,329653,326707,2946,162476,150932,215,82.0,74,253,76,138,12461,남동구,대한민국,0.4973141071357516,0.4619796943438616,0.0006580820123229683,0.00025098941865341117,0.00022650264610185884,0.0007743941819428417,0.00023262433923974693,0.00042239682651427733,0.03814120909561167,2022,23050,남동구,511392,255604,255788,39571,46238,64552,69034,85275,88093,73165,33091,14944,2319,58702,372172,80518,0.1262280207746699,0.1349923346473937,0.1667507508916838,0.1722612008009511,0.143070286590326,0.0984645829422439,0.1574486890682685,0.7277626556535887,0.5001799011325949,2022
20대대통령선거,인천광역시,동구,20220309,1,53909,40918,40579,339,19195,19665,32,11.0,6,44,17,19,1590,동구,대한민국,0.4730279208457577,0.4846102663939476,0.0007885852288129328,0.0002710761724044456,0.0001478597304024249,0.0010843046896177825,0.00041893590280687055,0.00046822247960767884,0.039182828556642596,2022,23020,동구,58078,29169,28909,3549,4438,5822,6511,9088,9443,9995,6304,2979,401,5318,38421,14339,0.1002444987775061,0.1121078549536829,0.1564792176039119,0.1625916870415648,0.1720961465615207,0.1667412789696614,0.2468921106098695,0.6615413753917145,0.4977616309101553,2022
20대대통령선거,인천광역시,미추홀구,20220309,1,356862,253347,250994,2353,119287,121159,154,67.0,68,196,75,106,9882,미추홀구,대한민국,0.4752583727101046,0.4827167183279282,0.0006135604835175343,0.00026693865191996624,0.0002709228109038463,0.0007808951608404981,0.00029881192379100697,0.00042232085229128985,0.039371459078703076,2022,23090,미추홀구,415303,209232,206071,28713,32290,60029,57483,63246,66842,60568,32186,15062,2053,40930,298741,75632,0.1445426592150791,0.1384121954332138,0.1522888108200518,0.1609475491388215,0.14584050681069,0.1187109170894503,0.1821128188334782,0.7193326318374776,0.496194344851831,2022
20대대통령선거,인천광역시,부평구,20220309,1,424164,316024,313239,2785,159280,141116,194,91.0,77,263,94,131,11993,부평구,대한민국,0.5084935145368233,0.4505058437806276,0.0006193353956563519,0.00029051299486973205,0.00024581868796669633,0.0008396144796784564,0.000300090346348954,0.0004182110145926912,0.03828705876343622,2022,23060,부평구,498254,245816,252438,34334,39473,63750,72615,75365,89421,75752,33461,15729,2195,49905,365922,82427,0.1279467901913482,0.1457389203097215,0.1512581936120934,0.1794687047168713,0.1520349058913726,0.1031301304154106,0.1654316874525844,0.7344085546729179,0.5066452050560557,2022
20대대통령선거,인천광역시,서구,20220309,1,462821,346084,343300,2784,174908,154616,197,79.0,81,224,85,130,12980,서구,대한민국,0.5094902417710457,0.45038159044567433,0.0005738421205942325,0.00023011942907078358,0.00023594523740168947,0.0006524905330614623,0.00024759685406350134,0.00037867754150888434,0.03780949606757938,2022,23080,서구,581069,295063,286006,57984,57015,70181,90196,102596,98180,69776,27419,12227,1971,82039,430034,68996,0.1207791157332433,0.1552242504762773,0.1765642290330408,0.1689644431212128,0.1200821244981232,0.0716214425481311,0.1187397710082623,0.7400738982805829,0.4922066054117497,2022
20대대통령선거,인천광역시,연수구,20220309,1,317609,250104,248115,1989,111446,127790,120,62.0,40,133,48,72,8404,연수구,대한민국,0.44917074743566493,0.5150434274429196,0.0004836466960885073,0.00024988412631239546,0.0001612155653628358,0.0005360417548314289,0.00019345867843540294,0.0002901880176531044,0.0338713902827318,2022,23040,연수구,400488,199745,200743,41584,45648,52152,57991,70079,65421,46047,16842,8115,1329,59890,296761,43837,0.1302211302211302,0.1448008429715746,0.1749840194962146,0.1633532090849164,0.1149772277821058,0.0656349253910229,0.1094589600687161,0.7409984818521403,0.5012459799045165,2022
20대대통령선거,인천광역시,옹진군,20220309,1,18659,14912,14663,249,5218,8801,16,13.0,5,11,11,15,573,옹진군,대한민국,0.35586169269590123,0.6002182363772761,0.0010911818863806862,0.0008865852826843074,0.0003409943394939644,0.0007501875468867217,0.0007501875468867217,0.0010229830184818932,0.03907795130600832,2022,23520,옹진군,19329,11155,8174,912,961,2368,1874,2152,3215,4261,2314,1146,221,1286,12440,5603,0.1225102178074395,0.0969527652749754,0.1113352992912204,0.1663303843965026,0.2204459620259713,0.190439236380568,0.2898753168813699,0.643592529360029,0.4228878886647007,2022
20대대통령선거,인천광역시,중구,20220309,1,121916,90125,89291,834,43942,41817,42,18.0,22,88,15,34,3313,중구,대한민국,0.4921212664210279,0.4683226752976224,0.0004703721539684851,0.0002015880659864936,0.0002463854139834922,0.0009855416559339688,0.00016799005498874467,0.0003807774579744879,0.03710340347851407,2022,23010,중구,150670,77750,72920,13543,14181,18368,23994,26456,22488,18157,9802,4406,755,19152,108479,23039,0.1219088073272715,0.1592486891882923,0.1755890356408044,0.1492533351032056,0.1205083958319506,0.0993097497842968,0.1529103338421716,0.7199774341275635,0.4839715935488153,2022
20대대통령선거,전라남도,강진군,20220309,1,30272,24960,24686,274,21064,3015,24,15.0,10,6,17,53,482,강진군,대한민국,0.8532771611439682,0.12213400307866808,0.0009722109697804424,0.0006076318561127765,0.00040508790407518434,0.0002430527424451106,0.0006886494369278133,0.0021469658915984767,0.019525236976423884,2022,36590,강진군,31476,15293,16183,1595,2278,2203,2197,3221,5109,6214,4724,3563,563,2475,17402,11599,0.0699898335239547,0.0697992120981065,0.1023319354428771,0.1623141441097979,0.1974202567035201,0.2811666031261914,0.3685029864023383,0.5528656754352522,0.514137755750413,2022
20대대통령선거,전라남도,고흥군,20220309,1,57414,47171,46691,480,40466,5131,34,27.0,12,9,31,151,830,고흥군,대한민국,0.8666766614550984,0.1098926988070506,0.0007281917285986593,0.0005782699021224647,0.0002570088453877621,0.00019275663404082156,0.0006639395172517188,0.0032340279711293397,0.01777644513932021,2022,36550,고흥군,58630,28768,29862,2500,3005,3359,3562,5570,9155,12471,10463,7618,1211,3751,29697,25182,0.057291488998806,0.0607538802660753,0.0950025584171925,0.156148729319461,0.2127068053897322,0.3290465631929046,0.429507078287566,0.5065154357837285,0.5093296946955483,2022
20대대통령선거,전라남도,곡성군,20220309,1,25143,20717,20485,232,17472,2385,22,14.0,8,8,20,84,472,곡성군,대한민국,0.8529167683670978,0.11642665364901147,0.0010739565535757872,0.0006834268977300463,0.0003905296558457408,0.0003905296558457408,0.000976324139614352,0.004100561386380278,0.023041249694898708,2022,36520,곡성군,26454,13118,13336,1011,1895,2514,1686,2626,4280,4994,3811,3247,536,1642,15064,9748,0.0950328872760263,0.0637332728509866,0.0992666515460799,0.1617902774627655,0.1887805246843577,0.2870643380963181,0.3684886973614576,0.5694412943222197,0.504120359869963,2022
20대대통령선거,전라남도,광양시,20220309,1,126644,100876,100101,775,81441,15855,46,20.0,16,22,23,93,2585,광양시,대한민국,0.8135882758414001,0.1583900260736656,0.00045953586877253976,0.00019979820381414772,0.00015983856305131817,0.00021977802419556247,0.00022976793438626988,0.0009290616477357869,0.02582391784297859,2022,36060,광양시,145926,76212,69714,13625,14466,16283,18160,22563,29283,18947,8485,4874,819,19835,104460,21631,0.1115839535106835,0.1244466373367323,0.1546194646601702,0.2006702027054808,0.1298397818072173,0.0971588339295259,0.1482326658717432,0.7158422762221948,0.4777352904897002,2022
20대대통령선거,전라남도,구례군,20220309,1,22770,19132,18959,173,16137,2353,12,10.0,7,3,5,40,392,구례군,대한민국,0.851152486945514,0.12410992140935703,0.0006329447755683316,0.0005274539796402763,0.0003692177857481935,0.0001582361938920829,0.00026372698982013817,0.0021098159185611053,0.020676196001898833,2022,36530,구례군,23165,11185,11980,1078,1421,1444,1315,2444,4111,4776,3511,2765,435,1696,12694,8775,0.0623354198143751,0.0567666738614288,0.1055039930930282,0.177466004748543,0.2061731059788474,0.2897042952730412,0.3788042305201813,0.547981869199223,0.5171595078782646,2022
20대대통령선거,전라남도,나주시,20220309,1,99117,81076,80431,645,68994,9529,32,32.0,20,20,40,121,1643,나주시,대한민국,0.8578035831955341,0.11847422013900114,0.0003978565478484664,0.0003978565478484664,0.0002486603424052915,0.0002486603424052915,0.000497320684810583,0.0015043950715520136,0.020427447128594695,2022,36040,나주시,114785,57550,57235,10426,10201,12559,14472,16486,16458,16240,10707,7219,1207,14424,74075,26286,0.109413250860304,0.1260791915319946,0.1436250381147362,0.1433811038027616,0.1414819009452454,0.1666855425360456,0.2290020473058326,0.6453369342684149,0.4986278694951431,2022
20대대통령선거,전라남도,담양군,20220309,1,41698,34632,34342,290,30076,3440,20,15.0,9,14,25,97,646,담양군,대한민국,0.8757789295905888,0.10016888940655756,0.0005823772639916138,0.0004367829479937103,0.0002620697687962262,0.00040766408479412964,0.0007279715799895172,0.002824529730359327,0.018810785626929123,2022,36510,담양군,43572,21585,21987,2252,3100,4060,3541,4563,7513,8275,5700,4197,611,3314,26089,14169,0.0931791058477921,0.0812677866519783,0.1047232167446984,0.1724272468557789,0.1899155420912512,0.2411640503075369,0.3251858992013219,0.5987560818874507,0.5046130542550261,2022
20대대통령선거,전라남도,목포시,20220309,1,183659,145187,144189,998,125790,14950,69,45.0,19,20,24,98,3174,목포시,대한민국,0.8723966460687015,0.10368336003439929,0.0004785385847741506,0.000312090381374446,0.00013177149435809944,0.00013870683616642047,0.00016644820339970455,0.0006796634972154603,0.022012774899610926,2022,36010,목포시,219625,110070,109555,17457,23052,25960,23499,35851,36928,31080,18474,8660,1154,26987,151049,41589,0.1182014797951053,0.1069960159362549,0.1632373363688104,0.1681411496869664,0.1415139442231075,0.1288013659647126,0.1893636881047239,0.6877586795674445,0.498827546955037,2022
20대대통령선거,전라남도,무안군,20220309,1,75012,61552,61059,493,52983,6637,29,21.0,7,19,23,106,1234,무안군,대한민국,0.8677344863165135,0.10869814441769436,0.00047495045775397565,0.00034392964182184446,0.00011464321394061481,0.00031117443783881165,0.00037668484580487727,0.0017360258111007386,0.02020996085753124,2022,36620,무안군,90630,45883,44747,8765,10048,11619,11038,14139,12672,11043,7376,4476,597,12873,60439,17318,0.1282025819265144,0.121791901136489,0.156007944389275,0.1398212512413108,0.1218470705064548,0.1373606973408363,0.1910846298135275,0.6668763102725367,0.4937327595718856,2022
20대대통령선거,전라남도,보성군,20220309,1,35850,29323,29030,293,25214,3105,21,12.0,12,8,14,73,571,보성군,대한민국,0.8685497760936962,0.10695831898036513,0.0007233895969686531,0.0004133654839820875,0.0004133654839820875,0.00027557698932139166,0.00048225973131243543,0.002514640027557699,0.01966930761281433,2022,36560,보성군,36244,17496,18748,1541,2280,2199,2147,3459,5844,7356,5953,4791,849,2386,18797,15061,0.0606721112459993,0.0592373910164441,0.0954364860390685,0.1612404811830923,0.2029577309347754,0.3198598388698819,0.4155446418717581,0.5186237722105728,0.5172718243019534,2022
20대대통령선거,전라남도,순천시,20220309,1,235327,192412,190968,1444,162566,23730,76,60.0,50,28,46,132,4280,순천시,대한민국,0.8512735117925516,0.12426165640316703,0.0003979724351723849,0.00031418876460977753,0.00026182397050814797,0.00014662142348456286,0.00024087805286749611,0.0006912152821415106,0.022412131875497465,2022,36030,순천시,272085,135443,136642,24211,28006,34023,31610,40654,47760,36793,19168,10988,1679,35432,190001,46652,0.1250454821103699,0.1161769300034915,0.1494165426245474,0.1755333811125199,0.135226124189132,0.1170038774647628,0.1714611242810151,0.6983148648400316,0.5022033555690317,2022
20대대통령선거,전라남도,신안군,20220309,1,35175,29213,28956,257,25583,2747,24,18.0,6,18,17,98,445,신안군,대한민국,0.8835129161486394,0.09486807570106369,0.0008288437629506838,0.0006216328222130128,0.00020721094073767094,0.0006216328222130128,0.000587097665423401,0.003384445365381959,0.015368144771377263,2022,36680,신안군,34148,18328,15820,1499,1597,2008,2503,3571,5867,7248,5647,3937,438,2183,18648,13317,0.05880285814689,0.0732985826402717,0.1045742063956893,0.171810940611456,0.2122525477333958,0.2934871734801452,0.3899789153098278,0.5460934754597634,0.4632774979500996,2022
20대대통령선거,전라남도,여수시,20220309,1,237455,189617,188312,1305,162006,22010,82,52.0,35,36,43,230,3818,여수시,대한민국,0.8603063001826755,0.1168804961977994,0.00043544755512128807,0.0002761374739793534,0.0001858617613322571,0.00019117209737032158,0.00022834444963677303,0.0012213772887548324,0.020274862993330218,2022,36020,여수시,268139,138403,129736,20847,23611,30077,30263,39323,46311,41555,25064,11800,1711,30484,180884,56771,0.1121694345097132,0.1128631045838166,0.1466515501288511,0.1727126602247342,0.1549755910180913,0.1438619521964354,0.2117222783705466,0.674590417656514,0.4838386060960919,2022
20대대통령선거,전라남도,영광군,20220309,1,45280,36321,35942,379,30855,4061,22,16.0,17,10,34,142,785,영광군,대한민국,0.8584664181180791,0.1129875911190251,0.0006120972678203772,0.00044516164932391074,0.00047298425240665517,0.00027822603082744424,0.0009459685048133103,0.003950809637749708,0.021840743419954373,2022,36640,영광군,49323,24667,24656,3914,3682,4089,4658,5940,7920,8328,6395,4305,475,5378,28929,15016,0.0829024998479411,0.0944386999979725,0.1204306307402226,0.1605741743202968,0.1688461772398272,0.2265677270239036,0.3044421466658557,0.5865215011252357,0.499888490156722,2022
20대대통령선거,전라남도,영암군,20220309,1,46507,37333,36984,349,31909,4096,27,14.0,7,10,17,74,830,영암군,대한민국,0.8627784988102963,0.11075059485182782,0.0007300454250486697,0.00037854207224745834,0.00018927103612372917,0.00027038719446247024,0.00045965823058619944,0.00200086523902228,0.02244213714038503,2022,36610,영암군,56287,30693,25594,3473,3985,6062,6405,7990,9764,8698,5778,4015,525,5118,37046,14123,0.107698047506529,0.1137918169381917,0.1419510721836303,0.1734681187485565,0.1545294650629808,0.1833105335157318,0.2509105121964219,0.6581626308028496,0.454705349370192,2022
20대대통령선거,전라남도,완도군,20220309,1,42767,35300,34944,356,31062,3089,14,11.0,16,6,20,115,611,완도군,대한민국,0.888907967032967,0.08839858058608059,0.00040064102564102563,0.0003147893772893773,0.0004578754578754579,0.00017170329670329672,0.0005723443223443224,0.0032909798534798535,0.017485119047619048,2022,36660,완도군,46863,24825,22038,3018,3000,3659,4552,5732,7289,8388,6714,4309,568,4286,27183,15394,0.078078654802296,0.0971341996884535,0.1223139790453022,0.1555384845187034,0.1789898213942769,0.2473379851908755,0.3284894266265497,0.5800524934383202,0.4702643876832469,2022
20대대통령선거,전라남도,장성군,20220309,1,38486,31666,31427,239,27132,3573,18,6.0,4,5,19,69,601,장성군,대한민국,0.8633340757946988,0.11369204823877557,0.0005727559105227989,0.00019091863684093295,0.00012727909122728863,0.0001590988640341108,0.0006045756833296211,0.002195564323670729,0.019123683456900117,2022,36650,장성군,40266,20367,19899,2459,2953,3482,3429,4756,6750,7090,5233,3898,497,3628,23790,12848,0.0864749416381066,0.0851586946803755,0.1181145383201708,0.1676352257487706,0.1760790741568569,0.2391099190383946,0.319078130432623,0.590821040083445,0.4941886455073759,2022
20대대통령선거,전라남도,장흥군,20220309,1,32712,27048,26819,229,23565,2563,14,11.0,6,7,14,91,548,장흥군,대한민국,0.8786681084305903,0.09556657593497148,0.0005220179723330475,0.00041015697826168017,0.00022372198814273462,0.00026100898616652373,0.0005220179723330475,0.0033931168201648087,0.02043327491703643,2022,36580,장흥군,33638,16375,17263,1873,2159,2315,2443,3581,5630,6482,4917,3867,590,2791,18512,12335,0.0688209762768297,0.0726261965634104,0.1064569831737915,0.1673702360425709,0.1926987335751233,0.278672929425055,0.3666983768357215,0.5503299839467269,0.5131993578690767,2022
20대대통령선거,전라남도,진도군,20220309,1,26802,21744,21530,214,18692,2314,17,15.0,8,15,8,69,392,진도군,대한민국,0.868183929400836,0.10747793776126335,0.0007895959126799814,0.0006967022758941013,0.00037157454714352065,0.0006967022758941013,0.00037157454714352065,0.003204830469112866,0.018207152810032514,2022,36670,진도군,28945,15093,13852,1607,1769,2439,2649,3310,4550,5323,4156,2968,356,2382,16675,9888,0.0842632579029193,0.0915183969597512,0.1143548108481603,0.1571946795646916,0.1839005009500777,0.2584211435481084,0.3416134047331145,0.5760925893936777,0.4785627915011228,2022
20대대통령선거,전라남도,함평군,20220309,1,28435,23295,23089,206,20467,2054,16,12.0,9,9,17,91,414,함평군,대한민국,0.8864394300316167,0.08896011087530858,0.0006929706786781584,0.0005197280090086188,0.00038979600675646413,0.00038979600675646413,0.0007362813460955434,0.003941270734982026,0.01793061631079735,2022,36630,함평군,29048,14561,14487,1224,1948,2047,1937,2934,4792,5778,4484,3570,492,1891,15861,11296,0.070469567612228,0.0666827320297438,0.1010052327182594,0.1649683282842192,0.1989121454144863,0.294202698980997,0.388873588543101,0.5460272652161939,0.4987262462131644,2022
20대대통령선거,전라남도,해남군,20220309,1,59631,48441,47898,543,42071,4695,33,28.0,9,15,27,126,894,해남군,대한민국,0.8783456511754144,0.09802079418764875,0.000688964048603282,0.0005845755563906635,0.00018789928598271326,0.00031316547663785545,0.0005636978579481398,0.0026305900037579856,0.018664662407616186,2022,36600,해남군,62360,31244,31116,3716,4134,4576,4773,7152,10398,11997,9152,6090,826,5506,35349,21505,0.0733803720333547,0.0765394483643361,0.1146889031430404,0.1667415009621552,0.1923829377806286,0.2576651699807569,0.3448524695317511,0.566853752405388,0.4989737010904426,2022
20대대통령선거,전라남도,화순군,20220309,1,55122,45152,44774,378,39327,4396,20,19.0,17,8,23,93,871,화순군,대한민국,0.8783445749765489,0.09818198061374905,0.0004466878098896681,0.0004243534193951847,0.0003796846384062179,0.00017867512395586724,0.0005136909813731183,0.0020770983159869565,0.019453254120695047,2022,36570,화순군,59822,29015,30807,3410,5079,6097,4511,7261,10914,10066,6900,5266,764,5336,37213,17273,0.1019190264451205,0.0754070408879676,0.1213767510280498,0.1824412423523118,0.1682658553709337,0.2161412189495503,0.2887399284544147,0.6220621176155929,0.5149777673765504,2022
20대대통령선거,전라북도,고창군,20220309,1,47655,38707,38331,376,33000,4343,15,22.0,13,10,27,135,766,고창군,대한민국,0.8609219691633404,0.11330254885079961,0.00039132816780151837,0.0005739479794422269,0.00033915107876131593,0.0002608854452010122,0.000704390702042733,0.003521953510213665,0.01998382510239754,2022,35570,고창군,50784,25337,25447,2571,3838,3371,3815,5478,8172,9879,7574,5548,823,4014,28261,18509,0.0663791745431632,0.0751220856962822,0.1078686200378071,0.1609168241965973,0.1945297731568998,0.2745943604284814,0.3644651858853182,0.5564941713925646,0.501083018273472,2022
20대대통령선거,전라북도,군산시,20220309,1,225149,177339,176139,1200,144395,27413,80,44.0,17,40,37,130,3983,군산시,대한민국,0.819778697505947,0.15563276730309586,0.00045418675023702873,0.0002498027126303658,9.65146844253686e-05,0.00022709337511851436,0.00021006137198462577,0.0007380534691351717,0.022612822827426066,2022,35020,군산시,266438,135830,130608,20688,25668,31388,29550,42124,44029,39145,23218,11428,1791,30827,181710,53901,0.1178060186610018,0.1109076032698038,0.1581005712398381,0.1652504522628153,0.1469197336716234,0.1367560182856799,0.2023022241572148,0.6819973126956365,0.4902003467973787,2022
20대대통령선거,전라북도,김제시,20220309,1,72285,58026,57503,523,48952,7169,38,15.0,13,13,26,96,1181,김제시,대한민국,0.8512947150583448,0.12467175625619532,0.0006608350868650331,0.00026085595534146045,0.00022607516129593237,0.00022607516129593237,0.00045215032259186475,0.0016694781141853468,0.020538058883884318,2022,35060,김제시,78277,38997,39280,4171,5456,6865,6782,9129,12491,14597,10581,7521,1216,6361,45789,26127,0.087701368217995,0.0866410312096784,0.1166242957701496,0.1595743321793119,0.1864787868722613,0.2467902448995234,0.3337762050155218,0.584961099684454,0.5018076829720096,2022
20대대통령선거,전라북도,남원시,20220309,1,69190,56509,56059,450,47470,7176,40,39.0,9,18,35,128,1144,남원시,대한민국,0.8467864214488307,0.12800799158029932,0.0007135339552970977,0.0006956956064146703,0.00016054513994184699,0.00032109027988369397,0.0006243422108849605,0.0022833086569507125,0.020407071121496995,2022,35050,남원시,75259,36710,38549,4788,6183,5946,6011,9472,13036,13445,9250,6663,1012,7342,44925,22992,0.0790071619341208,0.0798708460117726,0.1258587012848961,0.1732151636349141,0.1786497296004464,0.2248900463731912,0.3055049894364793,0.596938572130908,0.5122178078369365,2022
20대대통령선거,전라북도,무주군,20220309,1,21244,17429,17268,161,13292,3429,14,7.0,3,5,13,43,462,무주군,대한민국,0.7697475098447997,0.1985753995830438,0.0008107482047718323,0.00040537410238591616,0.00017373175816539263,0.0002895529302756544,0.0007528376187167014,0.0024901552003706276,0.026754690757470466,2022,35530,무주군,22296,11104,11192,1082,1565,1373,1565,2596,3767,4624,3090,2431,323,1735,12610,7951,0.0615805525654825,0.0701919626838894,0.1164334409759598,0.1689540724793685,0.2073914603516325,0.2621097954790097,0.356611051309652,0.5655722999641192,0.501973448152135,2022
20대대통령선거,전라북도,부안군,20220309,1,45702,36856,36524,332,31037,4577,14,14.0,9,17,21,113,722,부안군,대한민국,0.8497700142372139,0.1253148614609572,0.00038330960464352207,0.00038330960464352207,0.0002464133172708356,0.00046544737706713394,0.000574964406965283,0.003093856094622714,0.019767823896615924,2022,35580,부안군,47372,23649,23723,2450,3117,3341,3652,5404,7823,9432,7124,4742,592,3686,26802,16884,0.0705268935236004,0.077091953052436,0.1140758253820822,0.1651397449970446,0.1991049565143967,0.262982352444482,0.3564130710124124,0.5657772523853754,0.5007810520982859,2022
20대대통령선거,전라북도,순창군,20220309,1,23847,19879,19687,192,16980,2214,12,14.0,4,7,20,62,374,순창군,대한민국,0.8624980951897191,0.11245999898410118,0.0006095392898867272,0.0007111291715345151,0.00020317976329557575,0.00035556458576725756,0.001015898816477879,0.0031492863310814243,0.018997307868136335,2022,35560,순창군,25279,12324,12955,1325,1914,1607,1750,2858,4095,4931,3636,2918,401,2084,14016,9179,0.0635705526326199,0.0692274219708058,0.113058269710036,0.1619921674116856,0.1950630958503105,0.2751295541754025,0.3631077178685866,0.5544523121958939,0.5124807152181653,2022
20대대통령선거,전라북도,완주군,20220309,1,78117,63481,63009,472,52862,8450,24,24.0,9,18,16,79,1527,완주군,대한민국,0.8389595137202622,0.1341078258661461,0.00038089796695710135,0.00038089796695710135,0.00014283673760891302,0.00028567347521782604,0.0002539319779714009,0.001253789141233792,0.024234633147645575,2022,35510,완주군,94771,48623,46148,6848,8929,11867,9914,13247,14754,14592,8811,5757,922,10141,62629,22001,0.1252176298656762,0.1046100600394635,0.1397790463327389,0.1556805351848139,0.1539711515125935,0.1634466239672473,0.2321490751390193,0.660845617330196,0.4869422080594274,2022
20대대통령선거,전라북도,익산시,20220309,1,239340,189310,187782,1528,154719,28100,78,45.0,32,46,47,153,4562,익산시,대한민국,0.8239288110681535,0.14964160569170634,0.00041537527558551936,0.00023963958206856887,0.0001704103694709823,0.00024496490611453705,0.00025029023016050526,0.0008147745790331341,0.024294128297706916,2022,35030,익산시,277030,138823,138207,18462,26781,38499,27624,38485,46985,42540,24339,13714,2114,28187,190067,58776,0.1389705086091759,0.0997148323286286,0.138919972566148,0.1696025701187597,0.1535573764574233,0.144991517164206,0.2121647475002707,0.68608814929791,0.4988882070533877,2022
20대대통령선거,전라북도,임실군,20220309,1,24186,20057,19880,177,16930,2417,16,9.0,6,4,20,89,389,임실군,대한민국,0.8516096579476862,0.121579476861167,0.0008048289738430583,0.00045271629778672034,0.0003018108651911469,0.00020120724346076458,0.001006036217303823,0.004476861167002012,0.019567404426559357,2022,35550,임실군,24922,12577,12345,1336,1459,1924,1794,2372,3925,5025,3809,2985,415,1937,13494,9491,0.0772008667041168,0.0719845919268116,0.0951769520905224,0.1574913730840221,0.201629082738143,0.2892624989968702,0.3808281839338737,0.541449321884279,0.4953454778910199,2022
20대대통령선거,전라북도,장수군,20220309,1,19371,16230,16078,152,13564,2067,13,9.0,3,3,8,61,350,장수군,대한민국,0.8436372683169548,0.12856076626446075,0.000808558278392835,0.0005597711158104242,0.00018659037193680805,0.00018659037193680805,0.0004975743251648215,0.0037940042293817637,0.02176887672596094,2022,35540,장수군,20036,9980,10056,1058,1411,1283,1384,2168,3256,4190,2958,2171,275,1674,10988,7374,0.0640347374725494,0.0690756638051507,0.108205230584947,0.1625074865242563,0.2091235775603913,0.2697145138750249,0.3680375324416051,0.5484128568576562,0.5018965861449391,2022
20대대통령선거,전라북도,전주시덕진구,20220309,1,265049,215995,214404,1591,175845,32741,58,48.0,27,40,33,97,5515,전주시덕진구,대한민국,0.8201572731852018,0.15270703904777896,0.00027051734109438257,0.00022387642021604075,0.00012593048637152293,0.0001865636835133673,0.000153915038898528,0.0004524169325199157,0.025722467864405515,2022,35012,전주시 덕진구,327314,163402,163912,30217,35768,48603,41768,52869,50362,38042,20939,10922,1505,44458,233372,49484,0.1484904403722419,0.1276083516134354,0.1615237967211912,0.1538644848677416,0.116224787207391,0.1019388110499398,0.1511820453753887,0.7129911949992973,0.5007790684174829,2022
20대대통령선거,전라북도,전주시완산구,20220309,1,285828,231447,229630,1817,188693,35173,98,53.0,31,50,45,97,5390,전주시완산구,대한민국,0.8217262552802335,0.15317249488307277,0.0004267735052040239,0.00023080607934503332,0.00013499978225841572,0.00021774158428776729,0.00019596742585899056,0.00042241867351826853,0.023472542786221313,2022,35011,전주시 완산구,338570,165453,173117,24789,34598,49323,38992,49980,57707,46246,25199,12849,1992,37550,241153,59867,0.1456803615205127,0.1151667306613108,0.1476208760374516,0.170443335203946,0.1365921375195675,0.1182621023717399,0.1768231089582656,0.712269250081224,0.5113181912159966,2022
20대대통령선거,전라북도,정읍시,20220309,1,93594,75092,74445,647,63487,9101,33,24.0,17,21,41,134,1587,정읍시,대한민국,0.8528040835516153,0.12225132648263819,0.00044328027402780576,0.00032238565383840417,0.00022835650480220298,0.00028208744710860365,0.0005507421586406072,0.0017999865672644233,0.021317751360064478,2022,35040,정읍시,103255,51545,51710,6175,8246,9871,8843,13427,17394,17638,12430,8744,1295,9461,63319,30475,0.0955982761125369,0.0856423417752167,0.1300372863299598,0.168456733330105,0.1708198150210643,0.2176068955498523,0.2951430923441964,0.6132293835649605,0.5007989927848531,2022
20대대통령선거,전라북도,진안군,20220309,1,22568,18855,18680,175,15637,2574,9,10.0,6,7,20,47,370,진안군,대한민국,0.8370985010706639,0.13779443254817988,0.00048179871520342613,0.0005353319057815846,0.00032119914346895073,0.0003747323340471092,0.0010706638115631692,0.0025160599571734475,0.01980728051391863,2022,35520,진안군,22645,11354,11291,1104,1436,1459,1455,2186,3876,4957,3466,2503,315,1661,12481,8503,0.0644292338264517,0.0642525943916979,0.0965334510929565,0.1711636122764407,0.2189004195186575,0.2775005519982336,0.375491278427909,0.5511591962905719,0.4986089644513137,2022
20대대통령선거,제주특별자치도,서귀포시,20220309,1,155802,112823,111589,1234,55435,50947,78,38.0,21,78,69,113,4810,서귀포시,대한민국,0.49677835628959843,0.4565593382860318,0.0006989936284042333,0.0003405353574277035,0.00018819059226267822,0.0006989936284042333,0.0006183405174345142,0.001012644615508697,0.04310460708492773,2022,39020,서귀포시,181094,92018,89076,16142,16646,17251,20843,29428,31208,26115,15146,8892,1327,23529,120772,36793,0.0952599202624051,0.1150949230786221,0.162501242448673,0.1723303919511414,0.1442068759870564,0.1400653804101737,0.2031707290136614,0.6669022717483738,0.4918771466752074,2022
20대대통령선거,제주특별자치도,제주시,20220309,1,408552,296826,293649,3177,157695,122130,189,108.0,80,193,159,197,12898,제주시,대한민국,0.537018685573593,0.415904702553048,0.0006436255529560802,0.00036778603026061725,0.00027243409648934614,0.0006572472577805476,0.0005414627667725754,0.0006708689626050148,0.04392318720649483,2022,39010,제주시,495281,248647,246634,47436,51477,61319,64523,82403,83081,59839,30953,16867,2992,68482,350574,76225,0.1238064856111984,0.1302755405517272,0.1663762591337039,0.1677451789993963,0.1208182829545248,0.1025922658046644,0.1539025320979403,0.7078284852437303,0.497967820287877,2022
20대대통령선거,충청남도,계룡시,20220309,1,34745,27992,27759,233,11891,14722,22,5.0,14,13,4,14,1074,계룡시,대한민국,0.42836557512878704,0.5303505169494578,0.0007925357541698187,0.00018012176231132246,0.0005043409344717029,0.0004683165820094384,0.00014409740984905797,0.0005043409344717029,0.03869015454447206,2022,34070,계룡시,42416,21121,21295,4178,5490,3970,4706,8186,7489,5259,2303,1188,207,6550,29948,5918,0.0935967559411542,0.1109486986043002,0.1929932101093927,0.176560731799321,0.1239862316107129,0.0871840814786873,0.1395228215767635,0.7060543191248585,0.5020511127876273,2022
20대대통령선거,충청남도,공주시,20220309,1,91684,68872,68251,621,28472,37345,43,21.0,16,57,48,42,2207,공주시,대한민국,0.41716604884910113,0.5471714700150914,0.0006300273988659507,0.00030768779944616195,0.00023442879957802815,0.0008351525984967253,0.0007032863987340845,0.0006153755988923239,0.03233652254179426,2022,34020,공주시,106038,52554,53484,5470,9838,13683,9081,12289,16973,19406,11196,7567,1212,8352,68986,28700,0.1290386465229446,0.0856391105075538,0.115892415926366,0.1600652596239084,0.1830098643882381,0.1883758652558516,0.2706576887530885,0.6505780946453158,0.5043852203926894,2022
20대대통령선거,충청남도,금산군,20220309,1,44799,33699,33364,335,14002,18185,26,8.0,14,23,42,37,1027,금산군,대한민국,0.41967390001198895,0.5450485553290972,0.0007792830595851816,0.00023977940294928664,0.00041961395516125163,0.0006893657834791991,0.0012588418654837549,0.0011089797386404508,0.030781680853614674,2022,34510,금산군,52399,26168,26231,2386,4479,6039,3929,5806,8422,10118,6550,4377,615,3961,32184,16254,0.1152502910360884,0.0749823469913548,0.1108036412908643,0.1607282581728659,0.1930952880780167,0.2202713792247943,0.3101967594801427,0.6142101948510468,0.5006011565106204,2022
20대대통령선거,충청남도,논산시,20220309,1,100285,73512,72808,704,33822,36215,35,17.0,22,67,81,47,2502,논산시,대한민국,0.46453686408087025,0.4974041314141303,0.0004807164047906823,0.0002334908251840457,0.00030216459729700033,0.000920228546313592,0.0011125151082298649,0.0006455334578617735,0.03436435556532249,2022,34060,논산시,116852,58364,58488,7099,10182,12773,11463,14387,18456,20693,12500,8725,1411,10631,74127,32094,0.1093092116523465,0.098098449320508,0.1231215554718789,0.1579433813713072,0.1770872556738438,0.1937151268270975,0.2746551192962037,0.634366549139082,0.5005305856981481,2022
20대대통령선거,충청남도,당진시,20220309,1,139481,100874,100004,870,46903,49244,35,44.0,24,76,49,62,3567,당진시,대한민국,0.46901123955041796,0.4924203031878725,0.0003499860005599776,0.00043998240070397185,0.00023999040038398463,0.0007599696012159514,0.0004899804007839686,0.0006199752009919603,0.035668573257069715,2022,34080,당진시,171192,92031,79161,15702,15616,16469,23096,28431,27112,23413,13285,8590,1233,22558,115456,33178,0.0962019253236132,0.1349128463946913,0.1660766858264405,0.158371886536754,0.1367645684377774,0.1349829431281835,0.1938057853170708,0.6744240385064723,0.4624106266647974,2022
20대대통령선거,충청남도,보령시,20220309,1,86253,65715,65032,683,26207,36433,37,28.0,18,55,59,70,2125,보령시,대한민국,0.40298622216754826,0.5602318858408168,0.0005689506704391684,0.00043055726411612744,0.00027678681264608194,0.0008457374830852503,0.0009072456636732686,0.0010763931602903187,0.03267622093738467,2022,34030,보령시,96511,49983,46528,5867,7061,8820,9709,13244,15992,17837,11201,6513,937,8965,60818,26728,0.0913885463833138,0.1005999316140129,0.1372278807597061,0.1657013190206297,0.1848183108661188,0.1932525826071639,0.2769425246863052,0.6301665095170499,0.4821004859549688,2022
20대대통령선거,충청남도,부여군,20220309,1,57573,43975,43570,405,16813,25140,28,19.0,17,34,57,43,1419,부여군,대한민국,0.38588478310764285,0.5770025246729401,0.0006426440211154464,0.0004360798714711958,0.00039017672710580677,0.0007803534542116135,0.0013082396144135874,0.000986917603855864,0.032568280927243516,2022,34530,부여군,61481,30439,31042,2720,3965,4910,4390,6424,9567,13282,8970,6514,1107,4257,34284,22940,0.0798620712089914,0.071404173647143,0.1044875652640653,0.1556090499503911,0.2160342219547502,0.26985572778582,0.3731234039784649,0.557635692327711,0.5049039540671102,2022
20대대통령선거,충청남도,서산시,20220309,1,148201,108990,107920,1070,48642,54911,69,61.0,21,69,59,73,4015,서산시,대한민국,0.4507227575982209,0.5088120830244626,0.0006393624907338769,0.0005652335063009637,0.00019458858413639733,0.0006393624907338769,0.0005467012601927353,0.0006764269829503336,0.037203484062268345,2022,34050,서산시,177947,93033,84914,15859,16626,18465,22328,28302,29143,24710,14050,8826,1447,22868,120347,34732,0.1037668519278212,0.1254755629485184,0.1590473567972486,0.1637734831157591,0.1388615711419692,0.1366867662843431,0.195181711408453,0.6763081142137828,0.477187027598105,2022
20대대통령선거,충청남도,서천군,20220309,1,45997,35136,34811,325,15443,18176,19,14.0,13,26,47,48,1025,서천군,대한민국,0.44362414179426046,0.5221338082789923,0.0005458044870874149,0.0004021717273275689,0.00037344517537559965,0.0007468903507511993,0.0013501479417425525,0.0013788744936945219,0.029444715750768437,2022,34540,서천군,49509,24797,24712,2239,3101,3407,3607,5247,7693,10305,7727,5493,957,3425,26960,19124,0.0688157708699428,0.0728554404249732,0.1059807307762225,0.1553858894342442,0.2081439738229412,0.2863519764083298,0.3862732028520067,0.5445474560180977,0.499141570219556,2022
20대대통령선거,충청남도,아산시,20220309,1,265136,192927,191110,1817,93262,90032,104,85.0,42,120,55,72,7338,아산시,대한민국,0.4880016744283397,0.4711004133744964,0.0005441892104023861,0.00044477002773271937,0.000219768719585579,0.0006279106273873685,0.0002877923708858772,0.0003767463764324211,0.03839673486473759,2022,34040,아산시,363197,190920,172277,36982,40062,47768,56426,64839,52481,37715,19001,10739,1528,53101,263154,46942,0.1315209101396762,0.1553592127688279,0.1785229503547661,0.1444973389097376,0.1038417167542683,0.0860910194742798,0.1292466622796994,0.7245489362522267,0.474334865100758,2022
20대대통령선거,충청남도,예산군,20220309,1,69064,51349,50850,499,16904,32107,29,15.0,10,47,44,33,1661,예산군,대한민국,0.3324287118977384,0.6314060963618485,0.0005703048180924288,0.0002949852507374631,0.00019665683382497542,0.0009242871189773845,0.0008652900688298919,0.0006489675516224188,0.03266470009832842,2022,34570,예산군,76967,39139,37828,3714,5513,6640,6636,9026,12580,15477,10005,6898,947,5724,46254,24989,0.0862707394077981,0.0862187690828537,0.1172710382371665,0.1634466719503163,0.2010861797913391,0.2319175750646381,0.3246716125092572,0.6009588524952252,0.4914833629997271,2022
20대대통령선거,충청남도,천안시동남구,20220309,1,216193,157433,156023,1410,71851,77761,83,48.0,38,97,47,88,6010,천안시동남구,대한민국,0.4605154368266217,0.4983944674823584,0.0005319728501567076,0.0003076469494882165,0.00024355383501150471,0.0006217032104241042,0.0003012376380405453,0.0005640194073950636,0.03851996180050377,2022,34011,천안시 동남구,273967,138959,135008,20451,28632,41998,34349,43242,44794,35995,16588,9005,1399,30642,201738,41587,0.1532958348998237,0.1253764139476652,0.1578365277569926,0.1635014436045217,0.1313844368117328,0.0985228147915624,0.1517956542211288,0.736358758536612,0.4927892775407257,2022
20대대통령선거,충청남도,천안시서북구,20220309,1,329610,238154,235736,2418,115553,110173,152,59.0,39,134,63,122,9441,천안시서북구,대한민국,0.4901796925374147,0.46735755251637423,0.0006447890860963112,0.00025027997420843653,0.00016543930498523772,0.0005684324837954322,0.00026724810805307635,0.0005175280822615129,0.04004903790681101,2022,34012,천안시 서북구,413984,213531,200453,42289,41750,62699,72451,72287,62879,39218,15899,8055,1131,59326,314732,39926,0.1514527131483342,0.1750091790987091,0.1746130285228414,0.1518875125608719,0.0947331297827935,0.0605941292417098,0.0964433408054417,0.7602516039267218,0.4842047035634227,2022
20대대통령선거,충청남도,청양군,20220309,1,27754,21588,21387,201,7688,12938,23,7.0,3,12,23,21,672,청양군,대한민국,0.359470706503951,0.6049469303782672,0.001075419647449385,0.00032730163183242156,0.00014027212792818068,0.0005610885117127227,0.001075419647449385,0.0009819048954972647,0.03142095665591247,2022,34550,청양군,29761,15154,14607,1220,1896,2422,2133,2813,4755,6551,4303,3314,507,1908,16688,11165,0.0813816740028896,0.0716709787977554,0.0945196733980713,0.1597728570948557,0.2201202916568663,0.2729746984308323,0.3751554047243036,0.5607338463089278,0.4908101206276671,2022
20대대통령선거,충청남도,태안군,20220309,1,55320,42028,41617,411,16678,23514,17,18.0,14,31,53,43,1249,태안군,대한민국,0.4007496936348127,0.5650094913136459,0.000408486916404354,0.00043251555854578657,0.0003364009899800562,0.0007448879063844102,0.0012735180334959271,0.0010332316120816012,0.030011774034649302,2022,34580,태안군,60654,31499,29155,2951,3937,5328,4940,7249,9946,12555,8608,4780,740,4494,36198,19962,0.0878425165693936,0.0814455765489497,0.1195139644541168,0.1639792923797276,0.2069937679295677,0.2329277541464701,0.3291126718765456,0.5967949352062518,0.4806772842681439,2022
20대대통령선거,충청남도,홍성군,20220309,1,84379,62416,61871,545,25860,33587,28,28.0,9,38,60,49,2212,홍성군,대한민국,0.41796641399039935,0.5428552956958834,0.00045255450857429165,0.00045255450857429165,0.00014546394918459374,0.0006141811187793958,0.000969759661230625,0.0007919703900050104,0.03575180617736904,2022,34560,홍성군,100339,50423,49916,7717,9830,10663,10496,13957,15329,15702,9860,6716,999,11458,64218,24663,0.1062697455625429,0.1046053877355764,0.1390984562333689,0.1527721025722799,0.1564895005929897,0.1751562204128006,0.2457967490208194,0.640010364863114,0.4974735646159519,2022
20대대통령선거,충청북도,괴산군,20220309,1,34819,27419,27164,255,10304,15904,22,18.0,11,23,30,27,825,괴산군,대한민국,0.37932557797084376,0.5854807833897806,0.0008098954498601089,0.0006626417317037256,0.00040494772493005447,0.0008467088793992049,0.001104402886172876,0.0009939625975555883,0.030371079369754087,2022,33560,괴산군,37830,19750,18080,1360,1925,4093,2510,3492,6483,9134,5157,3402,446,2050,22577,13203,0.1081945545863071,0.0663494581020354,0.0923076923076923,0.1713719270420301,0.2414485857784827,0.2380385937086968,0.3490087232355273,0.5968014803066349,0.4779275707110759,2022
20대대통령선거,충청북도,단양군,20220309,1,25748,20193,20023,170,7271,11975,12,7.0,9,33,64,26,626,단양군,대한민국,0.36313239774259604,0.5980622284372971,0.0005993107925885232,0.0003495979623433052,0.0004494830944413924,0.0016481046796184388,0.0031963242271387904,0.0012985067172751337,0.031264046346701296,2022,33580,단양군,26466,13377,13089,1102,1629,1590,1712,2749,4922,6688,3758,2204,261,1747,15447,9272,0.0600770800272047,0.0646867679286632,0.1038691150910602,0.1859744577949066,0.2527015793848711,0.2351318673014433,0.3503362805108441,0.583654500113353,0.4945590569031965,2022
20대대통령선거,충청북도,보은군,20220309,1,28971,22717,22470,247,8757,12764,12,8.0,9,26,37,28,829,보은군,대한민국,0.3897196261682243,0.5680462839341344,0.000534045393858478,0.00035603026257231867,0.00040053404539385846,0.0011570983533600355,0.0016466399643969738,0.0012461059190031153,0.03689363595905652,2022,33520,보은군,30636,15439,15197,1391,1903,1971,2084,2987,5189,7277,4282,3221,488,2154,17123,11359,0.0643360752056404,0.0680245462854158,0.0974996735866301,0.1693758976367672,0.2375310092701397,0.2608369238804021,0.3707729468599033,0.5589176132654393,0.4960503982243113,2022
20대대통령선거,충청북도,영동군,20220309,1,41165,31795,31459,336,12029,18242,11,20.0,14,26,33,24,1060,영동군,대한민국,0.38237070472678725,0.5798658571473982,0.0003496614641279125,0.0006357481165962046,0.0004450236816173432,0.000826472551575066,0.0010489843923837375,0.0007628977399154455,0.03369465017959884,2022,33540,영동군,43813,21860,21953,2093,2904,3553,2884,4607,7535,9656,6138,4130,566,3220,25288,15305,0.0810946522721566,0.0658252116951589,0.1051514390705954,0.1719809189053477,0.2203912080889233,0.2472782050989432,0.3493255426471595,0.5771802889553329,0.5010613288293428,2022
20대대통령선거,충청북도,옥천군,20220309,1,44671,34242,33889,353,14138,18246,31,15.0,13,32,55,28,1331,옥천군,대한민국,0.417185517424533,0.5384047921154357,0.000914751099176724,0.00044262149960164063,0.00038360529965475524,0.0009442591991501668,0.0016229454985393491,0.0008262267992563959,0.039275281064652244,2022,33530,옥천군,48013,24178,23835,2441,3442,3809,3558,5806,8311,10293,6176,3928,581,3887,28620,15506,0.0793326807323016,0.0741049299148147,0.1209255826546976,0.1730989523670672,0.214379438901964,0.2225438943619436,0.3229541999041926,0.5960885593485098,0.4964280507362589,2022
20대대통령선거,충청북도,음성군,20220309,1,80946,58316,57702,614,26700,28715,33,23.0,28,43,41,43,2076,음성군,대한민국,0.46272226265987315,0.4976430626321445,0.0005719039201414162,0.00039859970191674464,0.00048525181102908045,0.0007452081383660878,0.0007105472947211535,0.0007452081383660878,0.035977955703441825,2022,33570,음성군,102564,56916,45648,6062,7344,12386,13515,15026,18105,16953,8235,4996,713,8937,72485,21142,0.1207636207636207,0.1317713817713817,0.1465036465036465,0.1765239265239265,0.1652919152919152,0.1359541359541359,0.2061347061347061,0.7067294567294568,0.445068445068445,2022
20대대통령선거,충청북도,제천시,20220309,1,114317,87091,86294,797,36442,46496,44,28.0,15,93,83,74,3019,제천시,대한민국,0.42230050756715415,0.5388091871972559,0.0005098848123855657,0.00032447215333626905,0.00017382436785871554,0.0010777110807240365,0.0009618281688182261,0.0008575335481029967,0.03498505110436415,2022,33030,제천시,130436,65535,64901,8532,10936,15132,12095,16919,22808,24247,12718,7209,860,12767,86081,31588,0.1160109172314391,0.0927274678769664,0.1297111226961881,0.1748597013094544,0.1858919316753043,0.1593655125885491,0.2421724063908736,0.6599481738170444,0.4975696893495661,2022
20대대통령선거,충청북도,증평군,20220309,1,30953,22653,22410,243,10215,11272,7,5.0,5,24,20,11,851,증평군,대한민국,0.45582329317269077,0.5029897367246765,0.0003123605533244087,0.00022311468094600624,0.00022311468094600624,0.00107095046854083,0.000892458723784025,0.0004908522980812137,0.03797411869701026,2022,33590,증평군,37778,19556,18222,3214,3284,4832,4810,5627,6115,5577,2841,1645,198,4641,26005,7132,0.1279051299698237,0.1273227804542326,0.1489491238286833,0.1618666949017947,0.1476256022023399,0.1239875059558473,0.1887871247816189,0.6883635978611891,0.4823442215045794,2022
20대대통령선거,충청북도,진천군,20220309,1,71306,51932,51434,498,25402,23767,34,17.0,17,28,30,33,2106,진천군,대한민국,0.4938756464595404,0.46208733522572615,0.0006610413345258001,0.00033052066726290004,0.00033052066726290004,0.0005443869813741883,0.0005832717657580589,0.0006415989423338648,0.04094567795621573,2022,33550,진천군,93174,50523,42651,8332,8496,10763,14031,15564,14771,12109,5702,3792,510,11852,66205,15117,0.1155150578487561,0.1505892201687166,0.1670423079399832,0.1585313499474102,0.1299611479597312,0.1073690085216906,0.1622448322493399,0.7105522999978535,0.4577564556635971,2022
20대대통령선거,충청북도,청주시상당구,20220309,1,162949,122198,120876,1322,55852,59708,89,61.0,34,87,45,73,4927,청주시상당구,대한민국,0.4620602931930243,0.4939607531685363,0.000736291736986664,0.0005046493927661405,0.00028127998941063567,0.0007197458552566266,0.00037228233892584137,0.0006039246831463648,0.04076077964194712,2022,33041,청주시 상당구,191510,95219,96291,17374,19051,22370,23481,30179,33034,27240,12835,7067,937,25113,133990,32407,0.1168085217482115,0.1226097853897968,0.1575844603414965,0.172492298052321,0.1422380032374288,0.1088141611404104,0.1692183175813273,0.6996501488172941,0.5027988094616469,2022
20대대통령선거,충청북도,청주시서원구,20220309,1,165206,124726,123307,1419,56323,61779,94,54.0,24,66,41,64,4862,청주시서원구,대한민국,0.456770499647222,0.501017784878393,0.000762324928836157,0.00043793134209736673,0.00019463615204327411,0.0005352494181190038,0.0003325034264072599,0.0005190297387820642,0.03943004046809995,2022,33042,청주시 서원구,194132,96581,97551,13741,19044,28812,22817,29005,33638,27883,13017,7001,961,21019,140326,32787,0.1484144808686872,0.1175334308614756,0.1494086497846825,0.1732738549028496,0.1436290771227824,0.1080656460552613,0.1688902396307667,0.7228380689427812,0.5024983001256876,2022
20대대통령선거,충청북도,청주시청원구,20220309,1,159671,117836,116631,1205,56679,54875,54,35.0,31,94,56,70,4737,청주시청원구,대한민국,0.4859685675335031,0.4705009817286999,0.0004629986881703835,0.000300091742332656,0.00026579554320892385,0.0008059606794077047,0.0004801467877322496,0.000600183484665312,0.04061527381227975,2022,33044,청주시 청원구,198744,102398,96346,19846,20437,28090,30760,32951,28017,23000,10733,6305,897,27937,143178,27629,0.1413376001288089,0.1547719679587811,0.1657962001368594,0.1409702934428209,0.1157267640784124,0.0902417179889707,0.1390180332488025,0.7204142011834319,0.4847743831260315,2022
20대대통령선거,충청북도,청주시흥덕구,20220309,1,223335,163683,161961,1722,76940,77980,96,41.0,33,94,59,63,6655,청주시흥덕구,대한민국,0.47505263612845067,0.4814739350831373,0.0005927352881249189,0.00025314736263668414,0.0002037527552929409,0.0005803866362889831,0.00036428522916010647,0.0003889825328319781,0.041090138984076416,2022,33043,청주시 흥덕구,274114,139308,134806,25586,26325,41022,43469,44237,43555,32043,13179,6543,911,36233,204301,33580,0.1496530640536419,0.1585800068584603,0.1613817608732133,0.1588937449382373,0.1168966196545962,0.0752716023260395,0.1225037758013089,0.7453139934479815,0.4917880881676966,2022
20대대통령선거,충청북도,충주시,20220309,1,180976,135848,134589,1259,58801,70411,75,53.0,45,110,104,89,4901,충주시,대한민국,0.43689305961111236,0.5231556813706915,0.0005572520785502529,0.0003937914688421788,0.0003343512471301518,0.0008173030485403711,0.0007727228822563509,0.0006612724665463003,0.036414565826330535,2022,33020,충주시,215783,110283,105500,14693,19118,28182,24156,30030,36183,34931,17684,11022,1478,21888,148599,45296,0.1306034302980309,0.1119457973983121,0.1391675896618362,0.167682347543597,0.1618802222603263,0.1398812696088199,0.2099145901206304,0.688650171700273,0.4889171065375863,2022
