election_name,sido,sigungu_norm,sg_id,sg_typecode,total_voters,total_voted,valid_votes,invalid_votes,party_더불어민주당,party_국민의힘,party_기본소득당,party_녹색당,party_독도당,party_통일한국당,party_한류연합당,party_기타,sigungu_elec,sgg_name,ratio_더불어민주당,ratio_국민의힘,ratio_기본소득당,ratio_녹색당,ratio_독도당,ratio_통일한국당,ratio_한류연합당,ratio_기타,year,adm_cd,sigungu_pop,total_pop,male_pop,female_pop,age_0_9,age_10_19,age_20_29,age_30_39,age_40_49,age_50_59,age_60_69,age_70_79,age_80_89,age_90plus,age_0_14,age_15_64,age_65plus,ratio_20s,ratio_30s,ratio_40s,ratio_50s,ratio_60s,ratio_70plus,ratio_elderly,ratio_working,ratio_female,pop_year
8회지방선거_광역의원비례,강원도,강릉시,20220601,8,185804,101921,98501,3420,34624,59565,486,0.0,0.0,0.0,0.0,3826.0,강릉시,강원도,0.3515091217348047,0.6047146729474827,0.004933960061319175,0.0,0.0,0.0,0.0,0.038842245256393335,2022,32030,강릉시,215128,107563,107565,13793,18792,28759,21081,30545,35509,35562,20066,10951,1719,20578,145962,48588,0.1336832025584768,0.0979928228775426,0.1419852366962924,0.165059871332416,0.1653062362872336,0.1521698709605444,0.2258562344278755,0.6784890855676621,0.500004648395374,2022
8회지방선거_광역의원비례,강원도,고성군,20220601,8,24776,16777,15918,859,6022,9310,58,0.0,0.0,0.0,0.0,528.0,고성군,강원도,0.3783138585249403,0.5848724714160071,0.0036436738283703984,0.0,0.0,0.0,0.0,0.033169996230682244,2022,32600,고성군,27127,14275,12852,1446,1501,3307,2531,3008,4407,5512,3279,2005,287,2037,17001,8089,0.1219080620783721,0.0933018763593467,0.1108858333026136,0.1624580676079183,0.203192391344417,0.2053673461864563,0.2981899952077266,0.6267187672798319,0.4737715191506617,2022
8회지방선거_광역의원비례,강원도,동해시,20220601,8,76886,42042,40963,1079,14617,24671,209,0.0,0.0,0.0,0.0,1466.0,동해시,강원도,0.35683421624392747,0.6022752239826185,0.005102165368747406,0.0,0.0,0.0,0.0,0.035788394404706686,2022,32040,동해시,86772,44153,42619,6735,7707,7787,8540,13808,15278,14790,8147,4273,576,10020,57089,19663,0.0897409302539989,0.0984188447886414,0.1591296731664592,0.176070621859586,0.1704466878716636,0.149771815793113,0.2266053565666343,0.6579196054026645,0.4911607430968515,2022
8회지방선거_광역의원비례,강원도,삼척시,20220601,8,57023,37546,36224,1322,12732,21988,191,0.0,0.0,0.0,0.0,1313.0,삼척시,강원도,0.3514796819787986,0.6070008833922261,0.005272747349823322,0.0,0.0,0.0,0.0,0.036246687279151944,2022,32070,삼척시,64289,33295,30994,3826,5312,8386,5264,8147,10412,11696,6948,4101,643,5597,41776,16916,0.1304422218419947,0.0818802594534057,0.1267246340742584,0.1619561666848138,0.1819284792110625,0.1818662601689247,0.2631243292009519,0.6498156760876667,0.482104248005102,2022
8회지방선거_광역의원비례,강원도,속초시,20220601,8,71621,37091,36109,982,13666,20945,112,0.0,0.0,0.0,0.0,1386.0,속초시,강원도,0.37846520258107397,0.5800492951895649,0.003101719792849428,0.0,0.0,0.0,0.0,0.03838378243651167,2022,32060,속초시,80903,40449,40454,6113,6392,7848,9279,11948,14870,14044,6944,3587,593,8850,54736,17317,0.0970050554367576,0.1146929038478177,0.1476830278234429,0.1838003535097586,0.173590596146002,0.1374979914218261,0.2140464506878607,0.6765632918433185,0.5000309012026748,2022
8회지방선거_광역의원비례,강원도,양구군,20220601,8,18552,12802,12218,584,4529,7045,101,0.0,0.0,0.0,0.0,543.0,양구군,강원도,0.3706825994434441,0.5766082828613521,0.008266492060893763,0.0,0.0,0.0,0.0,0.044442625634310035,2022,32580,양구군,20824,10970,9854,1721,1800,2345,2572,2448,3172,3662,1855,1270,160,2360,13606,4858,0.1126104494813676,0.1235113330772186,0.1175566653860929,0.1523242412600845,0.1758547829427583,0.1577506723011909,0.2332885132539377,0.6533807145601229,0.4732039953899347,2022
8회지방선거_광역의원비례,강원도,양양군,20220601,8,25359,16672,16057,615,5661,9828,69,0.0,0.0,0.0,0.0,499.0,양양군,강원도,0.3525565174067385,0.6120695023977082,0.0042971912561499655,0.0,0.0,0.0,0.0,0.031076788939403376,2022,32610,양양군,26566,13501,13065,1312,1528,1944,2167,3285,4668,5833,3618,2058,305,1953,15934,8679,0.0731762403071595,0.0815704283670857,0.1236542949634871,0.1757133177745991,0.219566363020402,0.2251373936610705,0.3266957765565008,0.5997892042460288,0.4917940224346909,2022
8회지방선거_광역의원비례,강원도,영월군,20220601,8,34371,22804,21928,876,7935,13071,210,0.0,0.0,0.0,0.0,712.0,영월군,강원도,0.361866107260124,0.5960871944545786,0.009576796789492886,0.0,0.0,0.0,0.0,0.03246990149580445,2022,32530,영월군,35654,18364,17290,1694,2410,2504,2501,4073,6543,8217,4717,2858,348,2571,21460,11623,0.0702305491669938,0.0701464071352443,0.1142368317720311,0.183513771245863,0.230465024962136,0.2222191058506759,0.325994278341841,0.6018960004487575,0.4849385763168228,2022
8회지방선거_광역의원비례,강원도,원주시,20220601,8,304060,157504,154112,3392,64654,82611,621,0.0,0.0,0.0,0.0,6226.0,원주시,강원도,0.41952605897009965,0.5360452138704319,0.00402953696013289,0.0,0.0,0.0,0.0,0.04039919019933555,2022,32020,원주시,361810,180022,181788,29855,35354,47204,45656,56032,60870,51331,23104,13832,2076,43676,258000,60134,0.1304662668251292,0.1261877781155855,0.1548658135485476,0.1682374727066692,0.1418728061689837,0.1078245487963295,0.1662032558525192,0.7130814515906139,0.5024405074486609,2022
8회지방선거_광역의원비례,강원도,인제군,20220601,8,27939,18536,17811,725,7420,9741,92,0.0,0.0,0.0,0.0,558.0,인제군,강원도,0.41659648531806187,0.5469092134074448,0.0051653472573128965,0.0,0.0,0.0,0.0,0.031328954017180395,2022,32590,인제군,30905,16830,14075,2641,2022,3611,4085,3909,4795,5639,2644,1584,242,3514,20459,6932,0.1168419349619802,0.1321792590195761,0.1264843876395405,0.1551528878822197,0.1824623847273904,0.1446367901634039,0.2243002750364018,0.6619964407053874,0.4554279242840964,2022
8회지방선거_광역의원비례,강원도,정선군,20220601,8,32001,22082,21151,931,8706,11551,130,0.0,0.0,0.0,0.0,764.0,정선군,강원도,0.4116117441255733,0.5461207507919247,0.006146281499692686,0.0,0.0,0.0,0.0,0.03612122358280932,2022,32550,정선군,33354,17386,15968,1690,2164,2036,2564,4324,6268,7627,4261,2357,288,2635,20396,10323,0.0610421538646039,0.0768723391497271,0.1296396234334712,0.1879234874377885,0.2286682257000659,0.2070516279906458,0.3094981111710739,0.6115008694609342,0.4787431792288781,2022
8회지방선거_광역의원비례,강원도,철원군,20220601,8,37099,22453,21255,1198,7972,12318,200,0.0,0.0,0.0,0.0,765.0,철원군,강원도,0.37506469066102094,0.5795342272406493,0.009409550693954364,0.0,0.0,0.0,0.0,0.03599153140437544,2022,32560,철원군,41145,21372,19773,3285,3161,4559,4690,5139,6485,7110,4263,2434,323,4588,26348,10209,0.1108032567748207,0.1139871187264552,0.124899744804958,0.1576133187507595,0.1728034998177178,0.1706161137440758,0.2481224936201239,0.6403694252035484,0.4805687203791469,2022
8회지방선거_광역의원비례,강원도,춘천시,20220601,8,244406,137711,134384,3327,54327,71315,562,0.0,0.0,0.0,0.0,8180.0,춘천시,강원도,0.40426687700916775,0.5306807358018811,0.004182045481604953,0.0,0.0,0.0,0.0,0.060870341707346114,2022,32010,춘천시,293124,144265,148859,22681,28368,43522,35008,41053,46234,42287,21174,13380,2030,32978,204990,55156,0.1484764127127086,0.1194306846249368,0.1400533562587846,0.1577284698625837,0.1442631787229977,0.1248072488093776,0.188166100353434,0.6993286117820444,0.5078362740683123,2022
8회지방선거_광역의원비례,강원도,태백시,20220601,8,35236,22535,21871,664,8171,12835,102,0.0,0.0,0.0,0.0,763.0,태백시,강원도,0.37359974395318,0.5868501668876595,0.004663709935531069,0.0,0.0,0.0,0.0,0.034886379223629464,2022,32050,태백시,39113,19680,19433,2388,3289,2867,3058,5866,6969,7759,4819,2251,205,3774,24426,10913,0.0733004371947945,0.0781837240815074,0.1499757114003017,0.1781760539973921,0.1983739421675657,0.1859995397949531,0.279012093165955,0.6244982486641271,0.4968424820392197,2022
8회지방선거_광역의원비례,강원도,평창군,20220601,8,37372,25363,24372,991,9232,14243,113,0.0,0.0,0.0,0.0,784.0,평창군,강원도,0.3787953389135073,0.5844001312982111,0.004636468078122436,0.0,0.0,0.0,0.0,0.0321680617101592,2022,32540,평창군,38699,19891,18808,1805,2347,2628,2806,4631,7306,9288,4981,2781,360,2777,23663,12259,0.0679087314917698,0.0725083335486705,0.1196671748623995,0.1887904080208791,0.2400062017106385,0.2098762241918395,0.31677821132329,0.6114628284968604,0.4860073903718442,2022
8회지방선거_광역의원비례,강원도,홍천군,20220601,8,60743,36937,35326,1611,12671,20786,235,0.0,0.0,0.0,0.0,1634.0,홍천군,강원도,0.35868765215422066,0.588405140689577,0.006652324067259243,0.0,0.0,0.0,0.0,0.04625488308894299,2022,32510,홍천군,65215,33446,31769,3762,4442,5543,5705,7459,11245,14752,7346,4725,671,5529,40287,19399,0.0849957831787165,0.0874798742620562,0.1143755271026604,0.1724296557540443,0.2262056275396764,0.1953844974315725,0.2974622402821437,0.6177566510772061,0.4871425285593805,2022
8회지방선거_광역의원비례,강원도,화천군,20220601,8,21055,13833,13281,552,5055,7623,94,0.0,0.0,0.0,0.0,509.0,화천군,강원도,0.38061892929749264,0.5739778631127174,0.007077780287628944,0.0,0.0,0.0,0.0,0.03832542730216098,2022,32570,화천군,22545,12130,10415,1760,1503,2935,2674,2479,3465,4073,2128,1499,195,2396,14502,5647,0.1301840762918607,0.1186072299844755,0.1099578620536704,0.1536926147704591,0.1806609004213794,0.1695276114437791,0.2504768241295187,0.6432468396540253,0.4619649589709469,2022
8회지방선거_광역의원비례,강원도,횡성군,20220601,8,41777,27741,26701,1040,9710,15957,109,0.0,0.0,0.0,0.0,925.0,횡성군,강원도,0.3636567918804539,0.5976180667390735,0.0040822441107074645,0.0,0.0,0.0,0.0,0.034642897269765174,2022,32520,횡성군,44864,22926,21938,2198,3253,3510,3459,4617,7807,10748,5617,3396,515,3302,27225,14337,0.0782364479315263,0.0770996790299572,0.1029110199714693,0.1740148002853067,0.2395684736091298,0.2123751783166904,0.3195657988587732,0.6068339871611983,0.4889889443651926,2022
8회지방선거_광역의원비례,경기도,가평군,20220601,8,55791,33166,32141,1025,10718,20187,191,110.0,0.0,0.0,0.0,935.0,가평군,경기도,0.33346815593789864,0.6280762888522448,0.005942565570455182,0.0034224199620422513,0.0,0.0,0.0,0.029090569677359138,2022,31570,가평군,59755,30570,29185,3300,4626,5542,5313,7236,10550,12676,6681,3730,506,4923,38100,16732,0.0927453769559032,0.0889130616684796,0.1210944690820851,0.1765542632415697,0.2121328759099656,0.1826960087022006,0.280010041000753,0.6376035478202661,0.4884110116308259,2022
8회지방선거_광역의원비례,경기도,고양시덕양구,20220601,8,461775,241011,236806,4205,107506,111512,569,699.0,0.0,0.0,0.0,16520.0,고양시덕양구,경기도,0.45398342947391535,0.47090023056848224,0.002402810739592747,0.002951783316301107,0.0,0.0,0.0,0.06976174590170857,2022,31101,고양시 덕양구,473370,232645,240725,39853,38763,56982,69048,76091,82714,63936,30802,17141,2335,55882,340752,76736,0.1203751822041954,0.1458647569554471,0.1607431818661934,0.1747343515643154,0.1350655935103618,0.1062128990007816,0.1621057523712951,0.7198428290766208,0.5085345501404821,2022
8회지방선거_광역의원비례,경기도,고양시일산동구,20220601,8,229024,117245,115947,1298,50064,60335,279,297.0,0.0,0.0,0.0,4972.0,고양시일산동구,경기도,0.43178348728298277,0.5203670642621198,0.002406271831095242,0.0025615151750368703,0.0,0.0,0.0,0.04288166144876539,2022,31103,고양시 일산동구,290321,140807,149514,21113,26672,37824,37603,47121,56018,38098,16044,10613,1817,31642,215318,43361,0.1302833759872692,0.1295221496205923,0.1623065503356629,0.1929519394050034,0.1312271589034207,0.098077645089401,0.149355368712563,0.7416549267879348,0.5149954705308951,2022
8회지방선거_광역의원비례,경기도,고양시일산서구,20220601,8,233891,125029,123882,1147,55737,62327,306,324.0,0.0,0.0,0.0,5188.0,고양시일산서구,경기도,0.4499200852424081,0.5031158683263105,0.002470092507386061,0.0026153920666440646,0.0,0.0,0.0,0.04187856185725126,2022,31104,고양시 일산서구,280551,135901,144650,21650,29113,34538,33381,45803,55238,36243,15721,10215,1483,33392,205596,41563,0.1231077415514469,0.1189837141910027,0.1632608687903447,0.1968911178359728,0.1291850679555588,0.0977326760553339,0.1481477521021133,0.7328293251494381,0.5155925304133652,2022
8회지방선거_광역의원비례,경기도,과천시,20220601,8,65220,42664,42077,587,15702,23926,83,373.0,0.0,0.0,0.0,1993.0,과천시,경기도,0.3731729923711291,0.5686241889868574,0.0019725740903581528,0.008864700430163748,0.0,0.0,0.0,0.04736554412149155,2022,31110,과천시,73406,36168,37238,7681,6839,8597,10898,11212,12643,9672,4142,2141,365,10568,52191,10647,0.1171157671035065,0.1484619785848568,0.1527395580742718,0.172233877339727,0.1317603465656758,0.0905648039669781,0.145042639566248,0.7109909271721657,0.5072882325695447,2022
8회지방선거_광역의원비례,경기도,광명시,20220601,8,247233,139579,138025,1554,67133,65045,352,304.0,0.0,0.0,0.0,5191.0,광명시,경기도,0.48638290164825215,0.47125520738996557,0.002550262633580873,0.0022024995471834814,0.0,0.0,0.0,0.03760912878101793,2022,31060,광명시,284031,139684,144347,23082,27819,32959,38239,48121,48851,40156,18230,8247,1113,34184,205013,44834,0.1160401505469473,0.1346296707049582,0.1694216476370537,0.1719917896285968,0.1413789339895997,0.0971372843105154,0.157848967190201,0.7217979727564949,0.5082086110318944,2022
8회지방선거_광역의원비례,경기도,광주시,20220601,8,329651,152111,150881,1230,68439,77086,300,316.0,0.0,0.0,0.0,4740.0,광주시,경기도,0.45359588019697644,0.5109059457453224,0.0019883219225747444,0.0020943657584453976,0.0,0.0,0.0,0.031415486376680964,2022,31250,광주시,392926,202013,190913,35808,33513,44813,57867,68734,66002,54298,24302,10079,1363,49540,284712,58674,0.1140494647847177,0.147272005415778,0.1749286125122796,0.1679756493589123,0.1381888701689376,0.0909687829260471,0.1493258272550047,0.7245944528995282,0.4858752029644259,2022
8회지방선거_광역의원비례,경기도,구리시,20220601,8,164045,88167,86857,1310,39349,44180,169,171.0,0.0,0.0,0.0,2988.0,구리시,경기도,0.453031995118413,0.5086521523884086,0.0019457268844192178,0.0019687532380809835,0.0,0.0,0.0,0.034401372370678245,2022,31120,구리시,184114,90974,93140,14401,16038,23160,23997,29944,33701,26278,11896,5674,706,20839,134398,28877,0.1257916290993623,0.1303377255396113,0.1626383653605918,0.1830442008755445,0.1427267888373507,0.0992645860716729,0.1568430428973353,0.7299716480006953,0.5058822251431179,2022
8회지방선거_광역의원비례,경기도,군포시,20220601,8,231192,128232,127167,1065,60471,61203,278,323.0,0.0,0.0,0.0,4892.0,군포시,경기도,0.4755243105522659,0.4812805208898535,0.0021861017402313495,0.0025399671298371434,0.0,0.0,0.0,0.03846909968781209,2022,31160,군포시,267750,132765,134985,19749,23806,34240,38030,41780,47901,38619,15830,8656,1408,29210,197360,41180,0.1278804855275443,0.1420354808590102,0.1560410830999066,0.1789019607843137,0.144235294117647,0.0967096171802054,0.1538001867413632,0.7371055088702148,0.5041456582633054,2022
8회지방선거_광역의원비례,경기도,김포시,20220601,8,392604,195815,193216,2599,87079,99004,392,330.0,0.0,0.0,0.0,6411.0,김포시,경기도,0.450682138125207,0.512400629347466,0.002028817489234846,0.0017079330904272937,0.0,0.0,0.0,0.03318048194766479,2022,31230,김포시,491249,251461,239788,56161,49043,51365,78562,94252,70940,55646,27730,12288,1676,78148,347415,65686,0.1045600092824616,0.1599229718533778,0.1918619681668563,0.1444074186410557,0.1132745308387396,0.0848734552131403,0.1337122314752803,0.7072075464784661,0.4881190597843456,2022
8회지방선거_광역의원비례,경기도,남양주시,20220601,8,610260,299250,294826,4424,137554,145899,543,553.0,0.0,0.0,0.0,10277.0,남양주시,경기도,0.4665599370476145,0.49486476769348703,0.0018417642948722298,0.0018756826060116814,0.0,0.0,0.0,0.03485784835801456,2022,31130,남양주시,719886,357413,362473,67543,75295,80080,88703,128812,121640,92056,47893,22808,3343,99268,506832,113786,0.1112398351961282,0.1232181206468802,0.1789338867542916,0.1689711982174955,0.1278758025576271,0.102855174291485,0.1580611374578752,0.7040448070944566,0.5035144453427348,2022
8회지방선거_광역의원비례,경기도,동두천시,20220601,8,81074,39745,38904,841,16674,21019,133,66.0,0.0,0.0,0.0,1012.0,동두천시,경기도,0.42859346082665023,0.5402786345877031,0.003418671601891836,0.0016964836520666255,0.0,0.0,0.0,0.02601274933168826,2022,31080,동두천시,94142,47054,47088,6313,8441,10904,10518,13563,16247,14401,8527,5276,722,9557,63817,20768,0.1158250302734167,0.1117248411973401,0.1440695969917783,0.1725797199974506,0.1529710437424316,0.1542882029274925,0.2206029189947101,0.6778802234921714,0.5001805782753712,2022
8회지방선거_광역의원비례,경기도,부천시,20220601,8,702974,347428,341828,5600,168036,156635,868,686.0,0.0,0.0,0.0,15603.0,부천시,경기도,0.49158056098388664,0.4582275296347871,0.0025392887651099383,0.002006857249844951,0.0,0.0,0.0,0.04564576336637139,6066.0,93156.0,부천시,810142.0,400250.0,409892.0,57519.0,65128.0,104664.0,115219.0,124281.0,145590.0,126840.0,50845.0,22983.0,3554.0,82943.0,598167.0,129032.0,0.1291921663115849,0.14222074648641844,0.15340643985869143,0.17970923615859935,0.1565651453695772,0.09551658844992607,0.15927084387675247,0.7383483389331746,0.5059508086236734,2022
8회지방선거_광역의원비례,경기도,성남시분당구,20220601,8,404133,250603,248217,2386,93712,143484,456,671.0,0.0,0.0,0.0,9894.0,성남시분당구,경기도,0.37754061969969827,0.5780587147536228,0.0018371022129829947,0.002703279791472784,0.0,0.0,0.0,0.03986028354222314,2022,31023,성남시 분당구,459088,222850,236238,40454,48574,54208,65386,80560,77687,54582,26339,13907,2342,60502,332914,65672,0.1180775798975359,0.1424258529955041,0.1754783396647266,0.1692202802077161,0.1188922385250758,0.0927665284215662,0.1430488272400934,0.7251638030181577,0.514581082493988,2022
8회지방선거_광역의원비례,경기도,성남시수정구,20220601,8,208907,106901,105638,1263,50139,50765,360,221.0,0.0,0.0,0.0,4153.0,성남시수정구,경기도,0.4746303413544368,0.4805562392320945,0.0034078645941801244,0.0020920502092050207,0.0,0.0,0.0,0.03931350461008349,2022,31021,성남시 수정구,242193,122391,119802,15751,17069,35261,35172,35845,41776,36897,17846,7268,877,21983,178290,41920,0.1455905001383194,0.1452230246126023,0.1480018002171821,0.1724905344085089,0.152345443509928,0.1073152403248648,0.1730851015512421,0.7361484435966358,0.4946550891231373,2022
8회지방선거_광역의원비례,경기도,성남시중원구,20220601,8,185468,94468,92662,1806,46110,42382,239,166.0,0.0,0.0,0.0,3765.0,성남시중원구,경기도,0.49761498780514124,0.4573827458936781,0.002579266581770305,0.0017914571237400445,0.0,0.0,0.0,0.040631542595670284,2022,31022,성남시 중원구,203409,102340,101069,12819,14547,27437,30140,29986,35261,32044,15418,6364,783,18358,149053,35998,0.1348858703400537,0.1481743678991588,0.1474172725887251,0.1733502450727352,0.1575348190099749,0.1109341277917889,0.1769734869155249,0.7327748526368056,0.4968757527936325,2022
8회지방선거_광역의원비례,경기도,수원시권선구,20220601,8,352407,173785,171243,2542,80195,82027,444,398.0,0.0,0.0,0.0,8179.0,수원시권선구,경기도,0.468311113446973,0.47900936096657964,0.0025928067132671116,0.0023241825943250234,0.0,0.0,0.0,0.0477625362788552,2022,31012,수원시 권선구,371343,187584,183759,32301,31760,50132,58765,61838,64315,47343,19113,8269,1115,45251,279052,47040,0.1350018715850305,0.1582499198853889,0.1665252879413372,0.173195670848784,0.1274912951099118,0.076740372108805,0.1266753378951535,0.751466972583299,0.4948497750058571,2022
8회지방선거_광역의원비례,경기도,수원시영통구,20220601,8,296856,160499,157952,2547,71495,77112,352,420.0,0.0,0.0,0.0,8573.0,수원시영통구,경기도,0.45263751012965964,0.4881989465153971,0.002228525121555916,0.002659035656401945,0.0,0.0,0.0,0.05427598257698541,2022,31014,수원시 영통구,363819,182734,181085,35579,41002,58900,60471,65535,55927,31802,12189,5795,811,51812,281436,30571,0.1618936888947526,0.1662117701384479,0.1801307793160885,0.1537220431038511,0.0874115975251429,0.0516603036125106,0.0840280469134377,0.773560479249297,0.4977337632174241,2022
8회지방선거_광역의원비례,경기도,수원시장안구,20220601,8,199204,106076,104845,1231,48342,51040,258,250.0,0.0,0.0,0.0,4955.0,수원시장안구,경기도,0.46108064285373646,0.4868138680909915,0.002460775430397253,0.002384472316276408,0.0,0.0,0.0,0.047260241308598405,2022,31011,수원시 장안구,276081,139587,136494,18683,27473,43962,33981,42927,49752,35370,16495,8496,1294,28822,206828,40431,0.1592358764275701,0.1230834429026264,0.1554869766481576,0.1802079824399361,0.1281145750703597,0.0952075658955161,0.1464461516728786,0.749156950315306,0.4943983830832256,2022
8회지방선거_광역의원비례,경기도,수원시팔달구,20220601,8,164086,79244,78130,1114,34165,39950,221,235.0,0.0,0.0,0.0,3559.0,수원시팔달구,경기도,0.4372840138231153,0.5113272750543966,0.0028286189683860235,0.0030078075003199794,0.0,0.0,0.0,0.04555228465378216,2022,31013,수원시 팔달구,205106,103974,101132,13436,13580,30585,33343,30836,36177,28494,13236,5952,726,18584,154777,31745,0.149118017025343,0.1625647226312248,0.1503417744970893,0.1763819683480736,0.1389232884459742,0.0970912601289089,0.1547736292453658,0.754619562567648,0.493071875030472,2022
8회지방선거_광역의원비례,경기도,시흥시,20220601,8,431352,195099,192798,2301,97864,87278,451,365.0,0.0,0.0,0.0,6840.0,시흥시,경기도,0.5075986265417691,0.45269141796076723,0.00233923588418967,0.0018931731656967397,0.0,0.0,0.0,0.03547754644757726,2022,31150,시흥시,557663,294555,263108,53768,51268,71380,90807,101731,98259,61420,22240,10904,1616,74747,425094,57822,0.1279984506772011,0.1628349020824404,0.1824237935814282,0.176197811222907,0.1101382017454986,0.062331551492568,0.1036862764788053,0.7622775762422825,0.471804656217106,2022
8회지방선거_광역의원비례,경기도,안산시단원구,20220601,8,266229,121608,118996,2612,57346,56594,343,236.0,0.0,0.0,0.0,4477.0,안산시단원구,경기도,0.48191535849944533,0.4755958183468352,0.0028824498302463947,0.0019832599415106392,0.0,0.0,0.0,0.03762311338196242,2022,31092,안산시 단원구,352941,185123,167818,24977,29036,50368,55071,57901,69012,45184,15341,7538,1171,36063,276117,40761,0.1427094046880356,0.156034578017289,0.164052915359791,0.1955340977670489,0.128021397344032,0.068141700737517,0.1154895577447788,0.7823318911659456,0.4754845710756188,2022
8회지방선거_광역의원비례,경기도,안산시상록구,20220601,8,305390,138929,137187,1742,67733,63788,460,337.0,0.0,0.0,0.0,4869.0,안산시상록구,경기도,0.49372753978146616,0.4649711707377521,0.0033530873916624753,0.002456500980413596,0.0,0.0,0.0,0.035491701108705635,2022,31091,안산시 상록구,362147,184512,177635,24916,32449,58127,47897,55745,70751,46496,17801,9469,1395,36942,279302,45903,0.160506645091634,0.1322584475364976,0.1539292055436052,0.1953654179104065,0.1283898527393572,0.0791529406566946,0.1267523961264348,0.7712393033768056,0.4905052368237207,2022
8회지방선거_광역의원비례,경기도,안성시,20220601,8,163518,81746,80267,1479,34938,42006,175,150.0,0.0,0.0,0.0,2998.0,안성시,경기도,0.43527227876960645,0.5233283914933908,0.0021802235040552158,0.001868763003475899,0.0,0.0,0.0,0.03735034322947164,2022,31220,안성시,208619,109080,99539,14878,19558,29558,27616,32581,33432,28631,14503,8356,1281,22113,150182,36324,0.1416841227309113,0.1323752870064567,0.1561746533153739,0.1602538599072951,0.1372406156677963,0.1157133338765884,0.1741164515216735,0.7198864916426596,0.477132955291704,2022
8회지방선거_광역의원비례,경기도,안양시동안구,20220601,8,265101,155826,154390,1436,70098,76647,291,462.0,0.0,0.0,0.0,6892.0,안양시동안구,경기도,0.45403199689099033,0.49645054731524063,0.0018848371008485007,0.00299242178897597,0.0,0.0,0.0,0.04464019690394456,2022,31042,안양시 동안구,304493,149215,155278,25558,30639,37694,44792,50090,52974,40703,16194,7672,1167,38048,225050,41395,0.1237926651844213,0.1471035458943227,0.1645029606591941,0.1739744427622309,0.133674665755863,0.0822120705566302,0.1359472959969523,0.7390974505161039,0.5099558938957546,2022
8회지방선거_광역의원비례,경기도,안양시만안구,20220601,8,208936,111021,109648,1373,51014,54288,251,225.0,0.0,0.0,0.0,3870.0,안양시만안구,경기도,0.4652524441850285,0.4951116299430906,0.002289143440828834,0.00205202101269517,0.0,0.0,0.0,0.035294761418356926,2022,31041,안양시 만안구,236296,117602,118694,15767,16965,31628,33427,33340,42097,38051,17395,8036,1167,22038,171798,42460,0.1338490706571418,0.1414624030876528,0.1410942208078003,0.1781536716660459,0.1610310796627958,0.1125622101093543,0.1796898804888783,0.7270457392423063,0.5023106612045909,2022
8회지방선거_광역의원비례,경기도,양주시,20220601,8,197751,95153,93702,1451,42477,48008,208,172.0,0.0,0.0,0.0,2837.0,양주시,경기도,0.45332009989114425,0.5123476553328637,0.0022198032059080916,0.0018356064971932296,0.0,0.0,0.0,0.030276835072890654,2022,31260,양주시,242995,124291,118704,21544,23952,28130,30734,40173,40217,32457,17261,9566,1593,31326,169060,42609,0.1157636988415399,0.1264799687236363,0.1653243893907282,0.1655054630753719,0.1335706496018436,0.1169571390357826,0.1753492870223667,0.695734480133336,0.4885038786806313,2022
8회지방선거_광역의원비례,경기도,양평군,20220601,8,107165,63419,61620,1799,22769,36345,147,220.0,0.0,0.0,0.0,2139.0,양평군,경기도,0.36950665368386887,0.5898247322297955,0.0023855890944498538,0.0035702693930542034,0.0,0.0,0.0,0.034712755598831545,2022,31580,양평군,116950,58451,58499,7348,9514,9596,10221,15275,20082,24263,13456,7065,1064,11101,73193,32656,0.0820521590423257,0.0873963232150491,0.1306113723813595,0.1717144078666096,0.20746472851646,0.1845660538691748,0.2792304403591278,0.6258486532706284,0.5002052159042326,2022
8회지방선거_광역의원비례,경기도,여주시,20220601,8,98333,50659,49854,805,17227,30937,122,105.0,0.0,0.0,0.0,1463.0,여주시,경기도,0.3455490030890199,0.620552011874674,0.0024471456653428008,0.0021061499578770007,0.0,0.0,0.0,0.029345689413086212,2022,31280,여주시,113831,58240,55591,7380,9354,12674,12366,15763,19545,20038,10546,6071,966,10983,76327,26521,0.1113404959984538,0.1086347304337131,0.1384772162240514,0.1717019089703156,0.1760328908645272,0.154465830924792,0.2329857420210663,0.670529117727157,0.4883643295763017,2022
8회지방선거_광역의원비례,경기도,연천군,20220601,8,37898,22795,22038,757,8077,13103,166,70.0,0.0,0.0,0.0,622.0,연천군,경기도,0.3665033124602958,0.5945639350213268,0.007532443960431981,0.0031763317905436064,0.0,0.0,0.0,0.02822397676740176,2022,31550,연천군,41288,21840,19448,2573,2710,4772,4290,4577,6589,7940,4719,2987,385,3704,25787,11797,0.1155783762836659,0.103904282115869,0.1108554543693082,0.159586320480527,0.1923076923076923,0.1959649292772718,0.2857246657624491,0.6245640379771362,0.4710327455919395,2022
8회지방선거_광역의원비례,경기도,오산시,20220601,8,190375,83211,81962,1249,39217,39384,187,151.0,0.0,0.0,0.0,3023.0,오산시,경기도,0.4784778311900637,0.4805153607769454,0.002281545106268759,0.0018423171713720992,0.0,0.0,0.0,0.03688294575535004,2022,31140,오산시,242596,126049,116547,23845,25241,30437,39849,46917,37552,25031,10917,5072,677,34411,181548,26637,0.1254637339445003,0.1642607462612738,0.1933956042144141,0.154792329634454,0.1031797721314448,0.0686985770581543,0.1097998318191561,0.7483552902768389,0.4804160002638131,2022
8회지방선거_광역의원비례,경기도,용인시기흥구,20220601,8,434819,241209,238708,2501,108354,120925,444,460.0,0.0,0.0,0.0,8525.0,용인시기흥구,경기도,0.45391859510364124,0.5065812624629255,0.001860013070362116,0.0019270405683931833,0.0,0.0,0.0,0.035713088794678015,2022,31192,용인시 기흥구,431163,212735,218428,40915,47526,55290,53906,78382,71002,45675,27541,13976,2111,60507,307204,63452,0.128234565581926,0.1250246426525467,0.1817920368862819,0.1646755403408919,0.1059344145949443,0.1011867901466498,0.1471647613547544,0.7125008407493222,0.5066019115740451,2022
8회지방선거_광역의원비례,경기도,용인시수지구,20220601,8,231983,135883,135021,862,55635,74233,260,323.0,0.0,0.0,0.0,4570.0,용인시수지구,경기도,0.412047014908792,0.5497885514105213,0.0019256263840439635,0.002392220469408462,0.0,0.0,0.0,0.03384658682723428,2022,31193,용인시 수지구,364474,177700,186774,37041,42387,43361,47955,67771,58073,36167,23583,11144,1421,54798,257450,52226,0.118968705586681,0.1315731712001404,0.1859419327578922,0.1593337247650038,0.09923067214671,0.0991785422279778,0.1432914281951524,0.7063603988213151,0.5124480758572628,2022
8회지방선거_광역의원비례,경기도,용인시처인구,20220601,8,222743,105109,103911,1198,44310,55816,247,198.0,0.0,0.0,0.0,3340.0,용인시처인구,경기도,0.4264226116580535,0.537151985834031,0.0023770341927226183,0.0019054768022634754,0.0,0.0,0.0,0.03214289151292933,2022,31191,용인시 처인구,268863,139323,129540,21216,25418,39358,35580,43435,44511,35188,16926,8463,1304,30943,196550,41370,0.1463868215410822,0.132335055399962,0.1615506782264573,0.1655527164392274,0.1308770637834138,0.0992810464809215,0.153870186674998,0.7310414597769124,0.4818067194072817,2022
8회지방선거_광역의원비례,경기도,의왕시,20220601,8,138928,80557,79429,1128,35646,40213,184,359.0,0.0,0.0,0.0,3027.0,의왕시,경기도,0.4487781540747082,0.506276045273137,0.002316534263304335,0.004519759785468784,0.0,0.0,0.0,0.03810950660338164,2022,31170,의왕시,157318,77880,79438,13093,13699,20220,21717,22877,28271,23800,9487,4720,785,18302,114252,24764,0.1285294753302228,0.1380452332218817,0.1454188331913703,0.1797060730494921,0.151285930408472,0.0952974230539417,0.1574136462451849,0.7262487445810397,0.5049517537726135,2022
8회지방선거_광역의원비례,경기도,의정부시,20220601,8,400177,187846,185475,2371,86066,91570,354,331.0,0.0,0.0,0.0,7154.0,의정부시,경기도,0.46403019274834884,0.49370535112548863,0.0019086130206227255,0.0017846070899042998,0.0,0.0,0.0,0.03857123601563553,2022,31030,의정부시,455128,223559,231569,35383,39359,59699,59806,71069,80218,63184,32088,16300,2090,50932,327162,77034,0.1311696929215517,0.131404791619061,0.1561516760120229,0.1762537132411102,0.1388268794712696,0.1109094584380657,0.1692578791021426,0.7188351408834438,0.5087997222759312,2022
8회지방선거_광역의원비례,경기도,이천시,20220601,8,188563,88727,86603,2124,34818,48818,230,150.0,0.0,0.0,0.0,2587.0,이천시,경기도,0.40204149971709985,0.5636987171345104,0.0026557971432860294,0.001732041615186541,0.0,0.0,0.0,0.029871944389917207,2022,31210,이천시,227193,118763,108430,19043,21660,32120,33787,35427,35919,29369,13657,7447,1000,27628,165575,33990,0.1413775952604173,0.1487149692111992,0.1559335014723165,0.1580990611506516,0.1292689475467994,0.0972917299388625,0.1496084826557156,0.7287856580088296,0.47725942260545,2022
8회지방선거_광역의원비례,경기도,파주시,20220601,8,403729,187089,183511,3578,85979,88778,462,485.0,0.0,0.0,0.0,7807.0,파주시,경기도,0.46852232291252294,0.48377481458877125,0.002517560255243555,0.0026428933415435585,0.0,0.0,0.0,0.04254240890191869,2022,31200,파주시,490765,251118,239647,47884,49917,57464,73047,83755,78541,56883,29477,16831,2489,68701,349583,72481,0.1170906645746946,0.1488431326602345,0.1706621295324646,0.1600379000132446,0.1159067985695801,0.0994304809837702,0.1476898311819302,0.7123225983923059,0.4883131437653459,2022
8회지방선거_광역의원비례,경기도,평택시,20220601,8,478356,208666,206500,2166,90703,107203,537,421.0,0.0,0.0,0.0,7636.0,평택시,경기도,0.43923970944309926,0.5191428571428571,0.0026004842615012106,0.0020387409200968523,0.0,0.0,0.0,0.03697820823244552,2022,31070,평택시,590205,310646,279559,56835,53620,79636,96528,102454,95672,64393,29432,15642,2028,79548,437972,72685,0.1349293889411306,0.1635499529824383,0.1735905321032522,0.1620996094577307,0.1091027693767419,0.0798061690429596,0.1231521251090722,0.7420675866859819,0.4736642353080709,2022
8회지방선거_광역의원비례,경기도,포천시,20220601,8,131980,67743,64899,2844,26047,36730,217,138.0,0.0,0.0,0.0,1767.0,포천시,경기도,0.4013467079616019,0.5659563321468744,0.003343657067135087,0.0021263809920029583,0.0,0.0,0.0,0.027226921832385707,2022,31270,포천시,163542,89523,74019,8729,12466,26648,20452,20590,28433,26601,12174,7363,1126,12939,118876,31727,0.1629428526005552,0.1250565603942718,0.125900380330435,0.1738574800357094,0.1626554646512822,0.1263467488473909,0.1939990950336916,0.7268836139951816,0.4525993322816157,2022
8회지방선거_광역의원비례,경기도,하남시,20220601,8,266856,139686,138325,1361,61355,71756,229,236.0,0.0,0.0,0.0,4749.0,하남시,경기도,0.4435568407735406,0.5187493222483283,0.0016555214169528285,0.0017061268751129585,0.0,0.0,0.0,0.034332188686065426,2022,31180,하남시,315203,157092,158111,35291,28195,34328,51601,57690,45724,39360,18522,6997,1106,47896,223554,43753,0.1089075928845854,0.163707198218291,0.1830249077578576,0.1450620711097293,0.1248719079450386,0.0844693737051995,0.1388089580365669,0.7092381734945417,0.5016164186254572,2022
8회지방선거_광역의원비례,경기도,화성시,20220601,8,711229,336688,330867,5821,159649,156098,729,651.0,0.0,0.0,0.0,13740.0,화성시,경기도,0.4825171443510534,0.4717847352561603,0.0022033022332236217,0.0019675579613560737,0.0,0.0,0.0,0.04152726019820653,2022,31240,화성시,931472,492101,439371,109888,102175,116215,165864,181157,130916,83359,35424,16548,2326,154889,689106,87477,0.1247648882628785,0.1780665441365924,0.1944846436607863,0.1405474345981414,0.0894916862772042,0.0582926808320593,0.0939126457907484,0.7398032361681296,0.4716953381314736,2022
8회지방선거_광역의원비례,경상남도,거제시,20220601,8,193369,99262,97201,2061,37783,52717,351,390.0,0.0,0.0,0.0,5960.0,거제시,경상남도,0.3887099926955484,0.542350387341694,0.003611073960144443,0.004012304400160492,0.0,0.0,0.0,0.06131624160245265,2022,38090,거제시,236686,125420,111266,25206,26645,19777,31871,47518,40966,29853,12045,5270,795,37196,169104,30386,0.0835579628706387,0.1346551971810753,0.2007638812604041,0.1730816355846987,0.1261291331130696,0.0765148762495458,0.128381061828752,0.7144655788682052,0.4700996256643823,2022
8회지방선거_광역의원비례,경상남도,거창군,20220601,8,52803,34752,33233,1519,8100,22929,416,156.0,0.0,0.0,0.0,1632.0,거창군,경상남도,0.24373363825113592,0.6899467396864563,0.012517678211416363,0.004694129329281136,0.0,0.0,0.0,0.04910781452171035,2022,38590,거창군,58702,28951,29751,3707,5594,5063,4664,7021,9772,10781,6801,5005,776,5761,35506,17435,0.0862491908282511,0.0794521481380532,0.1196041020748867,0.1664679227283567,0.1836564341930428,0.2143368198698511,0.2970086198085244,0.6048516234540561,0.5068140778849102,2022
8회지방선거_광역의원비례,경상남도,고성군,20220601,8,44745,30306,29312,994,8260,19548,179,115.0,0.0,0.0,0.0,1210.0,고성군,경상남도,0.28179585152838427,0.6668941048034934,0.006106713973799127,0.003923307860262008,0.0,0.0,0.0,0.04128002183406113,2022,38540,고성군,48298,24498,23800,2322,3892,3216,3652,5773,8290,9929,6618,4287,662,3834,28336,16128,0.0665866081411238,0.0756138970557787,0.1195287589548221,0.1716427181249741,0.2055778707192844,0.2394923185225061,0.3339268706778748,0.5866909602882107,0.4927740279100583,2022
8회지방선거_광역의원비례,경상남도,김해시,20220601,8,444484,203354,200091,3263,81017,108160,577,668.0,0.0,0.0,0.0,9669.0,김해시,경상남도,0.4049007701495819,0.5405540479082017,0.002883687921995492,0.003338480991149027,0.0,0.0,0.0,0.04832301302907177,2022,38070,김해시,547313,280568,266745,49740,58076,66393,72330,97169,100037,65937,28387,13611,1853,73706,403628,69979,0.1213071861987564,0.1321547268199366,0.1775382642107898,0.1827784101601825,0.1204740249180998,0.0801205160484037,0.127859195743569,0.7374719767299516,0.4873719425630307,2022
8회지방선거_광역의원비례,경상남도,남해군,20220601,8,38538,27219,26049,1170,8765,15968,89,85.0,0.0,0.0,0.0,1142.0,남해군,경상남도,0.3364812468808783,0.6129985795999846,0.0034166378747744635,0.0032630811163576337,0.0,0.0,0.0,0.04384045452800491,2022,38550,남해군,40491,20138,20353,1615,2648,2772,2564,4123,6568,8531,6323,4730,824,2635,22001,15855,0.0684596577017114,0.0633227136894618,0.1018250969351213,0.1622088859252673,0.2106887950408733,0.2933244424686967,0.391568496702971,0.5433553135264627,0.5026549109678694,2022
8회지방선거_광역의원비례,경상남도,밀양시,20220601,8,92419,50562,49111,1451,12416,34229,274,234.0,0.0,0.0,0.0,1958.0,밀양시,경상남도,0.25281505161776385,0.6969721650953962,0.005579198142982224,0.004764716662254892,0.0,0.0,0.0,0.0398688684816029,2022,38080,밀양시,101574,49645,51929,5495,7080,9323,9042,12159,17070,21343,12670,7155,896,8274,62560,30740,0.0917852993876385,0.0890188434048083,0.119705830232146,0.1680548171776242,0.2101226691869966,0.2039990548762478,0.3026365014669108,0.6159056451454112,0.5112430346348475,2022
8회지방선거_광역의원비례,경상남도,사천시,20220601,8,93946,55530,54121,1409,14028,36976,363,162.0,0.0,0.0,0.0,2592.0,사천시,경상남도,0.25919698453465384,0.6832098446074537,0.006707193141294507,0.0029932928068587055,0.0,0.0,0.0,0.04789268490973929,2022,38060,사천시,109350,56209,53141,8150,9552,9755,11980,17407,17967,17354,10856,6327,1021,12362,70929,26059,0.0892089620484682,0.1095564700502972,0.1591860996799268,0.1643072702331961,0.1587014174668495,0.166474622770919,0.2383081847279378,0.648641975308642,0.4859716506630087,2022
8회지방선거_광역의원비례,경상남도,산청군,20220601,8,31488,21928,21056,872,4878,14326,212,451.0,0.0,0.0,0.0,1189.0,산청군,경상남도,0.23166793313069908,0.6803761398176292,0.01006838905775076,0.021419072948328267,0.0,0.0,0.0,0.056468465045592706,2022,38570,산청군,32811,16008,16803,1235,1937,1923,2032,3096,5690,7599,4999,3837,592,1963,17871,12977,0.0586083935265612,0.0619304501539118,0.0943585992502514,0.1734174514644479,0.2315991588186888,0.2873426594739569,0.3955076041571424,0.5446648989668099,0.5121148395355216,2022
8회지방선거_광역의원비례,경상남도,양산시,20220601,8,294411,138376,136456,1920,48961,80860,440,463.0,0.0,0.0,0.0,5732.0,양산시,경상남도,0.35880430321861995,0.5925719645893182,0.003224482617107346,0.003393035117547048,0.0,0.0,0.0,0.042006214457407515,2022,38100,양산시,352842,177197,175645,34630,34562,37535,47247,61481,59268,47558,22826,10464,1295,49118,249149,54575,0.1063790591822969,0.1339041270597037,0.1742451295480696,0.1679732004693319,0.1347855414038011,0.098018376497129,0.1546726296756055,0.7061205865514877,0.4978007153343423,2022
8회지방선거_광역의원비례,경상남도,의령군,20220601,8,24291,18229,17317,912,3955,11615,317,307.0,0.0,0.0,0.0,1123.0,의령군,경상남도,0.22838828896460125,0.6707281861754345,0.018305711150892186,0.017728243922157418,0.0,0.0,0.0,0.0648495697869146,2022,38510,의령군,25032,12414,12618,1060,1277,1596,1888,2483,4120,5685,3703,2894,461,1585,13753,9694,0.0637583892617449,0.0754234579737935,0.0991930329178651,0.1645893256631511,0.2271093000958772,0.2819590923617769,0.3872643016938319,0.5494167465643975,0.5040747842761265,2022
8회지방선거_광역의원비례,경상남도,진주시,20220601,8,292168,155165,153049,2116,42457,100950,526,1316.0,0.0,0.0,0.0,7800.0,진주시,경상남도,0.27740788897673296,0.6595926794686668,0.0034368078197178683,0.008598553404465237,0.0,0.0,0.0,0.050964070330417055,2022,38030,진주시,351119,174881,176238,28584,35199,47968,41378,52441,56749,50045,26572,13717,1891,42247,245125,63747,0.1366146520125655,0.1178460863695784,0.1493539227441409,0.1616232673253227,0.1425300254329728,0.1201302122642181,0.1815538321765555,0.6981251370617939,0.5019323932911633,2022
8회지방선거_광역의원비례,경상남도,창녕군,20220601,8,53616,34389,33197,1192,7021,23990,578,187.0,0.0,0.0,0.0,1421.0,창녕군,경상남도,0.2114950146097539,0.7226556616561738,0.017411211856493056,0.005633039130041872,0.0,0.0,0.0,0.04280507274753743,2022,38530,창녕군,58804,29810,28994,3019,3868,4436,5365,6709,9784,12419,7761,5106,695,4511,35017,19276,0.0754370450989728,0.0912352901163186,0.1140908781715529,0.1663832392354261,0.21119311611455,0.2306305693490238,0.3278008298755187,0.5954867015849262,0.4930616964832324,2022
8회지방선거_광역의원비례,경상남도,창원시마산합포구,20220601,8,156850,83914,82427,1487,22385,56557,222,316.0,0.0,0.0,0.0,2947.0,창원시마산합포구,경상남도,0.2715736348526575,0.6861465296565445,0.0026932922464726365,0.0038336952697538428,0.0,0.0,0.0,0.03575284797457144,2022,38113,창원시 마산합포구,179191,89165,90026,13902,14326,19183,20700,26445,28134,31274,17630,8102,1142,19651,118164,41376,0.1070533676356513,0.1155191946024074,0.1475799565826408,0.1570056531857068,0.1745288546857822,0.1499740500359951,0.2309044539067252,0.6594304401448734,0.5024024644094849,2022
8회지방선거_광역의원비례,경상남도,창원시마산회원구,20220601,8,159983,85593,84600,993,24405,56123,221,265.0,0.0,0.0,0.0,3586.0,창원시마산회원구,경상남도,0.2884751773049645,0.6633924349881797,0.0026122931442080378,0.003132387706855792,0.0,0.0,0.0,0.04238770685579196,2022,38114,창원시 마산회원구,183667,91474,92193,12726,16901,20072,19757,28489,32586,31405,16264,6410,798,19466,126633,37568,0.1092847381402211,0.1075696777319823,0.1551122411756058,0.1774189157551438,0.1709888003833024,0.1277965012767672,0.2045440933864004,0.6894706180206569,0.5019573467198789,2022
8회지방선거_광역의원비례,경상남도,창원시성산구,20220601,8,212811,112809,111778,1031,37236,63183,301,423.0,0.0,0.0,0.0,10635.0,창원시성산구,경상남도,0.33312458623342694,0.5652543434307288,0.00269283758879207,0.00378428671115962,0.0,0.0,0.0,0.09514394603589257,2022,38112,창원시 성산구,246438,126896,119542,19654,23654,32500,35397,39623,50082,33924,9857,3692,511,29270,191160,26008,0.1318790121653316,0.1436345044189613,0.1607828338162134,0.2032235288388966,0.1376573418060526,0.0570528895706019,0.1055356722583367,0.775692060477686,0.4850794114544023,2022
8회지방선거_광역의원비례,경상남도,창원시의창구,20220601,8,185184,94811,93265,1546,29012,58226,293,327.0,0.0,0.0,0.0,5407.0,창원시의창구,경상남도,0.3110706052645687,0.6243070819707286,0.0031415858038921353,0.0035061384227738166,0.0,0.0,0.0,0.057974588538036775,2022,38111,창원시 의창구,215053,109515,105538,18007,18564,26104,28060,33483,40264,33109,13076,5730,778,25795,156348,32910,0.1213840309133097,0.1304794632020943,0.1556965027225846,0.1872282646603395,0.1539573965487577,0.0910659232840276,0.1530320432637535,0.7270207809237723,0.4907534421747197,2022
8회지방선거_광역의원비례,경상남도,창원시진해구,20220601,8,159730,75200,74206,994,24119,46131,246,264.0,0.0,0.0,0.0,3446.0,창원시진해구,경상남도,0.32502762579845296,0.621661321186966,0.003315095814354634,0.0035576638007708272,0.0,0.0,0.0,0.04643829339945557,2022,38115,창원시 진해구,192402,99257,93145,19185,20291,19028,25389,36053,29982,25435,12700,5988,771,28178,133464,30760,0.0988971008617374,0.1319580877537655,0.1873837070300724,0.1558299809773287,0.1321971705075831,0.1011372023159842,0.1598735979875469,0.6936726229457074,0.4841165892246442,2022
8회지방선거_광역의원비례,경상남도,통영시,20220601,8,106064,61241,59895,1346,17386,39810,331,293.0,0.0,0.0,0.0,2075.0,통영시,경상남도,0.2902746472994407,0.6646631605309291,0.005526337757742717,0.004891894148092495,0.0,0.0,0.0,0.03464396026379497,2022,38050,통영시,123006,63463,59543,8881,12022,10061,13005,20605,21087,21322,11514,5213,619,14259,82039,26708,0.0817927580768417,0.1057265499243939,0.1675121538786725,0.1714306619189307,0.1733411378306749,0.1410175113409102,0.2171276197909045,0.6669512056322456,0.4840658179275807,2022
8회지방선거_광역의원비례,경상남도,하동군,20220601,8,39428,29111,27671,1440,8863,16596,476,252.0,0.0,0.0,0.0,1484.0,하동군,경상남도,0.32029923024104656,0.5997614831411947,0.017202124968378446,0.009107007336200354,0.0,0.0,0.0,0.05363015431317986,2022,38560,하동군,39542,19615,19927,1629,2265,2339,2419,3979,7141,9029,5933,4278,726,2618,21869,15055,0.0591522937635931,0.0611754590056142,0.1006271812250265,0.1805927874159122,0.2283394871276111,0.2765919781498154,0.3807344089828536,0.5530575084720044,0.5039451722219412,2022
8회지방선거_광역의원비례,경상남도,함안군,20220601,8,54125,32070,31052,1018,8666,20517,249,110.0,0.0,0.0,0.0,1510.0,함안군,경상남도,0.27908025247971147,0.6607303877366997,0.00801880716217957,0.003542444931083344,0.0,0.0,0.0,0.048628107690325904,2022,38520,함안군,62409,32899,29510,3764,5488,5267,6217,8812,10558,11480,6493,4230,638,6081,39674,16654,0.084394878943742,0.0996170424137544,0.1411975836818407,0.1691743178067266,0.1839478280376227,0.1820410517713791,0.2668525372943005,0.6357095931676521,0.4728484673684885,2022
8회지방선거_광역의원비례,경상남도,함양군,20220601,8,34399,26018,24316,1702,6515,15665,489,246.0,0.0,0.0,0.0,1401.0,함양군,경상남도,0.2679305806876131,0.644226024017108,0.02011021549596973,0.010116795525579866,0.0,0.0,0.0,0.05761638427372923,2022,38580,함양군,36017,17479,18538,1747,2469,2193,2337,3834,6387,7603,5185,3913,572,2758,20016,13243,0.0608879140405919,0.0648860260432573,0.1064497320709664,0.1773329261182219,0.2110947608073965,0.2684843268456562,0.3676874809117916,0.5557375683704917,0.514701391009801,2022
8회지방선거_광역의원비례,경상남도,합천군,20220601,8,39435,27363,25918,1445,5245,18769,367,344.0,0.0,0.0,0.0,1193.0,합천군,경상남도,0.2023690099544718,0.724168531522494,0.014160043213210896,0.013272629060884328,0.0,0.0,0.0,0.04602978624893896,2022,38600,합천군,40082,19467,20615,1495,1975,2389,2357,3619,6567,9254,6605,5297,699,2316,20939,16827,0.0596028142308268,0.0588044508757048,0.0902899056933286,0.1638391297839429,0.2308767027593433,0.314380519934135,0.4198143805199341,0.5224040716531111,0.5143206426825009,2022
8회지방선거_광역의원비례,경상북도,경산시,20220601,8,230676,100051,97191,2860,18085,73760,763,0.0,0.0,0.0,0.0,4583.0,경산시,경상북도,0.18607690012449712,0.7589180068113303,0.00785052113878857,0.0,0.0,0.0,0.0,0.04715457192538404,2022,37100,경산시,295543,148992,146551,21079,28028,53262,35327,42102,46331,38610,20855,10905,1467,29969,215769,49805,0.1802174302893318,0.1195325214943341,0.1424564276602727,0.156765682151159,0.1306408881279543,0.1124269564834897,0.1685203168405274,0.7300765032499501,0.4958703132877449,2022
8회지방선거_광역의원비례,경상북도,경주시,20220601,8,220490,109637,106850,2787,20749,80397,825,0.0,0.0,0.0,0.0,4879.0,경주시,경상북도,0.19418811417875526,0.7524286382779598,0.00772110435189518,0.0,0.0,0.0,0.0,0.0456621431913898,2022,37020,경주시,259674,131678,127996,17023,20617,29179,28187,36357,46056,43599,24824,13990,1860,24938,174596,60140,0.112367815029614,0.1085476405030923,0.140010166593498,0.1773608447514961,0.1678989810300607,0.1566348575521615,0.231598080670379,0.6723661205973643,0.4929103414280983,2022
8회지방선거_광역의원비례,경상북도,고령군,20220601,8,27757,17416,16818,598,2542,13241,289,0.0,0.0,0.0,0.0,746.0,고령군,경상북도,0.15114757997383754,0.7873112141752884,0.017183969556427637,0.0,0.0,0.0,0.0,0.04435723629444643,2022,37570,고령군,30142,15833,14309,1317,1689,2521,2580,3573,5322,6246,4069,2646,337,1987,18262,9893,0.0836374494061442,0.0855948510384181,0.1185389157985535,0.1765642624908765,0.2072191626302169,0.2339592595050096,0.3282131245438259,0.6058655696370513,0.4747196602746997,2022
8회지방선거_광역의원비례,경상북도,구미시,20220601,8,337510,144566,142327,2239,32195,105353,623,0.0,0.0,0.0,0.0,4156.0,구미시,경상북도,0.2262044446942604,0.7402179488080266,0.004377243952307011,0.0,0.0,0.0,0.0,0.029200362545406002,2022,37050,구미시,409171,211489,197682,40660,43552,52580,62227,72035,69542,45676,17360,9076,1297,58359,305596,45216,0.1285037307140535,0.1520806704287449,0.1760510886646414,0.1699582815008883,0.1116305896556696,0.0677785082520511,0.1105063653093694,0.7468662246346882,0.4831280809246012,2022
8회지방선거_광역의원비례,경상북도,군위군,20220601,8,22054,17843,16720,1123,2244,13334,334,0.0,0.0,0.0,0.0,808.0,군위군,경상북도,0.13421052631578947,0.7974880382775119,0.019976076555023925,0.0,0.0,0.0,0.0,0.04832535885167464,2022,22520,군위군,21797,11194,10603,672,857,1283,1413,1836,3710,5399,3820,2584,306,1008,11510,9279,0.0588613111896132,0.0648254346928476,0.0842317750149103,0.1702069092076891,0.2476946368766344,0.3078405285130981,0.42570078451163,0.5280543194017525,0.4864430884984172,2022
8회지방선거_광역의원비례,경상북도,김천시,20220601,8,120471,67275,64774,2501,12455,49160,520,0.0,0.0,0.0,0.0,2639.0,김천시,경상북도,0.19228394108747338,0.7589464908759688,0.008027912434001297,0.0,0.0,0.0,0.0,0.04074165560255658,2022,37030,김천시,137698,69099,68599,10481,11632,13842,14721,18672,22753,23236,13654,8609,1257,15018,88654,34026,0.1005243358654446,0.1069078708477973,0.1356010980551642,0.1652384203111156,0.1687460965300875,0.1708085810977646,0.247105985562608,0.6438292495170591,0.4981844325988758,2022
8회지방선거_광역의원비례,경상북도,문경시,20220601,8,64160,40382,38949,1433,6185,30764,386,0.0,0.0,0.0,0.0,1614.0,문경시,경상북도,0.15879740173046805,0.7898533980333257,0.00991039564558782,0.0,0.0,0.0,0.0,0.0414388045906185,2022,37090,문경시,67515,33131,34384,4033,4903,5110,5256,8093,11265,13765,8921,5824,791,5939,39531,22045,0.0756868843960601,0.0778493668073761,0.1198696585943864,0.1668518107087314,0.2038806191216766,0.2301118270014071,0.3265200325853514,0.5855143301488558,0.5092794193882841,2022
8회지방선거_광역의원비례,경상북도,봉화군,20220601,8,27996,18883,18184,699,3349,13578,317,0.0,0.0,0.0,0.0,940.0,봉화군,경상북도,0.18417289925208974,0.7467003959524857,0.017432908051033875,0.0,0.0,0.0,0.0,0.051693796744390674,2022,37610,봉화군,28798,14360,14438,1205,1588,1444,1650,2747,4975,6980,4533,3298,525,1826,15414,11558,0.0501423709979859,0.0572956455309396,0.0953885686506007,0.1727550524341968,0.2423779429127022,0.2901590388221404,0.4013473157858184,0.5352455031599417,0.5013542607125495,2022
8회지방선거_광역의원비례,경상북도,상주시,20220601,8,84980,54358,51924,2434,9485,39926,427,0.0,0.0,0.0,0.0,2086.0,상주시,경상북도,0.18267082659271242,0.76893151529158,0.008223557507125799,0.0,0.0,0.0,0.0,0.04017410060858177,2022,37080,상주시,93208,46019,47189,5137,7067,7784,6986,10516,15395,18814,12121,8693,1290,7766,54623,30819,0.0835121448802677,0.074950648013046,0.1128229336537636,0.1651682259033559,0.20184962664149,0.2371470260063513,0.3306475838983778,0.5860333876920436,0.5062762852973993,2022
8회지방선거_광역의원비례,경상북도,성주군,20220601,8,39451,26634,25511,1123,3931,20024,479,0.0,0.0,0.0,0.0,1077.0,성주군,경상북도,0.15409039237975775,0.7849163106111089,0.01877621418211752,0.0,0.0,0.0,0.0,0.0422170828270158,2022,37580,성주군,40851,21423,19428,1805,1902,3039,3622,4273,7139,9358,5811,3530,541,2600,24211,14040,0.0743923037379745,0.0886636802036669,0.1045996426036082,0.1747570438912144,0.229076399598541,0.2419035029742234,0.3436880370125578,0.5926660302073389,0.4755819930968642,2022
8회지방선거_광역의원비례,경상북도,안동시,20220601,8,135862,74546,72514,2032,16425,52658,720,0.0,0.0,0.0,0.0,2711.0,안동시,경상북도,0.2265079846650302,0.7261770140938302,0.009929117136001324,0.0,0.0,0.0,0.0,0.037385884105138316,2022,37040,안동시,156025,77217,78808,10500,13823,17509,14559,20794,25136,26609,16490,10385,1529,15496,99967,40562,0.112219195641724,0.0933119692356994,0.1332735138599583,0.1611023874379105,0.1705431821823425,0.1820477487582118,0.2599711584681942,0.6407114244512098,0.5050985419003365,2022
8회지방선거_광역의원비례,경상북도,영덕군,20220601,8,32124,21559,20367,1192,2862,16498,230,0.0,0.0,0.0,0.0,777.0,영덕군,경상북도,0.14052143172779497,0.8100358422939068,0.011292777532282614,0.0,0.0,0.0,0.0,0.038149948446015616,2022,37550,영덕군,33516,16283,17233,1540,1649,1983,2492,3497,5563,7084,5469,3920,492,2222,17952,13342,0.0591657715717866,0.0743525480367585,0.1043382265186776,0.1659804272586227,0.2113617376775271,0.2948144169948681,0.398078529657477,0.53562477622628,0.514172335600907,2022
8회지방선거_광역의원비례,경상북도,영양군,20220601,8,14920,11531,10851,680,2138,8074,174,0.0,0.0,0.0,0.0,465.0,영양군,경상북도,0.19703253156391115,0.7440788867385495,0.016035388443461432,0.0,0.0,0.0,0.0,0.042853193254077965,2022,37540,영양군,15333,7589,7744,664,749,797,1026,1499,2628,3519,2453,1805,252,987,8183,6163,0.0519793908563229,0.0669144981412639,0.097762994847714,0.1713950303267462,0.2295049892388965,0.2941368290615013,0.4019435205113155,0.5336855149024978,0.5050544577056023,2022
8회지방선거_광역의원비례,경상북도,영주시,20220601,8,89061,56293,54318,1975,11620,40080,596,0.0,0.0,0.0,0.0,2022.0,영주시,경상북도,0.2139254022607607,0.7378769468684414,0.010972421665009757,0.0,0.0,0.0,0.0,0.037225229205788135,2022,37060,영주시,101521,50654,50867,6153,9064,9913,8067,12894,16794,19010,11876,7448,1134,9414,62667,29440,0.0976448222535239,0.0794613922242688,0.1270082051989243,0.1654239024438293,0.1872518986219599,0.2015149574964785,0.289989263305129,0.6172811536529388,0.5010490440401494,2022
8회지방선거_광역의원비례,경상북도,영천시,20220601,8,90932,51699,49758,1941,9772,37733,328,0.0,0.0,0.0,0.0,1925.0,영천시,경상북도,0.19639053016600347,0.7583303187427147,0.006591904819325535,0.0,0.0,0.0,0.0,0.03868724627195627,2022,37070,영천시,99741,51094,48647,5823,6145,9174,10049,12050,17223,19154,12430,7387,895,8192,62024,29525,0.0919782235991217,0.1007509449474138,0.1208129054250508,0.1726772340361536,0.1920373768059273,0.2076578337895148,0.2960166832095126,0.6218505930359631,0.4877332290632739,2022
8회지방선거_광역의원비례,경상북도,예천군,20220601,8,47561,29495,28436,1059,5587,21013,392,0.0,0.0,0.0,0.0,1444.0,예천군,경상북도,0.1964762976508651,0.7389576593051062,0.013785342523561683,0.0,0.0,0.0,0.0,0.050780700520467015,2022,37600,예천군,54448,26636,27812,4743,4333,3762,5270,7148,7576,9675,6534,5206,712,6696,30601,17151,0.0690934469585659,0.0967895974140464,0.1312812224507787,0.1391419335880105,0.177692477225977,0.2286952688803996,0.314997796062298,0.5620224801645607,0.5107992947399354,2022
8회지방선거_광역의원비례,경상북도,울릉군,20220601,8,8339,6796,6458,338,1331,4793,58,0.0,0.0,0.0,0.0,276.0,울릉군,경상북도,0.20610096004955095,0.7421802415608547,0.00898110870238464,0.0,0.0,0.0,0.0,0.04273768968720966,2022,37630,울릉군,8288,4619,3669,398,372,673,822,1156,1660,1744,988,460,67,557,5464,2267,0.0812017374517374,0.0991795366795366,0.1394787644787644,0.2002895752895752,0.2104247104247104,0.1827944015444015,0.2735279922779923,0.6592664092664092,0.4426882239382239,2022
8회지방선거_광역의원비례,경상북도,울진군,20220601,8,42063,28311,26988,1323,4732,20737,369,0.0,0.0,0.0,0.0,1150.0,울진군,경상북도,0.17533718689788053,0.7683785386097525,0.01367274344152957,0.0,0.0,0.0,0.0,0.04261153105083741,2022,37620,울진군,45954,23960,21994,2813,3176,3619,4610,5928,7837,8570,5278,3788,655,4058,28301,13595,0.0787526657091874,0.1003177090133611,0.1289985637811724,0.170540105322714,0.1864908386647517,0.2115376245811028,0.295839317578448,0.6158549854202028,0.4786090438264351,2022
8회지방선거_광역의원비례,경상북도,의성군,20220601,8,47168,34923,32918,2005,5004,25699,828,0.0,0.0,0.0,0.0,1387.0,의성군,경상북도,0.15201409563156934,0.7806974907345525,0.02515341150738198,0.0,0.0,0.0,0.0,0.042135002126496145,2022,37520,의성군,47775,23322,24453,1890,1875,2401,2964,3941,7407,11879,8433,6321,844,2650,23748,21377,0.0502564102564102,0.0620408163265306,0.0824908424908424,0.1550392464678179,0.2486446886446886,0.3264887493458922,0.4474515960230246,0.4970800627943485,0.5118367346938776,2022
8회지방선거_광역의원비례,경상북도,청도군,20220601,8,38574,27312,25387,1925,3971,19784,553,0.0,0.0,0.0,0.0,1079.0,청도군,경상북도,0.15641863946114154,0.7792964903296963,0.021782802221609485,0.0,0.0,0.0,0.0,0.04250206798755268,2022,37560,청도군,40045,19395,20650,1425,2404,2532,2691,3827,6460,9487,6529,4257,605,2189,22007,15849,0.0632288675240354,0.0671994006742414,0.0955674865776002,0.1613185166687476,0.2369084779622924,0.2844549881383443,0.3957797477837433,0.54955674865776,0.515669871394681,2022
8회지방선거_광역의원비례,경상북도,청송군,20220601,8,22790,16844,16134,710,2894,12188,239,0.0,0.0,0.0,0.0,813.0,청송군,경상북도,0.17937275319201687,0.7554233296144788,0.014813437461261932,0.0,0.0,0.0,0.0,0.05039047973224247,2022,37530,청송군,23173,11547,11626,941,932,1284,1604,2127,4049,5562,3845,2575,357,1337,12439,9397,0.0554093125620334,0.0692184870323221,0.0917878565572001,0.1747292107193716,0.2400207137617054,0.2924524230785828,0.4055150390540715,0.5367885038622535,0.5017045699736763,2022
8회지방선거_광역의원비례,경상북도,칠곡군,20220601,8,96081,41969,41027,942,8239,31013,354,0.0,0.0,0.0,0.0,1421.0,칠곡군,경상북도,0.20081897287152364,0.7559168352548322,0.008628464182123968,0.0,0.0,0.0,0.0,0.03463572769152022,2022,37590,칠곡군,113549,59460,54089,9088,10640,11690,14381,20626,20055,15039,7642,4839,712,13584,80515,19450,0.1029511488432306,0.1266501686496578,0.181648451329382,0.1766197852909316,0.1324450237342468,0.1161877251230746,0.171291689050542,0.7090771385040819,0.4763494174321218,2022
8회지방선거_광역의원비례,경상북도,포항시남구,20220601,8,196727,90440,88259,2181,18528,65359,615,0.0,0.0,0.0,0.0,3757.0,포항시남구,경상북도,0.209927599451614,0.7405363758936766,0.006968127896305193,0.0,0.0,0.0,0.0,0.04256789675840424,2022,37011,포항시 남구,227243,118920,108323,17325,20498,24887,26096,35034,39769,38484,18885,7626,894,25801,156658,44784,0.109517124839929,0.114837420734632,0.154169765405315,0.175006490849003,0.1693517512090581,0.1205977741888639,0.1970753774593716,0.6893853716066062,0.4766835502083673,2022
8회지방선거_광역의원비례,경상북도,포항시북구,20220601,8,230960,105783,102694,3089,20881,76415,514,0.0,0.0,0.0,0.0,4884.0,포항시북구,경상북도,0.20333222973104564,0.7441038424834947,0.005005160963639551,0.0,0.0,0.0,0.0,0.04755876682182016,2022,37012,포항시 북구,269365,133717,135648,22143,23910,28752,30753,40151,47188,45525,21698,10267,1553,32096,183671,53598,0.1067399253800605,0.1141685074155885,0.1490579696694076,0.1751823733595678,0.1690085942865628,0.1244333896385944,0.1989790804298999,0.6818666122176229,0.5035843557997512,2022
8회지방선거_광역의원비례,광주광역시,광산구,20220601,8,326410,108831,106571,2260,71777,13669,729,0.0,0.0,0.0,0.0,20396.0,광산구,광주광역시,0.6735134323596476,0.12826190990044195,0.006840510082480224,0.0,0.0,0.0,0.0,0.19138414765743025,2022,24050,광산구,421755,213534,208221,41007,51274,63422,56123,76874,70609,39041,17744,9442,1412,61257,317133,43365,0.1503764033621415,0.1330701473604343,0.1822716980237341,0.1674171023461488,0.0925679600716055,0.0678071392158954,0.1028203577906604,0.7519365508411281,0.4937013194864317,2022
8회지방선거_광역의원비례,광주광역시,남구,20220601,8,180158,71498,70108,1390,49132,10518,366,0.0,0.0,0.0,0.0,10092.0,남구,광주광역시,0.7008044730986478,0.1500256746733611,0.005220516916757003,0.0,0.0,0.0,0.0,0.1439493353112341,2022,24030,남구,214531,102898,111633,18123,22125,27057,24366,33660,33395,30060,18181,8747,1177,27040,146179,41312,0.1261216327710214,0.1135779910595671,0.1569004013405988,0.1556651486265388,0.1401196097533689,0.1310067076553039,0.192568906125455,0.6813887037304632,0.5203583631270073,2022
8회지방선거_광역의원비례,광주광역시,동구,20220601,8,90255,38373,37564,809,25333,6404,210,0.0,0.0,0.0,0.0,5617.0,동구,광주광역시,0.6743956980087318,0.17048237674369077,0.005590458950058567,0.0,0.0,0.0,0.0,0.1495314662975189,2022,24010,동구,111181,55149,56032,8416,8116,18219,14520,14451,15845,15554,10353,5614,832,11149,76085,23947,0.1638679270738705,0.1305978539498655,0.1299772443133269,0.1425153578399187,0.1398980041553862,0.1510959606407569,0.2153875212491343,0.6843345535658071,0.5039710022395913,2022
8회지방선거_광역의원비례,광주광역시,북구,20220601,8,363222,137856,133787,4069,93941,18623,810,0.0,0.0,0.0,0.0,20413.0,북구,광주광역시,0.7021683721138825,0.13919887582500542,0.006054399904325532,0.0,0.0,0.0,0.0,0.15257835215678653,2022,24040,북구,434712,216165,218547,34555,41362,64844,54659,65443,72147,58524,30949,14325,1885,50180,313258,71274,0.1491654244649331,0.1257361195458142,0.1505433482397541,0.1659650527245624,0.1346270634351018,0.1084833176907929,0.163956826588638,0.7206104271333664,0.5027397449345774,2022
8회지방선거_광역의원비례,광주광역시,서구,20220601,8,246841,97926,96048,1878,64615,13455,552,0.0,0.0,0.0,0.0,17426.0,서구,광주광역시,0.6727365483924704,0.1400862068965517,0.005747126436781609,0.0,0.0,0.0,0.0,0.18143011827419622,2022,24020,서구,286793,141113,145680,21489,27647,40793,34601,45938,50684,37745,20089,9281,1219,32456,208011,46326,0.1422384786239552,0.1206479935005387,0.1601782470283445,0.1767267680870872,0.1316106041639789,0.1066588096641131,0.1615311391840107,0.7253001293615953,0.5079621887563504,2022
8회지방선거_광역의원비례,대구광역시,남구,20220601,8,129053,54690,53863,827,9156,42699,240,172.0,0.0,0.0,0.0,1596.0,남구,대구광역시,0.16998681840966898,0.7927334162597701,0.004455748844290144,0.0031932866717412694,0.0,0.0,0.0,0.029630729814529456,2022,22040,남구,142675,67983,74692,6687,9027,20697,16644,18279,23322,24168,15216,8248,1116,9624,97160,35891,0.1450639565445943,0.1166567373401086,0.1281163483441387,0.1634624145785877,0.169391974767829,0.1722796565621167,0.2515577361135447,0.6809882600315402,0.523511477133345,2022
8회지방선거_광역의원비례,대구광역시,달서구,20220601,8,464339,192181,189279,2902,36947,145301,709,532.0,0.0,0.0,0.0,5790.0,달서구,대구광역시,0.1951986221398042,0.7676551545601995,0.003745793247005743,0.0028106657368223626,0.0,0.0,0.0,0.030589764316168198,2022,22070,달서구,545073,269226,275847,39218,51813,76394,63756,82910,100210,80462,36928,16548,1889,58846,397418,88809,0.1401537041827425,0.116967818989383,0.1521080662590148,0.1838469342638509,0.1476169247054981,0.1015735506987137,0.1629304698636696,0.7291096788870481,0.5060734984121393,2022
8회지방선거_광역의원비례,대구광역시,달성군,20220601,8,214580,91324,89808,1516,17426,68612,392,229.0,0.0,0.0,0.0,3149.0,달성군,대구광역시,0.1940361660431142,0.763985391056476,0.00436486727240335,0.0025498841973988955,0.0,0.0,0.0,0.035063691430607516,2022,22510,달성군,266123,135333,130790,30542,25172,27747,41518,46075,41037,33355,15315,7414,1094,41337,187211,37575,0.1042638178586593,0.1560105665425386,0.1731342274061242,0.15420313163462,0.1253367803609609,0.0895187563645382,0.1411941094907242,0.7034754605952886,0.4914644731947257,2022
8회지방선거_광역의원비례,대구광역시,동구,20220601,8,297073,130980,127688,3292,25149,97352,461,596.0,0.0,0.0,0.0,4130.0,동구,대구광역시,0.19695664432053128,0.762420900946056,0.0036103627592256123,0.00466762734164526,0.0,0.0,0.0,0.03234446463254182,2022,22020,동구,332954,162916,170038,25483,25288,37278,42218,49263,54763,53497,31357,14924,1692,35654,225064,72236,0.1119614120869549,0.126798296461373,0.1479573754933114,0.1644761738858821,0.1606738468377013,0.1440829664157811,0.2169548946701346,0.6759612438955531,0.5106951711047172,2022
8회지방선거_광역의원비례,대구광역시,북구,20220601,8,373423,160395,157697,2698,31781,119292,649,445.0,0.0,0.0,0.0,5530.0,북구,대구광역시,0.20153205197308763,0.7564633442614634,0.004115487295256092,0.0028218672517549477,0.0,0.0,0.0,0.03506724921843789,2022,22050,북구,439303,218472,220831,33407,41659,65899,51937,67518,77575,59425,29806,14411,1619,48770,320060,70473,0.1500080809828296,0.1182259169639178,0.153693464419774,0.1765865473261052,0.1352710999014347,0.1043380081629308,0.1604200290004848,0.7285632012528938,0.5026849349993057,2022
8회지방선거_광역의원비례,대구광역시,서구,20220601,8,148238,66432,65276,1156,9397,53512,356,175.0,0.0,0.0,0.0,1836.0,서구,대구광역시,0.1439579631104847,0.8197806238127336,0.005453765549359642,0.002680924076230161,0.0,0.0,0.0,0.02812672345119186,2022,22030,서구,160754,79872,80882,7182,9742,18561,16972,20278,30272,31693,17848,8162,945,10703,108948,41103,0.1154621346902721,0.1055774661905769,0.1261430508727621,0.1883125769809771,0.1971521703970041,0.1676785647635517,0.2556888164524677,0.6777311917588364,0.5031414459360265,2022
8회지방선거_광역의원비례,대구광역시,수성구,20220601,8,349048,157495,155457,2038,31215,118019,477,503.0,0.0,0.0,0.0,5243.0,수성구,대구광역시,0.20079507516547984,0.7591745627408222,0.0030683726046430845,0.0032356214258605276,0.0,0.0,0.0,0.033726368063194324,2022,22060,수성구,402458,194837,207621,31039,46327,46145,39880,66657,74186,55496,29992,15219,1965,49777,281246,71435,0.1146579270383493,0.0990910852809485,0.1656247359972966,0.1843322781507635,0.1378926496677914,0.1172196850354571,0.1774967822729328,0.6988207465126796,0.515882402635803,2022
8회지방선거_광역의원비례,대구광역시,중구,20220601,8,68825,29533,28739,794,5857,21723,114,116.0,0.0,0.0,0.0,929.0,중구,대구광역시,0.20379971467344027,0.7558718118236543,0.003966735098646439,0.004036326942482341,0.0,0.0,0.0,0.03232541146177668,2022,22010,중구,77512,37059,40453,6074,5161,11678,11746,11082,11337,10204,6928,3459,427,8085,53869,15558,0.1506605428836825,0.1515378264010733,0.1429714108783156,0.1462612240685313,0.131644132521416,0.1395138817215399,0.200717308287749,0.6949762617401176,0.5218933842501806,2022
8회지방선거_광역의원비례,대전광역시,대덕구,20220601,8,152766,76116,75118,998,31786,39959,214,259.0,0.0,0.0,0.0,2900.0,대덕구,대전광역시,0.42314758113900797,0.531949732420991,0.0028488511408716953,0.003447908623765276,0.0,0.0,0.0,0.0386059266753641,2022,25050,대덕구,174695,88590,86105,11271,15368,24674,20240,25130,32575,27286,12590,6120,768,16913,127023,30759,0.1412404476373107,0.1158590686625261,0.143850711239589,0.1864678439566101,0.1561922207275537,0.1114971808008243,0.1760725836457826,0.7271129683162082,0.4928876041100203,2022
8회지방선거_광역의원비례,대전광역시,동구,20220601,8,191882,94035,92573,1462,38565,50295,310,258.0,0.0,0.0,0.0,3145.0,동구,대전광역시,0.4165901504758407,0.5433009624836616,0.0033487085867369534,0.002786989727026239,0.0,0.0,0.0,0.03397318872673458,2022,25010,동구,231324,116188,115136,15102,22012,37785,25299,32456,35316,34315,19480,9884,1432,22331,162917,46076,0.1633423250505784,0.1093660839342221,0.1403053725510539,0.1526689837630336,0.1483417198388407,0.1331292905189258,0.19918382874237,0.7042805761615742,0.4977261330428317,2022
8회지방선거_광역의원비례,대전광역시,서구,20220601,8,399035,192506,190488,2018,80040,100499,560,676.0,0.0,0.0,0.0,8713.0,서구,대전광역시,0.4201839485951871,0.5275870396035446,0.0029398177313006593,0.00354877997564151,0.0,0.0,0.0,0.04574041409432615,2022,25030,서구,474248,232872,241376,38567,48455,75110,63815,74166,76085,60256,27481,12916,1887,56871,349665,67712,0.1583770516691688,0.134560398778698,0.1563865319410941,0.1604329380408562,0.1270558863716873,0.0891601018876199,0.142777618461227,0.7373041109293028,0.5089657731819639,2022
8회지방선거_광역의원비례,대전광역시,유성구,20220601,8,289980,149543,147844,1699,65021,73054,502,706.0,0.0,0.0,0.0,8561.0,유성구,대전광역시,0.43979464841319227,0.4941289467276318,0.003395470901761316,0.004775303698493006,0.0,0.0,0.0,0.057905630258921564,2022,25040,유성구,369281,189660,179621,36067,39856,63149,55698,60042,55907,38966,14809,7362,1277,51038,279270,38973,0.1710052778236627,0.150828231076064,0.1625916307635648,0.1513941957479534,0.1055185617456625,0.0634963618491067,0.1055375175002234,0.7562533680313908,0.4864073699973733,2022
8회지방선거_광역의원비례,대전광역시,중구,20220601,8,199894,100331,98976,1355,39909,55017,289,306.0,0.0,0.0,0.0,3455.0,중구,대전광역시,0.4032189621726479,0.555862027158099,0.002919899773682509,0.003091658583899127,0.0,0.0,0.0,0.034907452311671514,2022,25020,중구,224114,109817,114297,14852,20004,27879,24524,33375,37545,34764,20889,10730,1399,22524,152774,48816,0.1243965124891796,0.10942645260894,0.1489197462005943,0.1675263481977922,0.1551174848514595,0.1473268068929205,0.2178177177686356,0.6816798593572914,0.5099949133030511,2022
8회지방선거_광역의원비례,부산광역시,강서구,20220601,8,112859,51485,50663,822,18995,29935,144,0.0,0.0,0.0,47.0,1542.0,강서구,부산광역시,0.37492844876931886,0.5908651283974499,0.0028423109567139726,0.0,0.0,0.0,0.0009276987150385884,0.03043641316147879,2022,21120,강서구,143734,75952,67782,20887,13271,12977,27424,27734,16815,16604,7130,2704,330,27435,98787,17512,0.0902848317030069,0.1907968886971767,0.1929536504932723,0.1169869341978933,0.115518944717325,0.0707139577274688,0.1218361695910501,0.6872904114544923,0.4715794453643536,2022
8회지방선거_광역의원비례,부산광역시,금정구,20220601,8,200445,102859,101392,1467,31612,66001,314,0.0,0.0,0.0,86.0,3379.0,금정구,부산광역시,0.3117800220924728,0.650948792804166,0.0030968912734732523,0.0,0.0,0.0,0.0008481931513334385,0.03332610067855452,2022,21110,금정구,227484,110587,116897,12246,17809,36515,23215,29108,36750,39135,22567,10251,1402,18344,157008,52132,0.1605167835979673,0.1020511332665154,0.1279562518682632,0.1615498232842749,0.1720340771219074,0.1504281619806228,0.2291677656450563,0.6901935960331276,0.5138691072778745,2022
8회지방선거_광역의원비례,부산광역시,기장군,20220601,8,143871,64245,62640,1605,21451,38759,242,0.0,0.0,0.0,66.0,2122.0,기장군,부산광역시,0.3424489144316731,0.6187579821200511,0.003863346104725415,0.0,0.0,0.0,0.001053639846743295,0.033876117496807155,2022,21510,기장군,174501,86365,88136,19343,17801,15808,23631,32859,25135,22327,13087,5918,844,27173,117121,30207,0.0905897387407522,0.1354204273901009,0.1883026458301098,0.1440392891731279,0.1279476908441785,0.1137471991564518,0.173105025186102,0.6711766694746735,0.5050744694872809,2022
8회지방선거_광역의원비례,부산광역시,남구,20220601,8,227019,118489,116997,1492,39775,72905,305,0.0,0.0,0.0,99.0,3913.0,남구,부산광역시,0.33996598203372735,0.6231356359564775,0.0026069044505414667,0.0,0.0,0.0,0.00084617554296264,0.03344530201629101,2022,21070,남구,258062,126131,131931,17033,22023,37732,26982,38319,40685,40709,25169,10491,1114,25540,176688,55834,0.1462129255760243,0.1045562694236268,0.1484875727538343,0.1576559121451434,0.1577489130519022,0.1425006393812339,0.2163588594988801,0.6846726755585867,0.5112376095666933,2022
8회지방선거_광역의원비례,부산광역시,동구,20220601,8,80869,40825,39908,917,12885,25689,116,0.0,0.0,0.0,66.0,1152.0,동구,부산광역시,0.32286759546958005,0.6437055227022151,0.002906685376365641,0.0,0.0,0.0,0.0016538037486218302,0.0288663927032174,2022,21030,동구,85918,41697,44221,4319,4563,9773,10777,11212,13584,15575,10694,5274,609,5991,55886,24041,0.1137479922717009,0.125433552922554,0.1304965199376149,0.158104238925487,0.1812774971484438,0.1929397797900323,0.2798133103656975,0.6504574128820503,0.5146884238459927,2022
8회지방선거_광역의원비례,부산광역시,동래구,20220601,8,234034,116790,115307,1483,36637,73939,366,0.0,0.0,0.0,140.0,4225.0,동래구,부산광역시,0.31773439600371184,0.6412360047525302,0.003174135134900743,0.0,0.0,0.0,0.0012141500516013772,0.03664131405725585,2022,21060,동래구,267292,129093,138199,21825,24133,28647,31750,42629,42868,42431,24058,10242,1334,31901,180196,55195,0.1071749248013408,0.1187839516334196,0.1594847582419226,0.1603789114526435,0.1587439953309489,0.1333148766143393,0.2064970145009951,0.6741541086152971,0.5170338057255736,2022
8회지방선거_광역의원비례,부산광역시,부산진구,20220601,8,313025,149106,147100,2006,49634,92389,435,0.0,0.0,0.0,161.0,4481.0,부산진구,부산광역시,0.33741672331747113,0.6280693405846363,0.0029571719918422843,0.0,0.0,0.0,0.0010944935418082937,0.030462270564242014,2022,21050,부산진구,350426,167405,183021,21418,24727,52174,47097,47988,54368,56780,32155,14524,1561,30409,245847,74170,0.1488873542488285,0.1343992740264706,0.1369418935809557,0.1551483052056639,0.1620313561208357,0.1376610183034363,0.2116566693110671,0.701566093840069,0.5222814517187652,2022
8회지방선거_광역의원비례,부산광역시,북구,20220601,8,245787,125970,124461,1509,44720,75316,291,0.0,0.0,0.0,159.0,3975.0,북구,부산광역시,0.35930934188219604,0.6051373522629578,0.0023380818087593703,0.0,0.0,0.0,0.0012775086171571818,0.03193771542892954,2022,21080,북구,275580,135387,140193,19341,20894,32969,33318,37971,49850,49457,23097,9669,1170,27637,192855,55088,0.1196349517381522,0.1209013716525147,0.1377857609405617,0.1808912112635169,0.1794651280934756,0.1231439146527324,0.1998983961100225,0.6998149357718267,0.5087197909862835,2022
8회지방선거_광역의원비례,부산광역시,사상구,20220601,8,184625,87668,86163,1505,29704,53644,262,0.0,0.0,0.0,95.0,2458.0,사상구,부산광역시,0.3447419425971705,0.6225874215150354,0.003040748349059341,0.0,0.0,0.0,0.001102561424277242,0.02852732611445748,2022,21150,사상구,206948,103562,103386,11584,14599,29495,24325,27290,36562,38529,18345,6900,771,16857,147558,42533,0.1425237257668593,0.1175416046543093,0.1318688752730154,0.1766724007963353,0.186177203935288,0.1257127394321278,0.2055250594352204,0.7130196957689855,0.4995747724065948,2022
8회지방선거_광역의원비례,부산광역시,사하구,20220601,8,268863,126514,124072,2442,42750,77004,350,0.0,0.0,0.0,147.0,3821.0,사하구,부산광역시,0.34455799858146885,0.6206396286027468,0.002820942678444774,0.0,0.0,0.0,0.0011847959249468051,0.030796634212392805,2022,21100,사하구,303000,150370,152630,19258,24704,37361,34852,43337,51093,53599,28056,11596,1540,28436,209107,65457,0.1233036303630363,0.115023102310231,0.143026402640264,0.1686237623762376,0.1768943894389439,0.1359471947194719,0.216029702970297,0.6901221122112211,0.5037293729372937,2022
8회지방선거_광역의원비례,부산광역시,서구,20220601,8,93426,47042,45996,1046,14267,29964,249,0.0,0.0,0.0,81.0,1435.0,서구,부산광역시,0.31017914601269675,0.6514479519958257,0.0054135142186277066,0.0,0.0,0.0,0.0017610226976258806,0.031198365075223933,2022,21020,서구,104824,50647,54177,5811,7204,13416,10932,13820,16462,18875,12299,5955,743,8482,68464,27878,0.1279859574143326,0.1042890941005876,0.1318400366328321,0.1570441883538121,0.1800637258643058,0.1812275814698924,0.2659505456765626,0.6531328703350378,0.5168377470808212,2022
8회지방선거_광역의원비례,부산광역시,수영구,20220601,8,156247,74908,74012,896,22587,48777,212,0.0,0.0,0.0,55.0,2381.0,수영구,부산광역시,0.3051802410419932,0.6590417770091337,0.0028644003675079716,0.0,0.0,0.0,0.0007431227368534832,0.0321704588445117,2022,21140,수영구,170007,79729,90278,10316,10519,22167,23024,23597,25955,28499,17832,8086,1111,14485,114859,40663,0.130388748698583,0.1354297175998635,0.1388001670519449,0.1526701841688871,0.1676342738828401,0.1589875711000135,0.239184268883046,0.6756133570970607,0.531025193080285,2022
8회지방선거_광역의원비례,부산광역시,연제구,20220601,8,180173,92055,90454,1601,29832,56842,300,0.0,0.0,0.0,82.0,3398.0,연제구,부산광역시,0.3298029937868972,0.6284078094943286,0.0033166029141884273,0.0,0.0,0.0,0.0009065381298781701,0.03756605567470759,2022,21130,연제구,199751,95333,104418,14481,15305,22904,25097,30062,32179,33257,18960,8174,936,20603,135658,43490,0.114662755130137,0.1256414235723475,0.1504973692246847,0.1610955639771515,0.1664922828922007,0.1405249535671911,0.2177210627230902,0.6791355237270401,0.5227408123113276,2022
8회지방선거_광역의원비례,부산광역시,영도구,20220601,8,99395,50227,48442,1785,17876,28811,143,0.0,0.0,0.0,61.0,1551.0,영도구,부산광역시,0.3690186202056067,0.5947524875108378,0.0029519838156971223,0.0,0.0,0.0,0.00125923785145122,0.03201767061640725,2022,21040,영도구,109889,55037,54852,5093,7643,13422,10315,13830,17289,21553,14298,6417,659,7675,70519,31695,0.1221414336284796,0.0938674480612254,0.1258542711281384,0.1573314890480394,0.1961342809562376,0.1945053645041815,0.2884274131168725,0.6417293814667528,0.4991582414982391,2022
8회지방선거_광역의원비례,부산광역시,중구,20220601,8,38236,19125,18832,293,6040,12159,49,0.0,0.0,0.0,25.0,559.0,중구,부산광역시,0.3207306711979609,0.6456563296516568,0.0026019541206457096,0.0,0.0,0.0,0.0013275276125743415,0.029683517417162276,2022,21010,중구,41145,20277,20868,1139,1783,6234,5077,5067,6466,7788,5006,2357,362,1777,27885,11483,0.151512942034269,0.1233928788431158,0.1231498359460444,0.1571515372463239,0.1892818082391542,0.1877506379876048,0.2790861587070118,0.6777251184834123,0.5071819176084579,2022
8회지방선거_광역의원비례,부산광역시,해운대구,20220601,8,337958,164719,162578,2141,51596,105573,439,0.0,0.0,0.0,141.0,4829.0,해운대구,부산광역시,0.31736151262778484,0.649368303214457,0.0027002423452127593,0.0,0.0,0.0,0.0008672760152050093,0.029702665797340353,2022,21090,해운대구,377199,181375,195824,28282,34536,40886,42104,60191,67171,59919,31840,14100,1670,42240,260482,74477,0.1083937126026315,0.1116227773668541,0.1595735937794108,0.178078414842033,0.1588524890044777,0.1262198468182577,0.1974475011863764,0.6905691690593029,0.5191530200239131,2022
8회지방선거_광역의원비례,서울특별시,강남구,20220601,8,450895,241459,240254,1205,61839,171063,305,751.0,91.0,79.0,66.0,6060.0,강남구,서울특별시,0.25739009548228126,0.7120089571869771,0.0012694897899722794,0.0031258584664563337,0.00037876580618845056,0.0003288186669108527,0.0002747092660267883,0.025223305335186928,2022,11230,강남구,500149,239430,260719,35342,54333,61803,72066,90955,80022,60013,35522,13145,1951,57829,363263,79057,0.1235691763854371,0.144089061459685,0.181855806969523,0.1599963210963133,0.1199902429076135,0.1012058406594834,0.1580668960649726,0.7263095597511942,0.5212826577679851,2022
8회지방선거_광역의원비례,서울특별시,강동구,20220601,8,397544,214049,212309,1740,84005,118503,422,386.0,130.0,120.0,98.0,8645.0,강동구,서울특별시,0.39567328751960584,0.5581628663881418,0.0019876689165320358,0.001818104743557739,0.0006123150690738499,0.000565213909914323,0.00046159135976336376,0.04071895209341102,2022,11250,강동구,448655,219114,229541,35914,36976,55424,67915,72291,69658,66982,33394,12102,1871,51079,320029,77547,0.1235336728666793,0.151374664274331,0.1611282611360622,0.1552596092766156,0.1492951154004747,0.1055755535990906,0.1728432760138636,0.713307552573804,0.5116202873031617,2022
8회지방선거_광역의원비례,서울특별시,강북구,20220601,8,268130,133368,132002,1366,61886,64376,292,274.0,113.0,115.0,73.0,4873.0,강북구,서울특별시,0.4688262299056075,0.4876895804609021,0.002212087695640975,0.002075726125361737,0.0008560476356418843,0.0008711989212284662,0.0005530219239102438,0.036916107331707096,2022,11090,강북구,287788,138515,149273,14484,19194,40055,35696,40896,49177,46274,28997,13380,1379,21655,201430,64703,0.1391823147594757,0.1240357485371176,0.1421046047785175,0.1708792583429469,0.1607919718681807,0.1520424757112874,0.2248286933437113,0.6999249447509973,0.5186908418697096,2022
8회지방선거_광역의원비례,서울특별시,강서구,20220601,8,504606,260902,258316,2586,114067,130979,536,557.0,192.0,143.0,105.0,11737.0,강서구,서울특별시,0.4415793059663358,0.5070495052571269,0.002074977934003314,0.002156273711268369,0.0007432756778519333,0.0005535855309001379,0.000406478886325276,0.045436597036188235,2022,11160,강서구,555999,266085,289914,37720,40315,79873,96385,85671,81572,79061,40874,16382,2424,53586,407294,95119,0.1436567331955633,0.1733546283356624,0.154084809505053,0.1467124940872196,0.1421962989142066,0.1073383225509398,0.171077645823104,0.7325444829936745,0.5214289953758909,2022
8회지방선거_광역의원비례,서울특별시,관악구,20220601,8,450180,226760,224628,2132,104328,106468,564,1199.0,173.0,114.0,95.0,11687.0,관악구,서울특별시,0.46444788717346014,0.4739747493633919,0.0025108178855708105,0.0053377139092187975,0.0007701622237655145,0.0005075057428281425,0.0004229214523567854,0.05202824224940791,2022,11210,관악구,496743,248148,248595,20630,26485,115556,88770,63680,67816,61823,37321,15337,1548,29651,385034,82058,0.2326273344566506,0.1787040783664792,0.128195062638024,0.136521299746549,0.1244567110155553,0.1091228260891446,0.1651920610859136,0.7751171128732564,0.500449930849554,2022
8회지방선거_광역의원비례,서울특별시,광진구,20220601,8,305462,156989,155523,1466,66403,81566,376,386.0,108.0,88.0,53.0,6543.0,광진구,서울특별시,0.4269657864110132,0.5244626196768324,0.0024176488365064974,0.002481948007690181,0.0006944310487837812,0.0005658327064164142,0.00034078560727352224,0.04207094770548408,2022,11050,광진구,346519,165843,180676,18659,24446,66920,55951,49099,54297,45351,22711,10006,1231,27546,265456,53517,0.193120723538969,0.1614658936450815,0.1416920861482343,0.1566927066048326,0.1308759404246232,0.0979686539554829,0.1544417477829498,0.7660647756688667,0.5214028667980688,2022
8회지방선거_광역의원비례,서울특별시,구로구,20220601,8,353697,188070,186401,1669,81272,95028,409,328.0,149.0,123.0,83.0,9009.0,구로구,서울특별시,0.4360062446016921,0.5098041319520819,0.00219419423715538,0.0017596472121930676,0.0007993519348072167,0.0006598677045724004,0.0004452765811342214,0.048331285776363864,2022,11170,구로구,424038,210737,213301,28207,28325,53096,66323,64581,71487,65637,34182,13586,1532,39336,306010,78692,0.1252151929779878,0.1564081520995759,0.152300029714318,0.1685863059442786,0.1547903725609497,0.1162631650936944,0.1855777076582759,0.7216570213046944,0.5030233139482783,2022
8회지방선거_광역의원비례,서울특별시,금천구,20220601,8,212879,105819,104553,1266,48986,50846,266,218.0,94.0,71.0,40.0,4032.0,금천구,서울특별시,0.4685279236368158,0.4863179440092585,0.002544164203800943,0.0020850669038669383,0.0008990655457040927,0.0006790814228190488,0.0003825810832783373,0.0385641731944564,2022,11180,금천구,247185,125201,121984,12854,13496,36859,40692,33410,44229,39275,19178,7700,853,17881,184924,44380,0.1491150352974492,0.1646216396626008,0.135161923255861,0.1789307603616724,0.1588890911665351,0.1121872281894127,0.1795416388534903,0.7481198292776665,0.4934927281186156,2022
8회지방선거_광역의원비례,서울특별시,노원구,20220601,8,441748,245086,242734,2352,105274,121290,472,465.0,159.0,145.0,120.0,14809.0,노원구,서울특별시,0.43370108843425315,0.4996827803274366,0.0019445153954534594,0.0019156772434022428,0.0006550380251633476,0.0005973617210609145,0.0004943683208779981,0.06100917053235229,2022,11110,노원구,496423,238120,258303,32215,48168,69746,60586,76763,84127,70550,37836,18047,2428,49920,356706,89797,0.1404971163705146,0.1220451107221059,0.1546322390380784,0.1694663623562969,0.1421167028924929,0.1174623254764585,0.180888073276218,0.7185525247621484,0.5203284295852529,2022
8회지방선거_광역의원비례,서울특별시,도봉구,20220601,8,280913,148546,147202,1344,65079,76007,296,272.0,105.0,76.0,65.0,5302.0,도봉구,서울특별시,0.4421067648537384,0.5163448866183883,0.00201084224399125,0.0018478009809649325,0.0007133055257401394,0.0005162973329166723,0.00044157008736294345,0.03601853235689732,2022,11100,도봉구,304137,146600,157537,17448,22459,38668,37323,43106,53293,51021,27824,13388,1708,25883,212439,65815,0.1271400717439837,0.1227177226052732,0.1417321799057661,0.1752269536426018,0.167756635989702,0.1411206134077734,0.216399188523593,0.6984977164896083,0.5179803838401773,2022
8회지방선거_광역의원비례,서울특별시,동대문구,20220601,8,302024,156947,155048,1899,65611,81574,323,313.0,119.0,102.0,94.0,6912.0,동대문구,서울특별시,0.4231657293225324,0.5261209431917858,0.0020832258397399514,0.002018729683710851,0.000767504256746298,0.0006578607914968268,0.0006062638666735463,0.04457974304731438,2022,11060,동대문구,350709,169670,181039,20726,23756,70468,50138,47956,51054,47176,27396,12787,1352,28934,258825,62950,0.2009301158510331,0.1429618287526125,0.1367401463891716,0.1455736807438645,0.1345160802830837,0.1184315201491835,0.1794935402285085,0.7380050127028391,0.5162085945898166,2022
8회지방선거_광역의원비례,서울특별시,동작구,20220601,8,344280,187352,185880,1472,77202,98608,439,468.0,143.0,99.0,87.0,8834.0,동작구,서울특별시,0.4153324725629438,0.530492791047988,0.002361738756186787,0.0025177533892834086,0.0007693135356143749,0.0005326016785022595,0.00046804389928986444,0.047525285130191525,2022,11200,동작구,386605,186536,200069,23564,26679,70343,60154,54950,57734,51342,29804,12951,1529,33111,286129,67365,0.1819505697029267,0.1555955044554519,0.1421347370054707,0.1493358854644921,0.1328022141462216,0.1145458542957282,0.1742476170768614,0.7401068273819531,0.5175023602902187,2022
8회지방선거_광역의원비례,서울특별시,마포구,20220601,8,324528,174994,173671,1323,72249,88515,443,1600.0,94.0,88.0,54.0,10628.0,마포구,서울특별시,0.41601073293756585,0.5096705840353312,0.002550800076005781,0.009212821944941873,0.000541253289265335,0.000506705206971803,0.0003109327406417882,0.06119616976927639,2022,11140,마포구,362415,168773,193642,24117,26354,64667,62853,56727,53511,40589,22995,11692,1452,34115,274443,53857,0.1784335637321854,0.1734282521418815,0.1565249782707669,0.1476511733785853,0.1119959162838182,0.0997171750617386,0.1486058799994481,0.7572617027440918,0.534310114095719,2022
8회지방선거_광역의원비례,서울특별시,서대문구,20220601,8,271718,146945,145638,1307,63144,73613,364,969.0,88.0,105.0,63.0,7292.0,서대문구,서울특별시,0.4335681621554814,0.5054518738241393,0.0024993476977162553,0.006653483294195196,0.0006042379049423914,0.0007209656820335352,0.0004325794092201211,0.050069350032271795,2022,11130,서대문구,318308,146857,171451,20376,23840,62869,45056,44154,47691,39801,22998,12243,1407,28463,235716,54129,0.1975099589077246,0.1415484373625545,0.1387147039973861,0.1498265830579187,0.1250392701408698,0.115133769807859,0.1700522764115259,0.7405280420221924,0.538632393782123,2022
8회지방선거_광역의원비례,서울특별시,서초구,20220601,8,342589,191827,190754,1073,53095,131110,285,453.0,97.0,65.0,39.0,5610.0,서초구,서울특별시,0.27834278704509474,0.6873250364343605,0.0014940708975958565,0.002374786374073414,0.0005085083405852564,0.0003407530117323883,0.00020445180703943297,0.029409606089518436,2022,11220,서초구,383181,183006,200175,31870,40062,45978,54095,69125,60878,46460,26850,10431,1508,48792,274035,60354,0.1199902917942173,0.141173492422641,0.1803977754638147,0.1588753095795459,0.1212481829735816,0.1012289231459806,0.1575078096252163,0.7151581106578875,0.5224032506830976,2022
8회지방선거_광역의원비례,서울특별시,성동구,20220601,8,251990,139755,138372,1383,56117,75209,274,327.0,107.0,73.0,58.0,6207.0,성동구,서울특별시,0.4055517012112277,0.543527592287457,0.001980169398433209,0.002363194866013355,0.0007732778307750123,0.0005275633798745411,0.000419159945653745,0.04485734108056543,2022,11040,성동구,282131,136734,145397,19789,18086,46160,45740,41237,44477,38004,19913,9414,1086,26146,209140,46845,0.1636119391346573,0.1621232689778861,0.1461625982256469,0.15764662514931,0.1347033824712633,0.107797441614002,0.1660398892712959,0.7412868490169461,0.515352797104891,2022
8회지방선거_광역의원비례,서울특별시,성북구,20220601,8,379123,202197,199577,2620,89109,99638,417,568.0,155.0,123.0,85.0,9482.0,성북구,서울특별시,0.4464893249222105,0.4992459050892638,0.0020894191214418495,0.0028460193308848213,0.0007766425990970903,0.0006163034818641427,0.0004259007801500173,0.04751048467508781,2022,11080,성북구,436113,207284,228829,29154,37594,75521,58164,64644,67806,56113,32555,15984,1906,42146,318438,75529,0.1731684219456883,0.1333691038790405,0.1482276382497196,0.1554780527065233,0.1286661943120246,0.1156695627050787,0.1731867658152818,0.730173143199125,0.5247011668994045,2022
8회지방선거_광역의원비례,서울특별시,송파구,20220601,8,569507,313235,311228,2007,111022,188134,461,578.0,157.0,130.0,95.0,10651.0,송파구,서울특별시,0.3567224028686365,0.6044893133008599,0.0014812291953166168,0.0018571593815466475,0.0005044533268214942,0.00041770020692225636,0.0003052424589047258,0.03422249926099194,2022,11240,송파구,635758,305954,329804,50507,54225,82564,101969,103174,100135,87863,43305,15509,2266,72299,462646,100813,0.1298670248742446,0.160389645116538,0.1622850204008443,0.1575048996630793,0.1382019573485508,0.0960742924194426,0.1585713431840417,0.7277077126831278,0.5187571371496702,2022
8회지방선거_광역의원비례,서울특별시,양천구,20220601,8,378444,209676,208286,1390,86707,112853,379,371.0,146.0,97.0,84.0,7649.0,양천구,서울특별시,0.4162881806746493,0.5418175009362127,0.0018196134161681534,0.001781204689705501,0.0007009592579434047,0.00046570580835965934,0.00040329162785784933,0.036723543589103444,2022,11150,양천구,426981,208521,218460,30874,46063,51280,52596,72232,73864,60733,30335,11757,1605,49611,306740,70630,0.1200990207995203,0.1231811251554518,0.1691691199374211,0.17299130406271,0.1422381792164054,0.1023394483595288,0.1654171965497294,0.7183926216857425,0.51163869118298,2022
8회지방선거_광역의원비례,서울특별시,영등포구,20220601,8,340017,181080,179533,1547,72110,97937,391,451.0,131.0,121.0,82.0,8310.0,영등포구,서울특별시,0.4016531779672818,0.5455097391565896,0.002177872591668384,0.0025120729893668573,0.0007296708683083333,0.0006739708020252545,0.0004567405435212468,0.04628675508123855,2022,11190,영등포구,401805,198830,202975,26806,22664,57419,73915,59115,65201,56097,28472,13034,1551,35699,298529,67577,0.1429026517838255,0.1839573922673933,0.1471236047336394,0.1622702554721817,0.1396124986000672,0.1071589452595164,0.168183571633006,0.7429698485583803,0.5051579746394396,2022
8회지방선거_광역의원비례,서울특별시,용산구,20220601,8,199061,104770,103915,855,36114,61630,238,928.0,62.0,69.0,44.0,4830.0,용산구,서울특별시,0.3475340422460665,0.5930808834143291,0.002290333445604581,0.008930375787903575,0.0005966414858297647,0.0006640042342298994,0.000423422989943704,0.04648029639609296,2022,11030,용산구,219282,105469,113813,14715,13455,32658,39446,32765,34817,28488,15072,8139,1116,19807,162608,36867,0.1489315128464716,0.1798870860353335,0.1494194689942631,0.1587772822210669,0.1299149040960954,0.1109393383861876,0.1681259747722111,0.7415474138324167,0.5190257294260359,2022
8회지방선거_광역의원비례,서울특별시,은평구,20220601,8,418387,215937,214005,1932,98827,103436,533,1375.0,152.0,125.0,97.0,9460.0,은평구,서울특별시,0.4617976215508983,0.4833345015303381,0.0024905960141118197,0.006425083526085839,0.0007102637788836709,0.0005840985023714399,0.00045326043784023735,0.04420457465947057,2022,11120,은평구,454649,216315,238334,28930,34973,60296,64719,69761,74531,66291,38293,18221,1969,42114,324489,88046,0.1326209889387197,0.1423493728128732,0.1534392465396382,0.1639308565508777,0.1458069851687785,0.1286332973348671,0.1936570849160561,0.7137132161293658,0.5242153837355851,2022
8회지방선거_광역의원비례,서울특별시,종로구,20220601,8,129816,70639,70053,586,28921,36605,170,610.0,35.0,39.0,45.0,3628.0,종로구,서울특별시,0.4128445605470144,0.5225329393459238,0.0024267340442236593,0.008707692746920188,0.000499621714987224,0.0005567213395571924,0.000642370776412145,0.051789359484961384,2022,11010,종로구,147512,70318,77194,7123,11181,28268,20200,20040,23874,19866,10994,6011,817,10650,110329,26533,0.1916318672379196,0.1369380118227669,0.1358533543033787,0.1618444601117197,0.1346737892510439,0.120817289440859,0.1798701122620532,0.7479323716036661,0.5233065784478551,2022
8회지방선거_광역의원비례,서울특별시,중구,20220601,8,112039,60315,59710,605,25028,31924,100,167.0,37.0,39.0,19.0,2396.0,중구,서울특별시,0.41915926980405294,0.534650812259253,0.0016747613465081226,0.002796851448668565,0.0006196616982080054,0.0006531569251381678,0.00031820465583654327,0.040127281862334614,2022,11020,중구,125257,59795,65462,6793,6709,20791,21260,17137,19653,17991,9953,4908,694,8986,92579,23692,0.1659867312804873,0.1697310329961599,0.1368147089583815,0.1569014106996016,0.1436326911869196,0.1241846763055158,0.1891471135345729,0.7391123849365704,0.5226214902161157,2022
8회지방선거_광역의원비례,서울특별시,중랑구,20220601,8,348762,177680,176077,1603,81241,87489,272,692.0,137.0,91.0,84.0,6071.0,중랑구,서울특별시,0.46139473071440334,0.49687920625635373,0.001544778704771208,0.003930098763609103,0.0007780686858590276,0.0005168193460815439,0.00047706401176757896,0.03447923351715443,2022,11070,중랑구,379127,185196,193931,22788,23908,51854,57667,53496,64333,60756,31788,13413,1520,31886,273865,73376,0.136772110664764,0.1521047037008706,0.14110311320481,0.1696872024413982,0.1602523692588499,0.1232331118596143,0.1935393680745502,0.7223568883250204,0.5115198864760357,2022
8회지방선거_광역의원비례,세종특별자치시,세종특별자치시,20220601,8,292259,149743,147882,1861,67727,71729,1053,0.0,0.0,0.0,0.0,7373.0,세종특별자치시,세종특별자치시,0.45798001108992303,0.48504212818328124,0.007120542053799651,0.0,0.0,0.0,0.0,0.04985731867299604,2022,29010,세종시,382589,192165,190424,51224,48475,43501,61115,74518,50589,34862,15253,7524,1168,72186,271913,38490,0.1137016485053151,0.1597406093745507,0.1947729809273136,0.1322280567397389,0.0911212815841542,0.0625867445221896,0.1006040424580947,0.7107182903847209,0.4977247124198553,2022
8회지방선거_광역의원비례,울산광역시,남구,20220601,8,267930,134749,133283,1466,43168,83060,557,0.0,0.0,0.0,0.0,6498.0,남구,울산광역시,0.32388226555524713,0.6231852524327933,0.004179077601794677,0.0,0.0,0.0,0.0,0.04875340441016484,2022,26020,남구,311172,158893,152279,24125,27511,41514,41155,48250,59930,45551,18315,6842,817,35255,231255,44662,0.1334117465581736,0.1322580437828596,0.1550589384649004,0.1925944493720514,0.1463852788811332,0.0834715205738305,0.1435283380252722,0.7431741930507886,0.4893724371087373,2022
8회지방선거_광역의원비례,울산광역시,동구,20220601,8,127369,70815,68700,2115,23280,34561,641,0.0,0.0,0.0,0.0,10218.0,동구,울산광역시,0.3388646288209607,0.5030713245997088,0.009330422125181951,0.0,0.0,0.0,0.0,0.14873362445414848,2022,26030,동구,154118,81404,72714,14508,15649,16066,21435,26962,24465,24150,9518,2863,332,21104,110349,22665,0.1042447994393905,0.1390817425608949,0.1749438741743339,0.1587420028809094,0.156698114431799,0.0824887423921929,0.1470626403145641,0.7160033221297967,0.4718073164717943,2022
8회지방선거_광역의원비례,울산광역시,북구,20220601,8,175784,88507,86606,1901,34755,43354,387,0.0,0.0,0.0,0.0,8110.0,북구,울산광역시,0.4013001408678383,0.5005888737500866,0.0044685125741865455,0.0,0.0,0.0,0.0,0.0936424728078886,2022,26040,북구,216750,112367,104383,25481,23995,23149,32481,39332,38822,23985,8370,3454,488,35830,159832,21088,0.106800461361015,0.1498546712802768,0.1814625144175317,0.1791095732410611,0.1106574394463667,0.0568027681660899,0.0972918108419838,0.7374025374855825,0.4815824682814302,2022
8회지방선거_광역의원비례,울산광역시,울주군,20220601,8,189051,99378,97385,1993,33650,59135,407,0.0,0.0,0.0,0.0,4193.0,울주군,울산광역시,0.34553576012732967,0.6072290393797812,0.004179288391436053,0.0,0.0,0.0,0.0,0.043055912101452994,2022,26510,울주군,223854,117193,106661,17505,21217,25996,26287,35604,43222,33240,14610,7266,1067,26015,161006,36833,0.11612926282309,0.1174292172576768,0.1590500951513039,0.1930812047137866,0.1484896405692996,0.1024909092533526,0.1645402807186827,0.7192455797082027,0.476475738651085,2022
8회지방선거_광역의원비례,울산광역시,중구,20220601,8,181055,98382,97172,1210,32144,59643,409,0.0,0.0,0.0,0.0,4976.0,중구,울산광역시,0.33079487918330386,0.6137879224467954,0.0042090314082245915,0.0,0.0,0.0,0.0,0.0512081669616762,2022,26010,중구,204622,103223,101399,15952,18158,21861,23966,31784,38861,34154,15498,5748,627,23659,144505,36458,0.1068360195873366,0.11712328097663,0.1553303163882671,0.1899160403084712,0.1669126486888018,0.1068946643078456,0.1781724350265367,0.706204611429856,0.4955430012413132,2022
8회지방선거_광역의원비례,인천광역시,강화군,20220601,8,63147,39086,37521,1565,12063,23821,290,0.0,0.0,0.0,0.0,1347.0,강화군,인천광역시,0.32149996002238745,0.6348711388289224,0.007729005090482663,0.0,0.0,0.0,0.0,0.035899896058207405,2022,23510,강화군,66420,33292,33128,3301,4445,4490,5070,7017,10897,15064,9596,5955,972,5006,38009,23405,0.0676001204456489,0.0763324299909665,0.1056458897922312,0.1640620295091839,0.2267991568804576,0.2487654320987654,0.3523788015657934,0.5722523336344475,0.4987654320987654,2022
8회지방선거_광역의원비례,인천광역시,계양구,20220601,8,258156,144676,142588,2088,70660,65139,417,0.0,0.0,0.0,0.0,6372.0,계양구,인천광역시,0.49555362302578054,0.4568336746430275,0.002924509776418773,0.0,0.0,0.0,0.0,0.044688192554773194,2022,23070,계양구,288122,142279,145843,17898,23896,39247,37520,42374,56866,45726,16777,8625,1316,27019,217303,43800,0.1362166026891386,0.130222614031556,0.1470696441090926,0.1973677817035839,0.1587036047229993,0.0927315512178868,0.1520189364227653,0.7542048160154379,0.5061848800161043,2022
8회지방선거_광역의원비례,인천광역시,남동구,20220601,8,441226,212051,207899,4152,91723,104821,672,0.0,0.0,0.0,0.0,10683.0,남동구,인천광역시,0.4411901933150232,0.5041919393551677,0.003232338779888311,0.0,0.0,0.0,0.0,0.05138552854992087,2022,23050,남동구,511392,255604,255788,39571,46238,64552,69034,85275,88093,73165,33091,14944,2319,58702,372172,80518,0.1262280207746699,0.1349923346473937,0.1667507508916838,0.1722612008009511,0.143070286590326,0.0984645829422439,0.1574486890682685,0.7277626556535887,0.5001799011325949,2022
8회지방선거_광역의원비례,인천광역시,동구,20220601,8,52728,28940,27696,1244,11252,14700,132,0.0,0.0,0.0,0.0,1612.0,동구,인천광역시,0.4062680531484691,0.5307625649913345,0.004766031195840554,0.0,0.0,0.0,0.0,0.05820335066435586,2022,23020,동구,58078,29169,28909,3549,4438,5822,6511,9088,9443,9995,6304,2979,401,5318,38421,14339,0.1002444987775061,0.1121078549536829,0.1564792176039119,0.1625916870415648,0.1720961465615207,0.1667412789696614,0.2468921106098695,0.6615413753917145,0.4977616309101553,2022
8회지방선거_광역의원비례,인천광역시,미추홀구,20220601,8,358612,160318,158106,2212,65306,85197,579,0.0,0.0,0.0,0.0,7024.0,미추홀구,인천광역시,0.4130520030865369,0.5388600053128914,0.0036621001100527496,0.0,0.0,0.0,0.0,0.044425891490519016,2022,23090,미추홀구,415303,209232,206071,28713,32290,60029,57483,63246,66842,60568,32186,15062,2053,40930,298741,75632,0.1445426592150791,0.1384121954332138,0.1522888108200518,0.1609475491388215,0.14584050681069,0.1187109170894503,0.1821128188334782,0.7193326318374776,0.496194344851831,2022
8회지방선거_광역의원비례,인천광역시,부평구,20220601,8,426463,202578,199597,2981,91805,98023,619,0.0,0.0,0.0,0.0,9150.0,부평구,인천광역시,0.45995180288280885,0.49110457572007593,0.003101249016768789,0.0,0.0,0.0,0.0,0.0458423723803464,2022,23060,부평구,498254,245816,252438,34334,39473,63750,72615,75365,89421,75752,33461,15729,2195,49905,365922,82427,0.1279467901913482,0.1457389203097215,0.1512581936120934,0.1794687047168713,0.1520349058913726,0.1031301304154106,0.1654316874525844,0.7344085546729179,0.5066452050560557,2022
8회지방선거_광역의원비례,인천광역시,서구,20220601,8,472254,218327,213107,5220,98522,104748,651,0.0,0.0,0.0,0.0,9186.0,서구,인천광역시,0.46231235951892713,0.4915277302012604,0.003054803455541113,0.0,0.0,0.0,0.0,0.04310510682427138,2022,23080,서구,581069,295063,286006,57984,57015,70181,90196,102596,98180,69776,27419,12227,1971,82039,430034,68996,0.1207791157332433,0.1552242504762773,0.1765642290330408,0.1689644431212128,0.1200821244981232,0.0716214425481311,0.1187397710082623,0.7400738982805829,0.4922066054117497,2022
8회지방선거_광역의원비례,인천광역시,연수구,20220601,8,317883,164253,162755,1498,64063,88371,417,0.0,0.0,0.0,0.0,9904.0,연수구,인천광역시,0.39361617154618905,0.5429694940247611,0.0025621332677951522,0.0,0.0,0.0,0.0,0.06085220116125464,2022,23040,연수구,400488,199745,200743,41584,45648,52152,57991,70079,65421,46047,16842,8115,1329,59890,296761,43837,0.1302211302211302,0.1448008429715746,0.1749840194962146,0.1633532090849164,0.1149772277821058,0.0656349253910229,0.1094589600687161,0.7409984818521403,0.5012459799045165,2022
8회지방선거_광역의원비례,인천광역시,옹진군,20220601,8,18895,12693,12209,484,4018,7728,95,0.0,0.0,0.0,0.0,368.0,옹진군,인천광역시,0.32910148251290033,0.6329756736833484,0.0077811450569252195,0.0,0.0,0.0,0.0,0.030141698746826113,2022,23520,옹진군,19329,11155,8174,912,961,2368,1874,2152,3215,4261,2314,1146,221,1286,12440,5603,0.1225102178074395,0.0969527652749754,0.1113352992912204,0.1663303843965026,0.2204459620259713,0.190439236380568,0.2898753168813699,0.643592529360029,0.4228878886647007,2022
8회지방선거_광역의원비례,인천광역시,중구,20220601,8,124974,57357,55797,1560,23959,29506,186,0.0,0.0,0.0,0.0,2146.0,중구,인천광역시,0.4293958456547843,0.5288097926411814,0.003333512554438411,0.0,0.0,0.0,0.0,0.038460849149595855,2022,23010,중구,150670,77750,72920,13543,14181,18368,23994,26456,22488,18157,9802,4406,755,19152,108479,23039,0.1219088073272715,0.1592486891882923,0.1755890356408044,0.1492533351032056,0.1205083958319506,0.0993097497842968,0.1529103338421716,0.7199774341275635,0.4839715935488153,2022
8회지방선거_광역의원비례,전라남도,강진군,20220601,8,30148,21943,20794,1149,14716,2729,410,0.0,0.0,0.0,0.0,2939.0,강진군,전라남도,0.7077041454265653,0.13123978070597286,0.019717226122920074,0.0,0.0,0.0,0.0,0.1413388477445417,2022,36590,강진군,31476,15293,16183,1595,2278,2203,2197,3221,5109,6214,4724,3563,563,2475,17402,11599,0.0699898335239547,0.0697992120981065,0.1023319354428771,0.1623141441097979,0.1974202567035201,0.2811666031261914,0.3685029864023383,0.5528656754352522,0.514137755750413,2022
8회지방선거_광역의원비례,전라남도,고흥군,20220601,8,57371,44654,40866,3788,31643,4714,1185,0.0,0.0,0.0,0.0,3324.0,고흥군,전라남도,0.7743111633142465,0.11535261586649048,0.028997210394949346,0.0,0.0,0.0,0.0,0.08133901042431362,2022,36550,고흥군,58630,28768,29862,2500,3005,3359,3562,5570,9155,12471,10463,7618,1211,3751,29697,25182,0.057291488998806,0.0607538802660753,0.0950025584171925,0.156148729319461,0.2127068053897322,0.3290465631929046,0.429507078287566,0.5065154357837285,0.5093296946955483,2022
8회지방선거_광역의원비례,전라남도,곡성군,20220601,8,25196,18644,17630,1014,12829,2184,441,0.0,0.0,0.0,0.0,2176.0,곡성군,전라남도,0.7276800907543959,0.12387975042541123,0.025014180374361882,0.0,0.0,0.0,0.0,0.12342597844583097,2022,36520,곡성군,26454,13118,13336,1011,1895,2514,1686,2626,4280,4994,3811,3247,536,1642,15064,9748,0.0950328872760263,0.0637332728509866,0.0992666515460799,0.1617902774627655,0.1887805246843577,0.2870643380963181,0.3684886973614576,0.5694412943222197,0.504120359869963,2022
8회지방선거_광역의원비례,전라남도,광양시,20220601,8,126604,69102,67300,1802,48115,10605,498,0.0,0.0,0.0,0.0,8082.0,광양시,전라남도,0.7149331352154532,0.1575780089153046,0.007399702823179792,0.0,0.0,0.0,0.0,0.12008915304606241,2022,36060,광양시,145926,76212,69714,13625,14466,16283,18160,22563,29283,18947,8485,4874,819,19835,104460,21631,0.1115839535106835,0.1244466373367323,0.1546194646601702,0.2006702027054808,0.1298397818072173,0.0971588339295259,0.1482326658717432,0.7158422762221948,0.4777352904897002,2022
8회지방선거_광역의원비례,전라남도,구례군,20220601,8,22848,17417,16416,1001,11713,2060,262,0.0,0.0,0.0,0.0,2381.0,구례군,전라남도,0.713511208576998,0.12548732943469787,0.015960038986354775,0.0,0.0,0.0,0.0,0.1450414230019493,2022,36530,구례군,23165,11185,11980,1078,1421,1444,1315,2444,4111,4776,3511,2765,435,1696,12694,8775,0.0623354198143751,0.0567666738614288,0.1055039930930282,0.177466004748543,0.2061731059788474,0.2897042952730412,0.3788042305201813,0.547981869199223,0.5171595078782646,2022
8회지방선거_광역의원비례,전라남도,나주시,20220601,8,98951,53038,50929,2109,35524,6254,602,0.0,0.0,0.0,0.0,8549.0,나주시,전라남도,0.6975200769698993,0.12279840562351509,0.011820377388128571,0.0,0.0,0.0,0.0,0.16786114001845706,2022,36040,나주시,114785,57550,57235,10426,10201,12559,14472,16486,16458,16240,10707,7219,1207,14424,74075,26286,0.109413250860304,0.1260791915319946,0.1436250381147362,0.1433811038027616,0.1414819009452454,0.1666855425360456,0.2290020473058326,0.6453369342684149,0.4986278694951431,2022
8회지방선거_광역의원비례,전라남도,담양군,20220601,8,41720,26614,25656,958,18956,2807,545,0.0,0.0,0.0,0.0,3348.0,담양군,전라남도,0.7388525101340817,0.10940910508263174,0.02124259432491425,0.0,0.0,0.0,0.0,0.1304957904583723,2022,36510,담양군,43572,21585,21987,2252,3100,4060,3541,4563,7513,8275,5700,4197,611,3314,26089,14169,0.0931791058477921,0.0812677866519783,0.1047232167446984,0.1724272468557789,0.1899155420912512,0.2411640503075369,0.3251858992013219,0.5987560818874507,0.5046130542550261,2022
8회지방선거_광역의원비례,전라남도,목포시,20220601,8,183412,96967,93637,3330,66130,10348,1482,0.0,0.0,0.0,0.0,15677.0,목포시,전라남도,0.7062379187714258,0.11051187030767752,0.01582707690336085,0.0,0.0,0.0,0.0,0.1674231340175358,2022,36010,목포시,219625,110070,109555,17457,23052,25960,23499,35851,36928,31080,18474,8660,1154,26987,151049,41589,0.1182014797951053,0.1069960159362549,0.1632373363688104,0.1681411496869664,0.1415139442231075,0.1288013659647126,0.1893636881047239,0.6877586795674445,0.498827546955037,2022
8회지방선거_광역의원비례,전라남도,무안군,20220601,8,74895,41334,39836,1498,29283,4538,512,0.0,0.0,0.0,0.0,5503.0,무안군,전라남도,0.7350888643438096,0.1139170599457777,0.012852696053820665,0.0,0.0,0.0,0.0,0.13814137965659204,2022,36620,무안군,90630,45883,44747,8765,10048,11619,11038,14139,12672,11043,7376,4476,597,12873,60439,17318,0.1282025819265144,0.121791901136489,0.156007944389275,0.1398212512413108,0.1218470705064548,0.1373606973408363,0.1910846298135275,0.6668763102725367,0.4937327595718856,2022
8회지방선거_광역의원비례,전라남도,보성군,20220601,8,35731,23550,22491,1059,16416,2665,511,0.0,0.0,0.0,0.0,2899.0,보성군,전라남도,0.7298919567827131,0.11849184118091681,0.022720199190787427,0.0,0.0,0.0,0.0,0.12889600284558267,2022,36560,보성군,36244,17496,18748,1541,2280,2199,2147,3459,5844,7356,5953,4791,849,2386,18797,15061,0.0606721112459993,0.0592373910164441,0.0954364860390685,0.1612404811830923,0.2029577309347754,0.3198598388698819,0.4155446418717581,0.5186237722105728,0.5172718243019534,2022
8회지방선거_광역의원비례,전라남도,순천시,20220601,8,235432,128153,125222,2931,91126,16375,1285,0.0,0.0,0.0,0.0,16436.0,순천시,전라남도,0.7277155771350082,0.13076775646451902,0.010261775087444698,0.0,0.0,0.0,0.0,0.13125489131302806,2022,36030,순천시,272085,135443,136642,24211,28006,34023,31610,40654,47760,36793,19168,10988,1679,35432,190001,46652,0.1250454821103699,0.1161769300034915,0.1494165426245474,0.1755333811125199,0.135226124189132,0.1170038774647628,0.1714611242810151,0.6983148648400316,0.5022033555690317,2022
8회지방선거_광역의원비례,전라남도,신안군,20220601,8,35246,26405,24447,1958,18858,2610,404,0.0,0.0,0.0,0.0,2575.0,신안군,전라남도,0.7713829917781323,0.10676156583629894,0.016525545056653167,0.0,0.0,0.0,0.0,0.10532989732891561,2022,36680,신안군,34148,18328,15820,1499,1597,2008,2503,3571,5867,7248,5647,3937,438,2183,18648,13317,0.05880285814689,0.0732985826402717,0.1045742063956893,0.171810940611456,0.2122525477333958,0.2934871734801452,0.3899789153098278,0.5460934754597634,0.4632774979500996,2022
8회지방선거_광역의원비례,전라남도,여수시,20220601,8,236881,109130,106281,2849,83198,12221,837,0.0,0.0,0.0,0.0,10025.0,여수시,전라남도,0.7828116032028303,0.11498762713937581,0.007875349309848421,0.0,0.0,0.0,0.0,0.09432542034794554,2022,36020,여수시,268139,138403,129736,20847,23611,30077,30263,39323,46311,41555,25064,11800,1711,30484,180884,56771,0.1121694345097132,0.1128631045838166,0.1466515501288511,0.1727126602247342,0.1549755910180913,0.1438619521964354,0.2117222783705466,0.674590417656514,0.4838386060960919,2022
8회지방선거_광역의원비례,전라남도,영광군,20220601,8,45299,31817,30223,1594,22094,3452,779,0.0,0.0,0.0,0.0,3898.0,영광군,전라남도,0.7310326572477914,0.11421764881050855,0.025775071965059723,0.0,0.0,0.0,0.0,0.1289746219766403,2022,36640,영광군,49323,24667,24656,3914,3682,4089,4658,5940,7920,8328,6395,4305,475,5378,28929,15016,0.0829024998479411,0.0944386999979725,0.1204306307402226,0.1605741743202968,0.1688461772398272,0.2265677270239036,0.3044421466658557,0.5865215011252357,0.499888490156722,2022
8회지방선거_광역의원비례,전라남도,영암군,20220601,8,46851,28692,27212,1480,19731,3013,414,0.0,0.0,0.0,0.0,4054.0,영암군,전라남도,0.7250845215346171,0.11072321034837572,0.015213876231074525,0.0,0.0,0.0,0.0,0.14897839188593268,2022,36610,영암군,56287,30693,25594,3473,3985,6062,6405,7990,9764,8698,5778,4015,525,5118,37046,14123,0.107698047506529,0.1137918169381917,0.1419510721836303,0.1734681187485565,0.1545294650629808,0.1833105335157318,0.2509105121964219,0.6581626308028496,0.454705349370192,2022
8회지방선거_광역의원비례,전라남도,완도군,20220601,8,42697,29794,28349,1445,22634,2587,590,0.0,0.0,0.0,0.0,2538.0,완도군,전라남도,0.7984055874986772,0.0912554234717274,0.02081202158806307,0.0,0.0,0.0,0.0,0.08952696744153232,2022,36660,완도군,46863,24825,22038,3018,3000,3659,4552,5732,7289,8388,6714,4309,568,4286,27183,15394,0.078078654802296,0.0971341996884535,0.1223139790453022,0.1555384845187034,0.1789898213942769,0.2473379851908755,0.3284894266265497,0.5800524934383202,0.4702643876832469,2022
8회지방선거_광역의원비례,전라남도,장성군,20220601,8,38470,26500,25318,1182,18967,3016,570,0.0,0.0,0.0,0.0,2765.0,장성군,전라남도,0.7491508018010902,0.11912473339126313,0.022513626668773205,0.0,0.0,0.0,0.0,0.10921083813887353,2022,36650,장성군,40266,20367,19899,2459,2953,3482,3429,4756,6750,7090,5233,3898,497,3628,23790,12848,0.0864749416381066,0.0851586946803755,0.1181145383201708,0.1676352257487706,0.1760790741568569,0.2391099190383946,0.319078130432623,0.590821040083445,0.4941886455073759,2022
8회지방선거_광역의원비례,전라남도,장흥군,20220601,8,32510,23256,22087,1169,16319,2214,528,0.0,0.0,0.0,0.0,3026.0,장흥군,전라남도,0.7388509077738036,0.10023996015755875,0.02390546475302214,0.0,0.0,0.0,0.0,0.13700366731561553,2022,36580,장흥군,33638,16375,17263,1873,2159,2315,2443,3581,5630,6482,4917,3867,590,2791,18512,12335,0.0688209762768297,0.0726261965634104,0.1064569831737915,0.1673702360425709,0.1926987335751233,0.278672929425055,0.3666983768357215,0.5503299839467269,0.5131993578690767,2022
8회지방선거_광역의원비례,전라남도,진도군,20220601,8,26748,20410,19153,1257,14456,2159,592,0.0,0.0,0.0,0.0,1946.0,진도군,전라남도,0.7547642666945126,0.11272385527071477,0.030908995979742077,0.0,0.0,0.0,0.0,0.10160288205503054,2022,36670,진도군,28945,15093,13852,1607,1769,2439,2649,3310,4550,5323,4156,2968,356,2382,16675,9888,0.0842632579029193,0.0915183969597512,0.1143548108481603,0.1571946795646916,0.1839005009500777,0.2584211435481084,0.3416134047331145,0.5760925893936777,0.4785627915011228,2022
8회지방선거_광역의원비례,전라남도,함평군,20220601,8,28381,18223,17107,1116,13066,1912,229,0.0,0.0,0.0,0.0,1900.0,함평군,전라남도,0.7637809084000702,0.11176711287776933,0.01338633308002572,0.0,0.0,0.0,0.0,0.1110656456421348,2022,36630,함평군,29048,14561,14487,1224,1948,2047,1937,2934,4792,5778,4484,3570,492,1891,15861,11296,0.070469567612228,0.0666827320297438,0.1010052327182594,0.1649683282842192,0.1989121454144863,0.294202698980997,0.388873588543101,0.5460272652161939,0.4987262462131644,2022
8회지방선거_광역의원비례,전라남도,해남군,20220601,8,59423,35245,33174,2071,24088,3331,576,0.0,0.0,0.0,0.0,5179.0,해남군,전라남도,0.7261108096702237,0.10040995960692108,0.017362995116657624,0.0,0.0,0.0,0.0,0.1561162356061976,2022,36600,해남군,62360,31244,31116,3716,4134,4576,4773,7152,10398,11997,9152,6090,826,5506,35349,21505,0.0733803720333547,0.0765394483643361,0.1146889031430404,0.1667415009621552,0.1923829377806286,0.2576651699807569,0.3448524695317511,0.566853752405388,0.4989737010904426,2022
8회지방선거_광역의원비례,전라남도,화순군,20220601,8,55284,32431,31406,1025,22876,3028,503,0.0,0.0,0.0,0.0,4999.0,화순군,전라남도,0.7283958479271477,0.09641469782844042,0.016016047888938418,0.0,0.0,0.0,0.0,0.15917340635547347,2022,36570,화순군,59822,29015,30807,3410,5079,6097,4511,7261,10914,10066,6900,5266,764,5336,37213,17273,0.1019190264451205,0.0754070408879676,0.1213767510280498,0.1824412423523118,0.1682658553709337,0.2161412189495503,0.2887399284544147,0.6220621176155929,0.5149777673765504,2022
8회지방선거_광역의원비례,전라북도,고창군,20220601,8,47581,34659,33093,1566,25352,3728,939,0.0,0.0,0.0,279.0,2795.0,고창군,전라북도,0.7660834617592844,0.11265222252440094,0.02837458072704197,0.0,0.0,0.0,0.008430785966820778,0.08445894902245188,2022,35570,고창군,50784,25337,25447,2571,3838,3371,3815,5478,8172,9879,7574,5548,823,4014,28261,18509,0.0663791745431632,0.0751220856962822,0.1078686200378071,0.1609168241965973,0.1945297731568998,0.2745943604284814,0.3644651858853182,0.5564941713925646,0.501083018273472,2022
8회지방선거_광역의원비례,전라북도,군산시,20220601,8,224926,87123,85012,2111,61970,14939,565,0.0,0.0,0.0,151.0,7387.0,군산시,전라북도,0.7289559121065261,0.17572813249894131,0.006646120547687385,0.0,0.0,0.0,0.001776219827789018,0.08689361501905614,2022,35020,군산시,266438,135830,130608,20688,25668,31388,29550,42124,44029,39145,23218,11428,1791,30827,181710,53901,0.1178060186610018,0.1109076032698038,0.1581005712398381,0.1652504522628153,0.1469197336716234,0.1367560182856799,0.2023022241572148,0.6819973126956365,0.4902003467973787,2022
8회지방선거_광역의원비례,전라북도,김제시,20220601,8,72358,42666,41023,1643,30627,6504,374,0.0,0.0,0.0,128.0,3390.0,김제시,전라북도,0.7465811861638593,0.15854520634765862,0.009116836896375205,0.0,0.0,0.0,0.0031202008629305513,0.08263656972917631,2022,35060,김제시,78277,38997,39280,4171,5456,6865,6782,9129,12491,14597,10581,7521,1216,6361,45789,26127,0.087701368217995,0.0866410312096784,0.1166242957701496,0.1595743321793119,0.1864787868722613,0.2467902448995234,0.3337762050155218,0.584961099684454,0.5018076829720096,2022
8회지방선거_광역의원비례,전라북도,남원시,20220601,8,69007,44510,42712,1798,31848,6689,550,0.0,0.0,0.0,143.0,3482.0,남원시,전라북도,0.7456452519198352,0.15660704251732535,0.012876943247799214,0.0,0.0,0.0,0.0033480052444277955,0.08152275707061248,2022,35050,남원시,75259,36710,38549,4788,6183,5946,6011,9472,13036,13445,9250,6663,1012,7342,44925,22992,0.0790071619341208,0.0798708460117726,0.1258587012848961,0.1732151636349141,0.1786497296004464,0.2248900463731912,0.3055049894364793,0.596938572130908,0.5122178078369365,2022
8회지방선거_광역의원비례,전라북도,무주군,20220601,8,21279,16263,15157,1106,10565,2878,461,0.0,0.0,0.0,128.0,1125.0,무주군,전라북도,0.6970376723626047,0.18987926370653824,0.03041498977370192,0.0,0.0,0.0,0.0084449429306591,0.07422313122649601,2022,35530,무주군,22296,11104,11192,1082,1565,1373,1565,2596,3767,4624,3090,2431,323,1735,12610,7951,0.0615805525654825,0.0701919626838894,0.1164334409759598,0.1689540724793685,0.2073914603516325,0.2621097954790097,0.356611051309652,0.5655722999641192,0.501973448152135,2022
8회지방선거_광역의원비례,전라북도,부안군,20220601,8,45614,27490,26592,898,20191,3803,461,0.0,0.0,0.0,118.0,2019.0,부안군,전라북도,0.7592885078219013,0.14301293622141997,0.01733604091456077,0.0,0.0,0.0,0.004437424789410349,0.07592509025270758,2022,35580,부안군,47372,23649,23723,2450,3117,3341,3652,5404,7823,9432,7124,4742,592,3686,26802,16884,0.0705268935236004,0.077091953052436,0.1140758253820822,0.1651397449970446,0.1991049565143967,0.262982352444482,0.3564130710124124,0.5657772523853754,0.5007810520982859,2022
8회지방선거_광역의원비례,전라북도,순창군,20220601,8,23898,18588,17771,817,12749,2527,490,0.0,0.0,0.0,78.0,1927.0,순창군,전라북도,0.7174047605649654,0.1421979629733836,0.02757301221090541,0.0,0.0,0.0,0.0043891733723482075,0.1084350908783974,2022,35560,순창군,25279,12324,12955,1325,1914,1607,1750,2858,4095,4931,3636,2918,401,2084,14016,9179,0.0635705526326199,0.0692274219708058,0.113058269710036,0.1619921674116856,0.1950630958503105,0.2751295541754025,0.3631077178685866,0.5544523121958939,0.5124807152181653,2022
8회지방선거_광역의원비례,전라북도,완주군,20220601,8,78284,41409,39984,1425,28098,6054,489,0.0,0.0,0.0,168.0,5175.0,완주군,전라북도,0.7027310924369747,0.15141056422569027,0.012229891956782713,0.0,0.0,0.0,0.004201680672268907,0.12942677070828332,2022,35510,완주군,94771,48623,46148,6848,8929,11867,9914,13247,14754,14592,8811,5757,922,10141,62629,22001,0.1252176298656762,0.1046100600394635,0.1397790463327389,0.1556805351848139,0.1539711515125935,0.1634466239672473,0.2321490751390193,0.660845617330196,0.4869422080594274,2022
8회지방선거_광역의원비례,전라북도,익산시,20220601,8,239077,107234,102974,4260,74858,16692,656,0.0,0.0,0.0,259.0,10509.0,익산시,전라북도,0.7269602035465264,0.16209917066443957,0.006370540136345097,0.0,0.0,0.0,0.002515198011148445,0.10205488764154058,2022,35030,익산시,277030,138823,138207,18462,26781,38499,27624,38485,46985,42540,24339,13714,2114,28187,190067,58776,0.1389705086091759,0.0997148323286286,0.138919972566148,0.1696025701187597,0.1535573764574233,0.144991517164206,0.2121647475002707,0.68608814929791,0.4988882070533877,2022
8회지방선거_광역의원비례,전라북도,임실군,20220601,8,24346,17636,16631,1005,12292,2190,419,0.0,0.0,0.0,229.0,1501.0,임실군,전라북도,0.7391016775900426,0.13168179904996694,0.025193914978053032,0.0,0.0,0.0,0.01376946665864951,0.09025314172328784,2022,35550,임실군,24922,12577,12345,1336,1459,1924,1794,2372,3925,5025,3809,2985,415,1937,13494,9491,0.0772008667041168,0.0719845919268116,0.0951769520905224,0.1574913730840221,0.201629082738143,0.2892624989968702,0.3808281839338737,0.541449321884279,0.4953454778910199,2022
8회지방선거_광역의원비례,전라북도,장수군,20220601,8,19380,14589,13805,784,10356,1803,303,0.0,0.0,0.0,74.0,1269.0,장수군,전라북도,0.7501629844259327,0.13060485331401667,0.021948569358927923,0.0,0.0,0.0,0.005360376675117711,0.09192321622600506,2022,35540,장수군,20036,9980,10056,1058,1411,1283,1384,2168,3256,4190,2958,2171,275,1674,10988,7374,0.0640347374725494,0.0690756638051507,0.108205230584947,0.1625074865242563,0.2091235775603913,0.2697145138750249,0.3680375324416051,0.5484128568576562,0.5018965861449391,2022
8회지방선거_광역의원비례,전라북도,전주시덕진구,20220601,8,238934,96926,95536,1390,64858,18474,688,0.0,0.0,0.0,135.0,11381.0,전주시덕진구,전라북도,0.6788854463238988,0.1933721319711941,0.007201473789984927,0.0,0.0,0.0,0.0014130798861162284,0.1191278680288059,2022,35012,전주시 덕진구,327314,163402,163912,30217,35768,48603,41768,52869,50362,38042,20939,10922,1505,44458,233372,49484,0.1484904403722419,0.1276083516134354,0.1615237967211912,0.1538644848677416,0.116224787207391,0.1019388110499398,0.1511820453753887,0.7129911949992973,0.5007790684174829,2022
8회지방선거_광역의원비례,전라북도,전주시완산구,20220601,8,311508,125296,122985,2311,85268,22789,1031,0.0,0.0,0.0,175.0,13722.0,전주시완산구,전라북도,0.6933203236167013,0.18529902020571615,0.008383136154815628,0.0,0.0,0.0,0.0014229377566369883,0.11157458226613001,2022,35011,전주시 완산구,338570,165453,173117,24789,34598,49323,38992,49980,57707,46246,25199,12849,1992,37550,241153,59867,0.1456803615205127,0.1151667306613108,0.1476208760374516,0.170443335203946,0.1365921375195675,0.1182621023717399,0.1768231089582656,0.712269250081224,0.5113181912159966,2022
8회지방선거_광역의원비례,전라북도,정읍시,20220601,8,93307,54283,52412,1871,38028,7226,883,0.0,0.0,0.0,205.0,6070.0,정읍시,전라북도,0.7255590322826834,0.1378691902617721,0.016847286880866976,0.0,0.0,0.0,0.003911318018774326,0.11581317255590323,2022,35040,정읍시,103255,51545,51710,6175,8246,9871,8843,13427,17394,17638,12430,8744,1295,9461,63319,30475,0.0955982761125369,0.0856423417752167,0.1300372863299598,0.168456733330105,0.1708198150210643,0.2176068955498523,0.2951430923441964,0.6132293835649605,0.5007989927848531,2022
8회지방선거_광역의원비례,전라북도,진안군,20220601,8,22634,16615,15527,1088,11401,2252,223,0.0,0.0,0.0,181.0,1470.0,진안군,전라북도,0.7342693372834418,0.14503767630578993,0.014362078959232305,0.0,0.0,0.0,0.011657113415341019,0.09467379403619501,2022,35520,진안군,22645,11354,11291,1104,1436,1459,1455,2186,3876,4957,3466,2503,315,1661,12481,8503,0.0644292338264517,0.0642525943916979,0.0965334510929565,0.1711636122764407,0.2189004195186575,0.2775005519982336,0.375491278427909,0.5511591962905719,0.4986089644513137,2022
8회지방선거_광역의원비례,제주특별자치도,서귀포시,20220601,8,155974,83710,82062,1648,34839,38108,387,2320.0,0.0,0.0,0.0,6408.0,서귀포시,제주특별자치도,0.42454485632814215,0.46438059028539397,0.0047159464794911165,0.02827130706051522,0.0,0.0,0.0,0.07808729984645756,2022,39020,서귀포시,181094,92018,89076,16142,16646,17251,20843,29428,31208,26115,15146,8892,1327,23529,120772,36793,0.0952599202624051,0.1150949230786221,0.162501242448673,0.1723303919511414,0.1442068759870564,0.1400653804101737,0.2031707290136614,0.6669022717483738,0.4918771466752074,2022
8회지방선거_광역의원비례,제주특별자치도,제주시,20220601,8,409110,216395,213354,3041,98838,92593,773,6061.0,0.0,0.0,0.0,15089.0,제주시,제주특별자치도,0.4632582468573357,0.4339876449468958,0.0036230865134940053,0.02840818545703385,0.0,0.0,0.0,0.07072283622524068,2022,39010,제주시,495281,248647,246634,47436,51477,61319,64523,82403,83081,59839,30953,16867,2992,68482,350574,76225,0.1238064856111984,0.1302755405517272,0.1663762591337039,0.1677451789993963,0.1208182829545248,0.1025922658046644,0.1539025320979403,0.7078284852437303,0.497967820287877,2022
8회지방선거_광역의원비례,충청남도,계룡시,20220601,8,34875,19305,19002,303,7674,10632,39,32.0,0.0,0.0,0.0,625.0,계룡시,충청남도,0.4038522260814651,0.5595200505209977,0.0020524155352068204,0.0016840332596568782,0.0,0.0,0.0,0.0328912746026734,2022,34070,계룡시,42416,21121,21295,4178,5490,3970,4706,8186,7489,5259,2303,1188,207,6550,29948,5918,0.0935967559411542,0.1109486986043002,0.1929932101093927,0.176560731799321,0.1239862316107129,0.0871840814786873,0.1395228215767635,0.7060543191248585,0.5020511127876273,2022
8회지방선거_광역의원비례,충청남도,공주시,20220601,8,91847,51462,49924,1538,19058,28845,167,155.0,0.0,0.0,0.0,1699.0,공주시,충청남도,0.3817402451726625,0.5777782228988062,0.003345084528483295,0.0031047191731431775,0.0,0.0,0.0,0.034031728226904895,2022,34020,공주시,106038,52554,53484,5470,9838,13683,9081,12289,16973,19406,11196,7567,1212,8352,68986,28700,0.1290386465229446,0.0856391105075538,0.115892415926366,0.1600652596239084,0.1830098643882381,0.1883758652558516,0.2706576887530885,0.6505780946453158,0.5043852203926894,2022
8회지방선거_광역의원비례,충청남도,금산군,20220601,8,44747,28673,27409,1264,10620,15574,125,71.0,0.0,0.0,0.0,1019.0,금산군,충청남도,0.3874639716881316,0.5682075230763618,0.004560545806122076,0.0025903900178773395,0.0,0.0,0.0,0.03717756941150717,2022,34510,금산군,52399,26168,26231,2386,4479,6039,3929,5806,8422,10118,6550,4377,615,3961,32184,16254,0.1152502910360884,0.0749823469913548,0.1108036412908643,0.1607282581728659,0.1930952880780167,0.2202713792247943,0.3101967594801427,0.6142101948510468,0.5006011565106204,2022
8회지방선거_광역의원비례,충청남도,논산시,20220601,8,99942,53816,51841,1975,21159,28407,146,154.0,0.0,0.0,0.0,1975.0,논산시,충청남도,0.40815184892266737,0.5479639667444687,0.002816303697845335,0.002970621708686175,0.0,0.0,0.0,0.038097258926332436,2022,34060,논산시,116852,58364,58488,7099,10182,12773,11463,14387,18456,20693,12500,8725,1411,10631,74127,32094,0.1093092116523465,0.098098449320508,0.1231215554718789,0.1579433813713072,0.1770872556738438,0.1937151268270975,0.2746551192962037,0.634366549139082,0.5005305856981481,2022
8회지방선거_광역의원비례,충청남도,당진시,20220601,8,140008,64866,63385,1481,24906,34905,171,156.0,0.0,0.0,0.0,3247.0,당진시,충청남도,0.3929320817228051,0.5506823380926087,0.002697799163840025,0.0024611501143803737,0.0,0.0,0.0,0.05122663090636586,2022,34080,당진시,171192,92031,79161,15702,15616,16469,23096,28431,27112,23413,13285,8590,1233,22558,115456,33178,0.0962019253236132,0.1349128463946913,0.1660766858264405,0.158371886536754,0.1367645684377774,0.1349829431281835,0.1938057853170708,0.6744240385064723,0.4624106266647974,2022
8회지방선거_광역의원비례,충청남도,보령시,20220601,8,86264,52532,50856,1676,18375,30456,184,121.0,0.0,0.0,0.0,1720.0,보령시,충청남도,0.3613142991977348,0.5988673902784333,0.0036180588327827594,0.002379266949819097,0.0,0.0,0.0,0.03382098474123014,2022,34030,보령시,96511,49983,46528,5867,7061,8820,9709,13244,15992,17837,11201,6513,937,8965,60818,26728,0.0913885463833138,0.1005999316140129,0.1372278807597061,0.1657013190206297,0.1848183108661188,0.1932525826071639,0.2769425246863052,0.6301665095170499,0.4821004859549688,2022
8회지방선거_광역의원비례,충청남도,부여군,20220601,8,57322,36439,34820,1619,13557,19661,167,125.0,0.0,0.0,0.0,1310.0,부여군,충청남도,0.38934520390580124,0.564646754738656,0.004796094198736359,0.0035898908673176336,0.0,0.0,0.0,0.0376220562894888,2022,34530,부여군,61481,30439,31042,2720,3965,4910,4390,6424,9567,13282,8970,6514,1107,4257,34284,22940,0.0798620712089914,0.071404173647143,0.1044875652640653,0.1556090499503911,0.2160342219547502,0.26985572778582,0.3731234039784649,0.557635692327711,0.5049039540671102,2022
8회지방선거_광역의원비례,충청남도,서산시,20220601,8,148744,72233,70650,1583,27817,39426,220,126.0,0.0,0.0,0.0,3061.0,서산시,충청남도,0.39372965322009906,0.5580467091295117,0.003113941967445152,0.0017834394904458599,0.0,0.0,0.0,0.04332625619249823,2022,34050,서산시,177947,93033,84914,15859,16626,18465,22328,28302,29143,24710,14050,8826,1447,22868,120347,34732,0.1037668519278212,0.1254755629485184,0.1590473567972486,0.1637734831157591,0.1388615711419692,0.1366867662843431,0.195181711408453,0.6763081142137828,0.477187027598105,2022
8회지방선거_광역의원비례,충청남도,서천군,20220601,8,45864,29279,28056,1223,11480,15220,133,115.0,0.0,0.0,0.0,1108.0,서천군,충청남도,0.4091816367265469,0.5424864556601083,0.004740518962075849,0.00409894496720844,0.0,0.0,0.0,0.03949244368406045,2022,34540,서천군,49509,24797,24712,2239,3101,3407,3607,5247,7693,10305,7727,5493,957,3425,26960,19124,0.0688157708699428,0.0728554404249732,0.1059807307762225,0.1553858894342442,0.2081439738229412,0.2863519764083298,0.3862732028520067,0.5445474560180977,0.499141570219556,2022
8회지방선거_광역의원비례,충청남도,아산시,20220601,8,268765,119323,117612,1711,51153,61388,284,217.0,0.0,0.0,0.0,4570.0,아산시,충청남도,0.43493010917253344,0.5219535421555623,0.002414719586436758,0.0018450498248478047,0.0,0.0,0.0,0.03885657926061967,2022,34040,아산시,363197,190920,172277,36982,40062,47768,56426,64839,52481,37715,19001,10739,1528,53101,263154,46942,0.1315209101396762,0.1553592127688279,0.1785229503547661,0.1444973389097376,0.1038417167542683,0.0860910194742798,0.1292466622796994,0.7245489362522267,0.474334865100758,2022
8회지방선거_광역의원비례,충청남도,예산군,20220601,8,69069,38760,37496,1264,11037,24887,172,97.0,0.0,0.0,0.0,1303.0,예산군,충청남도,0.29435139748239814,0.6637241305739279,0.0045871559633027525,0.0025869426072114357,0.0,0.0,0.0,0.0347503733731598,2022,34570,예산군,76967,39139,37828,3714,5513,6640,6636,9026,12580,15477,10005,6898,947,5724,46254,24989,0.0862707394077981,0.0862187690828537,0.1172710382371665,0.1634466719503163,0.2010861797913391,0.2319175750646381,0.3246716125092572,0.6009588524952252,0.4914833629997271,2022
8회지방선거_광역의원비례,충청남도,천안시동남구,20220601,8,257709,109089,107516,1573,43215,59862,273,186.0,0.0,0.0,0.0,3980.0,천안시동남구,충청남도,0.4019401763458462,0.5567729454220767,0.0025391569626846237,0.0017299750734774359,0.0,0.0,0.0,0.037017746195915024,2022,34011,천안시 동남구,273967,138959,135008,20451,28632,41998,34349,43242,44794,35995,16588,9005,1399,30642,201738,41587,0.1532958348998237,0.1253764139476652,0.1578365277569926,0.1635014436045217,0.1313844368117328,0.0985228147915624,0.1517956542211288,0.736358758536612,0.4927892775407257,2022
8회지방선거_광역의원비례,충청남도,천안시서북구,20220601,8,290313,122355,120778,1577,53993,61060,403,231.0,0.0,0.0,0.0,5091.0,천안시서북구,충청남도,0.447043335706834,0.5055556475517065,0.0033367003924555795,0.00191259997681697,0.0,0.0,0.0,0.04215171637218699,2022,34012,천안시 서북구,413984,213531,200453,42289,41750,62699,72451,72287,62879,39218,15899,8055,1131,59326,314732,39926,0.1514527131483342,0.1750091790987091,0.1746130285228414,0.1518875125608719,0.0947331297827935,0.0605941292417098,0.0964433408054417,0.7602516039267218,0.4842047035634227,2022
8회지방선거_광역의원비례,충청남도,청양군,20220601,8,27932,19683,18704,979,7173,10673,167,75.0,0.0,0.0,0.0,616.0,청양군,충청남도,0.38350085543199314,0.5706266039349872,0.008928571428571428,0.0040098374679213,0.0,0.0,0.0,0.03293413173652695,2022,34550,청양군,29761,15154,14607,1220,1896,2422,2133,2813,4755,6551,4303,3314,507,1908,16688,11165,0.0813816740028896,0.0716709787977554,0.0945196733980713,0.1597728570948557,0.2201202916568663,0.2729746984308323,0.3751554047243036,0.5607338463089278,0.4908101206276671,2022
8회지방선거_광역의원비례,충청남도,태안군,20220601,8,55435,34710,32870,1840,12307,19120,162,89.0,0.0,0.0,0.0,1192.0,태안군,충청남도,0.374414359598418,0.5816854274414359,0.0049285062366899906,0.002707636142379069,0.0,0.0,0.0,0.03626407058107697,2022,34580,태안군,60654,31499,29155,2951,3937,5328,4940,7249,9946,12555,8608,4780,740,4494,36198,19962,0.0878425165693936,0.0814455765489497,0.1195139644541168,0.1639792923797276,0.2069937679295677,0.2329277541464701,0.3291126718765456,0.5967949352062518,0.4806772842681439,2022
8회지방선거_광역의원비례,충청남도,홍성군,20220601,8,84260,45715,44643,1072,16332,26034,148,400.0,0.0,0.0,0.0,1729.0,홍성군,충청남도,0.3658356293259862,0.5831597338888516,0.0033151893913939477,0.00895997132809175,0.0,0.0,0.0,0.03872947606567659,2022,34560,홍성군,100339,50423,49916,7717,9830,10663,10496,13957,15329,15702,9860,6716,999,11458,64218,24663,0.1062697455625429,0.1046053877355764,0.1390984562333689,0.1527721025722799,0.1564895005929897,0.1751562204128006,0.2457967490208194,0.640010364863114,0.4974735646159519,2022
8회지방선거_광역의원비례,충청북도,괴산군,20220601,8,34674,23717,22464,1253,7714,13638,195,0.0,0.0,0.0,0.0,917.0,괴산군,충청북도,0.34339387464387466,0.6071047008547008,0.008680555555555556,0.0,0.0,0.0,0.0,0.04082086894586895,2022,33560,괴산군,37830,19750,18080,1360,1925,4093,2510,3492,6483,9134,5157,3402,446,2050,22577,13203,0.1081945545863071,0.0663494581020354,0.0923076923076923,0.1713719270420301,0.2414485857784827,0.2380385937086968,0.3490087232355273,0.5968014803066349,0.4779275707110759,2022
8회지방선거_광역의원비례,충청북도,단양군,20220601,8,25692,17423,16758,665,5833,10293,108,0.0,0.0,0.0,0.0,524.0,단양군,충청북도,0.34807256235827666,0.6142141066953097,0.00644468313641246,0.0,0.0,0.0,0.0,0.031268647810001195,2022,33580,단양군,26466,13377,13089,1102,1629,1590,1712,2749,4922,6688,3758,2204,261,1747,15447,9272,0.0600770800272047,0.0646867679286632,0.1038691150910602,0.1859744577949066,0.2527015793848711,0.2351318673014433,0.3503362805108441,0.583654500113353,0.4945590569031965,2022
8회지방선거_광역의원비례,충청북도,보은군,20220601,8,28963,19543,18752,791,6542,11310,194,0.0,0.0,0.0,0.0,706.0,보은군,충청북도,0.3488694539249147,0.6031356655290102,0.01034556313993174,0.0,0.0,0.0,0.0,0.03764931740614334,2022,33520,보은군,30636,15439,15197,1391,1903,1971,2084,2987,5189,7277,4282,3221,488,2154,17123,11359,0.0643360752056404,0.0680245462854158,0.0974996735866301,0.1693758976367672,0.2375310092701397,0.2608369238804021,0.3707729468599033,0.5589176132654393,0.4960503982243113,2022
8회지방선거_광역의원비례,충청북도,영동군,20220601,8,41123,27148,26109,1039,9433,15622,160,0.0,0.0,0.0,0.0,894.0,영동군,충청북도,0.36129304071393004,0.59833773794477,0.0061281550423225705,0.0,0.0,0.0,0.0,0.034241066298977364,2022,33540,영동군,43813,21860,21953,2093,2904,3553,2884,4607,7535,9656,6138,4130,566,3220,25288,15305,0.0810946522721566,0.0658252116951589,0.1051514390705954,0.1719809189053477,0.2203912080889233,0.2472782050989432,0.3493255426471595,0.5771802889553329,0.5010613288293428,2022
8회지방선거_광역의원비례,충청북도,옥천군,20220601,8,44686,28843,27640,1203,10934,15277,251,0.0,0.0,0.0,0.0,1178.0,옥천군,충청북도,0.3955861070911722,0.5527134587554269,0.009081041968162083,0.0,0.0,0.0,0.0,0.04261939218523878,2022,33530,옥천군,48013,24178,23835,2441,3442,3809,3558,5806,8311,10293,6176,3928,581,3887,28620,15506,0.0793326807323016,0.0741049299148147,0.1209255826546976,0.1730989523670672,0.214379438901964,0.2225438943619436,0.3229541999041926,0.5960885593485098,0.4964280507362589,2022
8회지방선거_광역의원비례,충청북도,음성군,20220601,8,81419,40610,39575,1035,16313,21715,197,0.0,0.0,0.0,0.0,1350.0,음성군,충청북도,0.41220467466835126,0.5487049905243209,0.004977890082122552,0.0,0.0,0.0,0.0,0.034112444725205304,2022,33570,음성군,102564,56916,45648,6062,7344,12386,13515,15026,18105,16953,8235,4996,713,8937,72485,21142,0.1207636207636207,0.1317713817713817,0.1465036465036465,0.1765239265239265,0.1652919152919152,0.1359541359541359,0.2061347061347061,0.7067294567294568,0.445068445068445,2022
8회지방선거_광역의원비례,충청북도,제천시,20220601,8,115563,62795,61507,1288,22235,36524,312,0.0,0.0,0.0,0.0,2436.0,제천시,충청북도,0.3615035686994976,0.5938185897540117,0.005072593363357017,0.0,0.0,0.0,0.0,0.03960524818313363,2022,33030,제천시,130436,65535,64901,8532,10936,15132,12095,16919,22808,24247,12718,7209,860,12767,86081,31588,0.1160109172314391,0.0927274678769664,0.1297111226961881,0.1748597013094544,0.1858919316753043,0.1593655125885491,0.2421724063908736,0.6599481738170444,0.4975696893495661,2022
8회지방선거_광역의원비례,충청북도,증평군,20220601,8,31366,17040,16699,341,7020,9007,117,0.0,0.0,0.0,0.0,555.0,증평군,충청북도,0.42038445415893166,0.5393736151865381,0.007006407569315528,0.0,0.0,0.0,0.0,0.033235523085214685,2022,33590,증평군,37778,19556,18222,3214,3284,4832,4810,5627,6115,5577,2841,1645,198,4641,26005,7132,0.1279051299698237,0.1273227804542326,0.1489491238286833,0.1618666949017947,0.1476256022023399,0.1239875059558473,0.1887871247816189,0.6883635978611891,0.4823442215045794,2022
8회지방선거_광역의원비례,충청북도,진천군,20220601,8,71725,34548,33305,1243,14790,17060,211,0.0,0.0,0.0,0.0,1244.0,진천군,충청북도,0.4440774658459691,0.5122354000900766,0.006335385077315719,0.0,0.0,0.0,0.0,0.03735174898663864,2022,33550,진천군,93174,50523,42651,8332,8496,10763,14031,15564,14771,12109,5702,3792,510,11852,66205,15117,0.1155150578487561,0.1505892201687166,0.1670423079399832,0.1585313499474102,0.1299611479597312,0.1073690085216906,0.1622448322493399,0.7105522999978535,0.4577564556635971,2022
8회지방선거_광역의원비례,충청북도,청주시상당구,20220601,8,163058,79601,77972,1629,30717,42790,303,0.0,0.0,0.0,0.0,4162.0,청주시상당구,충청북도,0.3939491099369004,0.54878674395937,0.0038860103626943004,0.0,0.0,0.0,0.0,0.05337813574103524,2022,33041,청주시 상당구,191510,95219,96291,17374,19051,22370,23481,30179,33034,27240,12835,7067,937,25113,133990,32407,0.1168085217482115,0.1226097853897968,0.1575844603414965,0.172492298052321,0.1422380032374288,0.1088141611404104,0.1692183175813273,0.6996501488172941,0.5027988094616469,2022
8회지방선거_광역의원비례,충청북도,청주시서원구,20220601,8,165453,80303,79067,1236,31282,43372,368,0.0,0.0,0.0,0.0,4045.0,청주시서원구,충청북도,0.3956391414875991,0.5485474344543235,0.004654280546877964,0.0,0.0,0.0,0.0,0.051159143511199365,2022,33042,청주시 서원구,194132,96581,97551,13741,19044,28812,22817,29005,33638,27883,13017,7001,961,21019,140326,32787,0.1484144808686872,0.1175334308614756,0.1494086497846825,0.1732738549028496,0.1436290771227824,0.1080656460552613,0.1688902396307667,0.7228380689427812,0.5024983001256876,2022
8회지방선거_광역의원비례,충청북도,청주시청원구,20220601,8,160395,72659,71340,1319,30145,37466,329,0.0,0.0,0.0,0.0,3400.0,청주시청원구,충청북도,0.42255396691897956,0.5251752172694141,0.004611718530978413,0.0,0.0,0.0,0.0,0.04765909728062798,2022,33044,청주시 청원구,198744,102398,96346,19846,20437,28090,30760,32951,28017,23000,10733,6305,897,27937,143178,27629,0.1413376001288089,0.1547719679587811,0.1657962001368594,0.1409702934428209,0.1157267640784124,0.0902417179889707,0.1390180332488025,0.7204142011834319,0.4847743831260315,2022
8회지방선거_광역의원비례,충청북도,청주시흥덕구,20220601,8,223618,98267,96184,2083,39434,51391,371,0.0,0.0,0.0,0.0,4988.0,청주시흥덕구,충청북도,0.40998502869500125,0.5342988438825584,0.0038571903850952343,0.0,0.0,0.0,0.0,0.051858937037345086,2022,33043,청주시 흥덕구,274114,139308,134806,25586,26325,41022,43469,44237,43555,32043,13179,6543,911,36233,204301,33580,0.1496530640536419,0.1585800068584603,0.1613817608732133,0.1588937449382373,0.1168966196545962,0.0752716023260395,0.1225037758013089,0.7453139934479815,0.4917880881676966,2022
8회지방선거_광역의원비례,충청북도,충주시,20220601,8,181044,89716,87642,2074,32198,51644,478,0.0,0.0,0.0,0.0,3322.0,충주시,충청북도,0.36738093608087447,0.5892608566668949,0.005454006070149015,0.0,0.0,0.0,0.0,0.037904201182081654,2022,33020,충주시,215783,110283,105500,14693,19118,28182,24156,30030,36183,34931,17684,11022,1478,21888,148599,45296,0.1306034302980309,0.1119457973983121,0.1391675896618362,0.167682347543597,0.1618802222603263,0.1398812696088199,0.2099145901206304,0.688650171700273,0.4889171065375863,2022
