election_name,sido,sigungu_norm,sg_id,sg_typecode,total_voters,total_voted,valid_votes,invalid_votes,party_더불어민주당,party_국민의힘,party_녹색당,party_통일한국당,party_미래당,party_시대전환,party_우리공화당,party_혁명21,party_독도당,party_신한반도평화체제당,party_기독당,party_노동당,party_깨어있는시민연대당,party_한류연합당,party_자유통일당,party_기타,sigungu_elec,sgg_name,ratio_더불어민주당,ratio_국민의힘,ratio_녹색당,ratio_통일한국당,ratio_미래당,ratio_시대전환,ratio_우리공화당,ratio_혁명21,ratio_독도당,ratio_신한반도평화체제당,ratio_기독당,ratio_노동당,ratio_깨어있는시민연대당,ratio_한류연합당,ratio_자유통일당,ratio_기타,year,adm_cd,sigungu_pop,total_pop,male_pop,female_pop,age_0_9,age_10_19,age_20_29,age_30_39,age_40_49,age_50_59,age_60_69,age_70_79,age_80_89,age_90plus,age_0_14,age_15_64,age_65plus,ratio_20s,ratio_30s,ratio_40s,ratio_50s,ratio_60s,ratio_70plus,ratio_elderly,ratio_working,ratio_female,pop_year
8회지방선거_기초의원지역구,강원도,강릉시,121323606,36,185804,101927,96505,5422,16518.0,23201.0,0.0,0.0,0.0,0.0,0.0,0.0,0.0,0.0,0.0,0.0,0.0,0.0,0.0,5217.0,강릉시,강릉시가선거구,0.3675894605661385,0.5163120883033648,0.0,0.0,0.0,0.0,0.0,0.0,0.0,0.0,0.0,0.0,0.0,0.0,0.0,0.1160984511304967,2022,32030,강릉시,215128,107563,107565,13793,18792,28759,21081,30545,35509,35562,20066,10951,1719,20578,145962,48588,0.1336832025584768,0.0979928228775426,0.1419852366962924,0.165059871332416,0.1653062362872336,0.1521698709605444,0.2258562344278755,0.6784890855676621,0.500004648395374,2022
8회지방선거_기초의원지역구,강원도,고성군,40441202,12,24776,16776,15979,797,2479.0,1916.0,0.0,0.0,0.0,0.0,0.0,0.0,0.0,0.0,0.0,0.0,0.0,0.0,0.0,1026.0,고성군,고성군가선거구,0.45729570190001845,0.35344032466334624,0.0,0.0,0.0,0.0,0.0,0.0,0.0,0.0,0.0,0.0,0.0,0.0,0.0,0.1892639734366353,2022,32600,고성군,27127,14275,12852,1446,1501,3307,2531,3008,4407,5512,3279,2005,287,2037,17001,8089,0.1219080620783721,0.0933018763593467,0.1108858333026136,0.1624580676079183,0.203192391344417,0.2053673461864563,0.2981899952077266,0.6267187672798319,0.4737715191506617,2022
8회지방선거_기초의원지역구,강원도,동해시,40441202,12,76886,42045,40111,1934,5635.0,4989.0,0.0,0.0,0.0,0.0,0.0,0.0,0.0,0.0,0.0,0.0,0.0,0.0,0.0,4850.0,동해시,동해시가선거구,0.36415923484554735,0.3224117875145405,0.0,0.0,0.0,0.0,0.0,0.0,0.0,0.0,0.0,0.0,0.0,0.0,0.0,0.3134289776399121,2022,32040,동해시,86772,44153,42619,6735,7707,7787,8540,13808,15278,14790,8147,4273,576,10020,57089,19663,0.0897409302539989,0.0984188447886414,0.1591296731664592,0.176070621859586,0.1704466878716636,0.149771815793113,0.2266053565666343,0.6579196054026645,0.4911607430968515,2022
8회지방선거_기초의원지역구,강원도,삼척시,40441202,12,57023,37548,35984,1564,5287.0,7212.0,0.0,0.0,0.0,0.0,0.0,0.0,0.0,0.0,0.0,0.0,0.0,0.0,0.0,2893.0,삼척시,삼척시가선거구,0.34349012474012475,0.46855509355509356,0.0,0.0,0.0,0.0,0.0,0.0,0.0,0.0,0.0,0.0,0.0,0.0,0.0,0.1879547817047817,2022,32070,삼척시,64289,33295,30994,3826,5312,8386,5264,8147,10412,11696,6948,4101,643,5597,41776,16916,0.1304422218419947,0.0818802594534057,0.1267246340742584,0.1619561666848138,0.1819284792110625,0.1818662601689247,0.2631243292009519,0.6498156760876667,0.482104248005102,2022
8회지방선거_기초의원지역구,강원도,속초시,40441202,12,71621,37092,34929,2163,8048.0,7356.0,0.0,0.0,0.0,0.0,0.0,0.0,0.0,0.0,0.0,0.0,0.0,0.0,0.0,1356.0,속초시,속초시가선거구,0.4801909307875895,0.4389021479713604,0.0,0.0,0.0,0.0,0.0,0.0,0.0,0.0,0.0,0.0,0.0,0.0,0.0,0.08090692124105012,2022,32060,속초시,80903,40449,40454,6113,6392,7848,9279,11948,14870,14044,6944,3587,593,8850,54736,17317,0.0970050554367576,0.1146929038478177,0.1476830278234429,0.1838003535097586,0.173590596146002,0.1374979914218261,0.2140464506878607,0.6765632918433185,0.5000309012026748,2022
8회지방선거_기초의원지역구,강원도,양구군,40441202,12,18552,12803,12306,497,1166.0,2088.0,0.0,0.0,0.0,0.0,0.0,0.0,0.0,0.0,0.0,0.0,0.0,0.0,0.0,2796.0,양구군,양구군가선거구,0.19272727272727272,0.34512396694214875,0.0,0.0,0.0,0.0,0.0,0.0,0.0,0.0,0.0,0.0,0.0,0.0,0.0,0.4621487603305785,2022,32580,양구군,20824,10970,9854,1721,1800,2345,2572,2448,3172,3662,1855,1270,160,2360,13606,4858,0.1126104494813676,0.1235113330772186,0.1175566653860929,0.1523242412600845,0.1758547829427583,0.1577506723011909,0.2332885132539377,0.6533807145601229,0.4732039953899347,2022
8회지방선거_기초의원지역구,강원도,양양군,40441202,12,25359,16671,16009,662,3280.0,2169.0,0.0,0.0,0.0,0.0,0.0,0.0,0.0,0.0,0.0,0.0,0.0,0.0,0.0,2516.0,양양군,양양군가선거구,0.4118016321406152,0.27231638418079096,0.0,0.0,0.0,0.0,0.0,0.0,0.0,0.0,0.0,0.0,0.0,0.0,0.0,0.3158819836785938,2022,32610,양양군,26566,13501,13065,1312,1528,1944,2167,3285,4668,5833,3618,2058,305,1953,15934,8679,0.0731762403071595,0.0815704283670857,0.1236542949634871,0.1757133177745991,0.219566363020402,0.2251373936610705,0.3266957765565008,0.5997892042460288,0.4917940224346909,2022
8회지방선거_기초의원지역구,강원도,영월군,40441202,12,34371,22803,21664,1139,3138.0,3294.0,0.0,0.0,0.0,0.0,0.0,0.0,0.0,0.0,0.0,0.0,0.0,0.0,0.0,2662.0,영월군,영월군가선거구,0.34506267868924567,0.3622168462722674,0.0,0.0,0.0,0.0,0.0,0.0,0.0,0.0,0.0,0.0,0.0,0.0,0.0,0.2927204750384869,2022,32530,영월군,35654,18364,17290,1694,2410,2504,2501,4073,6543,8217,4717,2858,348,2571,21460,11623,0.0702305491669938,0.0701464071352443,0.1142368317720311,0.183513771245863,0.230465024962136,0.2222191058506759,0.325994278341841,0.6018960004487575,0.4849385763168228,2022
8회지방선거_기초의원지역구,강원도,원주시,161764808,48,304060,157494,148060,9434,25800.0,40152.0,0.0,0.0,0.0,0.0,0.0,0.0,0.0,0.0,0.0,0.0,0.0,0.0,0.0,5239.0,원주시,원주시가선거구,0.3624053602281187,0.5640038768945512,0.0,0.0,0.0,0.0,0.0,0.0,0.0,0.0,0.0,0.0,0.0,0.0,0.0,0.07359076287733,2022,32020,원주시,361810,180022,181788,29855,35354,47204,45656,56032,60870,51331,23104,13832,2076,43676,258000,60134,0.1304662668251292,0.1261877781155855,0.1548658135485476,0.1682374727066692,0.1418728061689837,0.1078245487963295,0.1662032558525192,0.7130814515906139,0.5024405074486609,2022
8회지방선거_기초의원지역구,강원도,인제군,40441202,12,27939,18538,17770,768,2178.0,1796.0,0.0,0.0,0.0,0.0,0.0,0.0,0.0,0.0,0.0,0.0,0.0,0.0,0.0,1648.0,인제군,인제군가선거구,0.3874066168623266,0.31945926716471007,0.0,0.0,0.0,0.0,0.0,0.0,0.0,0.0,0.0,0.0,0.0,0.0,0.0,0.29313411597296335,2022,32590,인제군,30905,16830,14075,2641,2022,3611,4085,3909,4795,5639,2644,1584,242,3514,20459,6932,0.1168419349619802,0.1321792590195761,0.1264843876395405,0.1551528878822197,0.1824623847273904,0.1446367901634039,0.2243002750364018,0.6619964407053874,0.4554279242840964,2022
8회지방선거_기초의원지역구,강원도,정선군,40441202,12,32001,22084,20944,1140,2811.0,2887.0,0.0,0.0,0.0,0.0,0.0,0.0,0.0,0.0,0.0,0.0,0.0,0.0,0.0,2155.0,정선군,정선군가선거구,0.3579523748885776,0.3676302050171909,0.0,0.0,0.0,0.0,0.0,0.0,0.0,0.0,0.0,0.0,0.0,0.0,0.0,0.2744174200942315,2022,32550,정선군,33354,17386,15968,1690,2164,2036,2564,4324,6268,7627,4261,2357,288,2635,20396,10323,0.0610421538646039,0.0768723391497271,0.1296396234334712,0.1879234874377885,0.2286682257000659,0.2070516279906458,0.3094981111710739,0.6115008694609342,0.4787431792288781,2022
8회지방선거_기초의원지역구,강원도,철원군,40441202,12,37099,22455,21110,1345,2463.0,3082.0,0.0,0.0,0.0,0.0,0.0,0.0,0.0,0.0,0.0,0.0,0.0,0.0,0.0,376.0,철원군,철원군가선거구,0.4159770309069414,0.5205201824016213,0.0,0.0,0.0,0.0,0.0,0.0,0.0,0.0,0.0,0.0,0.0,0.0,0.0,0.06350278669143726,2022,32560,철원군,41145,21372,19773,3285,3161,4559,4690,5139,6485,7110,4263,2434,323,4588,26348,10209,0.1108032567748207,0.1139871187264552,0.124899744804958,0.1576133187507595,0.1728034998177178,0.1706161137440758,0.2481224936201239,0.6403694252035484,0.4805687203791469,2022
8회지방선거_기초의원지역구,강원도,춘천시,121323606,36,218272,122892,116432,6460,19497.0,16751.0,0.0,0.0,0.0,0.0,0.0,0.0,0.0,0.0,0.0,0.0,0.0,0.0,265.0,10971.0,춘천시,춘천시가선거구,0.41060146575688655,0.35277145986016345,0.0,0.0,0.0,0.0,0.0,0.0,0.0,0.0,0.0,0.0,0.0,0.0,0.005580827226012973,0.23104624715693708,2022,32010,춘천시,293124,144265,148859,22681,28368,43522,35008,41053,46234,42287,21174,13380,2030,32978,204990,55156,0.1484764127127086,0.1194306846249368,0.1400533562587846,0.1577284698625837,0.1442631787229977,0.1248072488093776,0.188166100353434,0.6993286117820444,0.5078362740683123,2022
8회지방선거_기초의원지역구,강원도,태백시,40441202,12,35236,22538,21475,1063,2799.0,3890.0,0.0,0.0,0.0,0.0,0.0,0.0,0.0,0.0,0.0,0.0,0.0,0.0,0.0,1878.0,태백시,태백시가선거구,0.3267188047157698,0.4540679350998016,0.0,0.0,0.0,0.0,0.0,0.0,0.0,0.0,0.0,0.0,0.0,0.0,0.0,0.21921326018442863,2022,32050,태백시,39113,19680,19433,2388,3289,2867,3058,5866,6969,7759,4819,2251,205,3774,24426,10913,0.0733004371947945,0.0781837240815074,0.1499757114003017,0.1781760539973921,0.1983739421675657,0.1859995397949531,0.279012093165955,0.6244982486641271,0.4968424820392197,2022
8회지방선거_기초의원지역구,강원도,평창군,40441202,12,37372,25363,24290,1073,3847.0,4164.0,0.0,0.0,0.0,0.0,0.0,0.0,0.0,0.0,0.0,0.0,0.0,0.0,0.0,0.0,평창군,평창군가선거구,0.4802147047809262,0.5197852952190738,0.0,0.0,0.0,0.0,0.0,0.0,0.0,0.0,0.0,0.0,0.0,0.0,0.0,0.0,2022,32540,평창군,38699,19891,18808,1805,2347,2628,2806,4631,7306,9288,4981,2781,360,2777,23663,12259,0.0679087314917698,0.0725083335486705,0.1196671748623995,0.1887904080208791,0.2400062017106385,0.2098762241918395,0.31677821132329,0.6114628284968604,0.4860073903718442,2022
8회지방선거_기초의원지역구,강원도,홍천군,60661803,18,60743,36935,35092,1843,5432.0,7189.0,0.0,0.0,0.0,0.0,0.0,0.0,0.0,0.0,0.0,0.0,0.0,0.0,0.0,5255.0,홍천군,홍천군가선거구,0.30387111210561646,0.4021593197583352,0.0,0.0,0.0,0.0,0.0,0.0,0.0,0.0,0.0,0.0,0.0,0.0,0.0,0.29396956813604835,2022,32510,홍천군,65215,33446,31769,3762,4442,5543,5705,7459,11245,14752,7346,4725,671,5529,40287,19399,0.0849957831787165,0.0874798742620562,0.1143755271026604,0.1724296557540443,0.2262056275396764,0.1953844974315725,0.2974622402821437,0.6177566510772061,0.4871425285593805,2022
8회지방선거_기초의원지역구,강원도,화천군,40441202,12,21055,13834,13218,616,2687.0,2273.0,0.0,0.0,0.0,0.0,0.0,0.0,0.0,0.0,0.0,0.0,0.0,0.0,0.0,0.0,화천군,화천군가선거구,0.541733870967742,0.45826612903225805,0.0,0.0,0.0,0.0,0.0,0.0,0.0,0.0,0.0,0.0,0.0,0.0,0.0,0.0,2022,32570,화천군,22545,12130,10415,1760,1503,2935,2674,2479,3465,4073,2128,1499,195,2396,14502,5647,0.1301840762918607,0.1186072299844755,0.1099578620536704,0.1536926147704591,0.1806609004213794,0.1695276114437791,0.2504768241295187,0.6432468396540253,0.4619649589709469,2022
8회지방선거_기초의원지역구,강원도,횡성군,40441202,12,41777,27744,25736,2008,4559.0,5655.0,0.0,0.0,0.0,0.0,0.0,0.0,0.0,0.0,0.0,0.0,0.0,0.0,0.0,0.0,횡성군,횡성군가선거구,0.44634814959859015,0.5536518504014099,0.0,0.0,0.0,0.0,0.0,0.0,0.0,0.0,0.0,0.0,0.0,0.0,0.0,0.0,2022,32520,횡성군,44864,22926,21938,2198,3253,3510,3459,4617,7807,10748,5617,3396,515,3302,27225,14337,0.0782364479315263,0.0770996790299572,0.1029110199714693,0.1740148002853067,0.2395684736091298,0.2123751783166904,0.3195657988587732,0.6068339871611983,0.4889889443651926,2022
8회지방선거_기초의원지역구,경기도,가평군,60661803,18,55791,33159,31827,1332,9631.0,6191.0,0.0,0.0,0.0,0.0,0.0,0.0,0.0,0.0,0.0,0.0,0.0,69.0,0.0,1466.0,가평군,가평군가선거구,0.5548769948723857,0.3566860632597799,0.0,0.0,0.0,0.0,0.0,0.0,0.0,0.0,0.0,0.0,0.0,0.003975341360834246,0.0,0.08446160050700005,2022,31570,가평군,59755,30570,29185,3300,4626,5542,5313,7236,10550,12676,6681,3730,506,4923,38100,16732,0.0927453769559032,0.0889130616684796,0.1210944690820851,0.1765542632415697,0.2121328759099656,0.1826960087022006,0.280010041000753,0.6376035478202661,0.4884110116308259,2022
8회지방선거_기초의원지역구,경기도,고양시덕양구,121323606,36,461775,240994,229411,11583,48156.0,61580.0,0.0,0.0,0.0,0.0,0.0,0.0,0.0,0.0,0.0,0.0,0.0,0.0,0.0,21844.0,고양시덕양구,고양시가선거구,0.3659826721386229,0.4680042559659523,0.0,0.0,0.0,0.0,0.0,0.0,0.0,0.0,0.0,0.0,0.0,0.0,0.0,0.16601307189542483,2022,31101,고양시 덕양구,473370,232645,240725,39853,38763,56982,69048,76091,82714,63936,30802,17141,2335,55882,340752,76736,0.1203751822041954,0.1458647569554471,0.1607431818661934,0.1747343515643154,0.1350655935103618,0.1062128990007816,0.1621057523712951,0.7198428290766208,0.5085345501404821,2022
8회지방선거_기초의원지역구,경기도,고양시일산동구,40441202,12,161494,81233,75429,5804,13174.0,14428.0,0.0,0.0,0.0,0.0,0.0,0.0,0.0,0.0,0.0,0.0,0.0,0.0,0.0,2635.0,고양시일산동구,고양시사선거구,0.43569137149849524,0.47716373978900023,0.0,0.0,0.0,0.0,0.0,0.0,0.0,0.0,0.0,0.0,0.0,0.0,0.0,0.08714488871250455,2022,31103,고양시 일산동구,290321,140807,149514,21113,26672,37824,37603,47121,56018,38098,16044,10613,1817,31642,215318,43361,0.1302833759872692,0.1295221496205923,0.1623065503356629,0.1929519394050034,0.1312271589034207,0.098077645089401,0.149355368712563,0.7416549267879348,0.5149954705308951,2022
8회지방선거_기초의원지역구,경기도,고양시일산서구,60661803,18,168031,91551,88115,3436,23561.0,30745.0,0.0,0.0,0.0,0.0,0.0,0.0,0.0,0.0,0.0,0.0,0.0,0.0,0.0,0.0,고양시일산서구,고양시카선거구,0.4338562958052517,0.5661437041947482,0.0,0.0,0.0,0.0,0.0,0.0,0.0,0.0,0.0,0.0,0.0,0.0,0.0,0.0,2022,31104,고양시 일산서구,280551,135901,144650,21650,29113,34538,33381,45803,55238,36243,15721,10215,1483,33392,205596,41563,0.1231077415514469,0.1189837141910027,0.1632608687903447,0.1968911178359728,0.1291850679555588,0.0977326760553339,0.1481477521021133,0.7328293251494381,0.5155925304133652,2022
8회지방선거_기초의원지역구,경기도,과천시,40441202,12,65220,42657,40385,2272,5603.0,9758.0,0.0,0.0,0.0,0.0,0.0,0.0,0.0,0.0,0.0,0.0,0.0,0.0,0.0,4604.0,과천시,과천시가선거구,0.280641121963436,0.48875532181317305,0.0,0.0,0.0,0.0,0.0,0.0,0.0,0.0,0.0,0.0,0.0,0.0,0.0,0.23060355622339093,2022,31110,과천시,73406,36168,37238,7681,6839,8597,10898,11212,12643,9672,4142,2141,365,10568,52191,10647,0.1171157671035065,0.1484619785848568,0.1527395580742718,0.172233877339727,0.1317603465656758,0.0905648039669781,0.145042639566248,0.7109909271721657,0.5072882325695447,2022
8회지방선거_기초의원지역구,경기도,광명시,80882404,24,247233,139561,131133,8428,26228.0,38072.0,0.0,0.0,0.0,0.0,0.0,0.0,0.0,0.0,0.0,0.0,0.0,0.0,0.0,2266.0,광명시,광명시가선거구,0.3940149625935162,0.5719436348886819,0.0,0.0,0.0,0.0,0.0,0.0,0.0,0.0,0.0,0.0,0.0,0.0,0.0,0.03404140251780188,2022,31060,광명시,284031,139684,144347,23082,27819,32959,38239,48121,48851,40156,18230,8247,1113,34184,205013,44834,0.1160401505469473,0.1346296707049582,0.1694216476370537,0.1719917896285968,0.1413789339895997,0.0971372843105154,0.157848967190201,0.7217979727564949,0.5082086110318944,2022
8회지방선거_기초의원지역구,경기도,광주시,60661803,18,259824,119839,112584,7255,30443.0,28989.0,0.0,0.0,0.0,0.0,0.0,0.0,0.0,0.0,0.0,0.0,0.0,0.0,0.0,0.0,광주시,광주시가선거구,0.5122324673576525,0.48776753264234757,0.0,0.0,0.0,0.0,0.0,0.0,0.0,0.0,0.0,0.0,0.0,0.0,0.0,0.0,2022,31250,광주시,392926,202013,190913,35808,33513,44813,57867,68734,66002,54298,24302,10079,1363,49540,284712,58674,0.1140494647847177,0.147272005415778,0.1749286125122796,0.1679756493589123,0.1381888701689376,0.0909687829260471,0.1493258272550047,0.7245944528995282,0.4858752029644259,2022
8회지방선거_기초의원지역구,경기도,구리시,40441202,12,164045,88158,81126,7032,14768.0,7109.0,0.0,0.0,0.0,0.0,0.0,0.0,0.0,0.0,0.0,0.0,0.0,0.0,0.0,750.0,구리시,구리시가선거구,0.6526715870420294,0.31418217174172447,0.0,0.0,0.0,0.0,0.0,0.0,0.0,0.0,0.0,0.0,0.0,0.0,0.0,0.033146241216246076,2022,31120,구리시,184114,90974,93140,14401,16038,23160,23997,29944,33701,26278,11896,5674,706,20839,134398,28877,0.1257916290993623,0.1303377255396113,0.1626383653605918,0.1830442008755445,0.1427267888373507,0.0992645860716729,0.1568430428973353,0.7299716480006953,0.5058822251431179,2022
8회지방선거_기초의원지역구,경기도,군포시,60661803,18,169354,98273,89748,8525,25359.0,9502.0,0.0,0.0,0.0,0.0,0.0,0.0,0.0,0.0,0.0,0.0,0.0,0.0,0.0,1162.0,군포시,군포시나선거구,0.7039669100297032,0.26377592093939983,0.0,0.0,0.0,0.0,0.0,0.0,0.0,0.0,0.0,0.0,0.0,0.0,0.0,0.032257169030896926,2022,31160,군포시,267750,132765,134985,19749,23806,34240,38030,41780,47901,38619,15830,8656,1408,29210,197360,41180,0.1278804855275443,0.1420354808590102,0.1560410830999066,0.1789019607843137,0.144235294117647,0.0967096171802054,0.1538001867413632,0.7371055088702148,0.5041456582633054,2022
8회지방선거_기초의원지역구,경기도,김포시,80882404,24,392604,195776,181555,14221,30706.0,27784.0,0.0,0.0,0.0,0.0,0.0,0.0,0.0,0.0,0.0,0.0,0.0,0.0,0.0,1920.0,김포시,김포시가선거구,0.5082933289190531,0.4599238536666115,0.0,0.0,0.0,0.0,0.0,0.0,0.0,0.0,0.0,0.0,0.0,0.0,0.0,0.031782817414335376,2022,31230,김포시,491249,251461,239788,56161,49043,51365,78562,94252,70940,55646,27730,12288,1676,78148,347415,65686,0.1045600092824616,0.1599229718533778,0.1918619681668563,0.1444074186410557,0.1132745308387396,0.0848734552131403,0.1337122314752803,0.7072075464784661,0.4881190597843456,2022
8회지방선거_기초의원지역구,경기도,남양주시,121323606,36,531018,264281,248181,16100,67223.0,47621.0,0.0,0.0,0.0,0.0,268.0,0.0,0.0,0.0,0.0,0.0,0.0,0.0,0.0,10938.0,남양주시,남양주시가선거구,0.5333042443474811,0.3777945259817533,0.0,0.0,0.0,0.0,0.0021261404204680682,0.0,0.0,0.0,0.0,0.0,0.0,0.0,0.0,0.0867750892502975,2022,31130,남양주시,719886,357413,362473,67543,75295,80080,88703,128812,121640,92056,47893,22808,3343,99268,506832,113786,0.1112398351961282,0.1232181206468802,0.1789338867542916,0.1689711982174955,0.1278758025576271,0.102855174291485,0.1580611374578752,0.7040448070944566,0.5035144453427348,2022
8회지방선거_기초의원지역구,경기도,동두천시,40441202,12,81074,39741,36282,3459,7869.0,7097.0,0.0,0.0,0.0,0.0,0.0,0.0,0.0,0.0,0.0,0.0,0.0,0.0,0.0,889.0,동두천시,동두천시가선거구,0.49631031220435196,0.44761904761904764,0.0,0.0,0.0,0.0,0.0,0.0,0.0,0.0,0.0,0.0,0.0,0.0,0.0,0.05607064017660044,2022,31080,동두천시,94142,47054,47088,6313,8441,10904,10518,13563,16247,14401,8527,5276,722,9557,63817,20768,0.1158250302734167,0.1117248411973401,0.1440695969917783,0.1725797199974506,0.1529710437424316,0.1542882029274925,0.2206029189947101,0.6778802234921714,0.5001805782753712,2022
8회지방선거_기초의원지역구,경기도,부천시,202206010,60,702974,347400,325980,21420,95949.0,49774.0,0.0,0.0,0.0,0.0,0.0,0.0,0.0,0.0,0.0,0.0,0.0,0.0,0.0,7637.0,부천시,부천시가선거구,0.6256455399061033,0.3245565988523735,0.0,0.0,0.0,0.0,0.0,0.0,0.0,0.0,0.0,0.0,0.0,0.0,0.0,0.04979786124152321,6066.0,93156.0,부천시,810142.0,400250.0,409892.0,57519.0,65128.0,104664.0,115219.0,124281.0,145590.0,126840.0,50845.0,22983.0,3554.0,82943.0,598167.0,129032.0,0.1291921663115849,0.14222074648641844,0.15340643985869143,0.17970923615859935,0.1565651453695772,0.09551658844992607,0.15927084387675247,0.7383483389331746,0.5059508086236734,2022
8회지방선거_기초의원지역구,경기도,성남시분당구,101103005,30,307761,191320,185106,6214,59086.0,38805.0,0.0,156.0,0.0,0.0,0.0,0.0,0.0,0.0,0.0,0.0,867.0,0.0,0.0,5521.0,성남시분당구,성남시아선거구,0.5657681811653181,0.37157083353281944,0.0,0.0014937520946042993,0.0,0.0,0.0,0.0,0.0,0.0,0.0,0.0,0.008301814525781586,0.0,0.0,0.05286541868147652,2022,31023,성남시 분당구,459088,222850,236238,40454,48574,54208,65386,80560,77687,54582,26339,13907,2342,60502,332914,65672,0.1180775798975359,0.1424258529955041,0.1754783396647266,0.1692202802077161,0.1188922385250758,0.0927665284215662,0.1430488272400934,0.7251638030181577,0.514581082493988,2022
8회지방선거_기초의원지역구,경기도,성남시수정구,60661803,18,154107,80221,76518,3703,36493.0,10293.0,0.0,0.0,0.0,0.0,0.0,0.0,0.0,0.0,0.0,0.0,0.0,0.0,0.0,5225.0,성남시수정구,성남시나선거구,0.701640037684336,0.1979004441368172,0.0,0.0,0.0,0.0,0.0,0.0,0.0,0.0,0.0,0.0,0.0,0.0,0.0,0.10045951817884678,2022,31021,성남시 수정구,242193,122391,119802,15751,17069,35261,35172,35845,41776,36897,17846,7268,877,21983,178290,41920,0.1455905001383194,0.1452230246126023,0.1480018002171821,0.1724905344085089,0.152345443509928,0.1073152403248648,0.1730851015512421,0.7361484435966358,0.4946550891231373,2022
8회지방선거_기초의원지역구,경기도,성남시중원구,40441202,12,114286,56720,53042,3678,8069.0,15685.0,0.0,0.0,0.0,0.0,0.0,0.0,0.0,0.0,0.0,0.0,0.0,0.0,0.0,2938.0,성남시중원구,성남시마선거구,0.302300314701034,0.5876292522104001,0.0,0.0,0.0,0.0,0.0,0.0,0.0,0.0,0.0,0.0,0.0,0.0,0.0,0.11007043308856586,2022,31022,성남시 중원구,203409,102340,101069,12819,14547,27437,30140,29986,35261,32044,15418,6364,783,18358,149053,35998,0.1348858703400537,0.1481743678991588,0.1474172725887251,0.1733502450727352,0.1575348190099749,0.1109341277917889,0.1769734869155249,0.7327748526368056,0.4968757527936325,2022
8회지방선거_기초의원지역구,경기도,수원시권선구,80882404,24,352407,173765,164036,9729,33525.0,43892.0,0.0,0.0,0.0,0.0,0.0,0.0,0.0,0.0,0.0,0.0,0.0,0.0,0.0,11026.0,수원시권선구,수원시라선거구,0.37905769817848783,0.4962744366428095,0.0,0.0,0.0,0.0,0.0,0.0,0.0,0.0,0.0,0.0,0.0,0.0,0.0,0.12466786517870267,2022,31012,수원시 권선구,371343,187584,183759,32301,31760,50132,58765,61838,64315,47343,19113,8269,1115,45251,279052,47040,0.1350018715850305,0.1582499198853889,0.1665252879413372,0.173195670848784,0.1274912951099118,0.076740372108805,0.1266753378951535,0.751466972583299,0.4948497750058571,2022
8회지방선거_기초의원지역구,경기도,수원시영통구,40441202,12,170946,90085,85432,4653,14142.0,16961.0,0.0,0.0,0.0,0.0,0.0,0.0,0.0,0.0,0.0,0.0,0.0,0.0,0.0,5855.0,수원시영통구,수원시아선거구,0.38265057632988797,0.45892634882839983,0.0,0.0,0.0,0.0,0.0,0.0,0.0,0.0,0.0,0.0,0.0,0.0,0.0,0.15842307484171222,2022,31014,수원시 영통구,363819,182734,181085,35579,41002,58900,60471,65535,55927,31802,12189,5795,811,51812,281436,30571,0.1618936888947526,0.1662117701384479,0.1801307793160885,0.1537220431038511,0.0874115975251429,0.0516603036125106,0.0840280469134377,0.773560479249297,0.4977337632174241,2022
8회지방선거_기초의원지역구,경기도,수원시장안구,40441202,12,145818,77065,73681,3384,18553.0,21060.0,0.0,0.0,0.0,0.0,0.0,0.0,0.0,0.0,0.0,0.0,0.0,0.0,0.0,4187.0,수원시장안구,수원시가선거구,0.4235844748858448,0.4808219178082192,0.0,0.0,0.0,0.0,0.0,0.0,0.0,0.0,0.0,0.0,0.0,0.0,0.0,0.09559360730593608,2022,31011,수원시 장안구,276081,139587,136494,18683,27473,43962,33981,42927,49752,35370,16495,8496,1294,28822,206828,40431,0.1592358764275701,0.1230834429026264,0.1554869766481576,0.1802079824399361,0.1281145750703597,0.0952075658955161,0.1464461516728786,0.749156950315306,0.4943983830832256,2022
8회지방선거_기초의원지역구,경기도,수원시팔달구,40441202,12,164086,79244,75114,4130,23279.0,12483.0,0.0,0.0,0.0,0.0,0.0,0.0,0.0,0.0,0.0,0.0,0.0,0.0,0.0,1437.0,수원시팔달구,수원시바선거구,0.6257963923761392,0.33557353692303554,0.0,0.0,0.0,0.0,0.0,0.0,0.0,0.0,0.0,0.0,0.0,0.0,0.0,0.03863007070082529,2022,31013,수원시 팔달구,205106,103974,101132,13436,13580,30585,33343,30836,36177,28494,13236,5952,726,18584,154777,31745,0.149118017025343,0.1625647226312248,0.1503417744970893,0.1763819683480736,0.1389232884459742,0.0970912601289089,0.1547736292453658,0.754619562567648,0.493071875030472,2022
8회지방선거_기초의원지역구,경기도,시흥시,80882404,24,375728,167543,155282,12261,38010.0,17457.0,0.0,0.0,0.0,0.0,0.0,0.0,0.0,0.0,0.0,0.0,0.0,0.0,0.0,2515.0,시흥시,시흥시가선거구,0.6555482736021524,0.30107619606084646,0.0,0.0,0.0,0.0,0.0,0.0,0.0,0.0,0.0,0.0,0.0,0.0,0.0,0.04337553033700114,2022,31150,시흥시,557663,294555,263108,53768,51268,71380,90807,101731,98259,61420,22240,10904,1616,74747,425094,57822,0.1279984506772011,0.1628349020824404,0.1824237935814282,0.176197811222907,0.1101382017454986,0.062331551492568,0.1036862764788053,0.7622775762422825,0.471804656217106,2022
8회지방선거_기초의원지역구,경기도,안산시단원구,60661803,18,202896,96004,89173,6831,15520.0,12807.0,0.0,0.0,0.0,0.0,0.0,0.0,0.0,0.0,0.0,0.0,0.0,0.0,0.0,3735.0,안산시단원구,안산시바선거구,0.4840621296238538,0.39944482565030254,0.0,0.0,0.0,0.0,0.0,0.0,0.0,0.0,0.0,0.0,0.0,0.0,0.0,0.11649304472584368,2022,31092,안산시 단원구,352941,185123,167818,24977,29036,50368,55071,57901,69012,45184,15341,7538,1171,36063,276117,40761,0.1427094046880356,0.156034578017289,0.164052915359791,0.1955340977670489,0.128021397344032,0.068141700737517,0.1154895577447788,0.7823318911659456,0.4754845710756188,2022
8회지방선거_기초의원지역구,경기도,안산시상록구,80882404,24,305390,138919,132646,6273,40676.0,34883.0,0.0,0.0,0.0,0.0,0.0,0.0,0.0,0.0,0.0,596.0,0.0,0.0,0.0,4653.0,안산시상록구,안산시가선거구,0.5033660033660033,0.4316775566775567,0.0,0.0,0.0,0.0,0.0,0.0,0.0,0.0,0.0,0.007375507375507375,0.0,0.0,0.0,0.05758093258093258,2022,31091,안산시 상록구,362147,184512,177635,24916,32449,58127,47897,55745,70751,46496,17801,9469,1395,36942,279302,45903,0.160506645091634,0.1322584475364976,0.1539292055436052,0.1953654179104065,0.1283898527393572,0.0791529406566946,0.1267523961264348,0.7712393033768056,0.4905052368237207,2022
8회지방선거_기초의원지역구,경기도,안성시,60661803,18,163518,81751,76522,5229,13568.0,21661.0,0.0,0.0,0.0,0.0,0.0,0.0,0.0,0.0,0.0,0.0,0.0,0.0,0.0,4634.0,안성시,안성시가선거구,0.3403657527030078,0.5433860973835386,0.0,0.0,0.0,0.0,0.0,0.0,0.0,0.0,0.0,0.0,0.0,0.0,0.0,0.11624814991345357,2022,31220,안성시,208619,109080,99539,14878,19558,29558,27616,32581,33432,28631,14503,8356,1281,22113,150182,36324,0.1416841227309113,0.1323752870064567,0.1561746533153739,0.1602538599072951,0.1372406156677963,0.1157133338765884,0.1741164515216735,0.7198864916426596,0.477132955291704,2022
8회지방선거_기초의원지역구,경기도,안양시동안구,60661803,18,203206,119502,112066,7436,23073.0,32507.0,0.0,0.0,0.0,0.0,0.0,0.0,0.0,0.0,0.0,0.0,0.0,0.0,0.0,2304.0,안양시동안구,안양시마선거구,0.39860755994748115,0.5615886946306405,0.0,0.0,0.0,0.0,0.0,0.0,0.0,0.0,0.0,0.0,0.0,0.0,0.0,0.03980374542187824,2022,31042,안양시 동안구,304493,149215,155278,25558,30639,37694,44792,50090,52974,40703,16194,7672,1167,38048,225050,41395,0.1237926651844213,0.1471035458943227,0.1645029606591941,0.1739744427622309,0.133674665755863,0.0822120705566302,0.1359472959969523,0.7390974505161039,0.5099558938957546,2022
8회지방선거_기초의원지역구,경기도,안양시만안구,60661803,18,153490,79831,74516,5315,15054.0,19186.0,0.0,0.0,0.0,0.0,0.0,0.0,0.0,0.0,0.0,0.0,0.0,0.0,0.0,773.0,안양시만안구,안양시가선거구,0.4299545882957759,0.5479678976380201,0.0,0.0,0.0,0.0,0.0,0.0,0.0,0.0,0.0,0.0,0.0,0.0,0.0,0.022077514066203983,2022,31041,안양시 만안구,236296,117602,118694,15767,16965,31628,33427,33340,42097,38051,17395,8036,1167,22038,171798,42460,0.1338490706571418,0.1414624030876528,0.1410942208078003,0.1781536716660459,0.1610310796627958,0.1125622101093543,0.1796898804888783,0.7270457392423063,0.5023106612045909,2022
8회지방선거_기초의원지역구,경기도,양주시,60661803,18,197751,95143,87456,7687,13608.0,14123.0,0.0,0.0,0.0,0.0,0.0,0.0,0.0,0.0,0.0,0.0,0.0,0.0,0.0,1981.0,양주시,양주시가선거구,0.4579967689822294,0.47532983306408183,0.0,0.0,0.0,0.0,0.0,0.0,0.0,0.0,0.0,0.0,0.0,0.0,0.0,0.06667339795368875,2022,31260,양주시,242995,124291,118704,21544,23952,28130,30734,40173,40217,32457,17261,9566,1593,31326,169060,42609,0.1157636988415399,0.1264799687236363,0.1653243893907282,0.1655054630753719,0.1335706496018436,0.1169571390357826,0.1753492870223667,0.695734480133336,0.4885038786806313,2022
8회지방선거_기초의원지역구,경기도,양평군,40441202,12,107165,63413,58409,5004,8581.0,10500.0,0.0,0.0,0.0,0.0,0.0,0.0,0.0,0.0,0.0,0.0,0.0,0.0,0.0,3425.0,양평군,양평군가선거구,0.38127610415000446,0.46654225539856037,0.0,0.0,0.0,0.0,0.0,0.0,0.0,0.0,0.0,0.0,0.0,0.0,0.0,0.15218164045143517,2022,31580,양평군,116950,58451,58499,7348,9514,9596,10221,15275,20082,24263,13456,7065,1064,11101,73193,32656,0.0820521590423257,0.0873963232150491,0.1306113723813595,0.1717144078666096,0.20746472851646,0.1845660538691748,0.2792304403591278,0.6258486532706284,0.5002052159042326,2022
8회지방선거_기초의원지역구,경기도,여주시,40441202,12,98333,50651,45980,4671,7616.0,6232.0,0.0,0.0,0.0,0.0,0.0,0.0,0.0,0.0,0.0,0.0,0.0,0.0,0.0,0.0,여주시,여주시가선거구,0.5499711149624494,0.45002888503755056,0.0,0.0,0.0,0.0,0.0,0.0,0.0,0.0,0.0,0.0,0.0,0.0,0.0,0.0,2022,31280,여주시,113831,58240,55591,7380,9354,12674,12366,15763,19545,20038,10546,6071,966,10983,76327,26521,0.1113404959984538,0.1086347304337131,0.1384772162240514,0.1717019089703156,0.1760328908645272,0.154465830924792,0.2329857420210663,0.670529117727157,0.4883643295763017,2022
8회지방선거_기초의원지역구,경기도,연천군,40441202,12,37898,22793,20979,1814,2624.0,3842.0,0.0,0.0,0.0,0.0,0.0,0.0,0.0,0.0,0.0,0.0,0.0,0.0,0.0,934.0,연천군,연천군가선거구,0.3545945945945946,0.5191891891891892,0.0,0.0,0.0,0.0,0.0,0.0,0.0,0.0,0.0,0.0,0.0,0.0,0.0,0.1262162162162162,2022,31550,연천군,41288,21840,19448,2573,2710,4772,4290,4577,6589,7940,4719,2987,385,3704,25787,11797,0.1155783762836659,0.103904282115869,0.1108554543693082,0.159586320480527,0.1923076923076923,0.1959649292772718,0.2857246657624491,0.6245640379771362,0.4710327455919395,2022
8회지방선거_기초의원지역구,경기도,오산시,40441202,12,190375,83160,76681,6479,13297.0,10234.0,0.0,0.0,0.0,0.0,0.0,0.0,0.0,0.0,0.0,0.0,0.0,0.0,0.0,1200.0,오산시,오산시가선거구,0.537665278395536,0.413812623832437,0.0,0.0,0.0,0.0,0.0,0.0,0.0,0.0,0.0,0.0,0.0,0.0,0.0,0.04852209777202701,2022,31140,오산시,242596,126049,116547,23845,25241,30437,39849,46917,37552,25031,10917,5072,677,34411,181548,26637,0.1254637339445003,0.1642607462612738,0.1933956042144141,0.154792329634454,0.1031797721314448,0.0686985770581543,0.1097998318191561,0.7483552902768389,0.4804160002638131,2022
8회지방선거_기초의원지역구,경기도,용인시기흥구,101103005,30,434819,241172,227518,13654,47211.0,52303.0,0.0,0.0,0.0,0.0,0.0,0.0,0.0,0.0,0.0,0.0,0.0,0.0,0.0,3207.0,용인시기흥구,용인시라선거구,0.4596041705201468,0.5091753390251264,0.0,0.0,0.0,0.0,0.0,0.0,0.0,0.0,0.0,0.0,0.0,0.0,0.0,0.03122049045472688,2022,31192,용인시 기흥구,431163,212735,218428,40915,47526,55290,53906,78382,71002,45675,27541,13976,2111,60507,307204,63452,0.128234565581926,0.1250246426525467,0.1817920368862819,0.1646755403408919,0.1059344145949443,0.1011867901466498,0.1471647613547544,0.7125008407493222,0.5066019115740451,2022
8회지방선거_기초의원지역구,경기도,용인시수지구,20220601,6,114663,68128,61580,6548,8910.0,8978.0,0.0,0.0,0.0,0.0,0.0,0.0,0.0,0.0,0.0,0.0,0.0,0.0,0.0,0.0,용인시수지구,용인시자선거구,0.49809928443649376,0.5019007155635062,0.0,0.0,0.0,0.0,0.0,0.0,0.0,0.0,0.0,0.0,0.0,0.0,0.0,0.0,2022,31193,용인시 수지구,364474,177700,186774,37041,42387,43361,47955,67771,58073,36167,23583,11144,1421,54798,257450,52226,0.118968705586681,0.1315731712001404,0.1859419327578922,0.1593337247650038,0.09923067214671,0.0991785422279778,0.1432914281951524,0.7063603988213151,0.5124480758572628,2022
8회지방선거_기초의원지역구,경기도,용인시처인구,40441202,12,178047,83423,75968,7455,14171.0,8601.0,0.0,0.0,0.0,0.0,0.0,0.0,0.0,0.0,0.0,0.0,0.0,0.0,0.0,391.0,용인시처인구,용인시가선거구,0.6117946725380996,0.37132495790700687,0.0,0.0,0.0,0.0,0.0,0.0,0.0,0.0,0.0,0.0,0.0,0.0,0.0,0.01688036955489358,2022,31191,용인시 처인구,268863,139323,129540,21216,25418,39358,35580,43435,44511,35188,16926,8463,1304,30943,196550,41370,0.1463868215410822,0.132335055399962,0.1615506782264573,0.1655527164392274,0.1308770637834138,0.0992810464809215,0.153870186674998,0.7310414597769124,0.4818067194072817,2022
8회지방선거_기초의원지역구,경기도,의왕시,40441202,12,138928,80539,75795,4744,15585.0,15306.0,0.0,0.0,0.0,0.0,0.0,0.0,0.0,0.0,0.0,0.0,0.0,0.0,0.0,3096.0,의왕시,의왕시가선거구,0.4585576838202842,0.4503486627239827,0.0,0.0,0.0,0.0,0.0,0.0,0.0,0.0,0.0,0.0,0.0,0.0,0.0,0.09109365345573307,2022,31170,의왕시,157318,77880,79438,13093,13699,20220,21717,22877,28271,23800,9487,4720,785,18302,114252,24764,0.1285294753302228,0.1380452332218817,0.1454188331913703,0.1797060730494921,0.151285930408472,0.0952974230539417,0.1574136462451849,0.7262487445810397,0.5049517537726135,2022
8회지방선거_기초의원지역구,경기도,의정부시,80882404,24,400177,187833,174905,12928,36803.0,15747.0,0.0,0.0,0.0,0.0,0.0,0.0,0.0,0.0,0.0,0.0,0.0,0.0,0.0,6011.0,의정부시,의정부시가선거구,0.6284557982274893,0.2688990966684312,0.0,0.0,0.0,0.0,0.0,0.0,0.0,0.0,0.0,0.0,0.0,0.0,0.0,0.10264510510407951,2022,31030,의정부시,455128,223559,231569,35383,39359,59699,59806,71069,80218,63184,32088,16300,2090,50932,327162,77034,0.1311696929215517,0.131404791619061,0.1561516760120229,0.1762537132411102,0.1388268794712696,0.1109094584380657,0.1692578791021426,0.7188351408834438,0.5087997222759312,2022
8회지방선거_기초의원지역구,경기도,이천시,60661803,18,188563,88714,83667,5047,12909.0,17136.0,0.0,0.0,0.0,0.0,0.0,0.0,0.0,0.0,0.0,0.0,0.0,0.0,0.0,3803.0,이천시,이천시가선거구,0.3813814701016308,0.5062632947293784,0.0,0.0,0.0,0.0,0.0,0.0,0.0,0.0,0.0,0.0,0.0,0.0,0.0,0.11235523516899078,2022,31210,이천시,227193,118763,108430,19043,21660,32120,33787,35427,35919,29369,13657,7447,1000,27628,165575,33990,0.1413775952604173,0.1487149692111992,0.1559335014723165,0.1580990611506516,0.1292689475467994,0.0972917299388625,0.1496084826557156,0.7287856580088296,0.47725942260545,2022
8회지방선거_기초의원지역구,경기도,파주시,80882404,24,334362,155616,144377,11239,33356.0,21054.0,0.0,0.0,0.0,0.0,0.0,0.0,0.0,0.0,0.0,0.0,0.0,0.0,0.0,4376.0,파주시,파주시가선거구,0.5674140101384684,0.3581464974653829,0.0,0.0,0.0,0.0,0.0,0.0,0.0,0.0,0.0,0.0,0.0,0.0,0.0,0.07443949239614875,2022,31200,파주시,490765,251118,239647,47884,49917,57464,73047,83755,78541,56883,29477,16831,2489,68701,349583,72481,0.1170906645746946,0.1488431326602345,0.1706621295324646,0.1600379000132446,0.1159067985695801,0.0994304809837702,0.1476898311819302,0.7123225983923059,0.4883131437653459,2022
8회지방선거_기초의원지역구,경기도,평택시,80882404,24,309343,132150,121583,10567,19178.0,33028.0,0.0,0.0,0.0,0.0,0.0,0.0,0.0,0.0,0.0,0.0,0.0,0.0,0.0,2399.0,평택시,평택시나선거구,0.35121325885907884,0.6048530354363153,0.0,0.0,0.0,0.0,0.0,0.0,0.0,0.0,0.0,0.0,0.0,0.0,0.0,0.04393370570460581,2022,31070,평택시,590205,310646,279559,56835,53620,79636,96528,102454,95672,64393,29432,15642,2028,79548,437972,72685,0.1349293889411306,0.1635499529824383,0.1735905321032522,0.1620996094577307,0.1091027693767419,0.0798061690429596,0.1231521251090722,0.7420675866859819,0.4736642353080709,2022
8회지방선거_기초의원지역구,경기도,포천시,40441202,12,131980,67751,62772,4979,10242.0,9439.0,0.0,0.0,0.0,0.0,0.0,0.0,0.0,0.0,0.0,0.0,0.0,0.0,0.0,6499.0,포천시,포천시가선거구,0.3912146676852559,0.3605423987776929,0.0,0.0,0.0,0.0,0.0,0.0,0.0,0.0,0.0,0.0,0.0,0.0,0.0,0.24824293353705118,2022,31270,포천시,163542,89523,74019,8729,12466,26648,20452,20590,28433,26601,12174,7363,1126,12939,118876,31727,0.1629428526005552,0.1250565603942718,0.125900380330435,0.1738574800357094,0.1626554646512822,0.1263467488473909,0.1939990950336916,0.7268836139951816,0.4525993322816157,2022
8회지방선거_기초의원지역구,경기도,하남시,60661803,18,266856,139676,131679,7997,27783.0,14640.0,0.0,0.0,0.0,277.0,0.0,0.0,0.0,0.0,0.0,0.0,0.0,0.0,0.0,4054.0,하남시,하남시가선거구,0.5942379261667451,0.31312828848868546,0.0,0.0,0.0,0.00592462676990204,0.0,0.0,0.0,0.0,0.0,0.0,0.0,0.0,0.0,0.0867091585746674,2022,31180,하남시,315203,157092,158111,35291,28195,34328,51601,57690,45724,39360,18522,6997,1106,47896,223554,43753,0.1089075928845854,0.163707198218291,0.1830249077578576,0.1450620711097293,0.1248719079450386,0.0844693737051995,0.1388089580365669,0.7092381734945417,0.5016164186254572,2022
8회지방선거_기초의원지역구,경기도,화성시,121323606,36,588947,274238,254953,19285,46071.0,35406.0,0.0,0.0,0.0,0.0,0.0,0.0,0.0,0.0,0.0,0.0,0.0,0.0,0.0,6844.0,화성시,화성시가선거구,0.5216313221091247,0.40087861324033924,0.0,0.0,0.0,0.0,0.0,0.0,0.0,0.0,0.0,0.0,0.0,0.0,0.0,0.07749006465053611,2022,31240,화성시,931472,492101,439371,109888,102175,116215,165864,181157,130916,83359,35424,16548,2326,154889,689106,87477,0.1247648882628785,0.1780665441365924,0.1944846436607863,0.1405474345981414,0.0894916862772042,0.0582926808320593,0.0939126457907484,0.7398032361681296,0.4716953381314736,2022
8회지방선거_기초의원지역구,경상남도,거제시,101103005,30,193369,99291,95360,3931,18109.0,17316.0,0.0,0.0,0.0,0.0,0.0,0.0,0.0,0.0,0.0,1467.0,0.0,0.0,0.0,10673.0,거제시,거제시가선거구,0.3807211184694628,0.3640491958372753,0.0,0.0,0.0,0.0,0.0,0.0,0.0,0.0,0.0,0.03084200567644276,0.0,0.0,0.0,0.22438768001681908,2022,38090,거제시,236686,125420,111266,25206,26645,19777,31871,47518,40966,29853,12045,5270,795,37196,169104,30386,0.0835579628706387,0.1346551971810753,0.2007638812604041,0.1730816355846987,0.1261291331130696,0.0765148762495458,0.128381061828752,0.7144655788682052,0.4700996256643823,2022
8회지방선거_기초의원지역구,경상남도,거창군,60661803,18,52803,34753,33162,1591,3674.0,5748.0,0.0,0.0,0.0,0.0,0.0,0.0,0.0,0.0,0.0,0.0,0.0,0.0,0.0,5880.0,거창군,거창군가선거구,0.2400993334204679,0.375637171611554,0.0,0.0,0.0,0.0,0.0,0.0,0.0,0.0,0.0,0.0,0.0,0.0,0.0,0.38426349496797807,2022,38590,거창군,58702,28951,29751,3707,5594,5063,4664,7021,9772,10781,6801,5005,776,5761,35506,17435,0.0862491908282511,0.0794521481380532,0.1196041020748867,0.1664679227283567,0.1836564341930428,0.2143368198698511,0.2970086198085244,0.6048516234540561,0.5068140778849102,2022
8회지방선거_기초의원지역구,경상남도,고성군,60661803,18,44745,30304,29147,1157,5924.0,4809.0,0.0,0.0,0.0,0.0,0.0,0.0,0.0,0.0,0.0,0.0,0.0,0.0,0.0,986.0,고성군,고성군가선거구,0.5055038825838382,0.4103592456694257,0.0,0.0,0.0,0.0,0.0,0.0,0.0,0.0,0.0,0.0,0.0,0.0,0.0,0.08413687174673606,2022,38540,고성군,48298,24498,23800,2322,3892,3216,3652,5773,8290,9929,6618,4287,662,3834,28336,16128,0.0665866081411238,0.0756138970557787,0.1195287589548221,0.1716427181249741,0.2055778707192844,0.2394923185225061,0.3339268706778748,0.5866909602882107,0.4927740279100583,2022
8회지방선거_기초의원지역구,경상남도,김해시,141544207,42,394893,180505,165654,14851,29369.0,29845.0,0.0,0.0,0.0,0.0,0.0,0.0,0.0,0.0,0.0,0.0,0.0,0.0,0.0,3541.0,김해시,김해시가선거구,0.46799458210501155,0.47557963508883755,0.0,0.0,0.0,0.0,0.0,0.0,0.0,0.0,0.0,0.0,0.0,0.0,0.0,0.056425782806150904,2022,38070,김해시,547313,280568,266745,49740,58076,66393,72330,97169,100037,65937,28387,13611,1853,73706,403628,69979,0.1213071861987564,0.1321547268199366,0.1775382642107898,0.1827784101601825,0.1204740249180998,0.0801205160484037,0.127859195743569,0.7374719767299516,0.4873719425630307,2022
8회지방선거_기초의원지역구,경상남도,남해군,80882404,24,38538,27218,25977,1241,8045.0,7217.0,0.0,0.0,0.0,0.0,0.0,0.0,0.0,0.0,0.0,0.0,0.0,0.0,0.0,361.0,남해군,남해군가선거구,0.5149459130768739,0.4619471292325418,0.0,0.0,0.0,0.0,0.0,0.0,0.0,0.0,0.0,0.0,0.0,0.0,0.0,0.023106957690584396,2022,38550,남해군,40491,20138,20353,1615,2648,2772,2564,4123,6568,8531,6323,4730,824,2635,22001,15855,0.0684596577017114,0.0633227136894618,0.1018250969351213,0.1622088859252673,0.2106887950408733,0.2933244424686967,0.391568496702971,0.5433553135264627,0.5026549109678694,2022
8회지방선거_기초의원지역구,경상남도,밀양시,101103005,30,92419,50563,48357,2206,10011.0,12521.0,0.0,0.0,0.0,0.0,0.0,0.0,0.0,0.0,0.0,0.0,0.0,0.0,0.0,4926.0,밀양시,밀양시가선거구,0.36459319688251146,0.4560055357272926,0.0,0.0,0.0,0.0,0.0,0.0,0.0,0.0,0.0,0.0,0.0,0.0,0.0,0.17940126739019593,2022,38080,밀양시,101574,49645,51929,5495,7080,9323,9042,12159,17070,21343,12670,7155,896,8274,62560,30740,0.0917852993876385,0.0890188434048083,0.119705830232146,0.1680548171776242,0.2101226691869966,0.2039990548762478,0.3026365014669108,0.6159056451454112,0.5112430346348475,2022
8회지방선거_기초의원지역구,경상남도,사천시,101103005,30,93946,55528,53805,1723,13324.0,11899.0,0.0,0.0,0.0,0.0,0.0,0.0,0.0,0.0,0.0,0.0,0.0,0.0,0.0,7234.0,사천시,사천시가선거구,0.41051237021289705,0.36660812767661827,0.0,0.0,0.0,0.0,0.0,0.0,0.0,0.0,0.0,0.0,0.0,0.0,0.0,0.22287950211048463,2022,38060,사천시,109350,56209,53141,8150,9552,9755,11980,17407,17967,17354,10856,6327,1021,12362,70929,26059,0.0892089620484682,0.1095564700502972,0.1591860996799268,0.1643072702331961,0.1587014174668495,0.166474622770919,0.2383081847279378,0.648641975308642,0.4859716506630087,2022
8회지방선거_기초의원지역구,경상남도,산청군,80882404,24,31488,21931,21154,777,2407.0,5161.0,0.0,0.0,0.0,0.0,0.0,0.0,0.0,0.0,0.0,0.0,0.0,0.0,0.0,3386.0,산청군,산청군가선거구,0.2197370823443491,0.4711520905605258,0.0,0.0,0.0,0.0,0.0,0.0,0.0,0.0,0.0,0.0,0.0,0.0,0.0,0.30911082709512505,2022,38570,산청군,32811,16008,16803,1235,1937,1923,2032,3096,5690,7599,4999,3837,592,1963,17871,12977,0.0586083935265612,0.0619304501539118,0.0943585992502514,0.1734174514644479,0.2315991588186888,0.2873426594739569,0.3955076041571424,0.5446648989668099,0.5121148395355216,2022
8회지방선거_기초의원지역구,경상남도,양산시,141544207,42,294411,138361,131965,6396,30485.0,29056.0,0.0,0.0,0.0,0.0,0.0,0.0,0.0,0.0,0.0,0.0,0.0,0.0,0.0,3103.0,양산시,양산시가선거구,0.4866387842411085,0.4638273418044825,0.0,0.0,0.0,0.0,0.0,0.0,0.0,0.0,0.0,0.0,0.0,0.0,0.0,0.049533873954409044,2022,38100,양산시,352842,177197,175645,34630,34562,37535,47247,61481,59268,47558,22826,10464,1295,49118,249149,54575,0.1063790591822969,0.1339041270597037,0.1742451295480696,0.1679732004693319,0.1347855414038011,0.098018376497129,0.1546726296756055,0.7061205865514877,0.4978007153343423,2022
8회지방선거_기초의원지역구,경상남도,의령군,80882404,24,24291,18230,17483,747,579.0,4544.0,0.0,0.0,0.0,0.0,0.0,0.0,0.0,0.0,0.0,0.0,0.0,0.0,0.0,4289.0,의령군,의령군가선거구,0.061517212069698256,0.48278793030174244,0.0,0.0,0.0,0.0,0.0,0.0,0.0,0.0,0.0,0.0,0.0,0.0,0.0,0.45569485762855927,2022,38510,의령군,25032,12414,12618,1060,1277,1596,1888,2483,4120,5685,3703,2894,461,1585,13753,9694,0.0637583892617449,0.0754234579737935,0.0991930329178651,0.1645893256631511,0.2271093000958772,0.2819590923617769,0.3872643016938319,0.5494167465643975,0.5040747842761265,2022
8회지방선거_기초의원지역구,경상남도,진주시,161764808,48,292168,155161,148166,6995,39514.0,31835.0,0.0,0.0,0.0,0.0,0.0,0.0,0.0,0.0,0.0,0.0,0.0,0.0,0.0,13814.0,진주시,진주시가선거구,0.46398083674835316,0.37381257118701783,0.0,0.0,0.0,0.0,0.0,0.0,0.0,0.0,0.0,0.0,0.0,0.0,0.0,0.162206592064629,2022,38030,진주시,351119,174881,176238,28584,35199,47968,41378,52441,56749,50045,26572,13717,1891,42247,245125,63747,0.1366146520125655,0.1178460863695784,0.1493539227441409,0.1616232673253227,0.1425300254329728,0.1201302122642181,0.1815538321765555,0.6981251370617939,0.5019323932911633,2022
8회지방선거_기초의원지역구,경상남도,창녕군,80882404,24,53616,34388,32868,1520,3138.0,9032.0,0.0,0.0,0.0,0.0,0.0,0.0,0.0,0.0,0.0,0.0,0.0,0.0,0.0,4992.0,창녕군,창녕군가선거구,0.1828458221652488,0.5262789884628831,0.0,0.0,0.0,0.0,0.0,0.0,0.0,0.0,0.0,0.0,0.0,0.0,0.0,0.29087518937186807,2022,38530,창녕군,58804,29810,28994,3019,3868,4436,5365,6709,9784,12419,7761,5106,695,4511,35017,19276,0.0754370450989728,0.0912352901163186,0.1140908781715529,0.1663832392354261,0.21119311611455,0.2306305693490238,0.3278008298755187,0.5954867015849262,0.4930616964832324,2022
8회지방선거_기초의원지역구,경상남도,창원시마산합포구,60661803,18,156850,83905,79386,4519,18959.0,12300.0,0.0,0.0,0.0,0.0,0.0,0.0,0.0,0.0,0.0,0.0,0.0,0.0,0.0,1130.0,창원시마산합포구,창원시아선거구,0.5853530519620859,0.37975856000493996,0.0,0.0,0.0,0.0,0.0,0.0,0.0,0.0,0.0,0.0,0.0,0.0,0.0,0.03488838803297416,2022,38113,창원시 마산합포구,179191,89165,90026,13902,14326,19183,20700,26445,28134,31274,17630,8102,1142,19651,118164,41376,0.1070533676356513,0.1155191946024074,0.1475799565826408,0.1570056531857068,0.1745288546857822,0.1499740500359951,0.2309044539067252,0.6594304401448734,0.5024024644094849,2022
8회지방선거_기초의원지역구,경상남도,창원시마산회원구,40441202,12,113530,60957,57844,3113,20973.0,20823.0,0.0,0.0,0.0,0.0,0.0,0.0,0.0,0.0,0.0,0.0,0.0,0.0,0.0,814.0,창원시마산회원구,창원시카선거구,0.49220840178361885,0.48868810138465146,0.0,0.0,0.0,0.0,0.0,0.0,0.0,0.0,0.0,0.0,0.0,0.0,0.0,0.01910349683172964,2022,38114,창원시 마산회원구,183667,91474,92193,12726,16901,20072,19757,28489,32586,31405,16264,6410,798,19466,126633,37568,0.1092847381402211,0.1075696777319823,0.1551122411756058,0.1774189157551438,0.1709888003833024,0.1277965012767672,0.2045440933864004,0.6894706180206569,0.5019573467198789,2022
8회지방선거_기초의원지역구,경상남도,창원시성산구,40441202,12,120287,65295,62300,2995,20602.0,20071.0,0.0,0.0,0.0,0.0,0.0,0.0,0.0,0.0,0.0,0.0,0.0,0.0,0.0,7918.0,창원시성산구,창원시라선거구,0.4239879813134119,0.4130600316931119,0.0,0.0,0.0,0.0,0.0,0.0,0.0,0.0,0.0,0.0,0.0,0.0,0.0,0.16295198699347616,2022,38112,창원시 성산구,246438,126896,119542,19654,23654,32500,35397,39623,50082,33924,9857,3692,511,29270,191160,26008,0.1318790121653316,0.1436345044189613,0.1607828338162134,0.2032235288388966,0.1376573418060526,0.0570528895706019,0.1055356722583367,0.775692060477686,0.4850794114544023,2022
8회지방선거_기초의원지역구,경상남도,창원시의창구,60661803,18,185184,94820,90124,4696,21511.0,13389.0,0.0,0.0,0.0,0.0,0.0,0.0,0.0,0.0,0.0,0.0,0.0,0.0,0.0,6769.0,창원시의창구,창원시가선거구,0.5162350908349133,0.3213180061916533,0.0,0.0,0.0,0.0,0.0,0.0,0.0,0.0,0.0,0.0,0.0,0.0,0.0,0.16244690297343348,2022,38111,창원시 의창구,215053,109515,105538,18007,18564,26104,28060,33483,40264,33109,13076,5730,778,25795,156348,32910,0.1213840309133097,0.1304794632020943,0.1556965027225846,0.1872282646603395,0.1539573965487577,0.0910659232840276,0.1530320432637535,0.7270207809237723,0.4907534421747197,2022
8회지방선거_기초의원지역구,경상남도,창원시진해구,80882404,24,159730,75198,71324,3874,19386.0,27513.0,0.0,0.0,0.0,0.0,0.0,0.0,0.0,0.0,0.0,0.0,0.0,0.0,0.0,3902.0,창원시진해구,창원시하선거구,0.38160666128619514,0.541583827090018,0.0,0.0,0.0,0.0,0.0,0.0,0.0,0.0,0.0,0.0,0.0,0.0,0.0,0.07680951162378694,2022,38115,창원시 진해구,192402,99257,93145,19185,20291,19028,25389,36053,29982,25435,12700,5988,771,28178,133464,30760,0.0988971008617374,0.1319580877537655,0.1873837070300724,0.1558299809773287,0.1321971705075831,0.1011372023159842,0.1598735979875469,0.6936726229457074,0.4841165892246442,2022
8회지방선거_기초의원지역구,경상남도,통영시,80882404,24,106064,61241,59051,2190,14449.0,10114.0,0.0,0.0,0.0,0.0,236.0,0.0,0.0,0.0,0.0,0.0,0.0,0.0,0.0,7235.0,통영시,통영시가선거구,0.45105200724230504,0.31572704001997876,0.0,0.0,0.0,0.0,0.007367172379346944,0.0,0.0,0.0,0.0,0.0,0.0,0.0,0.0,0.22585378035836923,2022,38050,통영시,123006,63463,59543,8881,12022,10061,13005,20605,21087,21322,11514,5213,619,14259,82039,26708,0.0817927580768417,0.1057265499243939,0.1675121538786725,0.1714306619189307,0.1733411378306749,0.1410175113409102,0.2171276197909045,0.6669512056322456,0.4840658179275807,2022
8회지방선거_기초의원지역구,경상남도,하동군,80882404,24,39428,29113,27933,1180,6325.0,5811.0,0.0,0.0,0.0,0.0,0.0,0.0,0.0,0.0,0.0,0.0,0.0,0.0,0.0,4792.0,하동군,하동군가선거구,0.3736413043478261,0.3432774102079395,0.0,0.0,0.0,0.0,0.0,0.0,0.0,0.0,0.0,0.0,0.0,0.0,0.0,0.2830812854442344,2022,38560,하동군,39542,19615,19927,1629,2265,2339,2419,3979,7141,9029,5933,4278,726,2618,21869,15055,0.0591522937635931,0.0611754590056142,0.1006271812250265,0.1805927874159122,0.2283394871276111,0.2765919781498154,0.3807344089828536,0.5530575084720044,0.5039451722219412,2022
8회지방선거_기초의원지역구,경상남도,함안군,60661803,18,54125,32067,30670,1397,5099.0,3574.0,0.0,0.0,0.0,0.0,0.0,0.0,0.0,0.0,0.0,0.0,0.0,0.0,0.0,5020.0,함안군,함안군가선거구,0.37238004819981013,0.2610092748119477,0.0,0.0,0.0,0.0,0.0,0.0,0.0,0.0,0.0,0.0,0.0,0.0,0.0,0.3666106769882422,2022,38520,함안군,62409,32899,29510,3764,5488,5267,6217,8812,10558,11480,6493,4230,638,6081,39674,16654,0.084394878943742,0.0996170424137544,0.1411975836818407,0.1691743178067266,0.1839478280376227,0.1820410517713791,0.2668525372943005,0.6357095931676521,0.4728484673684885,2022
8회지방선거_기초의원지역구,경상남도,함양군,60661803,18,34399,26017,25012,1005,3740.0,3683.0,0.0,0.0,0.0,0.0,0.0,0.0,0.0,0.0,0.0,0.0,0.0,0.0,0.0,1077.0,함양군,함양군가선거구,0.44,0.43329411764705883,0.0,0.0,0.0,0.0,0.0,0.0,0.0,0.0,0.0,0.0,0.0,0.0,0.0,0.12670588235294117,2022,38580,함양군,36017,17479,18538,1747,2469,2193,2337,3834,6387,7603,5185,3913,572,2758,20016,13243,0.0608879140405919,0.0648860260432573,0.1064497320709664,0.1773329261182219,0.2110947608073965,0.2684843268456562,0.3676874809117916,0.5557375683704917,0.514701391009801,2022
8회지방선거_기초의원지역구,경상남도,합천군,80882404,24,39435,27366,26070,1296,3467.0,5944.0,0.0,0.0,0.0,0.0,0.0,0.0,0.0,0.0,0.0,0.0,0.0,0.0,0.0,2983.0,합천군,합천군가선거구,0.27973212844924966,0.4795868968855898,0.0,0.0,0.0,0.0,0.0,0.0,0.0,0.0,0.0,0.0,0.0,0.0,0.0,0.24068097466516056,2022,38600,합천군,40082,19467,20615,1495,1975,2389,2357,3619,6567,9254,6605,5297,699,2316,20939,16827,0.0596028142308268,0.0588044508757048,0.0902899056933286,0.1638391297839429,0.2308767027593433,0.314380519934135,0.4198143805199341,0.5224040716531111,0.5143206426825009,2022
8회지방선거_기초의원지역구,경상북도,경산시,101103005,30,230676,100051,96172,3879,15226.0,16895.0,0.0,0.0,0.0,0.0,0.0,0.0,0.0,0.0,0.0,0.0,0.0,0.0,0.0,13877.0,경산시,경산시가선거구,0.3310143919300839,0.36729857819905215,0.0,0.0,0.0,0.0,0.0,0.0,0.0,0.0,0.0,0.0,0.0,0.0,0.0,0.30168702987086393,2022,37100,경산시,295543,148992,146551,21079,28028,53262,35327,42102,46331,38610,20855,10905,1467,29969,215769,49805,0.1802174302893318,0.1195325214943341,0.1424564276602727,0.156765682151159,0.1306408881279543,0.1124269564834897,0.1685203168405274,0.7300765032499501,0.4958703132877449,2022
8회지방선거_기초의원지역구,경상북도,경주시,161764808,48,220490,109625,105975,3650,12357.0,25845.0,0.0,0.0,0.0,0.0,0.0,0.0,0.0,0.0,0.0,0.0,0.0,0.0,0.0,15171.0,경주시,경주시가선거구,0.2315215558428419,0.48423360125906356,0.0,0.0,0.0,0.0,0.0,0.0,0.0,0.0,0.0,0.0,0.0,0.0,0.0,0.28424484289809454,2022,37020,경주시,259674,131678,127996,17023,20617,29179,28187,36357,46056,43599,24824,13990,1860,24938,174596,60140,0.112367815029614,0.1085476405030923,0.140010166593498,0.1773608447514961,0.1678989810300607,0.1566348575521615,0.231598080670379,0.6723661205973643,0.4929103414280983,2022
8회지방선거_기초의원지역구,경상북도,고령군,60661803,18,27757,17422,16850,572,942.0,5646.0,0.0,0.0,0.0,0.0,0.0,0.0,0.0,0.0,0.0,0.0,0.0,0.0,0.0,2675.0,고령군,고령군가선거구,0.1016949152542373,0.6095217532117024,0.0,0.0,0.0,0.0,0.0,0.0,0.0,0.0,0.0,0.0,0.0,0.0,0.0,0.2887833315340602,2022,37570,고령군,30142,15833,14309,1317,1689,2521,2580,3573,5322,6246,4069,2646,337,1987,18262,9893,0.0836374494061442,0.0855948510384181,0.1185389157985535,0.1765642624908765,0.2072191626302169,0.2339592595050096,0.3282131245438259,0.6058655696370513,0.4747196602746997,2022
8회지방선거_기초의원지역구,경상북도,구미시,202206010,60,337510,144567,138796,5771,29710.0,41454.0,0.0,0.0,0.0,0.0,0.0,0.0,0.0,0.0,0.0,0.0,0.0,0.0,0.0,7177.0,구미시,구미시가선거구,0.3792394786893198,0.5291482110261548,0.0,0.0,0.0,0.0,0.0,0.0,0.0,0.0,0.0,0.0,0.0,0.0,0.0,0.09161231028452535,2022,37050,구미시,409171,211489,197682,40660,43552,52580,62227,72035,69542,45676,17360,9076,1297,58359,305596,45216,0.1285037307140535,0.1520806704287449,0.1760510886646414,0.1699582815008883,0.1116305896556696,0.0677785082520511,0.1105063653093694,0.7468662246346882,0.4831280809246012,2022
8회지방선거_기초의원지역구,경상북도,군위군,40441202,12,22054,17847,17021,826,0.0,3111.0,0.0,0.0,0.0,0.0,0.0,0.0,0.0,0.0,0.0,0.0,0.0,0.0,0.0,1229.0,군위군,군위군가선거구,0.0,0.7168202764976959,0.0,0.0,0.0,0.0,0.0,0.0,0.0,0.0,0.0,0.0,0.0,0.0,0.0,0.28317972350230414,2022,22520,군위군,21797,11194,10603,672,857,1283,1413,1836,3710,5399,3820,2584,306,1008,11510,9279,0.0588613111896132,0.0648254346928476,0.0842317750149103,0.1702069092076891,0.2476946368766344,0.3078405285130981,0.42570078451163,0.5280543194017525,0.4864430884984172,2022
8회지방선거_기초의원지역구,경상북도,김천시,141544207,42,120471,67276,64392,2884,3334.0,18775.0,0.0,0.0,0.0,0.0,0.0,0.0,0.0,0.0,0.0,0.0,0.0,0.0,0.0,9788.0,김천시,김천시가선거구,0.10452393642035301,0.5886133492177947,0.0,0.0,0.0,0.0,0.0,0.0,0.0,0.0,0.0,0.0,0.0,0.0,0.0,0.3068627143618522,2022,37030,김천시,137698,69099,68599,10481,11632,13842,14721,18672,22753,23236,13654,8609,1257,15018,88654,34026,0.1005243358654446,0.1069078708477973,0.1356010980551642,0.1652384203111156,0.1687460965300875,0.1708085810977646,0.247105985562608,0.6438292495170591,0.4981844325988758,2022
8회지방선거_기초의원지역구,경상북도,문경시,80882404,24,64160,40384,38560,1824,2180.0,10754.0,0.0,0.0,0.0,0.0,0.0,0.0,0.0,0.0,0.0,0.0,0.0,0.0,0.0,3717.0,문경시,문경시가선거구,0.1309230676836226,0.6458470962704943,0.0,0.0,0.0,0.0,0.0,0.0,0.0,0.0,0.0,0.0,0.0,0.0,0.0,0.22322983604588312,2022,37090,문경시,67515,33131,34384,4033,4903,5110,5256,8093,11265,13765,8921,5824,791,5939,39531,22045,0.0756868843960601,0.0778493668073761,0.1198696585943864,0.1668518107087314,0.2038806191216766,0.2301118270014071,0.3265200325853514,0.5855143301488558,0.5092794193882841,2022
8회지방선거_기초의원지역구,경상북도,봉화군,60661803,18,27996,18882,18108,774,612.0,5603.0,0.0,0.0,0.0,0.0,0.0,0.0,0.0,0.0,0.0,0.0,0.0,0.0,0.0,3848.0,봉화군,봉화군가선거구,0.060816853820928156,0.5567922090827785,0.0,0.0,0.0,0.0,0.0,0.0,0.0,0.0,0.0,0.0,0.0,0.0,0.0,0.38239093709629335,2022,37610,봉화군,28798,14360,14438,1205,1588,1444,1650,2747,4975,6980,4533,3298,525,1826,15414,11558,0.0501423709979859,0.0572956455309396,0.0953885686506007,0.1727550524341968,0.2423779429127022,0.2901590388221404,0.4013473157858184,0.5352455031599417,0.5013542607125495,2022
8회지방선거_기초의원지역구,경상북도,상주시,121323606,36,84980,54367,52041,2326,4306.0,11680.0,0.0,0.0,0.0,0.0,0.0,0.0,0.0,0.0,0.0,0.0,0.0,0.0,0.0,7137.0,상주시,상주시가선거구,0.1862215110496043,0.5051247675474636,0.0,0.0,0.0,0.0,0.0,0.0,0.0,0.0,0.0,0.0,0.0,0.0,0.0,0.3086537214029321,2022,37080,상주시,93208,46019,47189,5137,7067,7784,6986,10516,15395,18814,12121,8693,1290,7766,54623,30819,0.0835121448802677,0.074950648013046,0.1128229336537636,0.1651682259033559,0.20184962664149,0.2371470260063513,0.3306475838983778,0.5860333876920436,0.5062762852973993,2022
8회지방선거_기초의원지역구,경상북도,성주군,60661803,18,39451,26634,25420,1214,1205.0,7227.0,0.0,0.0,0.0,0.0,0.0,0.0,0.0,0.0,0.0,0.0,0.0,0.0,0.0,4106.0,성주군,성주군가선거구,0.09610783219014196,0.57640772052959,0.0,0.0,0.0,0.0,0.0,0.0,0.0,0.0,0.0,0.0,0.0,0.0,0.0,0.327484447280268,2022,37580,성주군,40851,21423,19428,1805,1902,3039,3622,4273,7139,9358,5811,3530,541,2600,24211,14040,0.0743923037379745,0.0886636802036669,0.1045996426036082,0.1747570438912144,0.229076399598541,0.2419035029742234,0.3436880370125578,0.5926660302073389,0.4755819930968642,2022
8회지방선거_기초의원지역구,경상북도,안동시,161764808,48,135862,74533,70637,3896,8282.0,18779.0,1346.0,0.0,0.0,0.0,0.0,0.0,0.0,0.0,0.0,0.0,0.0,0.0,0.0,15826.0,안동시,안동시가선거구,0.18723577419573623,0.4245472837022133,0.030429769629010017,0.0,0.0,0.0,0.0,0.0,0.0,0.0,0.0,0.0,0.0,0.0,0.0,0.3577871724730405,2022,37040,안동시,156025,77217,78808,10500,13823,17509,14559,20794,25136,26609,16490,10385,1529,15496,99967,40562,0.112219195641724,0.0933119692356994,0.1332735138599583,0.1611023874379105,0.1705431821823425,0.1820477487582118,0.2599711584681942,0.6407114244512098,0.5050985419003365,2022
8회지방선거_기초의원지역구,경상북도,영덕군,40441202,12,32124,21558,20693,865,1818.0,4095.0,0.0,0.0,0.0,0.0,0.0,0.0,0.0,0.0,0.0,0.0,0.0,0.0,0.0,3293.0,영덕군,영덕군가선거구,0.19747990441016727,0.444818596567456,0.0,0.0,0.0,0.0,0.0,0.0,0.0,0.0,0.0,0.0,0.0,0.0,0.0,0.3577014990223767,2022,37550,영덕군,33516,16283,17233,1540,1649,1983,2492,3497,5563,7084,5469,3920,492,2222,17952,13342,0.0591657715717866,0.0743525480367585,0.1043382265186776,0.1659804272586227,0.2113617376775271,0.2948144169948681,0.398078529657477,0.53562477622628,0.514172335600907,2022
8회지방선거_기초의원지역구,경상북도,영양군,40441202,12,14920,11532,11188,344,1690.0,2125.0,0.0,0.0,0.0,0.0,0.0,0.0,0.0,0.0,0.0,0.0,0.0,0.0,0.0,1809.0,영양군,영양군가선거구,0.30049786628734,0.3778449502133713,0.0,0.0,0.0,0.0,0.0,0.0,0.0,0.0,0.0,0.0,0.0,0.0,0.0,0.3216571834992888,2022,37540,영양군,15333,7589,7744,664,749,797,1026,1499,2628,3519,2453,1805,252,987,8183,6163,0.0519793908563229,0.0669144981412639,0.097762994847714,0.1713950303267462,0.2295049892388965,0.2941368290615013,0.4019435205113155,0.5336855149024978,0.5050544577056023,2022
8회지방선거_기초의원지역구,경상북도,영주시,121323606,36,89061,56296,54066,2230,6343.0,13160.0,0.0,0.0,0.0,0.0,0.0,0.0,0.0,0.0,0.0,0.0,0.0,0.0,0.0,14085.0,영주시,영주시가선거구,0.1888472073359533,0.39180659759437897,0.0,0.0,0.0,0.0,0.0,0.0,0.0,0.0,0.0,0.0,0.0,0.0,0.0,0.41934619506966775,2022,37060,영주시,101521,50654,50867,6153,9064,9913,8067,12894,16794,19010,11876,7448,1134,9414,62667,29440,0.0976448222535239,0.0794613922242688,0.1270082051989243,0.1654239024438293,0.1872518986219599,0.2015149574964785,0.289989263305129,0.6172811536529388,0.5010490440401494,2022
8회지방선거_기초의원지역구,경상북도,영천시,80882404,24,90932,51706,49199,2507,7039.0,13358.0,0.0,0.0,0.0,0.0,0.0,0.0,0.0,0.0,0.0,0.0,0.0,0.0,0.0,5836.0,영천시,영천시가선거구,0.268326154080738,0.5092059619563145,0.0,0.0,0.0,0.0,0.0,0.0,0.0,0.0,0.0,0.0,0.0,0.0,0.0,0.22246788396294742,2022,37070,영천시,99741,51094,48647,5823,6145,9174,10049,12050,17223,19154,12430,7387,895,8192,62024,29525,0.0919782235991217,0.1007509449474138,0.1208129054250508,0.1726772340361536,0.1920373768059273,0.2076578337895148,0.2960166832095126,0.6218505930359631,0.4877332290632739,2022
8회지방선거_기초의원지역구,경상북도,예천군,60661803,18,38351,23428,22536,892,2241.0,6115.0,0.0,0.0,0.0,0.0,0.0,0.0,0.0,0.0,0.0,0.0,0.0,0.0,0.0,3440.0,예천군,예천군가선거구,0.1899796541200407,0.5183960664632079,0.0,0.0,0.0,0.0,0.0,0.0,0.0,0.0,0.0,0.0,0.0,0.0,0.0,0.29162427941675145,2022,37600,예천군,54448,26636,27812,4743,4333,3762,5270,7148,7576,9675,6534,5206,712,6696,30601,17151,0.0690934469585659,0.0967895974140464,0.1312812224507787,0.1391419335880105,0.177692477225977,0.2286952688803996,0.314997796062298,0.5620224801645607,0.5107992947399354,2022
8회지방선거_기초의원지역구,경상북도,울릉군,40441202,12,8339,6796,6615,181,0.0,1481.0,0.0,0.0,0.0,0.0,0.0,0.0,0.0,0.0,0.0,0.0,0.0,0.0,0.0,1809.0,울릉군,울릉군가선거구,0.0,0.4501519756838906,0.0,0.0,0.0,0.0,0.0,0.0,0.0,0.0,0.0,0.0,0.0,0.0,0.0,0.5498480243161095,2022,37630,울릉군,8288,4619,3669,398,372,673,822,1156,1660,1744,988,460,67,557,5464,2267,0.0812017374517374,0.0991795366795366,0.1394787644787644,0.2002895752895752,0.2104247104247104,0.1827944015444015,0.2735279922779923,0.6592664092664092,0.4426882239382239,2022
8회지방선거_기초의원지역구,경상북도,울진군,60661803,18,42063,28314,27086,1228,506.0,5719.0,0.0,0.0,0.0,0.0,0.0,0.0,0.0,0.0,0.0,0.0,0.0,0.0,0.0,4260.0,울진군,울진군가선거구,0.04825941821649976,0.545445875059609,0.0,0.0,0.0,0.0,0.0,0.0,0.0,0.0,0.0,0.0,0.0,0.0,0.0,0.4062947067238913,2022,37620,울진군,45954,23960,21994,2813,3176,3619,4610,5928,7837,8570,5278,3788,655,4058,28301,13595,0.0787526657091874,0.1003177090133611,0.1289985637811724,0.170540105322714,0.1864908386647517,0.2115376245811028,0.295839317578448,0.6158549854202028,0.4786090438264351,2022
8회지방선거_기초의원지역구,경상북도,의성군,80882404,24,40238,29593,28153,1440,1239.0,7617.0,0.0,0.0,0.0,0.0,0.0,0.0,0.0,0.0,0.0,0.0,0.0,0.0,0.0,7048.0,의성군,의성군가선거구,0.07790492957746478,0.4789361167002012,0.0,0.0,0.0,0.0,0.0,0.0,0.0,0.0,0.0,0.0,0.0,0.0,0.0,0.443158953722334,2022,37520,의성군,47775,23322,24453,1890,1875,2401,2964,3941,7407,11879,8433,6321,844,2650,23748,21377,0.0502564102564102,0.0620408163265306,0.0824908424908424,0.1550392464678179,0.2486446886446886,0.3264887493458922,0.4474515960230246,0.4970800627943485,0.5118367346938776,2022
8회지방선거_기초의원지역구,경상북도,청도군,40441202,12,38574,27312,25950,1362,1962.0,4801.0,0.0,0.0,0.0,0.0,0.0,0.0,0.0,0.0,0.0,0.0,0.0,0.0,0.0,3369.0,청도군,청도군가선거구,0.19364390051322541,0.4738452427951046,0.0,0.0,0.0,0.0,0.0,0.0,0.0,0.0,0.0,0.0,0.0,0.0,0.0,0.33251085669166996,2022,37560,청도군,40045,19395,20650,1425,2404,2532,2691,3827,6460,9487,6529,4257,605,2189,22007,15849,0.0632288675240354,0.0671994006742414,0.0955674865776002,0.1613185166687476,0.2369084779622924,0.2844549881383443,0.3957797477837433,0.54955674865776,0.515669871394681,2022
8회지방선거_기초의원지역구,경상북도,청송군,40441202,12,22790,16846,16331,515,2411.0,3641.0,0.0,0.0,0.0,0.0,0.0,0.0,0.0,0.0,0.0,0.0,0.0,0.0,0.0,1467.0,청송군,청송군가선거구,0.320654342332757,0.4842399255220109,0.0,0.0,0.0,0.0,0.0,0.0,0.0,0.0,0.0,0.0,0.0,0.0,0.0,0.19510573214523208,2022,37530,청송군,23173,11547,11626,941,932,1284,1604,2127,4049,5562,3845,2575,357,1337,12439,9397,0.0554093125620334,0.0692184870323221,0.0917878565572001,0.1747292107193716,0.2400207137617054,0.2924524230785828,0.4055150390540715,0.5367885038622535,0.5017045699736763,2022
8회지방선거_기초의원지역구,경상북도,칠곡군,40441202,12,44006,21848,21026,822,3159.0,3835.0,0.0,0.0,0.0,0.0,0.0,0.0,0.0,0.0,0.0,0.0,0.0,0.0,0.0,1853.0,칠곡군,칠곡군나선거구,0.3570701932858596,0.4334802757997061,0.0,0.0,0.0,0.0,0.0,0.0,0.0,0.0,0.0,0.0,0.0,0.0,0.0,0.20944953091443427,2022,37590,칠곡군,113549,59460,54089,9088,10640,11690,14381,20626,20055,15039,7642,4839,712,13584,80515,19450,0.1029511488432306,0.1266501686496578,0.181648451329382,0.1766197852909316,0.1324450237342468,0.1161877251230746,0.171291689050542,0.7090771385040819,0.4763494174321218,2022
8회지방선거_기초의원지역구,경상북도,포항시남구,101103005,30,196727,90448,87153,3295,18308.0,17055.0,0.0,0.0,0.0,0.0,0.0,0.0,0.0,0.0,0.0,0.0,0.0,0.0,0.0,10924.0,포항시남구,포항시사선거구,0.3955322228703524,0.36846198716702316,0.0,0.0,0.0,0.0,0.0,0.0,0.0,0.0,0.0,0.0,0.0,0.0,0.0,0.2360057899626245,2022,37011,포항시 남구,227243,118920,108323,17325,20498,24887,26096,35034,39769,38484,18885,7626,894,25801,156658,44784,0.109517124839929,0.114837420734632,0.154169765405315,0.175006490849003,0.1693517512090581,0.1205977741888639,0.1970753774593716,0.6893853716066062,0.4766835502083673,2022
8회지방선거_기초의원지역구,경상북도,포항시북구,121323606,36,230960,105774,103179,2595,18062.0,24456.0,0.0,0.0,0.0,0.0,0.0,0.0,0.0,0.0,0.0,0.0,0.0,0.0,0.0,11778.0,포항시북구,포항시가선거구,0.3326580226904376,0.4504199204361279,0.0,0.0,0.0,0.0,0.0,0.0,0.0,0.0,0.0,0.0,0.0,0.0,0.0,0.2169220568734345,2022,37012,포항시 북구,269365,133717,135648,22143,23910,28752,30753,40151,47188,45525,21698,10267,1553,32096,183671,53598,0.1067399253800605,0.1141685074155885,0.1490579696694076,0.1751823733595678,0.1690085942865628,0.1244333896385944,0.1989790804298999,0.6818666122176229,0.5035843557997512,2022
8회지방선거_기초의원지역구,광주광역시,광산구,101103005,30,326410,108823,104607,4216,13225.0,1698.0,0.0,0.0,0.0,0.0,0.0,0.0,0.0,0.0,0.0,0.0,0.0,0.0,0.0,31091.0,광산구,광산구가선거구,0.28741252662233235,0.03690181249185031,0.0,0.0,0.0,0.0,0.0,0.0,0.0,0.0,0.0,0.0,0.0,0.0,0.0,0.6756856608858174,2022,24050,광산구,421755,213534,208221,41007,51274,63422,56123,76874,70609,39041,17744,9442,1412,61257,317133,43365,0.1503764033621415,0.1330701473604343,0.1822716980237341,0.1674171023461488,0.0925679600716055,0.0678071392158954,0.1028203577906604,0.7519365508411281,0.4937013194864317,2022
8회지방선거_기초의원지역구,광주광역시,남구,60661803,18,180158,71496,69156,2340,12094.0,3806.0,1098.0,0.0,0.0,0.0,0.0,0.0,0.0,0.0,0.0,0.0,0.0,0.0,0.0,11868.0,남구,남구가선거구,0.41897041502113214,0.13185062010669993,0.03803782997297859,0.0,0.0,0.0,0.0,0.0,0.0,0.0,0.0,0.0,0.0,0.0,0.0,0.41114113489918935,2022,24030,남구,214531,102898,111633,18123,22125,27057,24366,33660,33395,30060,18181,8747,1177,27040,146179,41312,0.1261216327710214,0.1135779910595671,0.1569004013405988,0.1556651486265388,0.1401196097533689,0.1310067076553039,0.192568906125455,0.6813887037304632,0.5203583631270073,2022
8회지방선거_기초의원지역구,광주광역시,동구,40441202,12,90255,38373,37078,1295,5280.0,2419.0,0.0,0.0,0.0,0.0,0.0,0.0,0.0,0.0,0.0,0.0,0.0,0.0,0.0,9870.0,동구,동구가선거구,0.30052934145369686,0.13768569639706302,0.0,0.0,0.0,0.0,0.0,0.0,0.0,0.0,0.0,0.0,0.0,0.0,0.0,0.5617849621492401,2022,24010,동구,111181,55149,56032,8416,8116,18219,14520,14451,15845,15554,10353,5614,832,11149,76085,23947,0.1638679270738705,0.1305978539498655,0.1299772443133269,0.1425153578399187,0.1398980041553862,0.1510959606407569,0.2153875212491343,0.6843345535658071,0.5039710022395913,2022
8회지방선거_기초의원지역구,광주광역시,북구,121323606,36,363222,137847,133067,4780,22698.0,8092.0,0.0,0.0,0.0,0.0,0.0,0.0,0.0,0.0,0.0,0.0,0.0,0.0,0.0,25082.0,북구,북구가선거구,0.40625,0.1448310423825888,0.0,0.0,0.0,0.0,0.0,0.0,0.0,0.0,0.0,0.0,0.0,0.0,0.0,0.44891895761741124,2022,24040,북구,434712,216165,218547,34555,41362,64844,54659,65443,72147,58524,30949,14325,1885,50180,313258,71274,0.1491654244649331,0.1257361195458142,0.1505433482397541,0.1659650527245624,0.1346270634351018,0.1084833176907929,0.163956826588638,0.7206104271333664,0.5027397449345774,2022
8회지방선거_기초의원지역구,광주광역시,서구,80882404,24,246841,97930,93033,4897,19202.0,1985.0,0.0,0.0,0.0,0.0,0.0,0.0,0.0,0.0,57.0,0.0,0.0,0.0,0.0,26893.0,서구,서구가선거구,0.3989031306479423,0.04123647090595592,0.0,0.0,0.0,0.0,0.0,0.0,0.0,0.0,0.0011841203232440742,0.0,0.0,0.0,0.0,0.5586762781228577,2022,24020,서구,286793,141113,145680,21489,27647,40793,34601,45938,50684,37745,20089,9281,1219,32456,208011,46326,0.1422384786239552,0.1206479935005387,0.1601782470283445,0.1767267680870872,0.1316106041639789,0.1066588096641131,0.1615311391840107,0.7253001293615953,0.5079621887563504,2022
8회지방선거_기초의원지역구,대구광역시,남구,60661803,18,129053,54688,52931,1757,9881.0,8396.0,0.0,0.0,0.0,0.0,0.0,0.0,0.0,0.0,0.0,0.0,0.0,0.0,0.0,1892.0,남구,남구가선거구,0.4899102583172195,0.4162824136050374,0.0,0.0,0.0,0.0,0.0,0.0,0.0,0.0,0.0,0.0,0.0,0.0,0.0,0.09380732807774307,2022,22040,남구,142675,67983,74692,6687,9027,20697,16644,18279,23322,24168,15216,8248,1116,9624,97160,35891,0.1450639565445943,0.1166567373401086,0.1281163483441387,0.1634624145785877,0.169391974767829,0.1722796565621167,0.2515577361135447,0.6809882600315402,0.523511477133345,2022
8회지방선거_기초의원지역구,대구광역시,달서구,141544207,42,402583,168082,162411,5671,32692.0,31998.0,0.0,0.0,0.0,0.0,0.0,0.0,0.0,0.0,0.0,0.0,0.0,0.0,0.0,6982.0,달서구,달서구가선거구,0.4561334970420806,0.4464504967072218,0.0,0.0,0.0,0.0,0.0,0.0,0.0,0.0,0.0,0.0,0.0,0.0,0.0,0.09741600625069763,2022,22070,달서구,545073,269226,275847,39218,51813,76394,63756,82910,100210,80462,36928,16548,1889,58846,397418,88809,0.1401537041827425,0.116967818989383,0.1521080662590148,0.1838469342638509,0.1476169247054981,0.1015735506987137,0.1629304698636696,0.7291096788870481,0.5060734984121393,2022
8회지방선거_기초의원지역구,대구광역시,달성군,80882404,24,214580,91318,88771,2547,16887.0,13258.0,0.0,0.0,0.0,0.0,0.0,0.0,0.0,0.0,0.0,0.0,0.0,0.0,0.0,4096.0,달성군,달성군가선거구,0.4931806898163021,0.3871966356122777,0.0,0.0,0.0,0.0,0.0,0.0,0.0,0.0,0.0,0.0,0.0,0.0,0.0,0.11962267457142023,2022,22510,달성군,266123,135333,130790,30542,25172,27747,41518,46075,41037,33355,15315,7414,1094,41337,187211,37575,0.1042638178586593,0.1560105665425386,0.1731342274061242,0.15420313163462,0.1253367803609609,0.0895187563645382,0.1411941094907242,0.7034754605952886,0.4914644731947257,2022
8회지방선거_기초의원지역구,대구광역시,동구,121323606,36,297073,130980,125297,5683,23783.0,23308.0,773.0,0.0,0.0,0.0,0.0,0.0,0.0,0.0,0.0,0.0,0.0,0.0,0.0,4462.0,동구,동구가선거구,0.45451591942820013,0.4454382142720636,0.014772770706723235,0.0,0.0,0.0,0.0,0.0,0.0,0.0,0.0,0.0,0.0,0.0,0.0,0.08527309559301303,2022,22020,동구,332954,162916,170038,25483,25288,37278,42218,49263,54763,53497,31357,14924,1692,35654,225064,72236,0.1119614120869549,0.126798296461373,0.1479573754933114,0.1644761738858821,0.1606738468377013,0.1440829664157811,0.2169548946701346,0.6759612438955531,0.5106951711047172,2022
8회지방선거_기초의원지역구,대구광역시,북구,141544207,42,373423,160394,154149,6245,33496.0,25970.0,0.0,0.0,0.0,0.0,0.0,0.0,0.0,0.0,0.0,0.0,0.0,0.0,0.0,10855.0,북구,북구가선거구,0.476329972554429,0.3693064660627693,0.0,0.0,0.0,0.0,0.0,0.0,0.0,0.0,0.0,0.0,0.0,0.0,0.0,0.15436356138280172,2022,22050,북구,439303,218472,220831,33407,41659,65899,51937,67518,77575,59425,29806,14411,1619,48770,320060,70473,0.1500080809828296,0.1182259169639178,0.153693464419774,0.1765865473261052,0.1352710999014347,0.1043380081629308,0.1604200290004848,0.7285632012528938,0.5026849349993057,2022
8회지방선거_기초의원지역구,대구광역시,서구,80882404,24,148238,66434,64101,2333,10131.0,13645.0,0.0,0.0,0.0,0.0,0.0,0.0,0.0,0.0,0.0,0.0,0.0,0.0,0.0,3916.0,서구,서구가선거구,0.3658457316192402,0.4927415860176224,0.0,0.0,0.0,0.0,0.0,0.0,0.0,0.0,0.0,0.0,0.0,0.0,0.0,0.14141268236313737,2022,22030,서구,160754,79872,80882,7182,9742,18561,16972,20278,30272,31693,17848,8162,945,10703,108948,41103,0.1154621346902721,0.1055774661905769,0.1261430508727621,0.1883125769809771,0.1971521703970041,0.1676785647635517,0.2556888164524677,0.6777311917588364,0.5031414459360265,2022
8회지방선거_기초의원지역구,대구광역시,수성구,121323606,36,349048,157481,151341,6140,26249.0,28526.0,0.0,0.0,0.0,0.0,0.0,0.0,0.0,0.0,0.0,0.0,0.0,0.0,0.0,10238.0,수성구,수성구가선거구,0.40375001922692383,0.4387737837047975,0.0,0.0,0.0,0.0,0.0,0.0,0.0,0.0,0.0,0.0,0.0,0.0,0.0,0.15747619706827864,2022,22060,수성구,402458,194837,207621,31039,46327,46145,39880,66657,74186,55496,29992,15219,1965,49777,281246,71435,0.1146579270383493,0.0990910852809485,0.1656247359972966,0.1843322781507635,0.1378926496677914,0.1172196850354571,0.1774967822729328,0.6988207465126796,0.515882402635803,2022
8회지방선거_기초의원지역구,대구광역시,중구,40441202,12,68825,29533,28384,1149,6217.0,6220.0,0.0,0.0,0.0,0.0,0.0,0.0,63.0,0.0,0.0,0.0,0.0,0.0,0.0,1111.0,중구,중구가선거구,0.4567629123503049,0.4569833223128352,0.0,0.0,0.0,0.0,0.0,0.0,0.0046286092131364335,0.0,0.0,0.0,0.0,0.0,0.0,0.08162515612372345,2022,22010,중구,77512,37059,40453,6074,5161,11678,11746,11082,11337,10204,6928,3459,427,8085,53869,15558,0.1506605428836825,0.1515378264010733,0.1429714108783156,0.1462612240685313,0.131644132521416,0.1395138817215399,0.200717308287749,0.6949762617401176,0.5218933842501806,2022
8회지방선거_기초의원지역구,대전광역시,대덕구,40441202,12,98912,49595,45279,4316,12729.0,13850.0,0.0,0.0,0.0,0.0,0.0,0.0,0.0,0.0,0.0,0.0,0.0,0.0,0.0,2759.0,대덕구,대덕구가선거구,0.4338741563842116,0.47208398663848933,0.0,0.0,0.0,0.0,0.0,0.0,0.0,0.0,0.0,0.0,0.0,0.0,0.0,0.09404185697729907,2022,25050,대덕구,174695,88590,86105,11271,15368,24674,20240,25130,32575,27286,12590,6120,768,16913,127023,30759,0.1412404476373107,0.1158590686625261,0.143850711239589,0.1864678439566101,0.1561922207275537,0.1114971808008243,0.1760725836457826,0.7271129683162082,0.4928876041100203,2022
8회지방선거_기초의원지역구,대전광역시,동구,40441202,12,135509,68185,62515,5670,7131.0,8606.0,0.0,0.0,0.0,0.0,0.0,0.0,0.0,0.0,0.0,0.0,0.0,0.0,0.0,0.0,동구,동구가선거구,0.4531359217131601,0.5468640782868399,0.0,0.0,0.0,0.0,0.0,0.0,0.0,0.0,0.0,0.0,0.0,0.0,0.0,0.0,2022,25010,동구,231324,116188,115136,15102,22012,37785,25299,32456,35316,34315,19480,9884,1432,22331,162917,46076,0.1633423250505784,0.1093660839342221,0.1403053725510539,0.1526689837630336,0.1483417198388407,0.1331292905189258,0.19918382874237,0.7042805761615742,0.4977261330428317,2022
8회지방선거_기초의원지역구,대전광역시,서구,101103005,30,347453,164838,150128,14710,24083.0,21778.0,0.0,0.0,0.0,0.0,0.0,0.0,0.0,0.0,0.0,0.0,0.0,0.0,0.0,4773.0,서구,서구가선거구,0.4756290239759845,0.43010625271556663,0.0,0.0,0.0,0.0,0.0,0.0,0.0,0.0,0.0,0.0,0.0,0.0,0.0,0.09426472330844887,2022,25030,서구,474248,232872,241376,38567,48455,75110,63815,74166,76085,60256,27481,12916,1887,56871,349665,67712,0.1583770516691688,0.134560398778698,0.1563865319410941,0.1604329380408562,0.1270558863716873,0.0891601018876199,0.142777618461227,0.7373041109293028,0.5089657731819639,2022
8회지방선거_기초의원지역구,대전광역시,유성구,80882404,24,289980,149543,139781,9762,22782.0,27277.0,0.0,0.0,0.0,0.0,0.0,0.0,0.0,0.0,0.0,0.0,0.0,0.0,0.0,7879.0,유성구,유성구가선거구,0.3932134350512617,0.4707963685318789,0.0,0.0,0.0,0.0,0.0,0.0,0.0,0.0,0.0,0.0,0.0,0.0,0.0,0.1359901964168594,2022,25040,유성구,369281,189660,179621,36067,39856,63149,55698,60042,55907,38966,14809,7362,1277,51038,279270,38973,0.1710052778236627,0.150828231076064,0.1625916307635648,0.1513941957479534,0.1055185617456625,0.0634963618491067,0.1055375175002234,0.7562533680313908,0.4864073699973733,2022
8회지방선거_기초의원지역구,대전광역시,중구,60661803,18,199894,100323,91337,8986,15132.0,16313.0,0.0,0.0,0.0,0.0,0.0,0.0,0.0,0.0,0.0,0.0,0.0,0.0,0.0,0.0,중구,중구가선거구,0.48122117983781204,0.5187788201621879,0.0,0.0,0.0,0.0,0.0,0.0,0.0,0.0,0.0,0.0,0.0,0.0,0.0,0.0,2022,25020,중구,224114,109817,114297,14852,20004,27879,24524,33375,37545,34764,20889,10730,1399,22524,152774,48816,0.1243965124891796,0.10942645260894,0.1489197462005943,0.1675263481977922,0.1551174848514595,0.1473268068929205,0.2178177177686356,0.6816798593572914,0.5099949133030511,2022
8회지방선거_기초의원지역구,부산광역시,강서구,40441202,12,112859,51484,48500,2984,11292.0,8549.0,0.0,0.0,0.0,0.0,0.0,0.0,0.0,0.0,0.0,0.0,0.0,0.0,0.0,5550.0,강서구,강서구가선거구,0.44472450868417945,0.3366941042101532,0.0,0.0,0.0,0.0,0.0,0.0,0.0,0.0,0.0,0.0,0.0,0.0,0.0,0.21858138710566735,2022,21120,강서구,143734,75952,67782,20887,13271,12977,27424,27734,16815,16604,7130,2704,330,27435,98787,17512,0.0902848317030069,0.1907968886971767,0.1929536504932723,0.1169869341978933,0.115518944717325,0.0707139577274688,0.1218361695910501,0.6872904114544923,0.4715794453643536,2022
8회지방선거_기초의원지역구,부산광역시,금정구,80882404,24,200445,102854,96753,6101,21264.0,30614.0,0.0,0.0,0.0,0.0,0.0,0.0,0.0,0.0,0.0,0.0,0.0,0.0,0.0,3105.0,금정구,금정구가선거구,0.38673771893130604,0.5567902806321954,0.0,0.0,0.0,0.0,0.0,0.0,0.0,0.0,0.0,0.0,0.0,0.0,0.0,0.056472000436498554,2022,21110,금정구,227484,110587,116897,12246,17809,36515,23215,29108,36750,39135,22567,10251,1402,18344,157008,52132,0.1605167835979673,0.1020511332665154,0.1279562518682632,0.1615498232842749,0.1720340771219074,0.1504281619806228,0.2291677656450563,0.6901935960331276,0.5138691072778745,2022
8회지방선거_기초의원지역구,부산광역시,기장군,60661803,18,143871,64240,61125,3115,11254.0,9648.0,0.0,0.0,0.0,0.0,0.0,0.0,0.0,0.0,0.0,0.0,0.0,0.0,0.0,1189.0,기장군,기장군가선거구,0.5094382327644742,0.436738943461138,0.0,0.0,0.0,0.0,0.0,0.0,0.0,0.0,0.0,0.0,0.0,0.0,0.0,0.05382282377438776,2022,21510,기장군,174501,86365,88136,19343,17801,15808,23631,32859,25135,22327,13087,5918,844,27173,117121,30207,0.0905897387407522,0.1354204273901009,0.1883026458301098,0.1440392891731279,0.1279476908441785,0.1137471991564518,0.173105025186102,0.6711766694746735,0.5050744694872809,2022
8회지방선거_기초의원지역구,부산광역시,남구,60661803,18,146771,78325,72794,5531,17527.0,21240.0,0.0,0.0,0.0,0.0,0.0,0.0,0.0,0.0,0.0,0.0,0.0,0.0,0.0,2446.0,남구,남구나선거구,0.4252784315628564,0.515371363404751,0.0,0.0,0.0,0.0,0.0,0.0,0.0,0.0,0.0,0.0,0.0,0.0,0.0,0.05935020503239269,2022,21070,남구,258062,126131,131931,17033,22023,37732,26982,38319,40685,40709,25169,10491,1114,25540,176688,55834,0.1462129255760243,0.1045562694236268,0.1484875727538343,0.1576559121451434,0.1577489130519022,0.1425006393812339,0.2163588594988801,0.6846726755585867,0.5112376095666933,2022
8회지방선거_기초의원지역구,부산광역시,동구,40441202,12,80869,40823,37531,3292,9400.0,7908.0,0.0,0.0,0.0,0.0,0.0,0.0,0.0,0.0,0.0,0.0,0.0,0.0,0.0,824.0,동구,동구가선거구,0.5184204720935363,0.43613500992720056,0.0,0.0,0.0,0.0,0.0,0.0,0.0,0.0,0.0,0.0,0.0,0.0,0.0,0.04544451797926318,2022,21030,동구,85918,41697,44221,4319,4563,9773,10777,11212,13584,15575,10694,5274,609,5991,55886,24041,0.1137479922717009,0.125433552922554,0.1304965199376149,0.158104238925487,0.1812774971484438,0.1929397797900323,0.2798133103656975,0.6504574128820503,0.5146884238459927,2022
8회지방선거_기초의원지역구,부산광역시,동래구,101103005,30,234034,116771,111304,5467,25834.0,28795.0,0.0,0.0,0.0,0.0,0.0,0.0,0.0,0.0,0.0,0.0,0.0,0.0,0.0,2743.0,동래구,동래구가선거구,0.4502893397476121,0.5018998814752841,0.0,0.0,0.0,0.0,0.0,0.0,0.0,0.0,0.0,0.0,0.0,0.0,0.0,0.04781077877710382,2022,21060,동래구,267292,129093,138199,21825,24133,28647,31750,42629,42868,42431,24058,10242,1334,31901,180196,55195,0.1071749248013408,0.1187839516334196,0.1594847582419226,0.1603789114526435,0.1587439953309489,0.1333148766143393,0.2064970145009951,0.6741541086152971,0.5170338057255736,2022
8회지방선거_기초의원지역구,부산광역시,부산진구,101103005,30,193131,92619,87855,4764,31586.0,21043.0,0.0,0.0,0.0,0.0,0.0,0.0,0.0,0.0,0.0,0.0,0.0,0.0,0.0,1641.0,부산진구,부산진구가선거구,0.5820158466924636,0.3877464529205823,0.0,0.0,0.0,0.0,0.0,0.0,0.0,0.0,0.0,0.0,0.0,0.0,0.0,0.030237700386954117,2022,21050,부산진구,350426,167405,183021,21418,24727,52174,47097,47988,54368,56780,32155,14524,1561,30409,245847,74170,0.1488873542488285,0.1343992740264706,0.1369418935809557,0.1551483052056639,0.1620313561208357,0.1376610183034363,0.2116566693110671,0.701566093840069,0.5222814517187652,2022
8회지방선거_기초의원지역구,부산광역시,북구,80882404,24,211292,108270,100853,7417,26915.0,30947.0,0.0,0.0,0.0,0.0,0.0,0.0,0.0,0.0,0.0,0.0,0.0,0.0,0.0,2757.0,북구,북구가선거구,0.44400270542239234,0.510516504726241,0.0,0.0,0.0,0.0,0.0,0.0,0.0,0.0,0.0,0.0,0.0,0.0,0.0,0.045480789851366735,2022,21080,북구,275580,135387,140193,19341,20894,32969,33318,37971,49850,49457,23097,9669,1170,27637,192855,55088,0.1196349517381522,0.1209013716525147,0.1377857609405617,0.1808912112635169,0.1794651280934756,0.1231439146527324,0.1998983961100225,0.6998149357718267,0.5087197909862835,2022
8회지방선거_기초의원지역구,부산광역시,사상구,20220601,6,57509,26370,24278,2092,3533.0,4296.0,0.0,0.0,0.0,0.0,0.0,0.0,0.0,0.0,0.0,0.0,0.0,0.0,0.0,711.0,사상구,사상구가선거구,0.4137002341920375,0.5030444964871195,0.0,0.0,0.0,0.0,0.0,0.0,0.0,0.0,0.0,0.0,0.0,0.0,0.0,0.0832552693208431,2022,21150,사상구,206948,103562,103386,11584,14599,29495,24325,27290,36562,38529,18345,6900,771,16857,147558,42533,0.1425237257668593,0.1175416046543093,0.1318688752730154,0.1766724007963353,0.186177203935288,0.1257127394321278,0.2055250594352204,0.7130196957689855,0.4995747724065948,2022
8회지방선거_기초의원지역구,부산광역시,사하구,101103005,30,268863,126510,116508,10002,19707.0,29103.0,0.0,0.0,0.0,0.0,0.0,0.0,0.0,0.0,0.0,0.0,0.0,0.0,0.0,1863.0,사하구,사하구가선거구,0.38890533420164586,0.5743295245988989,0.0,0.0,0.0,0.0,0.0,0.0,0.0,0.0,0.0,0.0,0.0,0.0,0.0,0.03676514119945533,2022,21100,사하구,303000,150370,152630,19258,24704,37361,34852,43337,51093,53599,28056,11596,1540,28436,209107,65457,0.1233036303630363,0.115023102310231,0.143026402640264,0.1686237623762376,0.1768943894389439,0.1359471947194719,0.216029702970297,0.6901221122112211,0.5037293729372937,2022
8회지방선거_기초의원지역구,부산광역시,서구,40441202,12,93426,47041,44165,2876,5796.0,7771.0,0.0,0.0,0.0,0.0,0.0,0.0,0.0,0.0,0.0,0.0,0.0,0.0,0.0,3829.0,서구,서구가선거구,0.333180041388825,0.44671188779029664,0.0,0.0,0.0,0.0,0.0,0.0,0.0,0.0,0.0,0.0,0.0,0.0,0.0,0.22010807082087835,2022,21020,서구,104824,50647,54177,5811,7204,13416,10932,13820,16462,18875,12299,5955,743,8482,68464,27878,0.1279859574143326,0.1042890941005876,0.1318400366328321,0.1570441883538121,0.1800637258643058,0.1812275814698924,0.2659505456765626,0.6531328703350378,0.5168377470808212,2022
8회지방선거_기초의원지역구,부산광역시,수영구,40441202,12,83191,38921,37419,1502,12108.0,23588.0,0.0,0.0,0.0,0.0,0.0,0.0,0.0,0.0,0.0,0.0,0.0,0.0,0.0,1723.0,수영구,수영구나선거구,0.3235789304898581,0.6303749432106683,0.0,0.0,0.0,0.0,0.0,0.0,0.0,0.0,0.0,0.0,0.0,0.0,0.0,0.04604612629947353,2022,21140,수영구,170007,79729,90278,10316,10519,22167,23024,23597,25955,28499,17832,8086,1111,14485,114859,40663,0.130388748698583,0.1354297175998635,0.1388001670519449,0.1526701841688871,0.1676342738828401,0.1589875711000135,0.239184268883046,0.6756133570970607,0.531025193080285,2022
8회지방선거_기초의원지역구,부산광역시,연제구,60661803,18,141109,72581,69773,2808,14953.0,17043.0,0.0,0.0,0.0,0.0,0.0,0.0,0.0,0.0,0.0,0.0,0.0,0.0,0.0,6094.0,연제구,연제구가선거구,0.3925702284064059,0.44744027303754264,0.0,0.0,0.0,0.0,0.0,0.0,0.0,0.0,0.0,0.0,0.0,0.0,0.0,0.15998949855605146,2022,21130,연제구,199751,95333,104418,14481,15305,22904,25097,30062,32179,33257,18960,8174,936,20603,135658,43490,0.114662755130137,0.1256414235723475,0.1504973692246847,0.1610955639771515,0.1664922828922007,0.1405249535671911,0.2177210627230902,0.6791355237270401,0.5227408123113276,2022
8회지방선거_기초의원지역구,부산광역시,영도구,40441202,12,99395,50224,46044,4180,6884.0,6285.0,0.0,0.0,0.0,0.0,0.0,149.0,0.0,0.0,0.0,0.0,0.0,0.0,0.0,3908.0,영도구,영도구가선거구,0.3996284685939858,0.3648554510623476,0.0,0.0,0.0,0.0,0.0,0.00864971554626727,0.0,0.0,0.0,0.0,0.0,0.0,0.0,0.22686636479739927,2022,21040,영도구,109889,55037,54852,5093,7643,13422,10315,13830,17289,21553,14298,6417,659,7675,70519,31695,0.1221414336284796,0.0938674480612254,0.1258542711281384,0.1573314890480394,0.1961342809562376,0.1945053645041815,0.2884274131168725,0.6417293814667528,0.4991582414982391,2022
8회지방선거_기초의원지역구,부산광역시,중구,40441202,12,38236,19128,17389,1739,3385.0,3812.0,0.0,0.0,0.0,0.0,0.0,0.0,0.0,0.0,0.0,0.0,0.0,0.0,0.0,0.0,중구,중구가선거구,0.47033486174795053,0.5296651382520494,0.0,0.0,0.0,0.0,0.0,0.0,0.0,0.0,0.0,0.0,0.0,0.0,0.0,0.0,2022,21010,중구,41145,20277,20868,1139,1783,6234,5077,5067,6466,7788,5006,2357,362,1777,27885,11483,0.151512942034269,0.1233928788431158,0.1231498359460444,0.1571515372463239,0.1892818082391542,0.1877506379876048,0.2790861587070118,0.6777251184834123,0.5071819176084579,2022
8회지방선거_기초의원지역구,부산광역시,해운대구,101103005,30,216448,105373,100130,5243,21938.0,14049.0,0.0,0.0,0.0,0.0,0.0,0.0,0.0,0.0,0.0,0.0,0.0,0.0,0.0,2196.0,해운대구,해운대구나선거구,0.5745488830107639,0.36793861142393214,0.0,0.0,0.0,0.0,0.0,0.0,0.0,0.0,0.0,0.0,0.0,0.0,0.0,0.057512505565303934,2022,21090,해운대구,377199,181375,195824,28282,34536,40886,42104,60191,67171,59919,31840,14100,1670,42240,260482,74477,0.1083937126026315,0.1116227773668541,0.1595735937794108,0.178078414842033,0.1588524890044777,0.1262198468182577,0.1974475011863764,0.6905691690593029,0.5191530200239131,2022
8회지방선거_기초의원지역구,서울특별시,강남구,101103005,30,259111,137848,132072,5776,31001.0,26303.0,0.0,0.0,0.0,0.0,0.0,0.0,0.0,0.0,0.0,0.0,0.0,0.0,0.0,306.0,강남구,강남구다선거구,0.5381183822253081,0.4565700399236244,0.0,0.0,0.0,0.0,0.0,0.0,0.0,0.0,0.0,0.0,0.0,0.0,0.0,0.005311577851067523,2022,11230,강남구,500149,239430,260719,35342,54333,61803,72066,90955,80022,60013,35522,13145,1951,57829,363263,79057,0.1235691763854371,0.144089061459685,0.181855806969523,0.1599963210963133,0.1199902429076135,0.1012058406594834,0.1580668960649726,0.7263095597511942,0.5212826577679851,2022
8회지방선거_기초의원지역구,서울특별시,강동구,80882404,24,318815,175927,164636,11291,24828.0,26896.0,0.0,0.0,0.0,0.0,0.0,0.0,0.0,0.0,0.0,0.0,0.0,0.0,0.0,2005.0,강동구,강동구가선거구,0.4620968192223939,0.500586275568129,0.0,0.0,0.0,0.0,0.0,0.0,0.0,0.0,0.0,0.0,0.0,0.0,0.0,0.03731690520947719,2022,11250,강동구,448655,219114,229541,35914,36976,55424,67915,72291,69658,66982,33394,12102,1871,51079,320029,77547,0.1235336728666793,0.151374664274331,0.1611282611360622,0.1552596092766156,0.1492951154004747,0.1055755535990906,0.1728432760138636,0.713307552573804,0.5116202873031617,2022
8회지방선거_기초의원지역구,서울특별시,강북구,80882404,24,268130,133356,124500,8856,23230.0,15432.0,0.0,0.0,0.0,0.0,0.0,0.0,0.0,0.0,0.0,0.0,0.0,0.0,0.0,1192.0,강북구,강북구가선거구,0.5828775028855322,0.3872133286495709,0.0,0.0,0.0,0.0,0.0,0.0,0.0,0.0,0.0,0.0,0.0,0.0,0.0,0.029909168464896874,2022,11090,강북구,287788,138515,149273,14484,19194,40055,35696,40896,49177,46274,28997,13380,1379,21655,201430,64703,0.1391823147594757,0.1240357485371176,0.1421046047785175,0.1708792583429469,0.1607919718681807,0.1520424757112874,0.2248286933437113,0.6999249447509973,0.5186908418697096,2022
8회지방선거_기초의원지역구,서울특별시,강서구,121323606,36,433252,223064,212115,10949,64802.0,60214.0,0.0,0.0,0.0,0.0,0.0,0.0,0.0,0.0,0.0,0.0,0.0,0.0,0.0,7874.0,강서구,강서구가선거구,0.4876363910000753,0.45311159605688917,0.0,0.0,0.0,0.0,0.0,0.0,0.0,0.0,0.0,0.0,0.0,0.0,0.0,0.059252012943035594,2022,11160,강서구,555999,266085,289914,37720,40315,79873,96385,85671,81572,79061,40874,16382,2424,53586,407294,95119,0.1436567331955633,0.1733546283356624,0.154084809505053,0.1467124940872196,0.1421962989142066,0.1073383225509398,0.171077645823104,0.7325444829936745,0.5214289953758909,2022
8회지방선거_기초의원지역구,서울특별시,관악구,121323606,36,356223,178412,167563,10849,44340.0,43654.0,0.0,0.0,0.0,0.0,0.0,0.0,0.0,0.0,0.0,0.0,0.0,0.0,0.0,11352.0,관악구,관악구가선거구,0.44631892577456567,0.4394137660298351,0.0,0.0,0.0,0.0,0.0,0.0,0.0,0.0,0.0,0.0,0.0,0.0,0.0,0.11426730819559922,2022,11210,관악구,496743,248148,248595,20630,26485,115556,88770,63680,67816,61823,37321,15337,1548,29651,385034,82058,0.2326273344566506,0.1787040783664792,0.128195062638024,0.136521299746549,0.1244567110155553,0.1091228260891446,0.1651920610859136,0.7751171128732564,0.500449930849554,2022
8회지방선거_기초의원지역구,서울특별시,광진구,80882404,24,305462,156964,147272,9692,26645.0,23367.0,0.0,0.0,3049.0,0.0,0.0,0.0,0.0,0.0,0.0,0.0,0.0,0.0,0.0,7326.0,광진구,광진구가선거구,0.441237352410287,0.386954145759849,0.0,0.0,0.050490999718482456,0.0,0.0,0.0,0.0,0.0,0.0,0.0,0.0,0.0,0.0,0.12131750211138159,2022,11050,광진구,346519,165843,180676,18659,24446,66920,55951,49099,54297,45351,22711,10006,1231,27546,265456,53517,0.193120723538969,0.1614658936450815,0.1416920861482343,0.1566927066048326,0.1308759404246232,0.0979686539554829,0.1544417477829498,0.7660647756688667,0.5214028667980688,2022
8회지방선거_기초의원지역구,서울특별시,구로구,80882404,24,257742,139238,133464,5774,32920.0,42394.0,0.0,0.0,0.0,0.0,0.0,0.0,0.0,0.0,0.0,0.0,0.0,0.0,0.0,15791.0,구로구,구로구가선거구,0.36134130947807475,0.4653312112397783,0.0,0.0,0.0,0.0,0.0,0.0,0.0,0.0,0.0,0.0,0.0,0.0,0.0,0.17332747928214698,2022,11170,구로구,424038,210737,213301,28207,28325,53096,66323,64581,71487,65637,34182,13586,1532,39336,306010,78692,0.1252151929779878,0.1564081520995759,0.152300029714318,0.1685863059442786,0.1547903725609497,0.1162631650936944,0.1855777076582759,0.7216570213046944,0.5030233139482783,2022
8회지방선거_기초의원지역구,서울특별시,금천구,80882404,24,212879,105818,101576,4242,39188.0,30024.0,0.0,0.0,0.0,0.0,0.0,0.0,0.0,0.0,0.0,0.0,0.0,0.0,0.0,6756.0,금천구,금천구가선거구,0.5158487784330245,0.3952190395956192,0.0,0.0,0.0,0.0,0.0,0.0,0.0,0.0,0.0,0.0,0.0,0.0,0.0,0.08893218197135636,2022,11180,금천구,247185,125201,121984,12854,13496,36859,40692,33410,44229,39275,19178,7700,853,17881,184924,44380,0.1491150352974492,0.1646216396626008,0.135161923255861,0.1789307603616724,0.1588890911665351,0.1121872281894127,0.1795416388534903,0.7481198292776665,0.4934927281186156,2022
8회지방선거_기초의원지역구,서울특별시,노원구,121323606,36,441748,245067,233085,11982,41782.0,36515.0,0.0,0.0,0.0,0.0,0.0,0.0,0.0,0.0,0.0,0.0,0.0,0.0,0.0,25717.0,노원구,노원구가선거구,0.4016959255484839,0.35105851135424077,0.0,0.0,0.0,0.0,0.0,0.0,0.0,0.0,0.0,0.0,0.0,0.0,0.0,0.24724556309727536,2022,11110,노원구,496423,238120,258303,32215,48168,69746,60586,76763,84127,70550,37836,18047,2428,49920,356706,89797,0.1404971163705146,0.1220451107221059,0.1546322390380784,0.1694663623562969,0.1421167028924929,0.1174623254764585,0.180888073276218,0.7185525247621484,0.5203284295852529,2022
8회지방선거_기초의원지역구,서울특별시,도봉구,60661803,18,181870,94999,90949,4050,20375.0,22057.0,0.0,0.0,0.0,432.0,0.0,0.0,0.0,0.0,0.0,0.0,0.0,0.0,0.0,4821.0,도봉구,도봉구가선거구,0.42728321275034076,0.4625563594421726,0.0,0.0,0.0,0.009059452658068574,0.0,0.0,0.0,0.0,0.0,0.0,0.0,0.0,0.0,0.10110097514941806,2022,11100,도봉구,304137,146600,157537,17448,22459,38668,37323,43106,53293,51021,27824,13388,1708,25883,212439,65815,0.1271400717439837,0.1227177226052732,0.1417321799057661,0.1752269536426018,0.167756635989702,0.1411206134077734,0.216399188523593,0.6984977164896083,0.5179803838401773,2022
8회지방선거_기초의원지역구,서울특별시,동대문구,101103005,30,257953,134388,128532,5856,23209.0,32589.0,0.0,0.0,0.0,0.0,0.0,0.0,0.0,0.0,0.0,0.0,0.0,0.0,0.0,5784.0,동대문구,동대문구가선거구,0.3768796076775681,0.5291968432334123,0.0,0.0,0.0,0.0,0.0,0.0,0.0,0.0,0.0,0.0,0.0,0.0,0.0,0.09392354908901952,2022,11060,동대문구,350709,169670,181039,20726,23756,70468,50138,47956,51054,47176,27396,12787,1352,28934,258825,62950,0.2009301158510331,0.1429618287526125,0.1367401463891716,0.1455736807438645,0.1345160802830837,0.1184315201491835,0.1794935402285085,0.7380050127028391,0.5162085945898166,2022
8회지방선거_기초의원지역구,서울특별시,동작구,60661803,18,179212,97107,94248,2859,28731.0,35787.0,0.0,0.0,0.0,0.0,0.0,0.0,0.0,0.0,0.0,0.0,0.0,0.0,0.0,8431.0,동작구,동작구나선거구,0.3938504982933282,0.4905756076162799,0.0,0.0,0.0,0.0,0.0,0.0,0.0,0.0,0.0,0.0,0.0,0.0,0.0,0.11557389409039191,2022,11200,동작구,386605,186536,200069,23564,26679,70343,60154,54950,57734,51342,29804,12951,1529,33111,286129,67365,0.1819505697029267,0.1555955044554519,0.1421347370054707,0.1493358854644921,0.1328022141462216,0.1145458542957282,0.1742476170768614,0.7401068273819531,0.5175023602902187,2022
8회지방선거_기초의원지역구,서울특별시,마포구,101103005,30,206427,111753,107735,4018,36804.0,30721.0,1156.0,0.0,0.0,0.0,0.0,0.0,0.0,0.0,0.0,0.0,0.0,0.0,0.0,8068.0,마포구,마포구나선거구,0.47953719266700545,0.40027883099454065,0.015062085499485336,0.0,0.0,0.0,0.0,0.0,0.0,0.0,0.0,0.0,0.0,0.0,0.0,0.10512189083896858,2022,11140,마포구,362415,168773,193642,24117,26354,64667,62853,56727,53511,40589,22995,11692,1452,34115,274443,53857,0.1784335637321854,0.1734282521418815,0.1565249782707669,0.1476511733785853,0.1119959162838182,0.0997171750617386,0.1486058799994481,0.7572617027440918,0.534310114095719,2022
8회지방선거_기초의원지역구,서울특별시,서대문구,80882404,24,239371,130421,122180,8241,24656.0,27761.0,0.0,0.0,0.0,0.0,0.0,0.0,0.0,0.0,0.0,0.0,0.0,0.0,0.0,5578.0,서대문구,서대문구가선거구,0.42514009828433486,0.4786791964824554,0.0,0.0,0.0,0.0,0.0,0.0,0.0,0.0,0.0,0.0,0.0,0.0,0.0,0.09618070523320976,2022,11130,서대문구,318308,146857,171451,20376,23840,62869,45056,44154,47691,39801,22998,12243,1407,28463,235716,54129,0.1975099589077246,0.1415484373625545,0.1387147039973861,0.1498265830579187,0.1250392701408698,0.115133769807859,0.1700522764115259,0.7405280420221924,0.538632393782123,2022
8회지방선거_기초의원지역구,서울특별시,서초구,60661803,18,194061,109300,104770,4530,12343.0,19282.0,0.0,0.0,0.0,0.0,0.0,0.0,0.0,0.0,0.0,0.0,0.0,0.0,0.0,1100.0,서초구,서초구가선거구,0.3771734148204736,0.5892131398013751,0.0,0.0,0.0,0.0,0.0,0.0,0.0,0.0,0.0,0.0,0.0,0.0,0.0,0.03361344537815126,2022,11220,서초구,383181,183006,200175,31870,40062,45978,54095,69125,60878,46460,26850,10431,1508,48792,274035,60354,0.1199902917942173,0.141173492422641,0.1803977754638147,0.1588753095795459,0.1212481829735816,0.1012289231459806,0.1575078096252163,0.7151581106578875,0.5224032506830976,2022
8회지방선거_기초의원지역구,서울특별시,성동구,80882404,24,251990,139737,131232,8505,26305.0,19924.0,0.0,0.0,0.0,0.0,0.0,0.0,0.0,0.0,0.0,0.0,0.0,0.0,0.0,4875.0,성동구,성동구가선거구,0.5147346587351284,0.3898716343143394,0.0,0.0,0.0,0.0,0.0,0.0,0.0,0.0,0.0,0.0,0.0,0.0,0.0,0.09539370695053224,2022,11040,성동구,282131,136734,145397,19789,18086,46160,45740,41237,44477,38004,19913,9414,1086,26146,209140,46845,0.1636119391346573,0.1621232689778861,0.1461625982256469,0.15764662514931,0.1347033824712633,0.107797441614002,0.1660398892712959,0.7412868490169461,0.515352797104891,2022
8회지방선거_기초의원지역구,서울특별시,성북구,60661803,18,254697,136468,127599,8869,15033.0,7814.0,0.0,0.0,0.0,0.0,0.0,0.0,0.0,0.0,0.0,0.0,0.0,0.0,0.0,7185.0,성북구,성북구가선거구,0.5005660628662759,0.2601891315929675,0.0,0.0,0.0,0.0,0.0,0.0,0.0,0.0,0.0,0.0,0.0,0.0,0.0,0.23924480554075653,2022,11080,성북구,436113,207284,228829,29154,37594,75521,58164,64644,67806,56113,32555,15984,1906,42146,318438,75529,0.1731684219456883,0.1333691038790405,0.1482276382497196,0.1554780527065233,0.1286661943120246,0.1156695627050787,0.1731867658152818,0.730173143199125,0.5247011668994045,2022
8회지방선거_기초의원지역구,서울특별시,송파구,80882404,24,255963,143780,136400,7380,37106.0,34393.0,0.0,0.0,2364.0,0.0,0.0,0.0,0.0,0.0,0.0,0.0,0.0,0.0,0.0,3275.0,송파구,송파구가선거구,0.4810339910290648,0.4458632580569888,0.0,0.0,0.030646374030957504,0.0,0.0,0.0,0.0,0.0,0.0,0.0,0.0,0.0,0.0,0.04245637688298893,2022,11240,송파구,635758,305954,329804,50507,54225,82564,101969,103174,100135,87863,43305,15509,2266,72299,462646,100813,0.1298670248742446,0.160389645116538,0.1622850204008443,0.1575048996630793,0.1382019573485508,0.0960742924194426,0.1585713431840417,0.7277077126831278,0.5187571371496702,2022
8회지방선거_기초의원지역구,서울특별시,양천구,20220601,6,46017,24229,23534,695,4373.0,11203.0,0.0,0.0,0.0,0.0,0.0,0.0,0.0,0.0,0.0,0.0,0.0,0.0,0.0,0.0,양천구,양천구가선거구,0.28075243965074476,0.7192475603492553,0.0,0.0,0.0,0.0,0.0,0.0,0.0,0.0,0.0,0.0,0.0,0.0,0.0,0.0,2022,11150,양천구,426981,208521,218460,30874,46063,51280,52596,72232,73864,60733,30335,11757,1605,49611,306740,70630,0.1200990207995203,0.1231811251554518,0.1691691199374211,0.17299130406271,0.1422381792164054,0.1023394483595288,0.1654171965497294,0.7183926216857425,0.51163869118298,2022
8회지방선거_기초의원지역구,서울특별시,영등포구,80882404,24,224032,117150,113731,3419,43673.0,38651.0,0.0,0.0,0.0,0.0,234.0,0.0,0.0,0.0,0.0,0.0,0.0,0.0,0.0,5776.0,영등포구,영등포구나선거구,0.49440758937668394,0.4375551882627301,0.0,0.0,0.0,0.0,0.002649036611044445,0.0,0.0,0.0,0.0,0.0,0.0,0.0,0.0,0.06538818574954151,2022,11190,영등포구,401805,198830,202975,26806,22664,57419,73915,59115,65201,56097,28472,13034,1551,35699,298529,67577,0.1429026517838255,0.1839573922673933,0.1471236047336394,0.1622702554721817,0.1396124986000672,0.1071589452595164,0.168183571633006,0.7429698485583803,0.5051579746394396,2022
8회지방선거_기초의원지역구,서울특별시,용산구,80882404,24,164773,87669,85264,2405,23253.0,40492.0,1369.0,110.0,0.0,0.0,0.0,0.0,0.0,0.0,0.0,0.0,0.0,0.0,0.0,6292.0,용산구,용산구나선거구,0.32514402371497286,0.5661949773477264,0.019142569494938196,0.0015381173443704905,0.0,0.0,0.0,0.0,0.0,0.0,0.0,0.0,0.0,0.0,0.0,0.08798031209799206,2022,11030,용산구,219282,105469,113813,14715,13455,32658,39446,32765,34817,28488,15072,8139,1116,19807,162608,36867,0.1489315128464716,0.1798870860353335,0.1494194689942631,0.1587772822210669,0.1299149040960954,0.1109393383861876,0.1681259747722111,0.7415474138324167,0.5190257294260359,2022
8회지방선거_기초의원지역구,서울특별시,은평구,101103005,30,252679,131452,127264,4188,44494.0,46136.0,1064.0,0.0,0.0,0.0,0.0,0.0,0.0,0.0,0.0,0.0,0.0,0.0,0.0,6003.0,은평구,은평구나선거구,0.45542851878768026,0.472235585534868,0.01089081548051629,0.0,0.0,0.0,0.0,0.0,0.0,0.0,0.0,0.0,0.0,0.0,0.0,0.061445080196935425,2022,11120,은평구,454649,216315,238334,28930,34973,60296,64719,69761,74531,66291,38293,18221,1969,42114,324489,88046,0.1326209889387197,0.1423493728128732,0.1534392465396382,0.1639308565508777,0.1458069851687785,0.1286332973348671,0.1936570849160561,0.7137132161293658,0.5242153837355851,2022
8회지방선거_기초의원지역구,서울특별시,종로구,80882404,24,129816,70640,66564,4076,18286.0,9908.0,0.0,0.0,0.0,0.0,0.0,0.0,0.0,0.0,0.0,0.0,0.0,0.0,0.0,0.0,종로구,종로구가선거구,0.6485777115698376,0.35142228843016243,0.0,0.0,0.0,0.0,0.0,0.0,0.0,0.0,0.0,0.0,0.0,0.0,0.0,0.0,2022,11010,종로구,147512,70318,77194,7123,11181,28268,20200,20040,23874,19866,10994,6011,817,10650,110329,26533,0.1916318672379196,0.1369380118227669,0.1358533543033787,0.1618444601117197,0.1346737892510439,0.120817289440859,0.1798701122620532,0.7479323716036661,0.5233065784478551,2022
8회지방선거_기초의원지역구,서울특별시,중구,60661803,18,82624,44881,43506,1375,8657.0,21588.0,0.0,0.0,0.0,0.0,0.0,0.0,0.0,0.0,0.0,0.0,0.0,0.0,0.0,0.0,중구,중구나선거구,0.28622912878161677,0.7137708712183832,0.0,0.0,0.0,0.0,0.0,0.0,0.0,0.0,0.0,0.0,0.0,0.0,0.0,0.0,2022,11020,중구,125257,59795,65462,6793,6709,20791,21260,17137,19653,17991,9953,4908,694,8986,92579,23692,0.1659867312804873,0.1697310329961599,0.1368147089583815,0.1569014106996016,0.1436326911869196,0.1241846763055158,0.1891471135345729,0.7391123849365704,0.5226214902161157,2022
8회지방선거_기초의원지역구,서울특별시,중랑구,60661803,18,163751,81622,77089,4533,25966.0,14016.0,0.0,0.0,0.0,0.0,0.0,0.0,0.0,0.0,0.0,0.0,0.0,0.0,0.0,1754.0,중랑구,중랑구다선거구,0.62214874448917,0.3358251868890167,0.0,0.0,0.0,0.0,0.0,0.0,0.0,0.0,0.0,0.0,0.0,0.0,0.0,0.0420260686218133,2022,11070,중랑구,379127,185196,193931,22788,23908,51854,57667,53496,64333,60756,31788,13413,1520,31886,273865,73376,0.136772110664764,0.1521047037008706,0.14110311320481,0.1696872024413982,0.1602523692588499,0.1232331118596143,0.1935393680745502,0.7223568883250204,0.5115198864760357,2022
8회지방선거_기초의원지역구,울산광역시,남구,101103005,30,231594,116312,109992,6320,19535.0,46227.0,0.0,0.0,0.0,0.0,0.0,0.0,0.0,0.0,0.0,0.0,0.0,0.0,0.0,0.0,남구,남구가선거구,0.29705605060673335,0.7029439493932667,0.0,0.0,0.0,0.0,0.0,0.0,0.0,0.0,0.0,0.0,0.0,0.0,0.0,0.0,2022,26020,남구,311172,158893,152279,24125,27511,41514,41155,48250,59930,45551,18315,6842,817,35255,231255,44662,0.1334117465581736,0.1322580437828596,0.1550589384649004,0.1925944493720514,0.1463852788811332,0.0834715205738305,0.1435283380252722,0.7431741930507886,0.4893724371087373,2022
8회지방선거_기초의원지역구,울산광역시,동구,60661803,18,127369,70816,68640,2176,10358.0,31180.0,0.0,0.0,0.0,0.0,0.0,0.0,0.0,0.0,0.0,5669.0,0.0,0.0,0.0,10980.0,동구,동구가선거구,0.17801227078213347,0.5358585251001082,0.0,0.0,0.0,0.0,0.0,0.0,0.0,0.0,0.0,0.09742726038462199,0.0,0.0,0.0,0.18870194373313626,2022,26030,동구,154118,81404,72714,14508,15649,16066,21435,26962,24465,24150,9518,2863,332,21104,110349,22665,0.1042447994393905,0.1390817425608949,0.1749438741743339,0.1587420028809094,0.156698114431799,0.0824887423921929,0.1470626403145641,0.7160033221297967,0.4718073164717943,2022
8회지방선거_기초의원지역구,울산광역시,북구,60661803,18,175784,88503,83854,4649,19285.0,22286.0,0.0,0.0,0.0,0.0,0.0,0.0,0.0,0.0,0.0,0.0,0.0,0.0,0.0,11755.0,북구,북구가선거구,0.361643475977947,0.4179199639950493,0.0,0.0,0.0,0.0,0.0,0.0,0.0,0.0,0.0,0.0,0.0,0.0,0.0,0.2204365600270037,2022,26040,북구,216750,112367,104383,25481,23995,23149,32481,39332,38822,23985,8370,3454,488,35830,159832,21088,0.106800461361015,0.1498546712802768,0.1814625144175317,0.1791095732410611,0.1106574394463667,0.0568027681660899,0.0972918108419838,0.7374025374855825,0.4815824682814302,2022
8회지방선거_기초의원지역구,울산광역시,울주군,60661803,18,189051,99367,93406,5961,18325.0,11197.0,0.0,0.0,0.0,0.0,0.0,0.0,0.0,0.0,0.0,0.0,0.0,0.0,0.0,2623.0,울주군,울주군가선거구,0.570073106237362,0.34832788925182767,0.0,0.0,0.0,0.0,0.0,0.0,0.0,0.0,0.0,0.0,0.0,0.0,0.0,0.0815990045108104,2022,26510,울주군,223854,117193,106661,17505,21217,25996,26287,35604,43222,33240,14610,7266,1067,26015,161006,36833,0.11612926282309,0.1174292172576768,0.1590500951513039,0.1930812047137866,0.1484896405692996,0.1024909092533526,0.1645402807186827,0.7192455797082027,0.476475738651085,2022
8회지방선거_기초의원지역구,울산광역시,중구,60661803,18,128946,71716,66776,4940,14678.0,13503.0,0.0,0.0,0.0,0.0,0.0,0.0,0.0,0.0,0.0,0.0,0.0,0.0,0.0,3794.0,중구,중구나선거구,0.4590461297888976,0.42229867083659106,0.0,0.0,0.0,0.0,0.0,0.0,0.0,0.0,0.0,0.0,0.0,0.0,0.0,0.11865519937451134,2022,26010,중구,204622,103223,101399,15952,18158,21861,23966,31784,38861,34154,15498,5748,627,23659,144505,36458,0.1068360195873366,0.11712328097663,0.1553303163882671,0.1899160403084712,0.1669126486888018,0.1068946643078456,0.1781724350265367,0.706204611429856,0.4955430012413132,2022
8회지방선거_기초의원지역구,인천광역시,강화군,40441202,12,63147,39086,36923,2163,7312.0,6519.0,0.0,0.0,0.0,0.0,0.0,0.0,0.0,0.0,0.0,0.0,0.0,0.0,0.0,370.0,강화군,강화군가선거구,0.514893317372016,0.45905217942398424,0.0,0.0,0.0,0.0,0.0,0.0,0.0,0.0,0.0,0.0,0.0,0.0,0.0,0.02605450320399972,2022,23510,강화군,66420,33292,33128,3301,4445,4490,5070,7017,10897,15064,9596,5955,972,5006,38009,23405,0.0676001204456489,0.0763324299909665,0.1056458897922312,0.1640620295091839,0.2267991568804576,0.2487654320987654,0.3523788015657934,0.5722523336344475,0.4987654320987654,2022
8회지방선거_기초의원지역구,인천광역시,계양구,20220601,6,88034,53978,51065,2913,7108.0,6749.0,0.0,0.0,0.0,0.0,0.0,0.0,0.0,0.0,0.0,0.0,0.0,0.0,0.0,4294.0,계양구,계양구라선거구,0.3916037683874167,0.371825243788221,0.0,0.0,0.0,0.0,0.0,0.0,0.0,0.0,0.0,0.0,0.0,0.0,0.0,0.23657098782436228,2022,23070,계양구,288122,142279,145843,17898,23896,39247,37520,42374,56866,45726,16777,8625,1316,27019,217303,43800,0.1362166026891386,0.130222614031556,0.1470696441090926,0.1973677817035839,0.1587036047229993,0.0927315512178868,0.1520189364227653,0.7542048160154379,0.5061848800161043,2022
8회지방선거_기초의원지역구,인천광역시,남동구,80882404,24,314958,151661,141200,10461,20481.0,18906.0,0.0,0.0,0.0,0.0,0.0,0.0,0.0,95.0,0.0,0.0,0.0,0.0,0.0,9396.0,남동구,남동구나선거구,0.41902287327632065,0.38679978722533653,0.0,0.0,0.0,0.0,0.0,0.0,0.0,0.0019436147141863416,0.0,0.0,0.0,0.0,0.0,0.19223372478415648,2022,23050,남동구,511392,255604,255788,39571,46238,64552,69034,85275,88093,73165,33091,14944,2319,58702,372172,80518,0.1262280207746699,0.1349923346473937,0.1667507508916838,0.1722612008009511,0.143070286590326,0.0984645829422439,0.1574486890682685,0.7277626556535887,0.5001799011325949,2022
8회지방선거_기초의원지역구,인천광역시,동구,40441202,12,52728,28940,27119,1821,3439.0,4264.0,0.0,0.0,0.0,0.0,0.0,0.0,0.0,0.0,0.0,0.0,0.0,0.0,0.0,3395.0,동구,동구가선거구,0.30987565327085964,0.38421337177869885,0.0,0.0,0.0,0.0,0.0,0.0,0.0,0.0,0.0,0.0,0.0,0.0,0.0,0.3059109749504415,2022,23020,동구,58078,29169,28909,3549,4438,5822,6511,9088,9443,9995,6304,2979,401,5318,38421,14339,0.1002444987775061,0.1121078549536829,0.1564792176039119,0.1625916870415648,0.1720961465615207,0.1667412789696614,0.2468921106098695,0.6615413753917145,0.4977616309101553,2022
8회지방선거_기초의원지역구,인천광역시,미추홀구,80882404,24,358612,160274,148663,11611,19104.0,34179.0,0.0,0.0,0.0,0.0,0.0,0.0,0.0,0.0,0.0,0.0,0.0,0.0,0.0,5483.0,미추홀구,미추홀구가선거구,0.32508593404349456,0.5816118163563966,0.0,0.0,0.0,0.0,0.0,0.0,0.0,0.0,0.0,0.0,0.0,0.0,0.0,0.09330224960010891,2022,23090,미추홀구,415303,209232,206071,28713,32290,60029,57483,63246,66842,60568,32186,15062,2053,40930,298741,75632,0.1445426592150791,0.1384121954332138,0.1522888108200518,0.1609475491388215,0.14584050681069,0.1187109170894503,0.1821128188334782,0.7193326318374776,0.496194344851831,2022
8회지방선거_기초의원지역구,인천광역시,부평구,80882404,24,300558,145262,133375,11887,19078.0,17419.0,0.0,0.0,0.0,0.0,0.0,0.0,0.0,0.0,0.0,0.0,0.0,0.0,0.0,7523.0,부평구,부평구나선거구,0.4333939118582463,0.3957064970467969,0.0,0.0,0.0,0.0,0.0,0.0,0.0,0.0,0.0,0.0,0.0,0.0,0.0,0.17089959109495684,2022,23060,부평구,498254,245816,252438,34334,39473,63750,72615,75365,89421,75752,33461,15729,2195,49905,365922,82427,0.1279467901913482,0.1457389203097215,0.1512581936120934,0.1794687047168713,0.1520349058913726,0.1031301304154106,0.1654316874525844,0.7344085546729179,0.5066452050560557,2022
8회지방선거_기초의원지역구,인천광역시,서구,121323606,36,472254,218308,203552,14756,34746.0,20310.0,0.0,0.0,0.0,0.0,0.0,0.0,0.0,0.0,0.0,0.0,0.0,0.0,0.0,5235.0,서구,서구가선거구,0.5763049211325073,0.33686619893516445,0.0,0.0,0.0,0.0,0.0,0.0,0.0,0.0,0.0,0.0,0.0,0.0,0.0,0.08682887993232821,2022,23080,서구,581069,295063,286006,57984,57015,70181,90196,102596,98180,69776,27419,12227,1971,82039,430034,68996,0.1207791157332433,0.1552242504762773,0.1765642290330408,0.1689644431212128,0.1200821244981232,0.0716214425481311,0.1187397710082623,0.7400738982805829,0.4922066054117497,2022
8회지방선거_기초의원지역구,인천광역시,연수구,60661803,18,196331,99839,93881,5958,21116.0,14862.0,0.0,0.0,0.0,0.0,0.0,0.0,0.0,0.0,0.0,0.0,0.0,0.0,0.0,4118.0,연수구,연수구가선거구,0.5266360734237829,0.37066041500399044,0.0,0.0,0.0,0.0,0.0,0.0,0.0,0.0,0.0,0.0,0.0,0.0,0.0,0.10270351157222665,2022,23040,연수구,400488,199745,200743,41584,45648,52152,57991,70079,65421,46047,16842,8115,1329,59890,296761,43837,0.1302211302211302,0.1448008429715746,0.1749840194962146,0.1633532090849164,0.1149772277821058,0.0656349253910229,0.1094589600687161,0.7409984818521403,0.5012459799045165,2022
8회지방선거_기초의원지역구,인천광역시,옹진군,40441202,12,11584,7962,7477,485,2142.0,1180.0,0.0,0.0,0.0,0.0,0.0,0.0,0.0,0.0,0.0,0.0,0.0,0.0,0.0,2036.0,옹진군,옹진군가선거구,0.3997760358342665,0.2202314296379246,0.0,0.0,0.0,0.0,0.0,0.0,0.0,0.0,0.0,0.0,0.0,0.0,0.0,0.3799925345278089,2022,23520,옹진군,19329,11155,8174,912,961,2368,1874,2152,3215,4261,2314,1146,221,1286,12440,5603,0.1225102178074395,0.0969527652749754,0.1113352992912204,0.1663303843965026,0.2204459620259713,0.190439236380568,0.2898753168813699,0.643592529360029,0.4228878886647007,2022
8회지방선거_기초의원지역구,인천광역시,중구,40441202,12,124974,57351,54237,3114,6801.0,7857.0,0.0,0.0,0.0,0.0,0.0,0.0,0.0,0.0,0.0,0.0,0.0,0.0,0.0,911.0,중구,중구가선거구,0.4368295972766395,0.5046566895754384,0.0,0.0,0.0,0.0,0.0,0.0,0.0,0.0,0.0,0.0,0.0,0.0,0.0,0.058513713147922156,2022,23010,중구,150670,77750,72920,13543,14181,18368,23994,26456,22488,18157,9802,4406,755,19152,108479,23039,0.1219088073272715,0.1592486891882923,0.1755890356408044,0.1492533351032056,0.1205083958319506,0.0993097497842968,0.1529103338421716,0.7199774341275635,0.4839715935488153,2022
8회지방선거_기초의원지역구,전라남도,강진군,40441202,12,30148,21944,20839,1105,3256.0,0.0,0.0,0.0,0.0,0.0,0.0,0.0,0.0,0.0,0.0,0.0,0.0,0.0,0.0,3130.0,강진군,강진군가선거구,0.5098653304102725,0.0,0.0,0.0,0.0,0.0,0.0,0.0,0.0,0.0,0.0,0.0,0.0,0.0,0.0,0.4901346695897275,2022,36590,강진군,31476,15293,16183,1595,2278,2203,2197,3221,5109,6214,4724,3563,563,2475,17402,11599,0.0699898335239547,0.0697992120981065,0.1023319354428771,0.1623141441097979,0.1974202567035201,0.2811666031261914,0.3685029864023383,0.5528656754352522,0.514137755750413,2022
8회지방선거_기초의원지역구,전라남도,고흥군,80882404,24,57371,44665,41461,3204,8450.0,0.0,0.0,0.0,0.0,0.0,0.0,0.0,0.0,0.0,0.0,0.0,0.0,0.0,0.0,5905.0,고흥군,고흥군가선거구,0.588645071403692,0.0,0.0,0.0,0.0,0.0,0.0,0.0,0.0,0.0,0.0,0.0,0.0,0.0,0.0,0.4113549285963079,2022,36550,고흥군,58630,28768,29862,2500,3005,3359,3562,5570,9155,12471,10463,7618,1211,3751,29697,25182,0.057291488998806,0.0607538802660753,0.0950025584171925,0.156148729319461,0.2127068053897322,0.3290465631929046,0.429507078287566,0.5065154357837285,0.5093296946955483,2022
8회지방선거_기초의원지역구,전라남도,곡성군,40441202,12,25196,18644,17786,858,2050.0,0.0,0.0,0.0,0.0,0.0,0.0,0.0,0.0,0.0,0.0,0.0,0.0,0.0,0.0,2867.0,곡성군,곡성군가선거구,0.4169208867195444,0.0,0.0,0.0,0.0,0.0,0.0,0.0,0.0,0.0,0.0,0.0,0.0,0.0,0.0,0.5830791132804556,2022,36520,곡성군,26454,13118,13336,1011,1895,2514,1686,2626,4280,4994,3811,3247,536,1642,15064,9748,0.0950328872760263,0.0637332728509866,0.0992666515460799,0.1617902774627655,0.1887805246843577,0.2870643380963181,0.3684886973614576,0.5694412943222197,0.504120359869963,2022
8회지방선거_기초의원지역구,전라남도,광양시,80882404,24,126604,69098,66703,2395,9831.0,0.0,0.0,0.0,0.0,0.0,0.0,0.0,0.0,0.0,0.0,0.0,0.0,0.0,0.0,17220.0,광양시,광양시가선거구,0.3634246423422424,0.0,0.0,0.0,0.0,0.0,0.0,0.0,0.0,0.0,0.0,0.0,0.0,0.0,0.0,0.6365753576577575,2022,36060,광양시,145926,76212,69714,13625,14466,16283,18160,22563,29283,18947,8485,4874,819,19835,104460,21631,0.1115839535106835,0.1244466373367323,0.1546194646601702,0.2006702027054808,0.1298397818072173,0.0971588339295259,0.1482326658717432,0.7158422762221948,0.4777352904897002,2022
8회지방선거_기초의원지역구,전라남도,구례군,40441202,12,22848,17417,16725,692,1999.0,0.0,0.0,0.0,0.0,0.0,0.0,0.0,0.0,0.0,0.0,0.0,0.0,0.0,0.0,4112.0,구례군,구례군가선거구,0.32711503845524464,0.0,0.0,0.0,0.0,0.0,0.0,0.0,0.0,0.0,0.0,0.0,0.0,0.0,0.0,0.6728849615447554,2022,36530,구례군,23165,11185,11980,1078,1421,1444,1315,2444,4111,4776,3511,2765,435,1696,12694,8775,0.0623354198143751,0.0567666738614288,0.1055039930930282,0.177466004748543,0.2061731059788474,0.2897042952730412,0.3788042305201813,0.547981869199223,0.5171595078782646,2022
8회지방선거_기초의원지역구,전라남도,나주시,80882404,24,79847,43488,41948,1540,8056.0,1081.0,0.0,0.0,0.0,0.0,0.0,0.0,0.0,0.0,0.0,0.0,0.0,0.0,0.0,7650.0,나주시,나주시나선거구,0.47989515696670043,0.0643950676118425,0.0,0.0,0.0,0.0,0.0,0.0,0.0,0.0,0.0,0.0,0.0,0.0,0.0,0.4557097754214571,2022,36040,나주시,114785,57550,57235,10426,10201,12559,14472,16486,16458,16240,10707,7219,1207,14424,74075,26286,0.109413250860304,0.1260791915319946,0.1436250381147362,0.1433811038027616,0.1414819009452454,0.1666855425360456,0.2290020473058326,0.6453369342684149,0.4986278694951431,2022
8회지방선거_기초의원지역구,전라남도,담양군,80882404,24,41720,26615,25449,1166,5862.0,0.0,0.0,0.0,0.0,0.0,0.0,0.0,0.0,0.0,0.0,0.0,0.0,0.0,0.0,5140.0,담양군,담양군가선거구,0.5328122159607344,0.0,0.0,0.0,0.0,0.0,0.0,0.0,0.0,0.0,0.0,0.0,0.0,0.0,0.0,0.4671877840392656,2022,36510,담양군,43572,21585,21987,2252,3100,4060,3541,4563,7513,8275,5700,4197,611,3314,26089,14169,0.0931791058477921,0.0812677866519783,0.1047232167446984,0.1724272468557789,0.1899155420912512,0.2411640503075369,0.3251858992013219,0.5987560818874507,0.5046130542550261,2022
8회지방선거_기초의원지역구,전라남도,목포시,141544207,42,183412,96971,92897,4074,17371.0,0.0,0.0,0.0,0.0,0.0,0.0,0.0,0.0,0.0,0.0,0.0,0.0,0.0,0.0,23806.0,목포시,목포시가선거구,0.42186171892075675,0.0,0.0,0.0,0.0,0.0,0.0,0.0,0.0,0.0,0.0,0.0,0.0,0.0,0.0,0.5781382810792433,2022,36010,목포시,219625,110070,109555,17457,23052,25960,23499,35851,36928,31080,18474,8660,1154,26987,151049,41589,0.1182014797951053,0.1069960159362549,0.1632373363688104,0.1681411496869664,0.1415139442231075,0.1288013659647126,0.1893636881047239,0.6877586795674445,0.498827546955037,2022
8회지방선거_기초의원지역구,전라남도,무안군,40441202,12,74895,41336,39473,1863,5680.0,0.0,0.0,0.0,0.0,0.0,0.0,0.0,0.0,0.0,0.0,0.0,0.0,0.0,0.0,1561.0,무안군,무안군가선거구,0.7844220411545366,0.0,0.0,0.0,0.0,0.0,0.0,0.0,0.0,0.0,0.0,0.0,0.0,0.0,0.0,0.21557795884546332,2022,36620,무안군,90630,45883,44747,8765,10048,11619,11038,14139,12672,11043,7376,4476,597,12873,60439,17318,0.1282025819265144,0.121791901136489,0.156007944389275,0.1398212512413108,0.1218470705064548,0.1373606973408363,0.1910846298135275,0.6668763102725367,0.4937327595718856,2022
8회지방선거_기초의원지역구,전라남도,보성군,60661803,18,35731,23551,22523,1028,5223.0,0.0,0.0,0.0,0.0,0.0,0.0,0.0,0.0,0.0,0.0,0.0,0.0,0.0,0.0,3576.0,보성군,보성군가선거구,0.5935901807023526,0.0,0.0,0.0,0.0,0.0,0.0,0.0,0.0,0.0,0.0,0.0,0.0,0.0,0.0,0.40640981929764747,2022,36560,보성군,36244,17496,18748,1541,2280,2199,2147,3459,5844,7356,5953,4791,849,2386,18797,15061,0.0606721112459993,0.0592373910164441,0.0954364860390685,0.1612404811830923,0.2029577309347754,0.3198598388698819,0.4155446418717581,0.5186237722105728,0.5172718243019534,2022
8회지방선거_기초의원지역구,전라남도,순천시,161764808,48,215276,118454,113872,4582,23654.0,2233.0,0.0,0.0,0.0,0.0,0.0,0.0,0.0,0.0,0.0,0.0,0.0,0.0,0.0,32610.0,순천시,순천시가선거구,0.40436261688633607,0.03817289775544045,0.0,0.0,0.0,0.0,0.0,0.0,0.0,0.0,0.0,0.0,0.0,0.0,0.0,0.5574644853582235,2022,36030,순천시,272085,135443,136642,24211,28006,34023,31610,40654,47760,36793,19168,10988,1679,35432,190001,46652,0.1250454821103699,0.1161769300034915,0.1494165426245474,0.1755333811125199,0.135226124189132,0.1170038774647628,0.1714611242810151,0.6983148648400316,0.5022033555690317,2022
8회지방선거_기초의원지역구,전라남도,신안군,80882404,24,35246,26414,25148,1266,7639.0,0.0,0.0,0.0,0.0,0.0,0.0,0.0,0.0,0.0,0.0,0.0,0.0,0.0,0.0,5740.0,신안군,신안군가선거구,0.5709694297032664,0.0,0.0,0.0,0.0,0.0,0.0,0.0,0.0,0.0,0.0,0.0,0.0,0.0,0.0,0.4290305702967337,2022,36680,신안군,34148,18328,15820,1499,1597,2008,2503,3571,5867,7248,5647,3937,438,2183,18648,13317,0.05880285814689,0.0732985826402717,0.1045742063956893,0.171810940611456,0.2122525477333958,0.2934871734801452,0.3899789153098278,0.5460934754597634,0.4632774979500996,2022
8회지방선거_기초의원지역구,전라남도,여수시,181985409,54,236881,109132,104889,4243,19996.0,1841.0,0.0,0.0,0.0,0.0,0.0,0.0,0.0,0.0,0.0,0.0,0.0,0.0,0.0,23055.0,여수시,여수시가선거구,0.44542457453443823,0.041009533992693574,0.0,0.0,0.0,0.0,0.0,0.0,0.0,0.0,0.0,0.0,0.0,0.0,0.0,0.5135658914728682,2022,36020,여수시,268139,138403,129736,20847,23611,30077,30263,39323,46311,41555,25064,11800,1711,30484,180884,56771,0.1121694345097132,0.1128631045838166,0.1466515501288511,0.1727126602247342,0.1549755910180913,0.1438619521964354,0.2117222783705466,0.674590417656514,0.4838386060960919,2022
8회지방선거_기초의원지역구,전라남도,영광군,40441202,12,45299,31820,30555,1265,4470.0,458.0,0.0,0.0,0.0,0.0,0.0,0.0,0.0,0.0,0.0,0.0,0.0,0.0,0.0,1964.0,영광군,영광군가선거구,0.6485780615206036,0.06645385954730122,0.0,0.0,0.0,0.0,0.0,0.0,0.0,0.0,0.0,0.0,0.0,0.0,0.0,0.2849680789320952,2022,36640,영광군,49323,24667,24656,3914,3682,4089,4658,5940,7920,8328,6395,4305,475,5378,28929,15016,0.0829024998479411,0.0944386999979725,0.1204306307402226,0.1605741743202968,0.1688461772398272,0.2265677270239036,0.3044421466658557,0.5865215011252357,0.499888490156722,2022
8회지방선거_기초의원지역구,전라남도,영암군,60661803,18,46851,28694,27461,1233,4613.0,0.0,0.0,0.0,0.0,0.0,0.0,0.0,0.0,0.0,0.0,0.0,0.0,0.0,0.0,7583.0,영암군,영암군가선거구,0.37823876680878976,0.0,0.0,0.0,0.0,0.0,0.0,0.0,0.0,0.0,0.0,0.0,0.0,0.0,0.0,0.6217612331912102,2022,36610,영암군,56287,30693,25594,3473,3985,6062,6405,7990,9764,8698,5778,4015,525,5118,37046,14123,0.107698047506529,0.1137918169381917,0.1419510721836303,0.1734681187485565,0.1545294650629808,0.1833105335157318,0.2509105121964219,0.6581626308028496,0.454705349370192,2022
8회지방선거_기초의원지역구,전라남도,완도군,40441202,12,32470,22840,21949,891,3231.0,0.0,0.0,0.0,0.0,0.0,0.0,0.0,0.0,0.0,0.0,0.0,0.0,0.0,0.0,5560.0,완도군,완도군가선거구,0.3675349789557502,0.0,0.0,0.0,0.0,0.0,0.0,0.0,0.0,0.0,0.0,0.0,0.0,0.0,0.0,0.6324650210442498,2022,36660,완도군,46863,24825,22038,3018,3000,3659,4552,5732,7289,8388,6714,4309,568,4286,27183,15394,0.078078654802296,0.0971341996884535,0.1223139790453022,0.1555384845187034,0.1789898213942769,0.2473379851908755,0.3284894266265497,0.5800524934383202,0.4702643876832469,2022
8회지방선거_기초의원지역구,전라남도,장성군,60661803,18,38470,26502,25158,1344,4189.0,0.0,0.0,0.0,0.0,0.0,0.0,0.0,0.0,0.0,0.0,0.0,0.0,0.0,0.0,2924.0,장성군,장성군가선거구,0.5889216926753831,0.0,0.0,0.0,0.0,0.0,0.0,0.0,0.0,0.0,0.0,0.0,0.0,0.0,0.0,0.4110783073246169,2022,36650,장성군,40266,20367,19899,2459,2953,3482,3429,4756,6750,7090,5233,3898,497,3628,23790,12848,0.0864749416381066,0.0851586946803755,0.1181145383201708,0.1676352257487706,0.1760790741568569,0.2391099190383946,0.319078130432623,0.590821040083445,0.4941886455073759,2022
8회지방선거_기초의원지역구,전라남도,장흥군,40441202,12,32510,23256,22225,1031,4585.0,0.0,0.0,0.0,0.0,0.0,0.0,0.0,0.0,0.0,0.0,0.0,0.0,0.0,0.0,1824.0,장흥군,장흥군가선거구,0.7154002184428148,0.0,0.0,0.0,0.0,0.0,0.0,0.0,0.0,0.0,0.0,0.0,0.0,0.0,0.0,0.2845997815571852,2022,36580,장흥군,33638,16375,17263,1873,2159,2315,2443,3581,5630,6482,4917,3867,590,2791,18512,12335,0.0688209762768297,0.0726261965634104,0.1064569831737915,0.1673702360425709,0.1926987335751233,0.278672929425055,0.3666983768357215,0.5503299839467269,0.5131993578690767,2022
8회지방선거_기초의원지역구,전라남도,진도군,40441202,12,26748,20416,19369,1047,3718.0,239.0,0.0,0.0,0.0,0.0,0.0,0.0,0.0,0.0,0.0,0.0,0.0,0.0,0.0,2796.0,진도군,진도군가선거구,0.5505701169850437,0.0353916777728417,0.0,0.0,0.0,0.0,0.0,0.0,0.0,0.0,0.0,0.0,0.0,0.0,0.0,0.4140382052421146,2022,36670,진도군,28945,15093,13852,1607,1769,2439,2649,3310,4550,5323,4156,2968,356,2382,16675,9888,0.0842632579029193,0.0915183969597512,0.1143548108481603,0.1571946795646916,0.1839005009500777,0.2584211435481084,0.3416134047331145,0.5760925893936777,0.4785627915011228,2022
8회지방선거_기초의원지역구,전라남도,함평군,40441202,12,28381,18228,17414,814,3695.0,0.0,0.0,0.0,0.0,0.0,0.0,0.0,0.0,0.0,0.0,0.0,0.0,0.0,0.0,3091.0,함평군,함평군가선거구,0.5445033893309755,0.0,0.0,0.0,0.0,0.0,0.0,0.0,0.0,0.0,0.0,0.0,0.0,0.0,0.0,0.45549661066902447,2022,36630,함평군,29048,14561,14487,1224,1948,2047,1937,2934,4792,5778,4484,3570,492,1891,15861,11296,0.070469567612228,0.0666827320297438,0.1010052327182594,0.1649683282842192,0.1989121454144863,0.294202698980997,0.388873588543101,0.5460272652161939,0.4987262462131644,2022
8회지방선거_기초의원지역구,전라남도,해남군,80882404,24,59423,35247,33660,1587,7628.0,0.0,0.0,0.0,0.0,0.0,0.0,0.0,0.0,0.0,150.0,0.0,0.0,0.0,0.0,10523.0,해남군,해남군가선거구,0.41680782470903227,0.0,0.0,0.0,0.0,0.0,0.0,0.0,0.0,0.0,0.008196273427681547,0.0,0.0,0.0,0.0,0.5749959018632862,2022,36600,해남군,62360,31244,31116,3716,4134,4576,4773,7152,10398,11997,9152,6090,826,5506,35349,21505,0.0733803720333547,0.0765394483643361,0.1146889031430404,0.1667415009621552,0.1923829377806286,0.2576651699807569,0.3448524695317511,0.566853752405388,0.4989737010904426,2022
8회지방선거_기초의원지역구,전라남도,화순군,60661803,18,55284,32431,31303,1128,5017.0,0.0,0.0,0.0,0.0,0.0,0.0,0.0,0.0,0.0,0.0,0.0,0.0,0.0,0.0,9376.0,화순군,화순군가선거구,0.3485722226082123,0.0,0.0,0.0,0.0,0.0,0.0,0.0,0.0,0.0,0.0,0.0,0.0,0.0,0.0,0.6514277773917877,2022,36570,화순군,59822,29015,30807,3410,5079,6097,4511,7261,10914,10066,6900,5266,764,5336,37213,17273,0.1019190264451205,0.0754070408879676,0.1213767510280498,0.1824412423523118,0.1682658553709337,0.2161412189495503,0.2887399284544147,0.6220621176155929,0.5149777673765504,2022
8회지방선거_기초의원지역구,전라북도,고창군,40441202,12,30939,22854,21981,873,4322.0,0.0,0.0,0.0,0.0,0.0,0.0,0.0,0.0,0.0,0.0,0.0,0.0,0.0,0.0,4533.0,고창군,고창군가선거구,0.488085827216262,0.0,0.0,0.0,0.0,0.0,0.0,0.0,0.0,0.0,0.0,0.0,0.0,0.0,0.0,0.511914172783738,2022,35570,고창군,50784,25337,25447,2571,3838,3371,3815,5478,8172,9879,7574,5548,823,4014,28261,18509,0.0663791745431632,0.0751220856962822,0.1078686200378071,0.1609168241965973,0.1945297731568998,0.2745943604284814,0.3644651858853182,0.5564941713925646,0.501083018273472,2022
8회지방선거_기초의원지역구,전라북도,군산시,60661803,18,99067,40948,39294,1654,8700.0,1630.0,0.0,0.0,0.0,0.0,0.0,0.0,0.0,0.0,0.0,0.0,0.0,0.0,0.0,5571.0,군산시,군산시다선거구,0.54713540028929,0.10250927614615434,0.0,0.0,0.0,0.0,0.0,0.0,0.0,0.0,0.0,0.0,0.0,0.0,0.0,0.3503553235645557,2022,35020,군산시,266438,135830,130608,20688,25668,31388,29550,42124,44029,39145,23218,11428,1791,30827,181710,53901,0.1178060186610018,0.1109076032698038,0.1581005712398381,0.1652504522628153,0.1469197336716234,0.1367560182856799,0.2023022241572148,0.6819973126956365,0.4902003467973787,2022
8회지방선거_기초의원지역구,전라북도,김제시,101103005,30,72358,42668,40822,1846,10156.0,0.0,0.0,0.0,0.0,0.0,0.0,0.0,0.0,0.0,0.0,0.0,0.0,0.0,0.0,7544.0,김제시,김제시가선거구,0.5737853107344633,0.0,0.0,0.0,0.0,0.0,0.0,0.0,0.0,0.0,0.0,0.0,0.0,0.0,0.0,0.42621468926553674,2022,35060,김제시,78277,38997,39280,4171,5456,6865,6782,9129,12491,14597,10581,7521,1216,6361,45789,26127,0.087701368217995,0.0866410312096784,0.1166242957701496,0.1595743321793119,0.1864787868722613,0.2467902448995234,0.3337762050155218,0.584961099684454,0.5018076829720096,2022
8회지방선거_기초의원지역구,전라북도,남원시,101103005,30,62507,40362,38822,1540,10369.0,1199.0,0.0,0.0,0.0,0.0,0.0,0.0,0.0,0.0,0.0,0.0,0.0,0.0,0.0,4809.0,남원시,남원시가선거구,0.633144043475606,0.07321243206936558,0.0,0.0,0.0,0.0,0.0,0.0,0.0,0.0,0.0,0.0,0.0,0.0,0.0,0.2936435244550284,2022,35050,남원시,75259,36710,38549,4788,6183,5946,6011,9472,13036,13445,9250,6663,1012,7342,44925,22992,0.0790071619341208,0.0798708460117726,0.1258587012848961,0.1732151636349141,0.1786497296004464,0.2248900463731912,0.3055049894364793,0.596938572130908,0.5122178078369365,2022
8회지방선거_기초의원지역구,전라북도,무주군,40441202,12,21279,16266,15668,598,2881.0,0.0,0.0,0.0,0.0,0.0,0.0,0.0,0.0,0.0,0.0,0.0,0.0,0.0,0.0,2291.0,무주군,무주군가선거구,0.5570378963650425,0.0,0.0,0.0,0.0,0.0,0.0,0.0,0.0,0.0,0.0,0.0,0.0,0.0,0.0,0.44296210363495747,2022,35530,무주군,22296,11104,11192,1082,1565,1373,1565,2596,3767,4624,3090,2431,323,1735,12610,7951,0.0615805525654825,0.0701919626838894,0.1164334409759598,0.1689540724793685,0.2073914603516325,0.2621097954790097,0.356611051309652,0.5655722999641192,0.501973448152135,2022
8회지방선거_기초의원지역구,전라북도,부안군,40441202,12,28285,17305,16591,714,4288.0,629.0,0.0,0.0,0.0,0.0,0.0,0.0,0.0,0.0,0.0,0.0,0.0,0.0,0.0,1413.0,부안군,부안군가선거구,0.6774091627172196,0.09936808846761454,0.0,0.0,0.0,0.0,0.0,0.0,0.0,0.0,0.0,0.0,0.0,0.0,0.0,0.22322274881516588,2022,35580,부안군,47372,23649,23723,2450,3117,3341,3652,5404,7823,9432,7124,4742,592,3686,26802,16884,0.0705268935236004,0.077091953052436,0.1140758253820822,0.1651397449970446,0.1991049565143967,0.262982352444482,0.3564130710124124,0.5657772523853754,0.5007810520982859,2022
8회지방선거_기초의원지역구,전라북도,순창군,20220601,6,10309,7988,7589,399,1350.0,0.0,0.0,0.0,0.0,0.0,0.0,0.0,0.0,0.0,0.0,0.0,0.0,0.0,0.0,1066.0,순창군,순창군다선거구,0.5587748344370861,0.0,0.0,0.0,0.0,0.0,0.0,0.0,0.0,0.0,0.0,0.0,0.0,0.0,0.0,0.4412251655629139,2022,35560,순창군,25279,12324,12955,1325,1914,1607,1750,2858,4095,4931,3636,2918,401,2084,14016,9179,0.0635705526326199,0.0692274219708058,0.113058269710036,0.1619921674116856,0.1950630958503105,0.2751295541754025,0.3631077178685866,0.5544523121958939,0.5124807152181653,2022
8회지방선거_기초의원지역구,전라북도,완주군,60661803,18,63859,33850,32505,1345,10157.0,0.0,0.0,0.0,0.0,303.0,0.0,0.0,0.0,0.0,0.0,0.0,0.0,0.0,0.0,7428.0,완주군,완주군가선거구,0.5678108228980322,0.0,0.0,0.0,0.0,0.016938729874776386,0.0,0.0,0.0,0.0,0.0,0.0,0.0,0.0,0.0,0.4152504472271914,2022,35510,완주군,94771,48623,46148,6848,8929,11867,9914,13247,14754,14592,8811,5757,922,10141,62629,22001,0.1252176298656762,0.1046100600394635,0.1397790463327389,0.1556805351848139,0.1539711515125935,0.1634466239672473,0.2321490751390193,0.660845617330196,0.4869422080594274,2022
8회지방선거_기초의원지역구,전라북도,익산시,161764808,48,239077,107245,102688,4557,21524.0,5419.0,0.0,0.0,0.0,0.0,0.0,0.0,0.0,0.0,0.0,0.0,0.0,0.0,0.0,13168.0,익산시,익산시가선거구,0.5366109047393484,0.13510009723018623,0.0,0.0,0.0,0.0,0.0,0.0,0.0,0.0,0.0,0.0,0.0,0.0,0.0,0.32828899803046546,2022,35030,익산시,277030,138823,138207,18462,26781,38499,27624,38485,46985,42540,24339,13714,2114,28187,190067,58776,0.1389705086091759,0.0997148323286286,0.138919972566148,0.1696025701187597,0.1535573764574233,0.144991517164206,0.2121647475002707,0.68608814929791,0.4988882070533877,2022
8회지방선거_기초의원지역구,전라북도,임실군,60661803,18,24346,17638,16922,716,4400.0,0.0,0.0,0.0,0.0,0.0,0.0,0.0,0.0,0.0,0.0,0.0,0.0,0.0,0.0,3392.0,임실군,임실군가선거구,0.5646817248459959,0.0,0.0,0.0,0.0,0.0,0.0,0.0,0.0,0.0,0.0,0.0,0.0,0.0,0.0,0.4353182751540041,2022,35550,임실군,24922,12577,12345,1336,1459,1924,1794,2372,3925,5025,3809,2985,415,1937,13494,9491,0.0772008667041168,0.0719845919268116,0.0951769520905224,0.1574913730840221,0.201629082738143,0.2892624989968702,0.3808281839338737,0.541449321884279,0.4953454778910199,2022
8회지방선거_기초의원지역구,전라북도,장수군,40441202,12,19380,14590,14010,580,2801.0,0.0,0.0,0.0,0.0,0.0,0.0,0.0,0.0,0.0,0.0,0.0,0.0,0.0,0.0,2226.0,장수군,장수군가선거구,0.55719116769445,0.0,0.0,0.0,0.0,0.0,0.0,0.0,0.0,0.0,0.0,0.0,0.0,0.0,0.0,0.44280883230555,2022,35540,장수군,20036,9980,10056,1058,1411,1283,1384,2168,3256,4190,2958,2171,275,1674,10988,7374,0.0640347374725494,0.0690756638051507,0.108205230584947,0.1625074865242563,0.2091235775603913,0.2697145138750249,0.3680375324416051,0.5484128568576562,0.5018965861449391,2022
8회지방선거_기초의원지역구,전라북도,전주시덕진구,80882404,24,192614,79646,77377,2269,22103.0,8863.0,0.0,0.0,0.0,0.0,0.0,0.0,0.0,0.0,0.0,0.0,0.0,0.0,0.0,11135.0,전주시덕진구,전주시아선거구,0.5249994061898767,0.21051756490344647,0.0,0.0,0.0,0.0,0.0,0.0,0.0,0.0,0.0,0.0,0.0,0.0,0.0,0.2644830289066768,2022,35012,전주시 덕진구,327314,163402,163912,30217,35768,48603,41768,52869,50362,38042,20939,10922,1505,44458,233372,49484,0.1484904403722419,0.1276083516134354,0.1615237967211912,0.1538644848677416,0.116224787207391,0.1019388110499398,0.1511820453753887,0.7129911949992973,0.5007790684174829,2022
8회지방선거_기초의원지역구,전라북도,전주시완산구,121323606,36,280349,115285,111530,3755,23455.0,8155.0,0.0,0.0,0.0,0.0,0.0,0.0,0.0,0.0,0.0,0.0,0.0,0.0,0.0,16207.0,전주시완산구,전주시가선거구,0.490515925298534,0.1705460401112575,0.0,0.0,0.0,0.0,0.0,0.0,0.0,0.0,0.0,0.0,0.0,0.0,0.0,0.3389380345902085,2022,35011,전주시 완산구,338570,165453,173117,24789,34598,49323,38992,49980,57707,46246,25199,12849,1992,37550,241153,59867,0.1456803615205127,0.1151667306613108,0.1476208760374516,0.170443335203946,0.1365921375195675,0.1182621023717399,0.1768231089582656,0.712269250081224,0.5113181912159966,2022
8회지방선거_기초의원지역구,전라북도,정읍시,121323606,36,80018,46984,44649,2335,9550.0,0.0,0.0,0.0,0.0,0.0,0.0,0.0,0.0,0.0,0.0,0.0,0.0,0.0,0.0,7561.0,정읍시,정읍시가선거구,0.5581205072760212,0.0,0.0,0.0,0.0,0.0,0.0,0.0,0.0,0.0,0.0,0.0,0.0,0.0,0.0,0.44187949272397875,2022,35040,정읍시,103255,51545,51710,6175,8246,9871,8843,13427,17394,17638,12430,8744,1295,9461,63319,30475,0.0955982761125369,0.0856423417752167,0.1300372863299598,0.168456733330105,0.1708198150210643,0.2176068955498523,0.2951430923441964,0.6132293835649605,0.5007989927848531,2022
8회지방선거_기초의원지역구,전라북도,진안군,40441202,12,22634,16615,16056,559,2250.0,0.0,156.0,0.0,0.0,0.0,0.0,0.0,0.0,0.0,0.0,0.0,0.0,0.0,0.0,2671.0,진안군,진안군가선거구,0.44317510340752414,0.0,0.030726807169588338,0.0,0.0,0.0,0.0,0.0,0.0,0.0,0.0,0.0,0.0,0.0,0.0,0.5260980894228875,2022,35520,진안군,22645,11354,11291,1104,1436,1459,1455,2186,3876,4957,3466,2503,315,1661,12481,8503,0.0644292338264517,0.0642525943916979,0.0965334510929565,0.1711636122764407,0.2189004195186575,0.2775005519982336,0.375491278427909,0.5511591962905719,0.4986089644513137,2022
8회지방선거_기초의원지역구,충청남도,계룡시,40441202,12,34875,19306,18610,696,2891.0,3235.0,0.0,0.0,0.0,0.0,0.0,0.0,0.0,0.0,0.0,0.0,0.0,0.0,0.0,288.0,계룡시,계룡시가선거구,0.4507327720611163,0.5043654505768631,0.0,0.0,0.0,0.0,0.0,0.0,0.0,0.0,0.0,0.0,0.0,0.0,0.0,0.04490177736202058,2022,34070,계룡시,42416,21121,21295,4178,5490,3970,4706,8186,7489,5259,2303,1188,207,6550,29948,5918,0.0935967559411542,0.1109486986043002,0.1929932101093927,0.176560731799321,0.1239862316107129,0.0871840814786873,0.1395228215767635,0.7060543191248585,0.5020511127876273,2022
8회지방선거_기초의원지역구,충청남도,공주시,80882404,24,91847,51458,48827,2631,7696.0,8578.0,0.0,0.0,0.0,0.0,0.0,0.0,0.0,0.0,0.0,0.0,0.0,0.0,0.0,2754.0,공주시,공주시가선거구,0.40445659028799663,0.450809333613622,0.0,0.0,0.0,0.0,0.0,0.0,0.0,0.0,0.0,0.0,0.0,0.0,0.0,0.14473407609838132,2022,34020,공주시,106038,52554,53484,5470,9838,13683,9081,12289,16973,19406,11196,7567,1212,8352,68986,28700,0.1290386465229446,0.0856391105075538,0.115892415926366,0.1600652596239084,0.1830098643882381,0.1883758652558516,0.2706576887530885,0.6505780946453158,0.5043852203926894,2022
8회지방선거_기초의원지역구,충청남도,금산군,40441202,12,44747,28675,27026,1649,3277.0,4573.0,0.0,0.0,0.0,0.0,0.0,0.0,0.0,0.0,0.0,0.0,0.0,0.0,0.0,2036.0,금산군,금산군가선거구,0.33147885899251467,0.46257333603075057,0.0,0.0,0.0,0.0,0.0,0.0,0.0,0.0,0.0,0.0,0.0,0.0,0.0,0.2059478049767348,2022,34510,금산군,52399,26168,26231,2386,4479,6039,3929,5806,8422,10118,6550,4377,615,3961,32184,16254,0.1152502910360884,0.0749823469913548,0.1108036412908643,0.1607282581728659,0.1930952880780167,0.2202713792247943,0.3101967594801427,0.6142101948510468,0.5006011565106204,2022
8회지방선거_기초의원지역구,충청남도,논산시,60661803,18,99942,53812,50334,3478,4427.0,5832.0,0.0,0.0,0.0,0.0,0.0,0.0,0.0,0.0,0.0,0.0,0.0,0.0,0.0,3505.0,논산시,논산시가선거구,0.3216361522813136,0.4237140366172624,0.0,0.0,0.0,0.0,0.0,0.0,0.0,0.0,0.0,0.0,0.0,0.0,0.0,0.254649811101424,2022,34060,논산시,116852,58364,58488,7099,10182,12773,11463,14387,18456,20693,12500,8725,1411,10631,74127,32094,0.1093092116523465,0.098098449320508,0.1231215554718789,0.1579433813713072,0.1770872556738438,0.1937151268270975,0.2746551192962037,0.634366549139082,0.5005305856981481,2022
8회지방선거_기초의원지역구,충청남도,당진시,80882404,24,140008,64872,60997,3875,8853.0,11644.0,0.0,0.0,0.0,0.0,0.0,0.0,0.0,0.0,0.0,0.0,0.0,0.0,0.0,3110.0,당진시,당진시가선거구,0.37501588511882067,0.4932435294616004,0.0,0.0,0.0,0.0,0.0,0.0,0.0,0.0,0.0,0.0,0.0,0.0,0.0,0.13174058541957895,2022,34080,당진시,171192,92031,79161,15702,15616,16469,23096,28431,27112,23413,13285,8590,1233,22558,115456,33178,0.0962019253236132,0.1349128463946913,0.1660766858264405,0.158371886536754,0.1367645684377774,0.1349829431281835,0.1938057853170708,0.6744240385064723,0.4624106266647974,2022
8회지방선거_기초의원지역구,충청남도,보령시,80882404,24,86264,52529,49684,2845,7922.0,8649.0,0.0,0.0,0.0,0.0,0.0,0.0,0.0,0.0,0.0,0.0,0.0,0.0,0.0,650.0,보령시,보령시가선거구,0.4600197433366239,0.5022356425294698,0.0,0.0,0.0,0.0,0.0,0.0,0.0,0.0,0.0,0.0,0.0,0.0,0.0,0.03774461413390628,2022,34030,보령시,96511,49983,46528,5867,7061,8820,9709,13244,15992,17837,11201,6513,937,8965,60818,26728,0.0913885463833138,0.1005999316140129,0.1372278807597061,0.1657013190206297,0.1848183108661188,0.1932525826071639,0.2769425246863052,0.6301665095170499,0.4821004859549688,2022
8회지방선거_기초의원지역구,충청남도,부여군,60661803,18,57322,36436,34389,2047,4425.0,3292.0,0.0,0.0,0.0,0.0,0.0,0.0,0.0,0.0,0.0,0.0,0.0,0.0,0.0,3017.0,부여군,부여군가선거구,0.41224147568474007,0.30668902552636484,0.0,0.0,0.0,0.0,0.0,0.0,0.0,0.0,0.0,0.0,0.0,0.0,0.0,0.2810694987888951,2022,34530,부여군,61481,30439,31042,2720,3965,4910,4390,6424,9567,13282,8970,6514,1107,4257,34284,22940,0.0798620712089914,0.071404173647143,0.1044875652640653,0.1556090499503911,0.2160342219547502,0.26985572778582,0.3731234039784649,0.557635692327711,0.5049039540671102,2022
8회지방선거_기초의원지역구,충청남도,서산시,101103005,30,122336,59840,56855,2985,12972.0,16169.0,0.0,0.0,0.0,0.0,305.0,0.0,0.0,0.0,0.0,0.0,0.0,0.0,0.0,2982.0,서산시,서산시가선거구,0.40002467003823855,0.49861231034908104,0.0,0.0,0.0,0.0,0.009405452078450722,0.0,0.0,0.0,0.0,0.0,0.0,0.0,0.0,0.09195756753422968,2022,34050,서산시,177947,93033,84914,15859,16626,18465,22328,28302,29143,24710,14050,8826,1447,22868,120347,34732,0.1037668519278212,0.1254755629485184,0.1590473567972486,0.1637734831157591,0.1388615711419692,0.1366867662843431,0.195181711408453,0.6763081142137828,0.477187027598105,2022
8회지방선거_기초의원지역구,충청남도,서천군,40441202,12,45864,29281,27831,1450,6334.0,5121.0,0.0,0.0,0.0,0.0,0.0,0.0,0.0,0.0,0.0,0.0,0.0,0.0,0.0,6533.0,서천군,서천군가선거구,0.35212363798087615,0.28468979319546367,0.0,0.0,0.0,0.0,0.0,0.0,0.0,0.0,0.0,0.0,0.0,0.0,0.0,0.36318656882366024,2022,34540,서천군,49509,24797,24712,2239,3101,3407,3607,5247,7693,10305,7727,5493,957,3425,26960,19124,0.0688157708699428,0.0728554404249732,0.1059807307762225,0.1553858894342442,0.2081439738229412,0.2863519764083298,0.3862732028520067,0.5445474560180977,0.499141570219556,2022
8회지방선거_기초의원지역구,충청남도,아산시,101103005,30,229774,101739,95550,6189,20000.0,30007.0,0.0,0.0,0.0,0.0,0.0,0.0,0.0,0.0,0.0,0.0,0.0,0.0,0.0,0.0,아산시,아산시나선거구,0.39994400783890255,0.6000559921610974,0.0,0.0,0.0,0.0,0.0,0.0,0.0,0.0,0.0,0.0,0.0,0.0,0.0,0.0,2022,34040,아산시,363197,190920,172277,36982,40062,47768,56426,64839,52481,37715,19001,10739,1528,53101,263154,46942,0.1315209101396762,0.1553592127688279,0.1785229503547661,0.1444973389097376,0.1038417167542683,0.0860910194742798,0.1292466622796994,0.7245489362522267,0.474334865100758,2022
8회지방선거_기초의원지역구,충청남도,예산군,80882404,24,69069,38758,36577,2181,5340.0,7645.0,0.0,0.0,0.0,0.0,0.0,0.0,0.0,0.0,0.0,0.0,0.0,0.0,0.0,3329.0,예산군,예산군가선거구,0.3273262228760574,0.46861591271300723,0.0,0.0,0.0,0.0,0.0,0.0,0.0,0.0,0.0,0.0,0.0,0.0,0.0,0.2040578644109354,2022,34570,예산군,76967,39139,37828,3714,5513,6640,6636,9026,12580,15477,10005,6898,947,5724,46254,24989,0.0862707394077981,0.0862187690828537,0.1172710382371665,0.1634466719503163,0.2010861797913391,0.2319175750646381,0.3246716125092572,0.6009588524952252,0.4914833629997271,2022
8회지방선거_기초의원지역구,충청남도,천안시동남구,80882404,24,201736,83965,79879,4086,17395.0,21659.0,0.0,0.0,0.0,0.0,0.0,0.0,0.0,0.0,0.0,0.0,0.0,0.0,0.0,0.0,천안시동남구,천안시가선거구,0.4454089209812055,0.5545910790187945,0.0,0.0,0.0,0.0,0.0,0.0,0.0,0.0,0.0,0.0,0.0,0.0,0.0,0.0,2022,34011,천안시 동남구,273967,138959,135008,20451,28632,41998,34349,43242,44794,35995,16588,9005,1399,30642,201738,41587,0.1532958348998237,0.1253764139476652,0.1578365277569926,0.1635014436045217,0.1313844368117328,0.0985228147915624,0.1517956542211288,0.736358758536612,0.4927892775407257,2022
8회지방선거_기초의원지역구,충청남도,천안시서북구,101103005,30,259938,108996,103582,5414,18719.0,17740.0,0.0,0.0,0.0,0.0,0.0,0.0,0.0,0.0,0.0,0.0,0.0,0.0,0.0,1435.0,천안시서북구,천안시라선거구,0.4939832163403177,0.46814799176650657,0.0,0.0,0.0,0.0,0.0,0.0,0.0,0.0,0.0,0.0,0.0,0.0,0.0,0.0378687918931757,2022,34012,천안시 서북구,413984,213531,200453,42289,41750,62699,72451,72287,62879,39218,15899,8055,1131,59326,314732,39926,0.1514527131483342,0.1750091790987091,0.1746130285228414,0.1518875125608719,0.0947331297827935,0.0605941292417098,0.0964433408054417,0.7602516039267218,0.4842047035634227,2022
8회지방선거_기초의원지역구,충청남도,청양군,40441202,12,27932,19681,18754,927,3162.0,2016.0,0.0,0.0,0.0,0.0,0.0,0.0,0.0,0.0,0.0,0.0,0.0,0.0,0.0,1581.0,청양군,청양군가선거구,0.467820683533067,0.2982689747003995,0.0,0.0,0.0,0.0,0.0,0.0,0.0,0.0,0.0,0.0,0.0,0.0,0.0,0.2339103417665335,2022,34550,청양군,29761,15154,14607,1220,1896,2422,2133,2813,4755,6551,4303,3314,507,1908,16688,11165,0.0813816740028896,0.0716709787977554,0.0945196733980713,0.1597728570948557,0.2201202916568663,0.2729746984308323,0.3751554047243036,0.5607338463089278,0.4908101206276671,2022
8회지방선거_기초의원지역구,충청남도,태안군,40441202,12,55435,34711,32595,2116,6205.0,2403.0,0.0,0.0,0.0,0.0,0.0,0.0,0.0,0.0,0.0,0.0,0.0,0.0,0.0,4059.0,태안군,태안군가선거구,0.4898555301176285,0.18970553406489302,0.0,0.0,0.0,0.0,0.0,0.0,0.0,0.0,0.0,0.0,0.0,0.0,0.0,0.3204389358174785,2022,34580,태안군,60654,31499,29155,2951,3937,5328,4940,7249,9946,12555,8608,4780,740,4494,36198,19962,0.0878425165693936,0.0814455765489497,0.1195139644541168,0.1639792923797276,0.2069937679295677,0.2329277541464701,0.3291126718765456,0.5967949352062518,0.4806772842681439,2022
8회지방선거_기초의원지역구,충청남도,홍성군,60661803,18,67607,36606,35068,1538,7835.0,9494.0,0.0,0.0,0.0,0.0,0.0,0.0,0.0,0.0,0.0,0.0,0.0,0.0,0.0,870.0,홍성군,홍성군가선거구,0.4305181603384801,0.5216770152206165,0.0,0.0,0.0,0.0,0.0,0.0,0.0,0.0,0.0,0.0,0.0,0.0,0.0,0.047804824440903344,2022,34560,홍성군,100339,50423,49916,7717,9830,10663,10496,13957,15329,15702,9860,6716,999,11458,64218,24663,0.1062697455625429,0.1046053877355764,0.1390984562333689,0.1527721025722799,0.1564895005929897,0.1751562204128006,0.2457967490208194,0.640010364863114,0.4974735646159519,2022
8회지방선거_기초의원지역구,충청북도,괴산군,60661803,18,34674,23719,22546,1173,4723.0,5305.0,0.0,0.0,0.0,0.0,0.0,0.0,0.0,0.0,0.0,0.0,0.0,0.0,0.0,2746.0,괴산군,괴산군가선거구,0.3697354000313136,0.41529669641459216,0.0,0.0,0.0,0.0,0.0,0.0,0.0,0.0,0.0,0.0,0.0,0.0,0.0,0.21496790355409426,2022,33560,괴산군,37830,19750,18080,1360,1925,4093,2510,3492,6483,9134,5157,3402,446,2050,22577,13203,0.1081945545863071,0.0663494581020354,0.0923076923076923,0.1713719270420301,0.2414485857784827,0.2380385937086968,0.3490087232355273,0.5968014803066349,0.4779275707110759,2022
8회지방선거_기초의원지역구,충청북도,단양군,40441202,12,25692,17425,16679,746,3841.0,2598.0,0.0,0.0,0.0,0.0,0.0,0.0,0.0,0.0,0.0,0.0,0.0,0.0,0.0,1646.0,단양군,단양군가선거구,0.47507730364873224,0.3213358070500928,0.0,0.0,0.0,0.0,0.0,0.0,0.0,0.0,0.0,0.0,0.0,0.0,0.0,0.20358688930117502,2022,33580,단양군,26466,13377,13089,1102,1629,1590,1712,2749,4922,6688,3758,2204,261,1747,15447,9272,0.0600770800272047,0.0646867679286632,0.1038691150910602,0.1859744577949066,0.2527015793848711,0.2351318673014433,0.3503362805108441,0.583654500113353,0.4945590569031965,2022
8회지방선거_기초의원지역구,충청북도,보은군,60661803,18,28963,19543,18516,1027,3464.0,4135.0,0.0,0.0,0.0,0.0,0.0,0.0,0.0,0.0,0.0,0.0,0.0,0.0,0.0,2598.0,보은군,보은군가선거구,0.33970775718348534,0.40551142492890063,0.0,0.0,0.0,0.0,0.0,0.0,0.0,0.0,0.0,0.0,0.0,0.0,0.0,0.25478081788761403,2022,33520,보은군,30636,15439,15197,1391,1903,1971,2084,2987,5189,7277,4282,3221,488,2154,17123,11359,0.0643360752056404,0.0680245462854158,0.0974996735866301,0.1693758976367672,0.2375310092701397,0.2608369238804021,0.3707729468599033,0.5589176132654393,0.4960503982243113,2022
8회지방선거_기초의원지역구,충청북도,영동군,60661803,18,41123,27148,25929,1219,5268.0,6154.0,0.0,0.0,0.0,0.0,0.0,0.0,0.0,0.0,0.0,0.0,0.0,0.0,0.0,0.0,영동군,영동군가선거구,0.4612151987392751,0.5387848012607249,0.0,0.0,0.0,0.0,0.0,0.0,0.0,0.0,0.0,0.0,0.0,0.0,0.0,0.0,2022,33540,영동군,43813,21860,21953,2093,2904,3553,2884,4607,7535,9656,6138,4130,566,3220,25288,15305,0.0810946522721566,0.0658252116951589,0.1051514390705954,0.1719809189053477,0.2203912080889233,0.2472782050989432,0.3493255426471595,0.5771802889553329,0.5010613288293428,2022
8회지방선거_기초의원지역구,충청북도,옥천군,60661803,18,44686,28846,26979,1867,4976.0,5298.0,0.0,0.0,0.0,0.0,190.0,0.0,0.0,0.0,0.0,0.0,0.0,0.0,0.0,4043.0,옥천군,옥천군가선거구,0.34300682429172125,0.36520300544564693,0.0,0.0,0.0,0.0,0.013097125525608327,0.0,0.0,0.0,0.0,0.0,0.0,0.0,0.0,0.2786930447370235,2022,33530,옥천군,48013,24178,23835,2441,3442,3809,3558,5806,8311,10293,6176,3928,581,3887,28620,15506,0.0793326807323016,0.0741049299148147,0.1209255826546976,0.1730989523670672,0.214379438901964,0.2225438943619436,0.3229541999041926,0.5960885593485098,0.4964280507362589,2022
8회지방선거_기초의원지역구,충청북도,음성군,40441202,12,61399,31927,30027,1900,4477.0,10285.0,0.0,0.0,0.0,0.0,0.0,0.0,0.0,0.0,0.0,0.0,0.0,0.0,0.0,1665.0,음성군,음성군가선거구,0.27253911243684176,0.6261033664089608,0.0,0.0,0.0,0.0,0.0,0.0,0.0,0.0,0.0,0.0,0.0,0.0,0.0,0.10135752115419736,2022,33570,음성군,102564,56916,45648,6062,7344,12386,13515,15026,18105,16953,8235,4996,713,8937,72485,21142,0.1207636207636207,0.1317713817713817,0.1465036465036465,0.1765239265239265,0.1652919152919152,0.1359541359541359,0.2061347061347061,0.7067294567294568,0.445068445068445,2022
8회지방선거_기초의원지역구,충청북도,제천시,101103005,30,115563,62799,58976,3823,11642.0,11884.0,0.0,233.0,0.0,0.0,0.0,0.0,0.0,0.0,0.0,0.0,0.0,0.0,0.0,2378.0,제천시,제천시가선거구,0.4454221984160386,0.45468110341661244,0.0,0.008914565558403795,0.0,0.0,0.0,0.0,0.0,0.0,0.0,0.0,0.0,0.0,0.0,0.09098213260894518,2022,33030,제천시,130436,65535,64901,8532,10936,15132,12095,16919,22808,24247,12718,7209,860,12767,86081,31588,0.1160109172314391,0.0927274678769664,0.1297111226961881,0.1748597013094544,0.1858919316753043,0.1593655125885491,0.2421724063908736,0.6599481738170444,0.4975696893495661,2022
8회지방선거_기초의원지역구,충청북도,증평군,60661803,18,31366,17041,16424,617,4166.0,6769.0,0.0,0.0,0.0,0.0,0.0,0.0,0.0,0.0,0.0,0.0,0.0,0.0,0.0,641.0,증평군,증평군가선거구,0.3598825155494126,0.5847442985487215,0.0,0.0,0.0,0.0,0.0,0.0,0.0,0.0,0.0,0.0,0.0,0.0,0.0,0.05537318590186593,2022,33590,증평군,37778,19556,18222,3214,3284,4832,4810,5627,6115,5577,2841,1645,198,4641,26005,7132,0.1279051299698237,0.1273227804542326,0.1489491238286833,0.1618666949017947,0.1476256022023399,0.1239875059558473,0.1887871247816189,0.6883635978611891,0.4823442215045794,2022
8회지방선거_기초의원지역구,충청북도,진천군,40441202,12,71725,34551,32421,2130,5552.0,4082.0,0.0,0.0,0.0,0.0,0.0,0.0,0.0,0.0,0.0,0.0,0.0,0.0,0.0,3382.0,진천군,진천군가선거구,0.4265519360786724,0.3136140135218193,0.0,0.0,0.0,0.0,0.0,0.0,0.0,0.0,0.0,0.0,0.0,0.0,0.0,0.2598340503995083,2022,33550,진천군,93174,50523,42651,8332,8496,10763,14031,15564,14771,12109,5702,3792,510,11852,66205,15117,0.1155150578487561,0.1505892201687166,0.1670423079399832,0.1585313499474102,0.1299611479597312,0.1073690085216906,0.1622448322493399,0.7105522999978535,0.4577564556635971,2022
8회지방선거_기초의원지역구,충청북도,청주시상당구,60661803,18,163058,79597,74933,4664,11912.0,21625.0,0.0,0.0,0.0,0.0,0.0,0.0,0.0,0.0,0.0,0.0,0.0,0.0,0.0,820.0,청주시상당구,청주시가선거구,0.34671246034287045,0.6294204965509212,0.0,0.0,0.0,0.0,0.0,0.0,0.0,0.0,0.0,0.0,0.0,0.0,0.0,0.02386704310620834,2022,33041,청주시 상당구,191510,95219,96291,17374,19051,22370,23481,30179,33034,27240,12835,7067,937,25113,133990,32407,0.1168085217482115,0.1226097853897968,0.1575844603414965,0.172492298052321,0.1422380032374288,0.1088141611404104,0.1692183175813273,0.6996501488172941,0.5027988094616469,2022
8회지방선거_기초의원지역구,충청북도,청주시서원구,60661803,18,165453,80295,72645,7650,12943.0,11391.0,0.0,0.0,0.0,0.0,0.0,0.0,0.0,0.0,0.0,434.0,0.0,0.0,0.0,277.0,청주시서원구,청주시라선거구,0.516789778398882,0.4548213216210821,0.0,0.0,0.0,0.0,0.0,0.0,0.0,0.0,0.0,0.01732880814533839,0.0,0.0,0.0,0.011060091834697545,2022,33042,청주시 서원구,194132,96581,97551,13741,19044,28812,22817,29005,33638,27883,13017,7001,961,21019,140326,32787,0.1484144808686872,0.1175334308614756,0.1494086497846825,0.1732738549028496,0.1436290771227824,0.1080656460552613,0.1688902396307667,0.7228380689427812,0.5024983001256876,2022
8회지방선거_기초의원지역구,충청북도,청주시청원구,60661803,18,129497,58274,55682,2592,19362.0,11186.0,0.0,0.0,0.0,0.0,0.0,0.0,0.0,0.0,0.0,0.0,0.0,0.0,0.0,303.0,청주시청원구,청주시카선거구,0.6275971605458494,0.3625814398236686,0.0,0.0,0.0,0.0,0.0,0.0,0.0,0.0,0.0,0.0,0.0,0.0,0.0,0.009821399630481994,2022,33044,청주시 청원구,198744,102398,96346,19846,20437,28090,30760,32951,28017,23000,10733,6305,897,27937,143178,27629,0.1413376001288089,0.1547719679587811,0.1657962001368594,0.1409702934428209,0.1157267640784124,0.0902417179889707,0.1390180332488025,0.7204142011834319,0.4847743831260315,2022
8회지방선거_기초의원지역구,충청북도,청주시흥덕구,80882404,24,223618,98269,92304,5965,16209.0,21555.0,0.0,0.0,0.0,0.0,0.0,0.0,0.0,0.0,0.0,0.0,0.0,0.0,0.0,3699.0,청주시흥덕구,청주시사선거구,0.39092685044497505,0.5198610809637508,0.0,0.0,0.0,0.0,0.0,0.0,0.0,0.0,0.0,0.0,0.0,0.0,0.0,0.08921206859127415,2022,33043,청주시 흥덕구,274114,139308,134806,25586,26325,41022,43469,44237,43555,32043,13179,6543,911,36233,204301,33580,0.1496530640536419,0.1585800068584603,0.1613817608732133,0.1588937449382373,0.1168966196545962,0.0752716023260395,0.1225037758013089,0.7453139934479815,0.4917880881676966,2022
8회지방선거_기초의원지역구,충청북도,충주시,141544207,42,181044,89726,83757,5969,13628.0,17388.0,0.0,0.0,0.0,0.0,0.0,0.0,0.0,0.0,0.0,0.0,0.0,0.0,0.0,1838.0,충주시,충주시가선거구,0.41480489438120166,0.5292506239727278,0.0,0.0,0.0,0.0,0.0,0.0,0.0,0.0,0.0,0.0,0.0,0.0,0.0,0.05594448164607049,2022,33020,충주시,215783,110283,105500,14693,19118,28182,24156,30030,36183,34931,17684,11022,1478,21888,148599,45296,0.1306034302980309,0.1119457973983121,0.1391675896618362,0.167682347543597,0.1618802222603263,0.1398812696088199,0.2099145901206304,0.688650171700273,0.4889171065375863,2022
