election_name,sido,sigungu_norm,sg_id,sg_typecode,total_voters,total_voted,valid_votes,invalid_votes,party_더불어민주당,party_국민의힘,party_가락특권폐지당,party_대한국민당,party_민중민주당,party_한국국민당,party_녹색정의당,party_기후민생당,party_내일로미래로,party_자유통일당,party_새진보연합,party_우리공화당,party_자유민주당,party_소나무당,party_기독당,party_노동당,party_한국농어민당,party_기타,sigungu_elec,sgg_name,ratio_더불어민주당,ratio_국민의힘,ratio_가락특권폐지당,ratio_대한국민당,ratio_민중민주당,ratio_한국국민당,ratio_녹색정의당,ratio_기후민생당,ratio_내일로미래로,ratio_자유통일당,ratio_새진보연합,ratio_우리공화당,ratio_자유민주당,ratio_소나무당,ratio_기독당,ratio_노동당,ratio_한국농어민당,ratio_기타,year,adm_cd,sigungu_pop,total_pop,male_pop,female_pop,age_0_9,age_10_19,age_20_29,age_30_39,age_40_49,age_50_59,age_60_69,age_70_79,age_80_89,age_90plus,age_0_14,age_15_64,age_65plus,ratio_20s,ratio_30s,ratio_40s,ratio_50s,ratio_60s,ratio_70plus,ratio_elderly,ratio_working,ratio_female,pop_year
22대국회의원선거_지역구,경기도,가평군,20240410,2,56055,37243,36781,462,15280.0,20982,0.0,0.0,0.0,0.0,0.0,0.0,0.0,0.0,0.0,0.0,0.0,0.0,0.0,0.0,0.0,519.0,가평군,포천시가평군,0.4154318805905223,0.5704575732035562,0.0,0.0,0.0,0.0,0.0,0.0,0.0,0.0,0.0,0.0,0.0,0.0,0.0,0.0,0.0,0.014110546205921535,2024,31570,가평군,60384,30865,29519,2916,4066,5158,5571,6913,10503,13499,7539,3964,564,4468,37174,18742,0.0854199788023317,0.0922595389507154,0.114483969263381,0.1739368044515103,0.2235525967143614,0.1998377053524112,0.3103802331743508,0.6156266560678325,0.4888546634870164,2024
22대국회의원선거_지역구,경기도,고양시덕양구,40480820,4,458715,315596,312683,2913,167019.0,113683,0.0,0.0,0.0,0.0,28293.0,0.0,0.0,0.0,0.0,0.0,0.0,0.0,0.0,0.0,0.0,3688.0,고양시덕양구,고양시갑,0.5341480029294845,0.36357269183166335,0.0,0.0,0.0,0.0,0.09048461221108918,0.0,0.0,0.0,0.0,0.0,0.0,0.0,0.0,0.0,0.0,0.011794693027762941,2024,31101,고양시 덕양구,482446,236705,245741,37304,38989,52582,71842,75249,84204,70895,33638,18812,2911,53592,342252,86602,0.1089904362353507,0.148912002586818,0.1559739328339337,0.1745355956936113,0.1469490886026622,0.1147506663958246,0.179506100164578,0.7094099650530836,0.5093647786488021,2024
22대국회의원선거_지역구,경기도,고양시일산동구,20240410,2,236926,159334,157466,1868,85134.0,72332,0.0,0.0,0.0,0.0,0.0,0.0,0.0,0.0,0.0,0.0,0.0,0.0,0.0,0.0,0.0,0.0,고양시일산동구,고양시병,0.5406500450890986,0.4593499549109014,0.0,0.0,0.0,0.0,0.0,0.0,0.0,0.0,0.0,0.0,0.0,0.0,0.0,0.0,0.0,0.0,2024,31103,고양시 일산동구,288578,139911,148667,18907,25140,34385,38816,43587,55408,42856,17671,11631,2411,29138,209519,49921,0.1191532272037369,0.1345078280395595,0.1510406198670723,0.1920035484340455,0.1485075092349382,0.1098940321161003,0.1729896249887378,0.7260394070234044,0.5151709416518238,2024
22대국회의원선거_지역구,경기도,고양시일산서구,20240410,2,227947,157917,156047,1870,85660.0,70387,0.0,0.0,0.0,0.0,0.0,0.0,0.0,0.0,0.0,0.0,0.0,0.0,0.0,0.0,0.0,0.0,고양시일산서구,고양시정,0.5489371791831948,0.4510628208168052,0.0,0.0,0.0,0.0,0.0,0.0,0.0,0.0,0.0,0.0,0.0,0.0,0.0,0.0,0.0,0.0,2024,31104,고양시 일산서구,273944,132397,141547,17939,27284,31359,32241,41297,55256,41168,17109,10889,1683,29091,197763,47090,0.1144723009082148,0.1176919370382268,0.1507497882778962,0.2017054580498204,0.1502788891160237,0.1083469614227725,0.1718964459889612,0.7219103174371404,0.5167004935315247,2024
22대국회의원선거_지역구,경기도,과천시,20240410,2,67624,52845,52306,539,25322.0,26984,0.0,0.0,0.0,0.0,0.0,0.0,0.0,0.0,0.0,0.0,0.0,0.0,0.0,0.0,0.0,0.0,과천시,의왕시과천시,0.48411272129392424,0.5158872787060758,0.0,0.0,0.0,0.0,0.0,0.0,0.0,0.0,0.0,0.0,0.0,0.0,0.0,0.0,0.0,0.0,2024,31110,과천시,81213,39761,41452,9455,7639,8245,12645,12704,12966,10977,4732,2326,407,12758,56198,12257,0.1015231551598881,0.1557016733774149,0.1564281580535136,0.1596542425473754,0.1351630896531343,0.091918781475872,0.1509241131345966,0.6919828106337655,0.5104108948074816,2024
22대국회의원선거_지역구,경기도,광명시,40480820,4,238768,171690,169298,2392,100171.0,69127,0.0,0.0,0.0,0.0,0.0,0.0,0.0,0.0,0.0,0.0,0.0,0.0,0.0,0.0,0.0,0.0,광명시,광명시갑,0.5916844853453673,0.40831551465463267,0.0,0.0,0.0,0.0,0.0,0.0,0.0,0.0,0.0,0.0,0.0,0.0,0.0,0.0,0.0,0.0,2024,31060,광명시,272371,133393,138978,19493,26298,29901,36168,44012,48129,40831,19988,8633,1269,30080,193396,48895,0.10978040980868,0.1327894673074593,0.1615884216748479,0.1767038341086239,0.149909498441464,0.1097400237176498,0.1795161746294576,0.7100462237169155,0.5102525599274519,2024
22대국회의원선거_지역구,경기도,광주시,40480820,4,333796,211569,209284,2285,116566.0,92718,0.0,0.0,0.0,0.0,0.0,0.0,0.0,0.0,0.0,0.0,0.0,0.0,0.0,0.0,0.0,0.0,광주시,광주시갑,0.5569752107184496,0.4430247892815504,0.0,0.0,0.0,0.0,0.0,0.0,0.0,0.0,0.0,0.0,0.0,0.0,0.0,0.0,0.0,0.0,2024,31250,광주시,402335,207712,194623,32662,35022,42841,56837,68890,69080,59246,27901,11772,1766,47237,286641,68457,0.1064809176432574,0.1412678489318602,0.1712254713112207,0.1716977145910746,0.1472553966222178,0.1029962593361253,0.1701492537313433,0.712443610424149,0.4837337044999814,2024
22대국회의원선거_지역구,경기도,구리시,20240410,2,161475,111029,109918,1111,59331.0,47620,0.0,0.0,0.0,0.0,0.0,0.0,0.0,0.0,0.0,0.0,0.0,0.0,0.0,0.0,0.0,2967.0,구리시,구리시,0.5397751050783312,0.43323204570679963,0.0,0.0,0.0,0.0,0.0,0.0,0.0,0.0,0.0,0.0,0.0,0.0,0.0,0.0,0.0,0.026992849214869268,2024,31120,구리시,182102,89902,92200,12416,15683,21038,24033,28322,33473,28583,13071,6201,817,18869,130692,32541,0.1155286597621113,0.1319754862659388,0.1555282204478808,0.1838145654633117,0.1569614831248421,0.1103172947029686,0.1786965546781474,0.7176856926337987,0.5063096506353582,2024
22대국회의원선거_지역구,경기도,군포시,20240410,2,226042,159244,157333,1911,89561.0,67772,0.0,0.0,0.0,0.0,0.0,0.0,0.0,0.0,0.0,0.0,0.0,0.0,0.0,0.0,0.0,0.0,군포시,군포시,0.5692448500950213,0.4307551499049786,0.0,0.0,0.0,0.0,0.0,0.0,0.0,0.0,0.0,0.0,0.0,0.0,0.0,0.0,0.0,0.0,2024,31160,군포시,258110,127967,130143,15822,22216,30679,35739,37803,47492,41611,17713,9202,1788,24647,186457,47006,0.1188601758939986,0.1384642206811049,0.1464608112820115,0.1839990701638836,0.161214210995312,0.111204525202433,0.182116152028205,0.7223935531362597,0.5042152570609431,2024
22대국회의원선거_지역구,경기도,김포시,40480820,4,395817,265481,262950,2531,144392.0,118558,0.0,0.0,0.0,0.0,0.0,0.0,0.0,0.0,0.0,0.0,0.0,0.0,0.0,0.0,0.0,0.0,김포시,김포시갑,0.5491234074919186,0.4508765925080814,0.0,0.0,0.0,0.0,0.0,0.0,0.0,0.0,0.0,0.0,0.0,0.0,0.0,0.0,0.0,0.0,2024,31230,김포시,499536,257239,242297,48265,52072,51098,74769,95187,75553,60609,31598,14165,2149,71785,352017,75734,0.1022909259793088,0.1496769001633515,0.1905508311713269,0.1512463566189423,0.1213305947919669,0.0959130072707472,0.1516086928669805,0.7046879504179879,0.4850441209442362,2024
22대국회의원선거_지역구,경기도,남양주시,60721230,6,614322,401957,398324,3633,216553.0,158983,0.0,0.0,0.0,0.0,0.0,0.0,0.0,0.0,0.0,0.0,0.0,0.0,0.0,0.0,0.0,22788.0,남양주시,남양주시갑,0.5436604372320021,0.3991298540886314,0.0,0.0,0.0,0.0,0.0,0.0,0.0,0.0,0.0,0.0,0.0,0.0,0.0,0.0,0.0,0.05720970867936655,2024,31130,남양주시,718385,355844,362541,57218,75394,76401,85015,122173,126781,99448,53109,25976,4057,88912,500852,128621,0.1063510513164946,0.1183418362020365,0.1700661901348163,0.1764805779630699,0.138432734536495,0.115734599135561,0.1790418786583795,0.6971916173082678,0.5046611496620893,2024
22대국회의원선거_지역구,경기도,동두천시,20240410,2,88271,54901,54229,672,25935.0,28294,0.0,0.0,0.0,0.0,0.0,0.0,0.0,0.0,0.0,0.0,0.0,0.0,0.0,0.0,0.0,0.0,동두천시,동두천시양주시연천군을,0.47824964502388023,0.5217503549761198,0.0,0.0,0.0,0.0,0.0,0.0,0.0,0.0,0.0,0.0,0.0,0.0,0.0,0.0,0.0,0.0,2024,31080,동두천시,89466,44744,44722,4694,7697,9744,9505,12002,15954,15027,8945,5656,863,7625,59290,22551,0.1089128831064314,0.1062414772092191,0.1341515212482954,0.1783247267118234,0.1679632486084099,0.1728477857510115,0.2520622359332036,0.6627098562582433,0.499877048264145,2024
22대국회의원선거_지역구,경기도,부천시,60721230,6,681051,449915,443826,6089,253176.0,169843,0.0,0.0,0.0,0.0,0.0,0.0,0.0,0.0,0.0,0.0,0.0,0.0,0.0,0.0,0.0,20807.0,부천시오정구,부천시갑,0.570439766935691,0.38267924817383386,0.0,0.0,0.0,0.0,0.0,0.0,0.0,0.0,0.0,0.0,0.0,0.0,0.0,0.0,0.0,0.0468809848904751,6072.0,93156.0,부천시,794082.0,391262.0,402820.0,49796.0,62950.0,92521.0,111648.0,117793.0,141651.0,136409.0,57997.0,25049.0,4128.0,74551.0,571393.0,148138.0,0.11651315607204293,0.14060008915955782,0.14833858468017158,0.17838334076329648,0.17178200739973956,0.10977959455068872,0.18655252228359287,0.7195642263645317,0.507277585942006,2024
22대국회의원선거_지역구,경기도,성남시분당구,40480820,4,396609,302068,299348,2720,142774.0,156574,0.0,0.0,0.0,0.0,0.0,0.0,0.0,0.0,0.0,0.0,0.0,0.0,0.0,0.0,0.0,0.0,성남시분당구,성남시분당구갑,0.4769499044590243,0.5230500955409757,0.0,0.0,0.0,0.0,0.0,0.0,0.0,0.0,0.0,0.0,0.0,0.0,0.0,0.0,0.0,0.0,2024,31023,성남시 분당구,447920,217422,230498,35391,47059,49741,63420,75635,77592,57518,28628,14884,2685,55162,320546,72212,0.1110488480085729,0.1415877835327737,0.1688582782639757,0.1732273620289337,0.1284113234506161,0.1031367208430076,0.1612162886229683,0.7156322557599571,0.5145963564922308,2024
22대국회의원선거_지역구,경기도,성남시수정구,20240410,2,209986,140337,138374,1963,80835.0,57539,0.0,0.0,0.0,0.0,0.0,0.0,0.0,0.0,0.0,0.0,0.0,0.0,0.0,0.0,0.0,0.0,성남시수정구,성남시수정구,0.5841776634338821,0.4158223365661179,0.0,0.0,0.0,0.0,0.0,0.0,0.0,0.0,0.0,0.0,0.0,0.0,0.0,0.0,0.0,0.0,2024,31021,성남시 수정구,246990,124373,122617,15127,17070,34027,37393,35517,41132,39088,19893,8191,1056,21409,178562,47019,0.1377667112028827,0.1513947933114701,0.1437993441030001,0.1665330580185432,0.1582574193287177,0.1179804850398801,0.1903680310943762,0.722952346248836,0.4964452002105348,2024
22대국회의원선거_지역구,경기도,성남시중원구,20240410,2,186583,124326,122529,1797,73661.0,48868,0.0,0.0,0.0,0.0,0.0,0.0,0.0,0.0,0.0,0.0,0.0,0.0,0.0,0.0,0.0,0.0,성남시중원구,성남시중원구,0.601171967452603,0.39882803254739696,0.0,0.0,0.0,0.0,0.0,0.0,0.0,0.0,0.0,0.0,0.0,0.0,0.0,0.0,0.0,0.0,2024,31022,성남시 중원구,205957,103516,102441,12353,13871,25550,31713,29804,34830,33950,17020,7160,933,17746,147493,40718,0.1240550211937443,0.1539787431357031,0.1447098180688202,0.1691129701830964,0.1648402336410027,0.12193321907,0.1977014619556509,0.7161349213670815,0.4973902319416188,2024
22대국회의원선거_지역구,경기도,수원시권선구,40480820,4,440763,292715,288967,3748,174342.0,114625,0.0,0.0,0.0,0.0,0.0,0.0,0.0,0.0,0.0,0.0,0.0,0.0,0.0,0.0,0.0,0.0,수원시권선구,수원시을,0.6033284077420605,0.39667159225793946,0.0,0.0,0.0,0.0,0.0,0.0,0.0,0.0,0.0,0.0,0.0,0.0,0.0,0.0,0.0,0.0,2024,31012,수원시 권선구,370600,186916,183684,26831,31091,47460,59021,59265,64487,52914,21898,9411,1396,39763,275683,55154,0.1280626011872639,0.1592579600647598,0.1599163518618456,0.1740070156502968,0.142779276848354,0.0882487857528332,0.1488235294117647,0.7438828926065839,0.4956395035078251,2024
22대국회의원선거_지역구,경기도,수원시영통구,20240410,2,201075,142081,137385,4696,69881.0,67504,0.0,0.0,0.0,0.0,0.0,0.0,0.0,0.0,0.0,0.0,0.0,0.0,0.0,0.0,0.0,0.0,수원시영통구,수원시정,0.5086508716380973,0.4913491283619027,0.0,0.0,0.0,0.0,0.0,0.0,0.0,0.0,0.0,0.0,0.0,0.0,0.0,0.0,0.0,0.0,2024,31014,수원시 영통구,364750,182691,182059,32014,40291,56691,61778,63666,57372,35860,13492,6375,984,48332,281271,35147,0.1554242631939684,0.1693708019191226,0.1745469499657299,0.1572912954078135,0.0983139136394791,0.0571651816312542,0.0963591501028101,0.7711336531871145,0.4991336531871144,2024
22대국회의원선거_지역구,경기도,수원시장안구,20240410,2,200396,137505,136037,1468,75562.0,57366,0.0,0.0,0.0,0.0,0.0,0.0,0.0,0.0,0.0,0.0,0.0,0.0,0.0,0.0,0.0,3109.0,수원시장안구,수원시갑,0.5554518256062689,0.42169409792923984,0.0,0.0,0.0,0.0,0.0,0.0,0.0,0.0,0.0,0.0,0.0,0.0,0.0,0.0,0.0,0.02285407646449128,2024,31011,수원시 장안구,280812,141278,139534,17284,26242,42491,36470,40662,50962,39618,18207,9498,1471,26986,207750,46076,0.1513147586285486,0.1298733672350184,0.1448015042092218,0.1814808483967921,0.1410837143711807,0.1038986937880147,0.1640813070666495,0.7398188111619162,0.4968947195988775,2024
22대국회의원선거_지역구,경기도,수원시팔달구,20240410,2,182482,117975,116402,1573,64505.0,51897,0.0,0.0,0.0,0.0,0.0,0.0,0.0,0.0,0.0,0.0,0.0,0.0,0.0,0.0,0.0,0.0,수원시팔달구,수원시병,0.5541571450662359,0.445842854933764,0.0,0.0,0.0,0.0,0.0,0.0,0.0,0.0,0.0,0.0,0.0,0.0,0.0,0.0,0.0,0.0,2024,31013,수원시 팔달구,208817,105434,103383,12890,13405,29428,34853,30224,36302,30939,14516,6577,849,17971,155422,35424,0.1409272233582514,0.1669069089202507,0.1447391735347218,0.1738459991284234,0.1481632242585613,0.1050776517237581,0.1696413606171911,0.7442976386022211,0.4950890013744092,2024
22대국회의원선거_지역구,경기도,시흥시,40480820,4,433812,274770,271757,3013,159883.0,105645,0.0,0.0,0.0,0.0,0.0,0.0,0.0,1320.0,0.0,0.0,0.0,0.0,0.0,0.0,0.0,4909.0,시흥시,시흥시갑,0.58833075136979,0.3887480359291573,0.0,0.0,0.0,0.0,0.0,0.0,0.0,0.004857280585228716,0.0,0.0,0.0,0.0,0.0,0.0,0.0,0.018063932115824063,2024,31150,시흥시,571982,302144,269838,49424,52558,66790,91138,103061,102014,71799,26082,12308,2101,71234,431090,69658,0.1167694088275505,0.1593371819392918,0.180182243497173,0.1783517663143246,0.1255266774129255,0.0707906892174928,0.1217835526292785,0.7536775632799634,0.4717596008265994,2024
22대국회의원선거_지역구,경기도,안산시단원구,20240410,2,181427,110841,109474,1367,59317.0,47175,0.0,0.0,0.0,0.0,0.0,0.0,0.0,0.0,0.0,0.0,0.0,0.0,0.0,0.0,0.0,2982.0,안산시단원구,안산시병,0.5418364177795642,0.43092423771854504,0.0,0.0,0.0,0.0,0.0,0.0,0.0,0.0,0.0,0.0,0.0,0.0,0.0,0.0,0.0,0.02723934450189086,2024,31092,안산시 단원구,353223,185720,167503,22542,27499,46683,56362,55173,68625,51525,17697,8095,1409,33145,272083,47995,0.1321629678701557,0.1595649207441191,0.1561987752779405,0.1942823655311234,0.1458710219889418,0.0770080091047298,0.1358773352811113,0.7702867593559876,0.4742131741138035,2024
22대국회의원선거_지역구,경기도,안산시상록구,40480820,4,367695,226826,222729,4097,124597.0,91162,0.0,0.0,0.0,0.0,0.0,0.0,0.0,0.0,0.0,0.0,0.0,0.0,0.0,0.0,0.0,6970.0,안산시상록구,안산시갑,0.5594107637532607,0.40929560138105053,0.0,0.0,0.0,0.0,0.0,0.0,0.0,0.0,0.0,0.0,0.0,0.0,0.0,0.0,0.0,0.0312936348656888,2024,31091,안산시 상록구,348328,177856,170472,20222,30047,51754,45659,50432,69222,52236,19502,10155,1645,31505,264351,52472,0.1485783514388737,0.1310804758733148,0.1447830780184194,0.1987264876782802,0.1499621046829425,0.089863576858593,0.1506396270182127,0.7589140120805677,0.4894007946533152,2024
22대국회의원선거_지역구,경기도,안성시,20240410,2,165008,104616,103548,1068,52517.0,49049,0.0,0.0,0.0,0.0,0.0,0.0,0.0,0.0,0.0,0.0,0.0,0.0,0.0,0.0,0.0,1982.0,안성시,안성시,0.5071754162320856,0.4736837022443698,0.0,0.0,0.0,0.0,0.0,0.0,0.0,0.0,0.0,0.0,0.0,0.0,0.0,0.0,0.0,0.019140881523544637,2024,31220,안성시,215739,113407,102332,13392,19205,29759,29282,32553,35293,31334,16122,8723,1627,20583,154382,40774,0.1379398254372181,0.1357288204728862,0.1508906595469525,0.1635911912078947,0.1452403135269932,0.1227038226746207,0.1889968897603122,0.7155961601750263,0.4743324109224572,2024
22대국회의원선거_지역구,경기도,안양시동안구,40480820,4,268521,198715,196225,2490,109139.0,87086,0.0,0.0,0.0,0.0,0.0,0.0,0.0,0.0,0.0,0.0,0.0,0.0,0.0,0.0,0.0,0.0,안양시동안구,안양시동안구갑,0.5561931456236463,0.4438068543763537,0.0,0.0,0.0,0.0,0.0,0.0,0.0,0.0,0.0,0.0,0.0,0.0,0.0,0.0,0.0,0.0,2024,31042,안양시 동안구,315820,154552,161268,25321,30897,35945,48105,50241,54652,44962,18906,8324,1413,38074,229131,48615,0.1138148312329808,0.152317775948325,0.1590811221581913,0.173047938699259,0.1423659046292191,0.0906940662402634,0.1539326198467481,0.7255113672345007,0.5106326388449116,2024
22대국회의원선거_지역구,경기도,안양시만안구,20240410,2,203664,140494,138808,1686,78924.0,59884,0.0,0.0,0.0,0.0,0.0,0.0,0.0,0.0,0.0,0.0,0.0,0.0,0.0,0.0,0.0,0.0,안양시만안구,안양시만안구,0.5685839432885713,0.43141605671142874,0.0,0.0,0.0,0.0,0.0,0.0,0.0,0.0,0.0,0.0,0.0,0.0,0.0,0.0,0.0,0.0,2024,31041,안양시 만안구,229980,114139,115841,13652,15868,28443,32942,31111,40205,39849,19225,8707,1337,19526,163144,47310,0.1236759718236368,0.1432385424819549,0.1352769806070093,0.1748195495260457,0.1732715888338116,0.1272675884859553,0.2057135403078528,0.7093834246456213,0.5037003217671102,2024
22대국회의원선거_지역구,경기도,양주시,20240410,2,218378,137841,136369,1472,82186.0,54183,0.0,0.0,0.0,0.0,0.0,0.0,0.0,0.0,0.0,0.0,0.0,0.0,0.0,0.0,0.0,0.0,양주시,동두천시양주시연천군갑,0.6026736281706253,0.3973263718293747,0.0,0.0,0.0,0.0,0.0,0.0,0.0,0.0,0.0,0.0,0.0,0.0,0.0,0.0,0.0,0.0,2024,31260,양주시,293000,149367,143633,25803,27760,32506,41814,46882,48203,39083,20418,11182,1987,37455,203978,51567,0.1109419795221843,0.1427098976109215,0.1600068259385665,0.1645153583617747,0.1333890784982935,0.1146313993174061,0.1759965870307167,0.6961706484641639,0.4902150170648464,2024
22대국회의원선거_지역구,경기도,양평군,20240410,2,111052,77160,76174,986,33975.0,42199,0.0,0.0,0.0,0.0,0.0,0.0,0.0,0.0,0.0,0.0,0.0,0.0,0.0,0.0,0.0,0.0,양평군,여주시양평군,0.44601832646309764,0.5539816735369023,0.0,0.0,0.0,0.0,0.0,0.0,0.0,0.0,0.0,0.0,0.0,0.0,0.0,0.0,0.0,0.0,2024,31580,양평군,121622,60847,60775,6661,9405,9012,10646,15118,20758,26425,15368,7686,1358,10436,73698,37488,0.0740984361381986,0.0875335054513163,0.1243031688345858,0.1706763578957754,0.2172715462663005,0.200720264425844,0.3082337077173537,0.6059594481261614,0.499704000920886,2024
22대국회의원선거_지역구,경기도,여주시,20240410,2,100723,64397,63635,762,30918.0,32717,0.0,0.0,0.0,0.0,0.0,0.0,0.0,0.0,0.0,0.0,0.0,0.0,0.0,0.0,0.0,0.0,여주시,여주시양평군,0.48586469710065217,0.5141353028993478,0.0,0.0,0.0,0.0,0.0,0.0,0.0,0.0,0.0,0.0,0.0,0.0,0.0,0.0,0.0,0.0,2024,31280,여주시,117477,60416,57061,6578,9009,12414,13369,15494,20165,21857,11865,6376,1113,10157,77565,29755,0.1056717485124747,0.1138009993445525,0.1318896464839926,0.1716506209726159,0.1860534402478783,0.1647471419937519,0.2532836214748419,0.6602569013509028,0.4857206091405126,2024
22대국회의원선거_지역구,경기도,연천군,20240410,2,37007,25113,24704,409,10605.0,14099,0.0,0.0,0.0,0.0,0.0,0.0,0.0,0.0,0.0,0.0,0.0,0.0,0.0,0.0,0.0,0.0,연천군,동두천시양주시연천군을,0.429282707253886,0.5707172927461139,0.0,0.0,0.0,0.0,0.0,0.0,0.0,0.0,0.0,0.0,0.0,0.0,0.0,0.0,0.0,0.0,2024,31550,연천군,40386,21430,18956,2160,2518,4216,4308,4189,6214,8458,5009,3107,441,3225,24315,12846,0.1043926113009458,0.1066706284355964,0.1037240627940375,0.1538652008121626,0.2094290100529886,0.2118803545783192,0.3180805229534987,0.6020650720546724,0.4693705739612737,2024
22대국회의원선거_지역구,경기도,오산시,20240410,2,193088,116246,114574,1672,67619.0,46955,0.0,0.0,0.0,0.0,0.0,0.0,0.0,0.0,0.0,0.0,0.0,0.0,0.0,0.0,0.0,0.0,오산시,오산시,0.5901775271876691,0.4098224728123309,0.0,0.0,0.0,0.0,0.0,0.0,0.0,0.0,0.0,0.0,0.0,0.0,0.0,0.0,0.0,0.0,2024,31140,오산시,254071,132356,121715,21684,26252,29610,41355,48373,41575,28610,12381,5967,854,32883,189735,31453,0.1165422263855379,0.1627694620794974,0.190391662173172,0.1636353617689543,0.1126063187061884,0.0755772992588685,0.1237961042385789,0.7467794435413723,0.4790590031920211,2024
22대국회의원선거_지역구,경기도,용인시기흥구,40480820,4,453645,321583,318405,3178,169895.0,141112,0.0,0.0,0.0,0.0,0.0,0.0,0.0,0.0,0.0,0.0,0.0,0.0,0.0,0.0,0.0,7398.0,용인시기흥구,용인시을,0.5335814450149966,0.4431839952262056,0.0,0.0,0.0,0.0,0.0,0.0,0.0,0.0,0.0,0.0,0.0,0.0,0.0,0.0,0.0,0.02323455975879776,2024,31192,용인시 기흥구,429488,211645,217843,33623,47339,53878,51249,72575,76788,49993,29615,16058,2651,52825,306047,70616,0.1254470439220653,0.1193258018850352,0.1689802741869388,0.178789628581008,0.1164013895615244,0.1125153671348209,0.1644190291696159,0.7125856834183959,0.5072155683045859,2024
22대국회의원선거_지역구,경기도,용인시수지구,20240410,2,220492,163843,162225,1618,81538.0,80687,0.0,0.0,0.0,0.0,0.0,0.0,0.0,0.0,0.0,0.0,0.0,0.0,0.0,0.0,0.0,0.0,용인시수지구,용인시병,0.5026229002928032,0.4973770997071968,0.0,0.0,0.0,0.0,0.0,0.0,0.0,0.0,0.0,0.0,0.0,0.0,0.0,0.0,0.0,0.0,2024,31193,용인시 수지구,361720,176256,185464,32499,42656,41190,46289,64710,60918,38557,24749,12771,1646,50120,255221,56379,0.1138726086475727,0.127969147406834,0.1788952781156695,0.168412031405507,0.1065934977330532,0.1082771204246378,0.1558636514431051,0.7055761362379741,0.5127280769656087,2024
22대국회의원선거_지역구,경기도,용인시처인구,20240410,2,225977,143131,141432,1699,71030.0,61995,0.0,0.0,0.0,0.0,0.0,0.0,0.0,0.0,0.0,0.0,0.0,0.0,0.0,0.0,0.0,8407.0,용인시처인구,용인시갑,0.5022201481984275,0.43833785847615814,0.0,0.0,0.0,0.0,0.0,0.0,0.0,0.0,0.0,0.0,0.0,0.0,0.0,0.0,0.0,0.05944199332541433,2024,31191,용인시 처인구,286273,148694,137579,20048,27217,40022,38963,44467,47938,39656,19355,9359,1554,30079,208297,47897,0.1398036140327589,0.1361043479475885,0.1553307507169729,0.1674555406901803,0.1385251141393006,0.1057312425551833,0.1673123207567601,0.7276166456494325,0.4805867126833477,2024
22대국회의원선거_지역구,경기도,의왕시,20240410,2,135337,98807,97842,965,56318.0,41524,0.0,0.0,0.0,0.0,0.0,0.0,0.0,0.0,0.0,0.0,0.0,0.0,0.0,0.0,0.0,0.0,의왕시,의왕시과천시,0.5756014799370414,0.42439852006295864,0.0,0.0,0.0,0.0,0.0,0.0,0.0,0.0,0.0,0.0,0.0,0.0,0.0,0.0,0.0,0.0,2024,31170,의왕시,151306,74874,76432,11895,12469,17449,22003,21028,26432,24748,10626,4948,928,16774,106858,27674,0.1153225913050374,0.145420538511361,0.138976643358492,0.1746923453134707,0.1635625817879,0.1090637516027123,0.1829008763697407,0.7062376905079772,0.5051485069990616,2024
22대국회의원선거_지역구,경기도,의정부시,40480820,4,400575,255751,252861,2890,139357.0,111699,0.0,0.0,0.0,0.0,0.0,0.0,0.0,0.0,0.0,0.0,0.0,0.0,0.0,0.0,0.0,1805.0,의정부시,의정부시갑,0.5511209716009982,0.44174071920936797,0.0,0.0,0.0,0.0,0.0,0.0,0.0,0.0,0.0,0.0,0.0,0.0,0.0,0.0,0.0,0.00713830918963383,2024,31030,의정부시,456516,223735,232781,31834,39083,55851,59728,68162,81289,68622,34938,18042,2579,47489,322604,86423,0.1223418237257839,0.1308344066801601,0.1493091151241139,0.1780638575646855,0.1503167468391031,0.1217021966371386,0.1893099037054561,0.7066652647442806,0.5099076483628175,2024
22대국회의원선거_지역구,경기도,이천시,20240410,2,188859,118732,117261,1471,57070.0,60191,0.0,0.0,0.0,0.0,0.0,0.0,0.0,0.0,0.0,0.0,0.0,0.0,0.0,0.0,0.0,0.0,이천시,이천시,0.48669208006071923,0.5133079199392807,0.0,0.0,0.0,0.0,0.0,0.0,0.0,0.0,0.0,0.0,0.0,0.0,0.0,0.0,0.0,0.0,2024,31210,이천시,230189,121327,108862,16530,22112,30345,34901,34907,37089,32229,15087,7722,1230,25147,166648,38394,0.1318264556516601,0.151618887088436,0.1516449526258856,0.161124119745079,0.1400110344108537,0.1044315757920665,0.1667933741403802,0.7239616141518491,0.4729244229741647,2024
22대국회의원선거_지역구,경기도,파주시,40480820,4,419423,267075,264040,3035,157352.0,106688,0.0,0.0,0.0,0.0,0.0,0.0,0.0,0.0,0.0,0.0,0.0,0.0,0.0,0.0,0.0,0.0,파주시,파주시갑,0.5959400090895319,0.4040599909104681,0.0,0.0,0.0,0.0,0.0,0.0,0.0,0.0,0.0,0.0,0.0,0.0,0.0,0.0,0.0,0.0,2024,31200,파주시,510689,262068,248621,44547,50937,55628,76631,85644,84599,64253,32234,18541,2925,66327,362032,82330,0.1089273510884315,0.1500541425407635,0.1677028485046672,0.1656565933474189,0.1258162991566295,0.1051520592767809,0.1612135761686662,0.7089089445827108,0.4868344530624313,2024
22대국회의원선거_지역구,경기도,평택시,60721230,6,497935,298236,294686,3550,161342.0,129376,0.0,0.0,0.0,0.0,0.0,0.0,0.0,0.0,0.0,0.0,0.0,0.0,0.0,0.0,0.0,3968.0,평택시,평택시갑,0.547504801721154,0.4390300183924584,0.0,0.0,0.0,0.0,0.0,0.0,0.0,0.0,0.0,0.0,0.0,0.0,0.0,0.0,0.0,0.013465179886387544,2024,31070,평택시,615755,325497,290258,54131,55787,77693,103362,104397,101656,72677,32449,16821,2503,77960,455146,82649,0.1261751833115443,0.1678622179275848,0.1695430812579678,0.1650916354719003,0.118029086243717,0.0840805190376042,0.1342238390268857,0.7391673636430074,0.4713855348312235,2024
22대국회의원선거_지역구,경기도,포천시,20240410,2,127813,81423,80488,935,41435.0,38210,0.0,0.0,0.0,0.0,0.0,0.0,0.0,0.0,0.0,0.0,0.0,0.0,0.0,0.0,0.0,843.0,포천시,포천시가평군,0.5147972368551834,0.4747291521717523,0.0,0.0,0.0,0.0,0.0,0.0,0.0,0.0,0.0,0.0,0.0,0.0,0.0,0.0,0.0,0.010473610973064307,2024,31270,포천시,157166,86341,70825,7093,10120,21493,20801,18769,27590,29102,13532,8004,1428,10935,109688,36543,0.1367534963032717,0.132350508379675,0.1194215033785933,0.1755468740058282,0.1851672753649008,0.1461130269905704,0.2325121209421885,0.6979117620859473,0.4506381787409491,2024
22대국회의원선거_지역구,경기도,하남시,40480820,4,272238,190018,188258,1760,96162.0,88079,0.0,0.0,0.0,0.0,0.0,0.0,0.0,0.0,0.0,0.0,0.0,0.0,0.0,0.0,0.0,4017.0,하남시,하남시갑,0.5107990098694345,0.4678632514952884,0.0,0.0,0.0,0.0,0.0,0.0,0.0,0.0,0.0,0.0,0.0,0.0,0.0,0.0,0.0,0.02133773863527712,2024,31180,하남시,320872,159390,161482,32031,30685,32145,49931,59121,48181,41883,21347,7898,1273,45839,224929,50104,0.1001801341344835,0.1556103368321324,0.1842510409135107,0.1501564486773542,0.1305286843351866,0.0951095764042982,0.1561494926325762,0.7009929192949214,0.5032598668627989,2024
22대국회의원선거_지역구,경기도,화성시,80961640,8,762116,505544,500347,5197,267061.0,168314,0.0,0.0,0.0,0.0,0.0,0.0,0.0,0.0,0.0,0.0,0.0,0.0,0.0,0.0,0.0,64972.0,화성시갑,화성시갑,0.5337515764059743,0.33639454218772175,0.0,0.0,0.0,0.0,0.0,0.0,0.0,0.0,0.0,0.0,0.0,0.0,0.0,0.0,0.0,0.12985388140630402,2024,31240,화성시,1004079,532995,471084,105034,109692,121822,179937,191432,147508,97200,41407,18795,3080,153364,746232,104483,0.1213271067316416,0.1792060186499269,0.1906543210245408,0.1469087591713401,0.096805131867114,0.0630249213458303,0.104058545194153,0.7432004852207844,0.4691702545317649,2024
22대국회의원선거_지역구,경상남도,거제시,20240410,2,191224,129145,128019,1126,59753.0,65590,0.0,0.0,0.0,0.0,0.0,0.0,0.0,0.0,0.0,0.0,0.0,0.0,0.0,0.0,0.0,2676.0,거제시,거제시,0.46675102914411143,0.5123458236667995,0.0,0.0,0.0,0.0,0.0,0.0,0.0,0.0,0.0,0.0,0.0,0.0,0.0,0.0,0.0,0.02090314718908912,2024,38090,거제시,241284,131524,109760,20072,27017,20709,31140,47556,44647,32463,13901,5745,924,32416,173460,35408,0.0858283184960461,0.1290595315064405,0.1970955388670612,0.1850392069096997,0.1345426965733326,0.0852522338820643,0.1467482303012218,0.7189038643258566,0.4548996203643838,2024
22대국회의원선거_지역구,경상남도,거창군,20240410,2,52358,35965,35261,704,10258.0,25003,0.0,0.0,0.0,0.0,0.0,0.0,0.0,0.0,0.0,0.0,0.0,0.0,0.0,0.0,0.0,0.0,거창군,산청군함양군거창군합천군,0.29091630980403277,0.7090836901959672,0.0,0.0,0.0,0.0,0.0,0.0,0.0,0.0,0.0,0.0,0.0,0.0,0.0,0.0,0.0,0.0,2024,38590,거창군,58393,28895,29498,3241,5360,4594,4786,6687,9935,11152,7155,5018,908,5212,34685,18496,0.0786738136420461,0.0819618789923449,0.1145171510283766,0.1701402565375986,0.1909817957631908,0.2240165773294744,0.3167502954121213,0.5939924305995582,0.5051632901203912,2024
22대국회의원선거_지역구,경상남도,고성군,20240410,2,44177,30987,30462,525,9855.0,20607,0.0,0.0,0.0,0.0,0.0,0.0,0.0,0.0,0.0,0.0,0.0,0.0,0.0,0.0,0.0,0.0,고성군,통영시고성군,0.32351782548749264,0.6764821745125074,0.0,0.0,0.0,0.0,0.0,0.0,0.0,0.0,0.0,0.0,0.0,0.0,0.0,0.0,0.0,0.0,2024,38540,고성군,47664,24528,23136,1792,3631,3136,3525,5481,8197,10234,7001,4217,749,3240,27475,16949,0.0657938905673044,0.0739551863041289,0.1149924471299093,0.1719746559248069,0.2147113125209802,0.2510699899295065,0.3555933199060087,0.5764308492782813,0.48539778449144,2024
22대국회의원선거_지역구,경상남도,김해시,40480820,4,445626,287804,284421,3383,154596.0,129825,0.0,0.0,0.0,0.0,0.0,0.0,0.0,0.0,0.0,0.0,0.0,0.0,0.0,0.0,0.0,0.0,김해시,김해시갑,0.5435463626103558,0.45645363738964423,0.0,0.0,0.0,0.0,0.0,0.0,0.0,0.0,0.0,0.0,0.0,0.0,0.0,0.0,0.0,0.0,2024,38070,김해시,549861,284047,265814,43504,57727,61301,73254,92807,104634,73630,31695,14757,2206,67573,402333,79955,0.1114845388198108,0.1332227599338742,0.1687826559803295,0.1902917282731454,0.1339065691147399,0.0884914551132013,0.1454094762130793,0.7316994658650096,0.4834203553261642,2024
22대국회의원선거_지역구,경상남도,남해군,20240410,2,37127,26746,26259,487,8678.0,16657,0.0,0.0,0.0,0.0,0.0,0.0,0.0,0.0,0.0,0.0,0.0,0.0,0.0,0.0,0.0,924.0,남해군,사천시남해군하동군,0.33047716973228225,0.6343348947027686,0.0,0.0,0.0,0.0,0.0,0.0,0.0,0.0,0.0,0.0,0.0,0.0,0.0,0.0,0.0,0.03518793556494916,2024,38550,남해군,39011,19474,19537,1380,2391,2346,2521,3738,6326,8704,6476,4421,901,2322,20569,16120,0.0601368844684832,0.0646227986978031,0.0958191279382738,0.1621593909410166,0.2231165568685755,0.302427520442952,0.4132167850093563,0.5272615416164671,0.5008074645612776,2024
22대국회의원선거_지역구,경상남도,밀양시,20240410,2,91418,61060,59600,1460,19755.0,39845,0.0,0.0,0.0,0.0,0.0,0.0,0.0,0.0,0.0,0.0,0.0,0.0,0.0,0.0,0.0,0.0,밀양시,밀양시의령군함안군창녕군,0.3314597315436242,0.6685402684563758,0.0,0.0,0.0,0.0,0.0,0.0,0.0,0.0,0.0,0.0,0.0,0.0,0.0,0.0,0.0,0.0,2024,38080,밀양시,102535,50309,52226,4650,6761,9104,9723,11632,16826,22218,13664,7470,1079,7319,61819,33397,0.0887891939337787,0.0948261569220266,0.1134441897888525,0.1641000633929877,0.2166869849319744,0.2166382210952357,0.3257131711123031,0.602906324669625,0.509348027502804,2024
22대국회의원선거_지역구,경상남도,사천시,20240410,2,94188,63383,62441,942,18636.0,32647,0.0,0.0,0.0,0.0,0.0,0.0,0.0,0.0,0.0,0.0,0.0,0.0,0.0,0.0,0.0,11158.0,사천시,사천시남해군하동군,0.29845774411044024,0.5228455662145065,0.0,0.0,0.0,0.0,0.0,0.0,0.0,0.0,0.0,0.0,0.0,0.0,0.0,0.0,0.0,0.17869668967505326,2024,38060,사천시,109218,56670,52548,6860,9522,9202,11969,16621,18981,17962,11379,6559,1134,10879,70646,27693,0.0842535113259719,0.1095881631232947,0.152181874782545,0.1737900346096797,0.1644600706843194,0.1746232306030141,0.2535571059715431,0.6468347708253218,0.4811294841509641,2024
22대국회의원선거_지역구,경상남도,산청군,20240410,2,31210,22426,21982,444,6618.0,15364,0.0,0.0,0.0,0.0,0.0,0.0,0.0,0.0,0.0,0.0,0.0,0.0,0.0,0.0,0.0,0.0,산청군,산청군함양군거창군합천군,0.30106450732417434,0.6989354926758257,0.0,0.0,0.0,0.0,0.0,0.0,0.0,0.0,0.0,0.0,0.0,0.0,0.0,0.0,0.0,0.0,2024,38570,산청군,32480,15918,16562,987,1644,1784,2071,2768,5667,7850,5276,3828,704,1640,17226,13614,0.0549261083743842,0.0637623152709359,0.0852216748768472,0.1744766009852216,0.2416871921182266,0.3019704433497537,0.4191502463054187,0.5303571428571429,0.5099137931034483,2024
22대국회의원선거_지역구,경상남도,양산시,40480820,4,297600,201067,199179,1888,93335.0,104245,0.0,0.0,0.0,0.0,0.0,0.0,0.0,0.0,0.0,0.0,0.0,0.0,0.0,0.0,0.0,1599.0,양산시,양산시갑,0.4685985972416771,0.5233734480040566,0.0,0.0,0.0,0.0,0.0,0.0,0.0,0.0,0.0,0.0,0.0,0.0,0.0,0.0,0.0,0.008027954754266263,2024,38100,양산시,359629,181164,178465,30861,35513,34585,47164,61648,62273,52158,25881,11743,1593,46202,250547,62880,0.0961685514794413,0.1311462646227084,0.1714211034149081,0.1731590055306996,0.1450327976887292,0.1090484916399956,0.1748468560655564,0.6966818582483615,0.4962475217515829,2024
22대국회의원선거_지역구,경상남도,의령군,20240410,2,23474,16568,16208,360,5027.0,11181,0.0,0.0,0.0,0.0,0.0,0.0,0.0,0.0,0.0,0.0,0.0,0.0,0.0,0.0,0.0,0.0,의령군,밀양시의령군함안군창녕군,0.31015547877591315,0.6898445212240869,0.0,0.0,0.0,0.0,0.0,0.0,0.0,0.0,0.0,0.0,0.0,0.0,0.0,0.0,0.0,0.0,2024,38510,의령군,24609,12365,12244,879,1160,1516,1874,2308,4034,5813,3764,2822,520,1380,13218,10011,0.0616034784022105,0.0761510016660571,0.0937868259579828,0.1639237677272542,0.2362143931082124,0.2887561461254013,0.4068023893697428,0.5371205656467146,0.4975415498394896,2024
22대국회의원선거_지역구,경상남도,진주시,40480820,4,289684,197777,195003,2774,71990.0,111929,0.0,0.0,0.0,0.0,0.0,0.0,0.0,0.0,0.0,0.0,0.0,0.0,0.0,0.0,0.0,11084.0,진주시,진주시갑,0.36917380758244744,0.5739860412403912,0.0,0.0,0.0,0.0,0.0,0.0,0.0,0.0,0.0,0.0,0.0,0.0,0.0,0.0,0.0,0.056840151177161374,2024,38030,진주시,346145,172465,173680,25101,34072,44081,41399,49406,58013,51837,28691,14561,2236,38567,238073,69505,0.1273483655693423,0.1196001675598376,0.1427320920423521,0.1675973941556284,0.1497551604096549,0.1314131361134784,0.2007973537101503,0.687784021147207,0.5017550448511462,2024
22대국회의원선거_지역구,경상남도,창녕군,20240410,2,51443,34323,33751,572,10406.0,23345,0.0,0.0,0.0,0.0,0.0,0.0,0.0,0.0,0.0,0.0,0.0,0.0,0.0,0.0,0.0,0.0,창녕군,밀양시의령군함안군창녕군,0.30831679061361145,0.6916832093863885,0.0,0.0,0.0,0.0,0.0,0.0,0.0,0.0,0.0,0.0,0.0,0.0,0.0,0.0,0.0,0.0,2024,38530,창녕군,57766,29687,28079,2401,3664,4098,5231,6289,9404,12925,8034,5162,864,3858,33400,20508,0.0709413842052418,0.0905549977495412,0.1088702697088252,0.1627947235397984,0.2237475331509884,0.2433957691375549,0.3550185230066129,0.5781947858601946,0.4860817782086348,2024
22대국회의원선거_지역구,경상남도,창원시마산합포구,20240410,2,155430,104741,103488,1253,37205.0,66283,0.0,0.0,0.0,0.0,0.0,0.0,0.0,0.0,0.0,0.0,0.0,0.0,0.0,0.0,0.0,0.0,창원시마산합포구,창원시마산합포구,0.3595102813852814,0.6404897186147186,0.0,0.0,0.0,0.0,0.0,0.0,0.0,0.0,0.0,0.0,0.0,0.0,0.0,0.0,0.0,0.0,2024,38113,창원시 마산합포구,178265,88847,89418,12194,14719,17079,19809,26218,28444,31615,19384,8972,1349,18513,114098,45654,0.0958068044764816,0.111121083779766,0.1470731775727148,0.1595602053123159,0.1773483297338232,0.1666339438476425,0.2561018708103105,0.6400471208593947,0.5016015482568087,2024
22대국회의원선거_지역구,경상남도,창원시마산회원구,20240410,2,156812,108004,106702,1302,42924.0,63778,0.0,0.0,0.0,0.0,0.0,0.0,0.0,0.0,0.0,0.0,0.0,0.0,0.0,0.0,0.0,0.0,창원시마산회원구,창원시마산회원구,0.4022792450000937,0.5977207549999063,0.0,0.0,0.0,0.0,0.0,0.0,0.0,0.0,0.0,0.0,0.0,0.0,0.0,0.0,0.0,0.0,2024,38114,창원시 마산회원구,178865,89288,89577,10825,16234,17371,19060,26571,32336,31971,17930,7163,877,17438,120211,41216,0.0971179381097475,0.1065608140217482,0.1485533782461633,0.1807843904620803,0.1787437452827551,0.1451933022111648,0.2304307718111425,0.6720767058955078,0.5008078718586644,2024
22대국회의원선거_지역구,경상남도,창원시성산구,20240410,2,208594,147087,145507,1580,67489.0,66507,0.0,0.0,0.0,0.0,11511.0,0.0,0.0,0.0,0.0,0.0,0.0,0.0,0.0,0.0,0.0,0.0,창원시성산구,창원시성산구,0.4638196100531246,0.4570707938449697,0.0,0.0,0.0,0.0,0.07910959610190575,0.0,0.0,0.0,0.0,0.0,0.0,0.0,0.0,0.0,0.0,0.0,2024,38112,창원시 성산구,244140,126093,118047,17802,22650,29281,36158,37298,48726,38138,11804,3899,559,27306,185680,31154,0.1199352830343245,0.1481035471450807,0.1527729990988777,0.1995822069304497,0.1562136479069386,0.0666093225198656,0.1276071106742033,0.7605472270009012,0.4835217498156795,2024
22대국회의원선거_지역구,경상남도,창원시의창구,20240410,2,182326,122373,120770,1603,51560.0,69210,0.0,0.0,0.0,0.0,0.0,0.0,0.0,0.0,0.0,0.0,0.0,0.0,0.0,0.0,0.0,0.0,창원시의창구,창원시의창구,0.42692721702409536,0.5730727829759046,0.0,0.0,0.0,0.0,0.0,0.0,0.0,0.0,0.0,0.0,0.0,0.0,0.0,0.0,0.0,0.0,2024,38111,창원시 의창구,210801,107232,103569,15105,18657,23723,26603,31597,39171,35441,15110,6280,954,22990,149992,37819,0.1125374168054231,0.1261995910835337,0.1498901807866186,0.1858198016138443,0.1681253883994857,0.105995702107675,0.1794061697999535,0.7115336265008231,0.491311711045014,2024
22대국회의원선거_지역구,경상남도,창원시진해구,20240410,2,158141,102928,101703,1225,50603.0,51100,0.0,0.0,0.0,0.0,0.0,0.0,0.0,0.0,0.0,0.0,0.0,0.0,0.0,0.0,0.0,0.0,창원시진해구,창원시진해구,0.4975566109160988,0.5024433890839012,0.0,0.0,0.0,0.0,0.0,0.0,0.0,0.0,0.0,0.0,0.0,0.0,0.0,0.0,0.0,0.0,2024,38115,창원시 진해구,188972,98258,90714,15469,20420,18212,23090,34224,31636,26563,14132,6396,913,24410,130475,34087,0.0963740659991956,0.1221874140084245,0.1811061956268653,0.167411045022543,0.1405657981076561,0.1134612535190398,0.1803812204982748,0.690446203670385,0.4800393709120928,2024
22대국회의원선거_지역구,경상남도,통영시,20240410,2,103128,70104,69213,891,28569.0,40644,0.0,0.0,0.0,0.0,0.0,0.0,0.0,0.0,0.0,0.0,0.0,0.0,0.0,0.0,0.0,0.0,통영시,통영시고성군,0.4127692774478783,0.5872307225521217,0.0,0.0,0.0,0.0,0.0,0.0,0.0,0.0,0.0,0.0,0.0,0.0,0.0,0.0,0.0,0.0,2024,38050,통영시,120204,62586,57618,6850,11695,9335,11885,19306,21456,21908,12517,5589,726,11967,78903,29334,0.0776596452697081,0.0988735815779841,0.1606102958304216,0.1784965558550464,0.1822568300555722,0.156666999434295,0.2440351402615553,0.656409104522312,0.4793351302785265,2024
22대국회의원선거_지역구,경상남도,하동군,20240410,2,38115,28382,27780,602,10350.0,15446,0.0,0.0,0.0,0.0,0.0,0.0,0.0,0.0,0.0,0.0,0.0,0.0,0.0,0.0,0.0,1984.0,하동군,사천시남해군하동군,0.37257019438444927,0.5560115190784737,0.0,0.0,0.0,0.0,0.0,0.0,0.0,0.0,0.0,0.0,0.0,0.0,0.0,0.0,0.0,0.07141828653707703,2024,38560,하동군,38704,19240,19464,1340,2038,2070,2395,3594,6910,9360,6129,4224,809,2180,20799,15725,0.0534828441504754,0.0618799090533278,0.0928586192641587,0.1785345183960314,0.2418354692021496,0.288393964448119,0.406288755684167,0.5373863166597768,0.5028937577511369,2024
22대국회의원선거_지역구,경상남도,함안군,20240410,2,52582,35484,34702,782,12623.0,22079,0.0,0.0,0.0,0.0,0.0,0.0,0.0,0.0,0.0,0.0,0.0,0.0,0.0,0.0,0.0,0.0,함안군,밀양시의령군함안군창녕군,0.36375425047547694,0.6362457495245231,0.0,0.0,0.0,0.0,0.0,0.0,0.0,0.0,0.0,0.0,0.0,0.0,0.0,0.0,0.0,0.0,2024,38520,함안군,61675,33224,28451,2948,5135,5343,6101,8287,10531,11724,6992,4283,758,5065,38776,17834,0.0866315362788812,0.0989217673287393,0.1343656262667207,0.1707498986623429,0.1900932306445075,0.1951033644102148,0.2891609241994325,0.6287150385083097,0.461305229023105,2024
22대국회의원선거_지역구,경상남도,함양군,20240410,2,33200,23291,22871,420,7273.0,15598,0.0,0.0,0.0,0.0,0.0,0.0,0.0,0.0,0.0,0.0,0.0,0.0,0.0,0.0,0.0,0.0,함양군,산청군함양군거창군합천군,0.3180009619168379,0.6819990380831621,0.0,0.0,0.0,0.0,0.0,0.0,0.0,0.0,0.0,0.0,0.0,0.0,0.0,0.0,0.0,0.0,2024,38580,함양군,35073,17180,17893,1404,2339,1978,2203,3503,6213,7877,5182,3908,645,2342,19104,13627,0.056396658398198,0.0628118495708949,0.0998773985686995,0.1771448122487383,0.2245887149659282,0.2775639380720212,0.3885324893792946,0.5446924985031221,0.5101645140136287,2024
22대국회의원선거_지역구,경상남도,합천군,20240410,2,38069,26968,26349,619,6732.0,19617,0.0,0.0,0.0,0.0,0.0,0.0,0.0,0.0,0.0,0.0,0.0,0.0,0.0,0.0,0.0,0.0,합천군,산청군함양군거창군합천군,0.2554935671182967,0.7445064328817033,0.0,0.0,0.0,0.0,0.0,0.0,0.0,0.0,0.0,0.0,0.0,0.0,0.0,0.0,0.0,0.0,2024,38600,합천군,38950,19218,19732,1181,1868,2103,2411,3330,6268,9395,6629,5037,864,1963,19729,17258,0.053992297817715,0.0618998716302952,0.0854942233632862,0.1609242618741977,0.2412066752246469,0.3216944801026957,0.4430808729139923,0.5065211810012837,0.5065982028241335,2024
22대국회의원선거_지역구,경상북도,경산시,20240410,2,231226,146774,143689,3085,0.0,62411,0.0,0.0,0.0,0.0,9044.0,0.0,0.0,0.0,0.0,0.0,0.0,0.0,0.0,0.0,0.0,72234.0,경산시,경산시,0.0,0.43434779280251096,0.0,0.0,0.0,0.0,0.06294149169386662,0.0,0.0,0.0,0.0,0.0,0.0,0.0,0.0,0.0,0.0,0.5027107155036225,2024,37100,경산시,298529,151645,146884,18114,28546,53781,35348,39796,47599,41272,22657,11860,1722,27233,216287,55009,0.1801533519356578,0.1184072569164134,0.1333069819012558,0.1594451460327137,0.1382512251741036,0.1213918915750228,0.1842668551464011,0.7245091766629038,0.4920259003312911,2024
22대국회의원선거_지역구,경상북도,경주시,20240410,2,217609,142243,139975,2268,33968.0,92074,0.0,0.0,0.0,0.0,0.0,0.0,0.0,1423.0,0.0,0.0,0.0,0.0,0.0,0.0,0.0,12510.0,경주시,경주시,0.24267190569744598,0.6577888908733702,0.0,0.0,0.0,0.0,0.0,0.0,0.0,0.010166101089480264,0.0,0.0,0.0,0.0,0.0,0.0,0.0,0.08937310233970353,2024,37020,경주시,258733,132153,126580,14741,19867,27412,28367,33989,46155,46182,26910,14594,2273,22487,170788,65458,0.1059470573912102,0.109638121151921,0.1313670849872262,0.1783885318069206,0.1784928864891606,0.169197589793339,0.2529943996320531,0.6600936100149575,0.4892302102940096,2024
22대국회의원선거_지역구,경상북도,고령군,20240410,2,27517,19230,18933,297,3336.0,15175,0.0,0.0,0.0,0.0,0.0,0.0,0.0,0.0,0.0,0.0,0.0,0.0,0.0,0.0,0.0,422.0,고령군,고령군성주군칠곡군,0.17620028521628903,0.8015105899751757,0.0,0.0,0.0,0.0,0.0,0.0,0.0,0.0,0.0,0.0,0.0,0.0,0.0,0.0,0.0,0.02228912480853536,2024,37570,고령군,30934,16357,14577,1116,1642,2617,2844,3396,5388,6685,4265,2694,422,1760,18610,10564,0.084599469839012,0.0919376737570311,0.1097821167647249,0.1741772806620547,0.2161052563522338,0.2386047714488912,0.3415012607486907,0.6016034137195319,0.4712290683390444,2024
22대국회의원선거_지역구,경상북도,구미시,40480820,4,337388,201429,198530,2899,60010.0,137266,0.0,0.0,0.0,0.0,0.0,0.0,0.0,1254.0,0.0,0.0,0.0,0.0,0.0,0.0,0.0,0.0,구미시,구미시갑,0.3022716969727497,0.6914118772981414,0.0,0.0,0.0,0.0,0.0,0.0,0.0,0.006316425729108951,0.0,0.0,0.0,0.0,0.0,0.0,0.0,0.0,2024,37050,구미시,407365,211605,195760,34770,42845,48772,60156,70758,71426,51606,19934,9834,1605,53032,302022,52311,0.1197255532507702,0.147671007573061,0.1736968075313294,0.1753366145839726,0.1266824592196187,0.0770144710517594,0.1284130939084113,0.7414039006787525,0.480551839259632,2024
22대국회의원선거_지역구,경상북도,군위군,20240410,2,21566,16109,15732,377,0.0,13812,0.0,0.0,0.0,0.0,0.0,0.0,0.0,563.0,0.0,0.0,0.0,0.0,0.0,0.0,0.0,1357.0,군위군,동구군위군을,0.0,0.8779557589626239,0.0,0.0,0.0,0.0,0.0,0.0,0.0,0.03578693109585558,0.0,0.0,0.0,0.0,0.0,0.0,0.0,0.08625730994152046,2024,22520,군위군,21493,10840,10653,501,788,1011,1340,1620,3652,5773,3923,2578,367,822,10900,9771,0.0470385706974363,0.062345880053971,0.0753733773786814,0.169915786535151,0.268599078769832,0.3195458986646815,0.4546131298562322,0.5071418601405109,0.4956497464290699,2024
22대국회의원선거_지역구,경상북도,김천시,20240410,2,118478,79166,77841,1325,18079.0,51208,0.0,0.0,0.0,0.0,0.0,0.0,0.0,0.0,0.0,0.0,0.0,0.0,0.0,0.0,0.0,8554.0,김천시,김천시,0.23225549517606403,0.6578538302437019,0.0,0.0,0.0,0.0,0.0,0.0,0.0,0.0,0.0,0.0,0.0,0.0,0.0,0.0,0.0,0.10989067458023406,2024,37030,김천시,136187,68702,67485,8927,11735,12824,14509,17789,22394,24161,14614,8752,1497,13555,86363,36269,0.094164641265319,0.1065373346942072,0.1306218655231409,0.1644356656655921,0.1774104723652037,0.1825651493901767,0.2663176367788408,0.6341501024326844,0.4955318789605469,2024
22대국회의원선거_지역구,경상북도,문경시,20240410,2,60986,41776,41190,586,7688.0,32318,0.0,0.0,0.0,0.0,0.0,0.0,0.0,0.0,0.0,0.0,0.0,0.0,0.0,0.0,0.0,1184.0,문경시,상주시문경시,0.18664724447681477,0.7846079145423647,0.0,0.0,0.0,0.0,0.0,0.0,0.0,0.0,0.0,0.0,0.0,0.0,0.0,0.0,0.0,0.02874484098082059,2024,37090,문경시,65505,32346,33159,3297,4593,4521,5014,7471,10722,14026,9317,5963,952,5131,37179,23195,0.0690176322418136,0.0765437752843294,0.1140523624150828,0.1636821616670483,0.2141210594611098,0.2477978780245782,0.3540951072437218,0.5675749942752462,0.5062056331577742,2024
22대국회의원선거_지역구,경상북도,봉화군,20240410,2,27066,19374,19014,360,4654.0,14360,0.0,0.0,0.0,0.0,0.0,0.0,0.0,0.0,0.0,0.0,0.0,0.0,0.0,0.0,0.0,0.0,봉화군,영주시영양군봉화군,0.2447670137793205,0.7552329862206795,0.0,0.0,0.0,0.0,0.0,0.0,0.0,0.0,0.0,0.0,0.0,0.0,0.0,0.0,0.0,0.0,2024,37610,봉화군,27972,14123,13849,935,1523,1276,1641,2557,4665,7049,4564,3299,572,1544,14510,11918,0.0456170456170456,0.0586658086658086,0.0914128414128414,0.1667739167739167,0.252002002002002,0.3015515515515515,0.426068926068926,0.5187330187330187,0.4951022451022451,2024
22대국회의원선거_지역구,경상북도,상주시,20240410,2,83322,58419,57437,982,10890.0,44265,0.0,0.0,0.0,0.0,0.0,0.0,0.0,0.0,0.0,0.0,0.0,0.0,0.0,0.0,0.0,2282.0,상주시,상주시문경시,0.1895990389470202,0.7706704737364417,0.0,0.0,0.0,0.0,0.0,0.0,0.0,0.0,0.0,0.0,0.0,0.0,0.0,0.0,0.0,0.03973048731653812,2024,37080,상주시,92458,45885,46573,4374,7023,7262,7192,10048,14805,19367,12749,8632,1512,6905,53133,32420,0.0785437712258539,0.0777866707045361,0.1086763719743018,0.160126760258712,0.2094680828051656,0.2476043176361158,0.3506456985874667,0.5746717428454001,0.5037206082761903,2024
22대국회의원선거_지역구,경상북도,성주군,20240410,2,38751,28267,27879,388,4662.0,22645,0.0,0.0,0.0,0.0,0.0,0.0,0.0,0.0,0.0,0.0,0.0,0.0,0.0,0.0,0.0,572.0,성주군,고령군성주군칠곡군,0.16722264069729903,0.8122601241077514,0.0,0.0,0.0,0.0,0.0,0.0,0.0,0.0,0.0,0.0,0.0,0.0,0.0,0.0,0.0,0.020517235194949603,2024,37580,성주군,41068,21846,19222,1553,1905,2797,3907,4074,6851,9769,6214,3501,645,2334,23738,14996,0.0681065549819811,0.0951348982175903,0.0992013246323171,0.1668208824388818,0.237873770332132,0.2522645368656862,0.3651504821272036,0.5780169475017045,0.4680529852926853,2024
22대국회의원선거_지역구,경상북도,안동시,20240410,2,133975,88536,86986,1550,26075.0,57697,0.0,0.0,0.0,0.0,0.0,0.0,0.0,1330.0,0.0,0.0,0.0,0.0,0.0,0.0,0.0,1884.0,안동시,안동시예천군,0.2997608810613202,0.6632906444715242,0.0,0.0,0.0,0.0,0.0,0.0,0.0,0.015289816752121032,0.0,0.0,0.0,0.0,0.0,0.0,0.0,0.021658657715034602,2024,37040,안동시,153692,76360,77332,8926,12908,16656,14600,19515,25209,27138,17342,10705,1751,13915,97054,42723,0.1083725893345131,0.0949951851755459,0.1269747286781355,0.1640228508965984,0.176573927074929,0.1938812690315696,0.277978033990058,0.6314837467142076,0.5031621684928298,2024
22대국회의원선거_지역구,경상북도,영덕군,20240410,2,31139,21458,20747,711,0.0,17330,0.0,0.0,0.0,0.0,0.0,0.0,0.0,0.0,0.0,0.0,0.0,0.0,0.0,0.0,0.0,3417.0,영덕군,의성군청송군영덕군울진군,0.0,0.8353014893719574,0.0,0.0,0.0,0.0,0.0,0.0,0.0,0.0,0.0,0.0,0.0,0.0,0.0,0.0,0.0,0.1646985106280426,2024,37550,영덕군,32655,16101,16554,1219,1598,1792,2473,3213,5272,7140,5449,4066,580,1922,17022,13711,0.0548767416934619,0.0757311284642474,0.0983922829581993,0.1614454141785331,0.2186495176848874,0.3091410197519522,0.4198744449548308,0.5212677997243914,0.5069361506660542,2024
22대국회의원선거_지역구,경상북도,영양군,20240410,2,14351,10733,10389,344,2434.0,7955,0.0,0.0,0.0,0.0,0.0,0.0,0.0,0.0,0.0,0.0,0.0,0.0,0.0,0.0,0.0,0.0,영양군,영주시영양군봉화군,0.23428626431802868,0.7657137356819713,0.0,0.0,0.0,0.0,0.0,0.0,0.0,0.0,0.0,0.0,0.0,0.0,0.0,0.0,0.0,0.0,2024,37540,영양군,15059,7493,7566,520,768,673,1032,1451,2505,3614,2411,1871,272,835,7937,6287,0.0446908825287203,0.0685304469088252,0.0963543395975828,0.1663457068862474,0.2399893751245102,0.3024105186267348,0.417491201274985,0.5270602297629324,0.502423799721097,2024
22대국회의원선거_지역구,경상북도,영주시,20240410,2,88231,59015,57855,1160,15845.0,42010,0.0,0.0,0.0,0.0,0.0,0.0,0.0,0.0,0.0,0.0,0.0,0.0,0.0,0.0,0.0,0.0,영주시,영주시영양군봉화군,0.2738743410249762,0.7261256589750238,0.0,0.0,0.0,0.0,0.0,0.0,0.0,0.0,0.0,0.0,0.0,0.0,0.0,0.0,0.0,0.0,2024,37060,영주시,99151,49626,49525,5178,8430,8831,8086,11773,16841,18978,12659,7774,1271,8351,59879,30921,0.0890661717985698,0.0815523797036842,0.1187380863531381,0.169852043852306,0.1914050286936087,0.2188984478220088,0.311857671632157,0.6039172575163135,0.4994906758378634,2024
22대국회의원선거_지역구,경상북도,영천시,20240410,2,90138,61068,60226,842,12703.0,35453,0.0,0.0,0.0,0.0,0.0,0.0,0.0,0.0,0.0,0.0,0.0,0.0,0.0,0.0,0.0,11260.0,영천시,영천시청도군,0.2137976302679413,0.5966911269691666,0.0,0.0,0.0,0.0,0.0,0.0,0.0,0.0,0.0,0.0,0.0,0.0,0.0,0.0,0.0,0.18951124276289216,2024,37070,영천시,99523,51803,47720,5186,5866,8681,9996,11428,16892,20104,13141,7631,1099,7498,60422,31603,0.0872260683460104,0.1004390944806728,0.1148277282638184,0.1697296102408488,0.2020035569667313,0.2197582468374144,0.3175446881625353,0.6071159430483406,0.4794871537232599,2024
22대국회의원선거_지역구,경상북도,예천군,20240410,2,47310,33746,33121,625,8673.0,23343,0.0,0.0,0.0,0.0,0.0,0.0,0.0,661.0,0.0,0.0,0.0,0.0,0.0,0.0,0.0,444.0,예천군,안동시예천군,0.2618580356873283,0.7047794450650645,0.0,0.0,0.0,0.0,0.0,0.0,0.0,0.01995712689834244,0.0,0.0,0.0,0.0,0.0,0.0,0.0,0.013405392349264817,2024,37600,예천군,53609,26414,27195,4230,4387,3279,5196,6990,7426,9777,6793,5102,868,6276,29634,17699,0.0611651028745173,0.0969240239512022,0.1303885541606819,0.1385215169094741,0.1823760935663787,0.2380756962450335,0.3301497882818183,0.5527803167378612,0.5072842246637691,2024
22대국회의원선거_지역구,경상북도,울릉군,20240410,2,8425,5623,5548,75,1367.0,4181,0.0,0.0,0.0,0.0,0.0,0.0,0.0,0.0,0.0,0.0,0.0,0.0,0.0,0.0,0.0,0.0,울릉군,포항시남구울릉군,0.24639509733237203,0.753604902667628,0.0,0.0,0.0,0.0,0.0,0.0,0.0,0.0,0.0,0.0,0.0,0.0,0.0,0.0,0.0,0.0,2024,37630,울릉군,8515,4827,3688,332,392,640,845,1103,1758,1864,1047,498,79,511,5499,2505,0.0751614797416324,0.099236641221374,0.1295361127422196,0.2064591896652965,0.2189078097475044,0.1907222548443922,0.2941867293012331,0.6458015267175573,0.4331180270111567,2024
22대국회의원선거_지역구,경상북도,울진군,20240410,2,41464,28260,27108,1152,0.0,22641,0.0,0.0,0.0,0.0,0.0,0.0,0.0,0.0,0.0,0.0,0.0,0.0,0.0,0.0,0.0,4467.0,울진군,의성군청송군영덕군울진군,0.0,0.8352146967684816,0.0,0.0,0.0,0.0,0.0,0.0,0.0,0.0,0.0,0.0,0.0,0.0,0.0,0.0,0.0,0.16478530323151838,2024,37620,울진군,45274,23835,21439,2435,2904,3402,4643,5460,7777,8909,5490,3855,673,3641,27408,14225,0.0751424658744533,0.1025533418739232,0.1205990193046781,0.1717762954455095,0.1967796086053805,0.2212749039183637,0.3141979944338914,0.6053805716305164,0.4735388964968856,2024
22대국회의원선거_지역구,경상북도,의성군,20240410,2,46361,34309,33030,1279,0.0,27808,0.0,0.0,0.0,0.0,0.0,0.0,0.0,0.0,0.0,0.0,0.0,0.0,0.0,0.0,0.0,5222.0,의성군,의성군청송군영덕군울진군,0.0,0.8419013018468059,0.0,0.0,0.0,0.0,0.0,0.0,0.0,0.0,0.0,0.0,0.0,0.0,0.0,0.0,0.0,0.15809869815319408,2024,37520,의성군,47094,23378,23716,1582,1877,2090,3088,3751,6998,11881,8663,6310,1003,2263,22737,22094,0.044379326453476,0.065570985688198,0.0796492122138701,0.1485964241729307,0.2522826687051429,0.3392364207754703,0.4691468127574638,0.4828003567333418,0.5035885675457595,2024
22대국회의원선거_지역구,경상북도,청도군,20240410,2,38184,27595,27215,380,4380.0,19534,0.0,0.0,0.0,0.0,0.0,0.0,0.0,0.0,0.0,0.0,0.0,0.0,0.0,0.0,0.0,2619.0,청도군,영천시청도군,0.16507745072174274,0.7362152790864207,0.0,0.0,0.0,0.0,0.0,0.0,0.0,0.0,0.0,0.0,0.0,0.0,0.0,0.0,0.0,0.09870727019183657,2024,37560,청도군,39479,19262,20217,1207,1966,2216,2745,3576,6293,9788,6878,4205,738,1947,20781,16751,0.0561311076774994,0.0695306365409458,0.0905798019200081,0.159401200638314,0.2479292788571139,0.2994250107652169,0.4243015273943109,0.52638111400998,0.5120950378682337,2024
22대국회의원선거_지역구,경상북도,청송군,20240410,2,22298,16235,15708,527,0.0,12716,0.0,0.0,0.0,0.0,0.0,0.0,0.0,0.0,0.0,0.0,0.0,0.0,0.0,0.0,0.0,2992.0,청송군,의성군청송군영덕군울진군,0.0,0.8095238095238095,0.0,0.0,0.0,0.0,0.0,0.0,0.0,0.0,0.0,0.0,0.0,0.0,0.0,0.0,0.0,0.19047619047619047,2024,37530,청송군,23079,11577,11502,857,930,1218,1642,2013,3769,5680,3949,2720,395,1251,11959,9869,0.0527752502274795,0.0711469301096234,0.0872221500064994,0.1633086355561332,0.2461111833268339,0.3060791195459075,0.4276181810303739,0.5181766974305646,0.4983751462368387,2024
22대국회의원선거_지역구,경상북도,칠곡군,20240410,2,94140,55810,55098,712,13903.0,39872,0.0,0.0,0.0,0.0,0.0,0.0,0.0,0.0,0.0,0.0,0.0,0.0,0.0,0.0,0.0,1323.0,칠곡군,고령군성주군칠곡군,0.2523322080656285,0.7236560310719082,0.0,0.0,0.0,0.0,0.0,0.0,0.0,0.0,0.0,0.0,0.0,0.0,0.0,0.0,0.0,0.024011760862463247,2024,37590,칠곡군,110043,58414,51629,6999,10229,10505,12893,19142,20931,16285,8251,4928,820,11405,77493,21145,0.0954626827694628,0.1171632907136301,0.1739501831102387,0.1902074643548431,0.1479876048453786,0.1272139072907863,0.1921521587015984,0.7042065374444535,0.4691711421898712,2024
22대국회의원선거_지역구,경상북도,포항시남구,20240410,2,195020,120178,118312,1866,35753.0,82559,0.0,0.0,0.0,0.0,0.0,0.0,0.0,0.0,0.0,0.0,0.0,0.0,0.0,0.0,0.0,0.0,포항시남구,포항시남구울릉군,0.30219250794509434,0.6978074920549057,0.0,0.0,0.0,0.0,0.0,0.0,0.0,0.0,0.0,0.0,0.0,0.0,0.0,0.0,0.0,0.0,2024,37011,포항시 남구,222544,117070,105474,14692,19749,22923,25114,33053,38972,39031,21305,8539,1114,23252,149376,49916,0.103004349701632,0.1128495937881946,0.1485234380616867,0.1751204256236969,0.1753855417355669,0.1391095693435904,0.2242972176288734,0.6712200733338126,0.4739467251419944,2024
22대국회의원선거_지역구,경상북도,포항시북구,20240410,2,228023,147747,146376,1371,42311.0,91249,0.0,0.0,0.0,0.0,0.0,0.0,0.0,0.0,0.0,0.0,0.0,0.0,0.0,0.0,0.0,12816.0,포항시북구,포항시북구,0.28905694922664915,0.6233877138328687,0.0,0.0,0.0,0.0,0.0,0.0,0.0,0.0,0.0,0.0,0.0,0.0,0.0,0.0,0.0,0.08755533694048205,2024,37012,포항시 북구,270531,134928,135603,20006,24528,26698,31049,39213,46828,47379,24565,10967,1727,30392,180472,59667,0.0986873962688194,0.1147705808206822,0.1449482684054692,0.1730966136967667,0.1751333488583563,0.1377254362716287,0.2205551304656398,0.6671028458845751,0.5012475464918993,2024
22대국회의원선거_지역구,광주광역시,광산구,40480820,4,324851,217593,215188,2405,168835.0,12259,0.0,0.0,0.0,0.0,1471.0,0.0,0.0,0.0,0.0,0.0,0.0,0.0,0.0,0.0,0.0,32623.0,광산구,광산구갑,0.7845930070450025,0.0569687900812313,0.0,0.0,0.0,0.0,0.006835883041805305,0.0,0.0,0.0,0.0,0.0,0.0,0.0,0.0,0.0,0.0,0.1516023198319609,2024,24050,광산구,412447,209452,202995,34388,48830,59604,53996,70929,73813,44140,19209,10126,1746,54034,309256,49157,0.144513113199999,0.1309162146894025,0.1719711866009451,0.1789636001716584,0.1070198110302657,0.0753575610926979,0.1191837981607333,0.7498078541000419,0.4921723275960305,2024
22대국회의원선거_지역구,광주광역시,남구,20240410,2,136736,95225,93446,1779,82883.0,10563,0.0,0.0,0.0,0.0,0.0,0.0,0.0,0.0,0.0,0.0,0.0,0.0,0.0,0.0,0.0,0.0,남구,동구남구갑,0.8869614536737795,0.11303854632622048,0.0,0.0,0.0,0.0,0.0,0.0,0.0,0.0,0.0,0.0,0.0,0.0,0.0,0.0,0.0,0.0,2024,24030,남구,208707,99918,108789,15674,22214,23644,22847,32469,32921,31100,19408,9294,1361,24874,138899,44934,0.113288006631306,0.1094692559425414,0.1555721657634866,0.1577378813360357,0.1490127307660979,0.1440440426051833,0.2152970432232747,0.6655215206006506,0.5212522819071713,2024
22대국회의원선거_지역구,광주광역시,동구,20240410,2,133090,93466,92005,1461,64558.0,7936,0.0,0.0,0.0,0.0,0.0,0.0,0.0,0.0,0.0,0.0,0.0,0.0,0.0,0.0,0.0,19511.0,동구,동구남구을,0.7016792565621434,0.08625618172925384,0.0,0.0,0.0,0.0,0.0,0.0,0.0,0.0,0.0,0.0,0.0,0.0,0.0,0.0,0.0,0.2120645617086028,2024,24010,동구,111289,54991,56298,7875,8215,17386,14666,14219,15972,16082,10828,5928,900,10855,74948,25486,0.1562238855592196,0.1317830153923568,0.1277664459200819,0.1435182273180637,0.1445066448615766,0.1586500013478421,0.2290073592178921,0.6734538004654548,0.5058720987698695,2024
22대국회의원선거_지역구,광주광역시,북구,40480820,4,361035,245653,242554,3099,186706.0,18733,0.0,0.0,0.0,0.0,0.0,0.0,0.0,0.0,0.0,0.0,0.0,0.0,0.0,0.0,0.0,37115.0,북구,북구갑,0.7697502411834066,0.0772322864186944,0.0,0.0,0.0,0.0,0.0,0.0,0.0,0.0,0.0,0.0,0.0,0.0,0.0,0.0,0.0,0.15301747239789903,2024,24040,북구,433088,214530,218558,31480,40523,58460,54943,63506,73115,63053,33542,15808,2383,47208,305807,80073,0.13498411408305,0.1268633626422343,0.1466353258460174,0.1688225025860795,0.1455893490468449,0.1194514740653169,0.1848885215014038,0.7061082274272203,0.5046503251071376,2024
22대국회의원선거_지역구,광주광역시,서구,40480820,4,243870,165968,163525,2443,114304.0,13858,0.0,0.0,0.0,0.0,11922.0,0.0,0.0,0.0,0.0,0.0,0.0,14292.0,218.0,0.0,0.0,8931.0,서구,서구갑,0.6990001528818224,0.08474545176578505,0.0,0.0,0.0,0.0,0.07290628344289864,0.0,0.0,0.0,0.0,0.0,0.0,0.087399480201804,0.0013331294909035315,0.0,0.0,0.054615502216786425,2024,24020,서구,278639,136908,141731,18305,26146,37381,33644,42304,50817,39787,21346,9824,1425,28871,199202,50566,0.1341556637800164,0.1207440451623785,0.151823685844408,0.1823757621869156,0.1427904923574948,0.1169793173245669,0.1814749550493649,0.7149106908939524,0.5086545673792973,2024
22대국회의원선거_지역구,대구광역시,남구,20240410,2,126181,77546,76342,1204,18382.0,45401,0.0,0.0,0.0,0.0,0.0,0.0,0.0,0.0,0.0,0.0,0.0,0.0,0.0,0.0,0.0,12559.0,남구,중구남구,0.24078488905189804,0.594705404626549,0.0,0.0,0.0,0.0,0.0,0.0,0.0,0.0,0.0,0.0,0.0,0.0,0.0,0.0,0.0,0.164509706321553,2024,22040,남구,136119,64467,71652,5727,7999,18047,15885,16540,22612,23976,15830,8816,1341,8610,89649,37860,0.132582519707021,0.116699358649417,0.1215113246497549,0.1661193514498343,0.1761399951513014,0.1909138327492855,0.2781389813325105,0.6586075419302229,0.5263923478720826,2024
22대국회의원선거_지역구,대구광역시,달서구,60721230,6,454594,291899,286707,5192,59381.0,202889,0.0,0.0,0.0,0.0,0.0,0.0,0.0,0.0,0.0,12492.0,0.0,0.0,0.0,0.0,0.0,11945.0,달서구,달서구갑,0.20711388281416218,0.7076527604836994,0.0,0.0,0.0,0.0,0.0,0.0,0.0,0.0,0.0,0.04357061390199751,0.0,0.0,0.0,0.0,0.0,0.04166274280014091,2024,22070,달서구,532999,262668,270331,34155,49627,68620,63136,76389,97810,85570,41361,18457,2310,53507,379763,99729,0.1287432058971968,0.1184542560117373,0.143319218234931,0.183508787070895,0.1605443912652744,0.1165630704748039,0.1871091690603547,0.7125022748635551,0.5071885688340879,2024
22대국회의원선거_지역구,대구광역시,달성군,20240410,2,214642,135120,133499,1621,32955.0,100544,0.0,0.0,0.0,0.0,0.0,0.0,0.0,0.0,0.0,0.0,0.0,0.0,0.0,0.0,0.0,0.0,달성군,달성군,0.2468557816912486,0.7531442183087513,0.0,0.0,0.0,0.0,0.0,0.0,0.0,0.0,0.0,0.0,0.0,0.0,0.0,0.0,0.0,0.0,2024,22510,달성군,263117,134437,128680,26124,26104,25452,37842,45596,42086,36399,17157,7954,1355,37807,182795,42515,0.0967326322510518,0.1438219499310193,0.1732917295347697,0.1599516564874181,0.1383376976782191,0.1005864311313978,0.1615821098598722,0.6947289608805208,0.4890599999239882,2024
22대국회의원선거_지역구,대구광역시,동구,40480820,4,299299,189802,185145,4657,23484.0,137606,0.0,0.0,0.0,0.0,0.0,0.0,0.0,4222.0,0.0,0.0,0.0,0.0,0.0,0.0,0.0,19833.0,동구,동구군위군갑,0.12684112452402171,0.7432336817089309,0.0,0.0,0.0,0.0,0.0,0.0,0.0,0.022803748413405708,0.0,0.0,0.0,0.0,0.0,0.0,0.0,0.10712144535364174,2024,22020,동구,336051,163725,172326,23283,24984,34300,43919,47743,55908,55868,33817,16638,2145,33651,223147,79253,0.1020678408931977,0.1306914724253164,0.1420706976024472,0.1663676049171108,0.1662485753650487,0.1565238609615802,0.2358362272393178,0.6640271863496909,0.5127971647160698,2024
22대국회의원선거_지역구,대구광역시,북구,40480820,4,361052,228352,225035,3317,59063.0,156098,0.0,0.0,0.0,0.0,0.0,0.0,0.0,1301.0,0.0,0.0,0.0,0.0,0.0,0.0,0.0,8573.0,북구,북구갑,0.26246139489412756,0.6936609860688338,0.0,0.0,0.0,0.0,0.0,0.0,0.0,0.005781322905325838,0.0,0.0,0.0,0.0,0.0,0.0,0.0,0.038096296131712844,2024,22050,북구,422633,209441,213192,27361,39346,59662,49106,60139,77399,62849,32012,16112,2080,42162,302591,77880,0.1411673958256927,0.1161906429455343,0.1422960346210542,0.183135249732037,0.1487082172949107,0.1187886416820267,0.1842733530036698,0.7159663348579027,0.5044376563117409,2024
22대국회의원선거_지역구,대구광역시,서구,20240410,2,149953,92428,89096,3332,0.0,64167,0.0,0.0,0.0,0.0,0.0,0.0,0.0,0.0,0.0,0.0,0.0,0.0,0.0,0.0,0.0,24929.0,서구,서구,0.0,0.7202006824099847,0.0,0.0,0.0,0.0,0.0,0.0,0.0,0.0,0.0,0.0,0.0,0.0,0.0,0.0,0.0,0.27979931759001525,2024,22030,서구,164111,81456,82655,7698,9350,16423,19764,19917,29236,32923,19275,9192,1175,11376,107774,44961,0.1000725118974352,0.1204306841101449,0.1213629799343127,0.1781477170939181,0.200614218425334,0.1806216524181803,0.2739670101333853,0.6567140532931979,0.5036530153371803,2024
22대국회의원선거_지역구,대구광역시,수성구,40480820,4,344712,231443,227945,3498,41332.0,156227,0.0,0.0,0.0,0.0,2970.0,0.0,0.0,0.0,14271.0,0.0,0.0,0.0,0.0,0.0,0.0,13145.0,수성구,수성구갑,0.18132444229967756,0.6853714711882253,0.0,0.0,0.0,0.0,0.013029458860690079,0.0,0.0,0.0,0.06260720787909364,0.0,0.0,0.0,0.0,0.0,0.0,0.057667419772313495,2024,22060,수성구,398685,192287,206398,28931,45033,41344,40269,63101,74093,58446,32554,16688,2412,47826,272581,78278,0.1037009167638612,0.1010045524662327,0.1582728219020028,0.185843460375986,0.146596937431807,0.1295609315625117,0.1963404692928,0.6837001642901037,0.5176969286529466,2024
22대국회의원선거_지역구,대구광역시,중구,20240410,2,78458,49577,48629,948,14401.0,26979,0.0,0.0,0.0,0.0,0.0,0.0,0.0,0.0,0.0,0.0,0.0,0.0,0.0,0.0,0.0,7249.0,중구,중구남구,0.2961401632770569,0.5547924078224927,0.0,0.0,0.0,0.0,0.0,0.0,0.0,0.0,0.0,0.0,0.0,0.0,0.0,0.0,0.0,0.14906742890045035,2024,22010,중구,94128,45038,49090,8374,6624,13262,16411,13773,13260,11178,7406,4032,524,11112,65732,17284,0.1408932517423083,0.1743476967533571,0.1463220295767465,0.1408720040795512,0.1187531871494135,0.1270822709501954,0.1836223015468298,0.6983256841747407,0.521523882372939,2024
22대국회의원선거_지역구,대전광역시,대덕구,20240410,2,149618,97928,96752,1176,49273.0,41655,0.0,0.0,0.0,0.0,0.0,0.0,0.0,0.0,0.0,0.0,0.0,0.0,0.0,0.0,0.0,5824.0,대덕구,대덕구,0.5092711261782702,0.430533735736729,0.0,0.0,0.0,0.0,0.0,0.0,0.0,0.0,0.0,0.0,0.0,0.0,0.0,0.0,0.0,0.06019513808500083,2024,25050,대덕구,170471,86416,84055,9431,14085,22376,19954,22523,32527,29122,13870,6727,971,14651,121170,34650,0.1312598623812848,0.1170521672307899,0.1321221791389737,0.1908066474649647,0.1708325756286993,0.1265200532641915,0.2032603785981193,0.7107953845522113,0.493075068486722,2024
22대국회의원선거_지역구,대전광역시,동구,20240410,2,190412,122640,121131,1509,64597.0,54527,0.0,0.0,0.0,0.0,0.0,0.0,0.0,0.0,0.0,0.0,0.0,0.0,0.0,0.0,0.0,2007.0,동구,동구,0.5332821490782707,0.45014901222643255,0.0,0.0,0.0,0.0,0.0,0.0,0.0,0.0,0.0,0.0,0.0,0.0,0.0,0.0,0.0,0.016568838695296826,2024,25010,동구,229875,115562,114313,13353,20808,37030,25560,30369,36195,34979,20673,10826,1624,20246,159771,49858,0.1610875475802066,0.1111908646003262,0.132110929853181,0.1574551386623164,0.1521653072321914,0.1440913539967373,0.2168917890157694,0.6950342577487765,0.4972833061446438,2024
22대국회의원선거_지역구,대전광역시,서구,40480820,4,396372,258376,255179,3197,136916.0,107456,0.0,0.0,0.0,0.0,0.0,0.0,0.0,627.0,0.0,0.0,0.0,0.0,0.0,0.0,0.0,10180.0,서구,서구갑,0.5365488539417429,0.42110048240646764,0.0,0.0,0.0,0.0,0.0,0.0,0.0,0.0024570987424513773,0.0,0.0,0.0,0.0,0.0,0.0,0.0,0.03989356490933815,2024,25030,서구,462226,226531,235695,32662,46460,69830,62421,69162,76364,62499,30625,14002,2213,50718,336258,75250,0.151073284497194,0.135044328964619,0.149628104001073,0.165209226655359,0.1352130775854235,0.1013357102369836,0.1627991501992531,0.7274753042883784,0.5099128997503386,2024
22대국회의원선거_지역구,대전광역시,유성구,40480820,4,304589,210719,208461,2258,121425.0,81398,0.0,0.0,0.0,0.0,0.0,0.0,0.0,0.0,0.0,0.0,0.0,0.0,0.0,0.0,0.0,5638.0,유성구,유성구갑,0.5824830543842733,0.39047111929809414,0.0,0.0,0.0,0.0,0.0,0.0,0.0,0.0,0.0,0.0,0.0,0.0,0.0,0.0,0.0,0.027045826317632554,2024,25040,유성구,384024,196773,187251,34647,40580,63784,59445,59573,59119,43523,17532,8043,1568,50014,288026,45984,0.1660937858050538,0.1547950128116992,0.1551283253130012,0.1539461075349457,0.1133340624544299,0.0706804783034393,0.1197425160927442,0.7500208320313314,0.4876023373539154,2024
22대국회의원선거_지역구,대전광역시,중구,20240410,2,195348,129803,127681,2122,66509.0,61172,0.0,0.0,0.0,0.0,0.0,0.0,0.0,0.0,0.0,0.0,0.0,0.0,0.0,0.0,0.0,0.0,중구,중구,0.5208997423265795,0.47910025767342046,0.0,0.0,0.0,0.0,0.0,0.0,0.0,0.0,0.0,0.0,0.0,0.0,0.0,0.0,0.0,0.0,2024,25020,중구,220497,107836,112661,13408,18893,25093,24679,31079,38039,35305,22469,11427,1695,20988,146993,52516,0.1138020018412949,0.1119244252756273,0.1409497634888456,0.1725148187957206,0.1601155571277613,0.1614126269291645,0.2381710408758395,0.6666439906211876,0.5109411919436546,2024
22대국회의원선거_지역구,부산광역시,강서구,20240410,2,111554,76301,75753,548,33645.0,42108,0.0,0.0,0.0,0.0,0.0,0.0,0.0,0.0,0.0,0.0,0.0,0.0,0.0,0.0,0.0,0.0,강서구,강서구,0.4441408261058968,0.5558591738941032,0.0,0.0,0.0,0.0,0.0,0.0,0.0,0.0,0.0,0.0,0.0,0.0,0.0,0.0,0.0,0.0,2024,21120,강서구,145762,77868,67894,18274,15696,12419,25251,29929,17616,17181,8232,2972,389,25900,99957,19905,0.085200532374693,0.1732344506798754,0.2053278632290995,0.1208545437082367,0.1178702268080844,0.0795337605137141,0.1365582250517967,0.685754860663273,0.4657866933768746,2024
22대국회의원선거_지역구,부산광역시,금정구,20240410,2,192113,131316,129337,1979,56100.0,73237,0.0,0.0,0.0,0.0,0.0,0.0,0.0,0.0,0.0,0.0,0.0,0.0,0.0,0.0,0.0,0.0,금정구,금정구,0.4337505895451418,0.5662494104548582,0.0,0.0,0.0,0.0,0.0,0.0,0.0,0.0,0.0,0.0,0.0,0.0,0.0,0.0,0.0,0.0,2024,21110,금정구,215539,104186,111353,9994,16143,32946,21312,26140,34450,39007,24024,11255,1596,15819,143860,55860,0.1528540078593665,0.0988776973076798,0.1212773558381545,0.1598318633750736,0.1809742088438751,0.1710827274878328,0.2591642347788567,0.6674430149532103,0.5166257614631227,2024
22대국회의원선거_지역구,부산광역시,기장군,20240410,2,146425,95134,94100,1034,44852.0,49248,0.0,0.0,0.0,0.0,0.0,0.0,0.0,0.0,0.0,0.0,0.0,0.0,0.0,0.0,0.0,0.0,기장군,기장군,0.4766418703506908,0.5233581296493093,0.0,0.0,0.0,0.0,0.0,0.0,0.0,0.0,0.0,0.0,0.0,0.0,0.0,0.0,0.0,0.0,2024,21510,기장군,173228,86131,87097,16151,18479,14982,21747,32031,26754,23216,14407,6594,988,24637,115160,33431,0.0864871729743459,0.1255397510795021,0.1849065970859214,0.1544438543422541,0.1340199044034451,0.1269367538735077,0.1929884314314083,0.6647886023044773,0.5027882328491929,2024
22대국회의원선거_지역구,부산광역시,남구,20240410,2,223869,157215,155431,1784,70868.0,84563,0.0,0.0,0.0,0.0,0.0,0.0,0.0,0.0,0.0,0.0,0.0,0.0,0.0,0.0,0.0,0.0,남구,남구,0.45594508174045073,0.5440549182595492,0.0,0.0,0.0,0.0,0.0,0.0,0.0,0.0,0.0,0.0,0.0,0.0,0.0,0.0,0.0,0.0,2024,21070,남구,260090,127056,133034,15126,23403,38210,27713,36077,41111,40676,26511,11943,1302,23796,176232,60062,0.1469106847629666,0.1065515782998192,0.1387096774193548,0.1580645161290322,0.1563920181475643,0.1528547810373332,0.2309277557768465,0.6775808374024376,0.511492175785305,2024
22대국회의원선거_지역구,부산광역시,동구,20240410,2,79642,52013,51217,796,22155.0,29062,0.0,0.0,0.0,0.0,0.0,0.0,0.0,0.0,0.0,0.0,0.0,0.0,0.0,0.0,0.0,0.0,동구,서구동구,0.43257121658824216,0.5674287834117578,0.0,0.0,0.0,0.0,0.0,0.0,0.0,0.0,0.0,0.0,0.0,0.0,0.0,0.0,0.0,0.0,2024,21030,동구,85665,41301,44364,4096,4394,8834,11251,11005,13528,15525,11026,5663,729,5850,54461,25354,0.1031226288449191,0.1313371855483569,0.1284655343489173,0.1579174692114632,0.1812292067939065,0.2033269129749606,0.2959668476040389,0.6357438860678223,0.5178777797233409,2024
22대국회의원선거_지역구,부산광역시,동래구,20240410,2,230465,159032,157212,1820,67941.0,85313,0.0,0.0,0.0,0.0,0.0,0.0,0.0,0.0,0.0,0.0,0.0,0.0,0.0,0.0,0.0,3958.0,동래구,동래구,0.43216166704831693,0.5426621377502989,0.0,0.0,0.0,0.0,0.0,0.0,0.0,0.0,0.0,0.0,0.0,0.0,0.0,0.0,0.0,0.02517619520138412,2024,21060,동래구,265089,127425,137664,19997,24320,25339,31264,41519,43228,42593,26268,11553,1507,30549,174052,60488,0.0955867651996122,0.1179377492087563,0.1566228700549626,0.1630697614763343,0.1606743395614303,0.1483577213690496,0.2281799697460098,0.6565794883982361,0.5193123818792934,2024
22대국회의원선거_지역구,부산광역시,부산진구,40480820,4,322515,209754,206709,3045,94506.0,110050,0.0,0.0,0.0,0.0,0.0,0.0,0.0,2153.0,0.0,0.0,0.0,0.0,0.0,0.0,0.0,0.0,부산진구,부산진구갑,0.4571934458586709,0.5323909457256336,0.0,0.0,0.0,0.0,0.0,0.0,0.0,0.010415608415695495,0.0,0.0,0.0,0.0,0.0,0.0,0.0,0.0,2024,21050,부산진구,356874,170261,186613,20651,24316,49804,50800,47519,54819,58249,34979,16096,1884,29922,245482,81470,0.1395562579509855,0.1423471589412509,0.1331534379080572,0.153608836732292,0.1632200720702545,0.1483969131962541,0.2282878550973172,0.6878674265987436,0.5229100466831431,2024
22대국회의원선거_지역구,부산광역시,북구,40480820,4,239501,170360,168619,1741,84047.0,83736,0.0,0.0,0.0,0.0,0.0,0.0,0.0,0.0,0.0,0.0,0.0,0.0,0.0,0.0,0.0,836.0,북구,북구갑,0.498443235934266,0.4965988411744821,0.0,0.0,0.0,0.0,0.0,0.0,0.0,0.0,0.0,0.0,0.0,0.0,0.0,0.0,0.0,0.004957922891251875,2024,21080,북구,265364,130024,135340,16428,19991,27707,31841,34845,46872,51496,25863,10799,1440,24540,178800,62024,0.1044112991965752,0.1199899006647473,0.1313102003286052,0.1766328514794772,0.1940579731990775,0.1435839073875883,0.2337317797440496,0.6737914713374836,0.5100164302618291,2024
22대국회의원선거_지역구,부산광역시,사상구,20240410,2,181823,121292,119634,1658,56659.0,62975,0.0,0.0,0.0,0.0,0.0,0.0,0.0,0.0,0.0,0.0,0.0,0.0,0.0,0.0,0.0,0.0,사상구,사상구,0.4736028219402511,0.526397178059749,0.0,0.0,0.0,0.0,0.0,0.0,0.0,0.0,0.0,0.0,0.0,0.0,0.0,0.0,0.0,0.0,2024,21150,사상구,205140,102439,102701,9761,14358,27344,24935,25559,34901,40011,20630,7835,983,15055,141916,48169,0.1332943355757044,0.1215511358096909,0.1245929609047479,0.1701325923759384,0.1950424100614214,0.1435507458321146,0.2348103734035293,0.6918007214585161,0.5006385882811738,2024
22대국회의원선거_지역구,부산광역시,사하구,40480820,4,261898,173208,171359,1849,78951.0,90764,0.0,0.0,0.0,0.0,0.0,0.0,0.0,0.0,0.0,0.0,0.0,0.0,0.0,0.0,0.0,1644.0,사하구,사하구갑,0.4607344814103724,0.52967162506784,0.0,0.0,0.0,0.0,0.0,0.0,0.0,0.0,0.0,0.0,0.0,0.0,0.0,0.0,0.0,0.009593893521787591,2024,21100,사하구,293036,145582,147454,16083,23174,33087,32545,40568,49887,54147,31101,12750,1728,25157,195996,71883,0.1129110416467601,0.1110614395500894,0.1384403281508074,0.1702418815435646,0.1847793445173972,0.1555406161700269,0.2453043312084522,0.6688461485960769,0.5031941467942506,2024
22대국회의원선거_지역구,부산광역시,서구,20240410,2,93208,61768,60733,1035,24911.0,35822,0.0,0.0,0.0,0.0,0.0,0.0,0.0,0.0,0.0,0.0,0.0,0.0,0.0,0.0,0.0,0.0,서구,서구동구,0.41017239392093263,0.5898276060790674,0.0,0.0,0.0,0.0,0.0,0.0,0.0,0.0,0.0,0.0,0.0,0.0,0.0,0.0,0.0,0.0,2024,21020,서구,103413,49701,53712,5046,7152,12719,10743,12987,16330,18977,12907,6353,806,7751,66115,29547,0.1229922736986645,0.1038844245887847,0.1255838240840126,0.1579105141519925,0.1835069091893669,0.1940375001208745,0.2857184299846247,0.6393296780868943,0.5193931130515506,2024
22대국회의원선거_지역구,부산광역시,수영구,20240410,2,155728,103071,101508,1563,41088.0,51092,0.0,0.0,0.0,0.0,0.0,0.0,0.0,0.0,0.0,0.0,0.0,0.0,0.0,0.0,0.0,9328.0,수영구,수영구,0.40477597824801986,0.5033297868148323,0.0,0.0,0.0,0.0,0.0,0.0,0.0,0.0,0.0,0.0,0.0,0.0,0.0,0.0,0.0,0.09189423493714781,2024,21140,수영구,167787,78338,89449,9119,10555,20201,22816,22641,25984,28164,19250,8836,1242,13426,110597,43764,0.1203966934267851,0.135981929470102,0.1349389404423465,0.1548630108411259,0.1678556741583078,0.1747930411772068,0.2608306960610774,0.6591511857295261,0.5331104316782588,2024
22대국회의원선거_지역구,부산광역시,연제구,20240410,2,184060,127760,125695,2065,0.0,68402,0.0,0.0,0.0,0.0,0.0,0.0,0.0,0.0,0.0,0.0,0.0,0.0,0.0,0.0,0.0,57293.0,연제구,연제구,0.0,0.5441903019213175,0.0,0.0,0.0,0.0,0.0,0.0,0.0,0.0,0.0,0.0,0.0,0.0,0.0,0.0,0.0,0.45580969807868255,2024,21130,연제구,207871,98780,109091,14596,16263,21773,27324,30859,33569,33744,21003,9320,1110,21315,138488,48068,0.1047428453223393,0.131446906975961,0.1484526461122523,0.1614895776707669,0.1623314459448407,0.1512139740512144,0.2312395668467463,0.6662208773710618,0.5248014393542149,2024
22대국회의원선거_지역구,부산광역시,영도구,20240410,2,96542,62651,61856,795,27801.0,33031,0.0,0.0,0.0,0.0,1024.0,0.0,0.0,0.0,0.0,0.0,0.0,0.0,0.0,0.0,0.0,0.0,영도구,중구영도구,0.44944710294878426,0.5339983186756337,0.0,0.0,0.0,0.0,0.016554578375581996,0.0,0.0,0.0,0.0,0.0,0.0,0.0,0.0,0.0,0.0,0.0,2024,21040,영도구,106825,53482,53343,4448,7248,12197,9803,12864,16982,21059,14894,7103,781,6976,66165,33684,0.114177392932366,0.0917669084952024,0.1204212497074654,0.1589702784928621,0.1971355019892347,0.2132272408144161,0.315319447694828,0.6193774865434121,0.4993494032295811,2024
22대국회의원선거_지역구,부산광역시,중구,20240410,2,36324,22844,22511,333,8938.0,13223,0.0,0.0,0.0,0.0,350.0,0.0,0.0,0.0,0.0,0.0,0.0,0.0,0.0,0.0,0.0,0.0,중구,중구영도구,0.3970503309493137,0.5874017147172493,0.0,0.0,0.0,0.0,0.015547954333436986,0.0,0.0,0.0,0.0,0.0,0.0,0.0,0.0,0.0,0.0,0.0,2024,21010,중구,39599,19497,20102,878,1682,5844,4980,4452,6136,7519,5238,2599,383,1452,25982,12165,0.1475794843304123,0.1257607515341296,0.1124270814919568,0.1549534079143412,0.1898785322861688,0.2075809995201899,0.3072047273921058,0.656127679991919,0.5076390817949948,2024
22대국회의원선거_지역구,부산광역시,해운대구,40480820,4,326876,222568,220274,2294,95528.0,122607,0.0,0.0,0.0,0.0,0.0,0.0,0.0,0.0,0.0,0.0,0.0,0.0,0.0,0.0,0.0,2139.0,해운대구,해운대구갑,0.4336780555126797,0.5566113113667523,0.0,0.0,0.0,0.0,0.0,0.0,0.0,0.0,0.0,0.0,0.0,0.0,0.0,0.0,0.0,0.00971063312056802,2024,21090,해운대구,365974,175606,190368,24469,33087,35491,40205,55915,65925,61843,34596,15614,1973,38340,245825,81809,0.0969768344199314,0.1098575308628481,0.1527840775574221,0.1801357473481722,0.1689819495373988,0.1425866318372343,0.2235377376534945,0.6717007219092067,0.5201680993731795,2024
22대국회의원선거_지역구,서울특별시,강남구,60721230,6,468255,321380,317091,4289,117352.0,198779,0.0,0.0,0.0,0.0,0.0,0.0,960.0,0.0,0.0,0.0,0.0,0.0,0.0,0.0,0.0,0.0,강남구,강남구갑,0.37008934343768823,0.6268831344945142,0.0,0.0,0.0,0.0,0.0,0.0,0.003027522067797572,0.0,0.0,0.0,0.0,0.0,0.0,0.0,0.0,0.0,2024,11230,강남구,528194,252802,275392,35934,57701,60203,77499,95739,85099,63339,40184,15436,2182,60476,379138,88580,0.1139789547022495,0.1467244989530362,0.1812572653229684,0.1611131516071746,0.1199161671658519,0.1094332764098039,0.1677035331715241,0.7178006565769396,0.5213841883853281,2024
22대국회의원선거_지역구,서울특별시,강동구,40480820,4,397997,283361,280480,2881,145167.0,130040,0.0,0.0,0.0,0.0,0.0,0.0,0.0,0.0,0.0,0.0,0.0,0.0,0.0,0.0,0.0,5273.0,강동구,강동구갑,0.5175663148887621,0.46363377067883627,0.0,0.0,0.0,0.0,0.0,0.0,0.0,0.0,0.0,0.0,0.0,0.0,0.0,0.0,0.0,0.018799914432401598,2024,11250,강동구,454023,221136,232887,33303,37857,52448,68825,72645,70129,68753,37951,13899,2093,48972,317979,87072,0.1155183768223195,0.1515892366686269,0.1600029073416985,0.1544613378617382,0.1514306543941606,0.1188111615490845,0.1917788305878777,0.70035879239598,0.5129409743559247,2024
22대국회의원선거_지역구,서울특별시,강북구,40480820,4,260560,170280,167624,2656,92324.0,70628,0.0,0.0,0.0,0.0,0.0,0.0,0.0,0.0,0.0,0.0,0.0,0.0,0.0,0.0,0.0,4672.0,강북구,강북구갑,0.5507803178542452,0.4213477783610939,0.0,0.0,0.0,0.0,0.0,0.0,0.0,0.0,0.0,0.0,0.0,0.0,0.0,0.0,0.0,0.02787190378466091,2024,11090,강북구,280470,133834,146636,11931,18049,37800,34491,37196,48173,47363,30170,15119,1600,18718,192093,69659,0.1347737725959995,0.1229757193282704,0.1326202445894391,0.171758120298071,0.1688701108852996,0.1671800905622704,0.2483652440546226,0.6848967804043213,0.5228224052483331,2024
22대국회의원선거_지역구,서울특별시,강서구,60721230,6,497847,336259,331712,4547,190549.0,138103,0.0,0.0,0.0,0.0,0.0,0.0,0.0,0.0,0.0,0.0,0.0,0.0,0.0,0.0,0.0,3060.0,강서구,강서구갑,0.574441081420027,0.4163340488134285,0.0,0.0,0.0,0.0,0.0,0.0,0.0,0.0,0.0,0.0,0.0,0.0,0.0,0.0,0.0,0.009224869766544472,2024,11160,강서구,543974,259852,284122,32098,38383,72865,94887,81812,81083,80086,45445,18183,2701,47629,390984,105361,0.1339494167000628,0.1744329692227937,0.150396893969197,0.1490567563890921,0.1472239482034067,0.1219341365579972,0.1936875659498431,0.7187549404934794,0.5223080514877549,2024
22대국회의원선거_지역구,서울특별시,관악구,40480820,4,447173,290564,284520,6044,163549.0,116921,0.0,0.0,0.0,0.0,0.0,0.0,0.0,0.0,0.0,0.0,0.0,0.0,0.0,0.0,0.0,4050.0,관악구,관악구갑,0.5748242654294953,0.4109412343596232,0.0,0.0,0.0,0.0,0.0,0.0,0.0,0.0,0.0,0.0,0.0,0.0,0.0,0.0,0.0,0.014234500210881485,2024,11210,관악구,490493,244885,245608,16901,24724,110992,92664,59707,66597,62603,39041,17390,1758,25249,377458,87786,0.2262866136723663,0.1889201273004915,0.1217285465847626,0.1357756379805624,0.1276328102541728,0.1186337011945124,0.1789750312440748,0.7695481892707949,0.5007370135761366,2024
22대국회의원선거_지역구,서울특별시,광진구,40480820,4,301695,209314,206651,2663,107467.0,98228,0.0,0.0,0.0,956.0,0.0,0.0,0.0,0.0,0.0,0.0,0.0,0.0,0.0,0.0,0.0,0.0,광진구,광진구갑,0.5200410353688102,0.47533280748701917,0.0,0.0,0.0,0.0046261571441706065,0.0,0.0,0.0,0.0,0.0,0.0,0.0,0.0,0.0,0.0,0.0,0.0,2024,11050,광진구,345130,164812,180318,15958,23792,65605,56885,46890,53214,47308,24661,11226,1464,24511,261405,59214,0.1900877930055341,0.1648219511488424,0.1358618491582882,0.1541853794222467,0.1370729869904094,0.1082229884391388,0.1715701329933648,0.7574102512096891,0.5224639990728132,2024
22대국회의원선거_지역구,서울특별시,구로구,40480820,4,347054,243718,240375,3343,137970.0,102405,0.0,0.0,0.0,0.0,0.0,0.0,0.0,0.0,0.0,0.0,0.0,0.0,0.0,0.0,0.0,0.0,구로구,구로구갑,0.5739781591263651,0.4260218408736349,0.0,0.0,0.0,0.0,0.0,0.0,0.0,0.0,0.0,0.0,0.0,0.0,0.0,0.0,0.0,0.0,2024,11170,구로구,418832,207187,211645,24347,27382,48685,65582,61244,70623,68089,37859,15619,1908,35338,296173,87321,0.1162399243610803,0.1565830691064675,0.1462256943118004,0.1686189211903579,0.1625687626542384,0.132239179432326,0.2084869350956947,0.7071403331168583,0.505321942926997,2024
22대국회의원선거_지역구,서울특별시,금천구,20240410,2,207518,135444,133112,2332,78587.0,54525,0.0,0.0,0.0,0.0,0.0,0.0,0.0,0.0,0.0,0.0,0.0,0.0,0.0,0.0,0.0,0.0,금천구,금천구,0.5903825350081134,0.4096174649918865,0.0,0.0,0.0,0.0,0.0,0.0,0.0,0.0,0.0,0.0,0.0,0.0,0.0,0.0,0.0,0.0,2024,11180,금천구,243662,122912,120750,10728,12448,34099,41453,31357,41949,41649,21234,8780,1065,15559,178219,49884,0.1399438566538894,0.1701250092341029,0.1286905631571603,0.1721606159351889,0.1709294022046933,0.1275496384335678,0.2047262191067954,0.7314189327839384,0.4955635265244478,2024
22대국회의원선거_지역구,서울특별시,노원구,40480820,4,435230,306592,302405,4187,177707.0,121439,0.0,0.0,0.0,0.0,0.0,0.0,0.0,0.0,0.0,0.0,0.0,0.0,0.0,0.0,0.0,3259.0,노원구,노원구갑,0.5876457069162216,0.4015773548717779,0.0,0.0,0.0,0.0,0.0,0.0,0.0,0.0,0.0,0.0,0.0,0.0,0.0,0.0,0.0,0.010776938212000462,2024,11110,노원구,486446,233042,253404,27682,45377,67194,59365,70488,84128,72442,40940,19580,2791,44237,344260,97949,0.1381324956932527,0.1220382118467414,0.1449040592378188,0.1729441705759735,0.1489209490878741,0.1301501091590844,0.2013563684355509,0.7077044522927519,0.520929352898369,2024
22대국회의원선거_지역구,서울특별시,도봉구,40480820,4,275033,191925,189885,2040,95660.0,91343,0.0,0.0,0.0,0.0,2882.0,0.0,0.0,0.0,0.0,0.0,0.0,0.0,0.0,0.0,0.0,0.0,도봉구,도봉구갑,0.5037786028385601,0.48104378966216393,0.0,0.0,0.0,0.0,0.015177607499275877,0.0,0.0,0.0,0.0,0.0,0.0,0.0,0.0,0.0,0.0,0.0,2024,11100,도봉구,296997,142662,154335,14573,20910,35649,36533,39562,51974,52600,30050,14933,1983,22546,201903,72548,0.1200315154698532,0.1230079765115472,0.13320673272794,0.1749984006572457,0.1771061660555493,0.1581362774708162,0.2442718276615588,0.6798149476257336,0.5196517136536732,2024
22대국회의원선거_지역구,서울특별시,동대문구,40480820,4,306410,211740,208738,3002,112264.0,93785,0.0,0.0,0.0,0.0,0.0,0.0,0.0,0.0,0.0,0.0,0.0,0.0,0.0,0.0,0.0,2689.0,동대문구,동대문구갑,0.5378225335109084,0.4492952888309747,0.0,0.0,0.0,0.0,0.0,0.0,0.0,0.0,0.0,0.0,0.0,0.0,0.0,0.0,0.0,0.012882177658116873,2024,11060,동대문구,355789,171604,184185,19177,23739,69859,52241,47609,51721,48503,28997,14236,1690,27390,260204,68195,0.1963495217671148,0.1468314085033545,0.1338124562591873,0.1453698680959782,0.1363251814980227,0.1262630379241629,0.1916725924635106,0.7313435772325733,0.5176804229473086,2024
22대국회의원선거_지역구,서울특별시,동작구,40480820,4,338764,244740,241611,3129,116767.0,119218,0.0,0.0,0.0,0.0,0.0,0.0,0.0,0.0,0.0,0.0,0.0,0.0,0.0,0.0,0.0,5626.0,동작구,동작구갑,0.48328511533001395,0.4934295210069078,0.0,0.0,0.0,0.0,0.0,0.0,0.0,0.0,0.0,0.0,0.0,0.0,0.0,0.0,0.0,0.023285363663078255,2024,11200,동작구,381172,183544,197628,20309,25482,68540,60678,51853,57205,51885,31237,14367,1770,29438,279712,72022,0.1798138373227834,0.1591879781306077,0.1360357004187086,0.1500766058367351,0.1361196520206101,0.1242850996400575,0.1889488210046908,0.7338209522210446,0.5184745993934496,2024
22대국회의원선거_지역구,서울특별시,마포구,40480820,4,322729,226348,223479,2869,112458.0,96190,0.0,0.0,0.0,0.0,12872.0,0.0,0.0,0.0,0.0,0.0,0.0,0.0,0.0,0.0,0.0,1959.0,마포구,마포구갑,0.503215067187521,0.430420755417735,0.0,0.0,0.0,0.0,0.057598253079707715,0.0,0.0,0.0,0.0,0.0,0.0,0.0,0.0,0.0,0.0,0.008765924315036313,2024,11140,마포구,358927,166191,192736,21112,25201,60919,64178,54356,54780,42222,23830,12839,1749,30557,270402,57968,0.1697253201904565,0.178805160938018,0.1514402650121055,0.1526215637162988,0.1176339478501199,0.1070356924945741,0.1615035926525449,0.7533621042718993,0.5369782713476556,2024
22대국회의원선거_지역구,서울특별시,서대문구,40480820,4,271531,190553,187700,2853,102088.0,80525,0.0,0.0,0.0,0.0,0.0,0.0,0.0,0.0,0.0,0.0,0.0,0.0,0.0,0.0,0.0,5087.0,서대문구,서대문구갑,0.5438891848694726,0.4290090570058604,0.0,0.0,0.0,0.0,0.0,0.0,0.0,0.0,0.0,0.0,0.0,0.0,0.0,0.0,0.0,0.027101758124667023,2024,11130,서대문구,316345,145122,171223,18253,22867,60611,45883,42760,47916,41274,24074,13099,1634,26260,231848,58237,0.1915977809037601,0.1450410153471684,0.1351688820749498,0.1514675433466626,0.1304714789233274,0.1226730310262529,0.1840933158418815,0.7328960470372536,0.5412540106529264,2024
22대국회의원선거_지역구,서울특별시,서초구,40480820,4,343950,247317,244343,2974,91892.0,152451,0.0,0.0,0.0,0.0,0.0,0.0,0.0,0.0,0.0,0.0,0.0,0.0,0.0,0.0,0.0,0.0,서초구,서초구갑,0.37607789050637835,0.6239221094936217,0.0,0.0,0.0,0.0,0.0,0.0,0.0,0.0,0.0,0.0,0.0,0.0,0.0,0.0,0.0,0.0,2024,11220,서초구,386254,183900,202354,28690,40194,44694,54256,67189,64023,47547,29595,12085,1713,45652,274184,66418,0.115711423053224,0.1404671537382137,0.1739503021327934,0.1657536232634484,0.1230977543274632,0.1123431731451324,0.1719542062994817,0.709854137432881,0.5238884257509308,2024
22대국회의원선거_지역구,서울특별시,성동구,20240410,2,180528,125695,123930,1765,65204.0,58726,0.0,0.0,0.0,0.0,0.0,0.0,0.0,0.0,0.0,0.0,0.0,0.0,0.0,0.0,0.0,0.0,성동구,중구성동구갑,0.5261357217784233,0.4738642782215767,0.0,0.0,0.0,0.0,0.0,0.0,0.0,0.0,0.0,0.0,0.0,0.0,0.0,0.0,0.0,0.0,2024,11040,성동구,274688,132827,141861,17191,16950,42431,46457,39056,43155,38649,20896,10264,1270,23222,201275,50191,0.1544697984622553,0.1691264270736253,0.1421831314072693,0.1571055160764212,0.1407014503727865,0.1180612185461323,0.1827200314538676,0.7327404182199441,0.5164441111369991,2024
22대국회의원선거_지역구,서울특별시,성북구,40480820,4,374480,259143,255352,3791,143579.0,104839,0.0,0.0,0.0,0.0,0.0,0.0,0.0,0.0,0.0,0.0,0.0,0.0,0.0,0.0,0.0,6934.0,성북구,성북구갑,0.5622787368025314,0.4105665904320311,0.0,0.0,0.0,0.0,0.0,0.0,0.0,0.0,0.0,0.0,0.0,0.0,0.0,0.0,0.0,0.027154672765437513,2024,11080,성북구,429210,203170,226040,25026,35849,74076,56139,60207,68935,57572,34229,17774,2249,37537,310076,81597,0.1725868456000559,0.1307961137904522,0.140273991752289,0.160609025884765,0.1341348058060157,0.1263996644998951,0.190109736492626,0.7224342396495887,0.5266419701311712,2024
22대국회의원선거_지역구,서울특별시,송파구,60721230,6,564318,406020,401142,4878,187179.0,211124,0.0,0.0,0.0,0.0,0.0,0.0,0.0,0.0,0.0,0.0,0.0,0.0,0.0,0.0,0.0,2839.0,송파구,송파구갑,0.4666153132805839,0.5263073923947131,0.0,0.0,0.0,0.0,0.0,0.0,0.0,0.0,0.0,0.0,0.0,0.0,0.0,0.0,0.0,0.007077294324702973,2024,11240,송파구,628648,301344,327304,44702,52719,76646,102425,100470,98700,89344,48651,17489,2511,66569,450710,111369,0.1219219658696122,0.1629290159198788,0.1598191674832338,0.1570036013794683,0.1421208689123325,0.1092041969432814,0.1771563736781155,0.7169512986599814,0.5206474847609474,2024
22대국회의원선거_지역구,서울특별시,양천구,40480820,4,371209,264590,261439,3151,139247.0,119252,0.0,0.0,0.0,0.0,0.0,0.0,0.0,0.0,0.0,0.0,0.0,0.0,0.0,0.0,0.0,2940.0,양천구,양천구갑,0.5326175513217233,0.4561369956280433,0.0,0.0,0.0,0.0,0.0,0.0,0.0,0.0,0.0,0.0,0.0,0.0,0.0,0.0,0.0,0.011245453050233516,2024,11150,양천구,417397,203140,214257,26980,44343,46322,51066,68647,72746,62375,33925,13022,1816,45406,293674,78317,0.1109782772755913,0.1223439555147737,0.1644645265778144,0.1742849134037858,0.1494380649597385,0.1168264266393864,0.187631918772775,0.7035843573384571,0.5133170578609813,2024
22대국회의원선거_지역구,서울특별시,영등포구,40480820,4,334952,235964,233105,2859,122814.0,104429,0.0,0.0,0.0,0.0,0.0,778.0,0.0,0.0,0.0,0.0,0.0,0.0,0.0,0.0,0.0,5084.0,영등포구,영등포구갑,0.5268612856867078,0.44799124857896655,0.0,0.0,0.0,0.0,0.0,0.0033375517470667724,0.0,0.0,0.0,0.0,0.0,0.0,0.0,0.0,0.0,0.02180991398725896,2024,11190,영등포구,400799,197205,203594,23579,22118,55633,76200,57145,63288,58436,30638,14126,1815,32301,295061,73437,0.1388052365400113,0.1901202348309252,0.1425777010421682,0.1579045855902834,0.1457987669629914,0.116215359818762,0.1832265050561503,0.7361819765019374,0.5079703292672886,2024
22대국회의원선거_지역구,서울특별시,용산구,20240410,2,188998,130243,128592,1651,60473.0,66583,0.0,0.0,0.0,0.0,0.0,0.0,0.0,0.0,0.0,0.0,0.0,0.0,0.0,0.0,0.0,1536.0,용산구,용산구,0.47027031230558664,0.5177849321886276,0.0,0.0,0.0,0.0,0.0,0.0,0.0,0.0,0.0,0.0,0.0,0.0,0.0,0.0,0.0,0.011944755505785741,2024,11030,용산구,203401,97246,106155,11601,12168,28376,37779,29805,32360,28024,15054,8091,1242,16228,149831,37342,0.1395076720370106,0.1857365499677976,0.1465332028849415,0.159094596388415,0.1377771004075693,0.1198961657022335,0.1835880846210195,0.7366286301443946,0.5219000889867799,2024
22대국회의원선거_지역구,서울특별시,은평구,40480820,4,414314,281484,277341,4143,163590.0,109273,0.0,0.0,0.0,0.0,4478.0,0.0,0.0,0.0,0.0,0.0,0.0,0.0,0.0,0.0,0.0,0.0,은평구,은평구갑,0.5898514824710375,0.3940023292625324,0.0,0.0,0.0,0.0,0.016146188266430134,0.0,0.0,0.0,0.0,0.0,0.0,0.0,0.0,0.0,0.0,0.0,2024,11120,은평구,448142,211821,236321,24536,32658,56692,64738,65470,75386,68379,40725,20003,2353,37238,315285,95619,0.1265045454342596,0.1444586760446465,0.1460920868831754,0.1682190020127549,0.1525833329614274,0.140761187302239,0.2133676379361898,0.7035381642425839,0.5273350857540691,2024
22대국회의원선거_지역구,서울특별시,종로구,20240410,2,126041,88779,87809,970,44713.0,38752,54.0,85.0,290.0,0.0,0.0,0.0,0.0,0.0,0.0,0.0,0.0,0.0,0.0,0.0,0.0,3915.0,종로구,종로구,0.5092074844264255,0.44132150462936603,0.0006149711305219283,0.0009680101128585908,0.003302622737988133,0.0,0.0,0.0,0.0,0.0,0.0,0.0,0.0,0.0,0.0,0.0,0.0,0.0445854069628398,2024,11010,종로구,144486,68604,75882,5959,10074,27231,20477,18655,23189,20718,11442,6448,976,9276,106834,28376,0.1884680868734687,0.1417230735157731,0.1291128552247276,0.1604930581509627,0.143391055188738,0.1305732043242944,0.1963927300914967,0.7394072782138061,0.5251858311531913,2024
22대국회의원선거_지역구,서울특별시,중구,20240410,2,177422,123087,121476,1611,61728.0,58961,0.0,0.0,0.0,787.0,0.0,0.0,0.0,0.0,0.0,0.0,0.0,0.0,0.0,0.0,0.0,0.0,중구,중구성동구을,0.5081497579768843,0.48537159603543084,0.0,0.0,0.0,0.0064786459876848106,0.0,0.0,0.0,0.0,0.0,0.0,0.0,0.0,0.0,0.0,0.0,0.0,2024,11020,중구,126899,60550,66349,5869,6518,20819,22851,16958,19050,18639,10563,5366,781,7977,93357,25565,0.1640596064586797,0.1800723409955949,0.1336338347819919,0.1501193862835798,0.1468805900755719,0.1316795246613448,0.2014594283642897,0.7356795561824758,0.5228488798178078,2024
22대국회의원선거_지역구,서울특별시,중랑구,40480820,4,344341,228863,225808,3055,134481.0,91327,0.0,0.0,0.0,0.0,0.0,0.0,0.0,0.0,0.0,0.0,0.0,0.0,0.0,0.0,0.0,0.0,중랑구,중랑구갑,0.5955546304825339,0.4044453695174662,0.0,0.0,0.0,0.0,0.0,0.0,0.0,0.0,0.0,0.0,0.0,0.0,0.0,0.0,0.0,0.0,2024,11070,중랑구,375066,182365,192701,19889,22712,47788,58294,51041,62300,63316,34634,15241,1858,28824,264778,81464,0.1274122421120549,0.1554233121637258,0.1360853823060474,0.1661040990119072,0.1688129555864834,0.1379303909178651,0.2171991062906262,0.7059504193928535,0.5137789082454821,2024
22대국회의원선거_지역구,세종특별자치시,세종특별자치시,40480820,4,301231,211270,203518,7752,49621.0,82770,0.0,0.0,0.0,174.0,0.0,0.0,0.0,0.0,0.0,0.0,0.0,0.0,0.0,0.0,0.0,70953.0,세종특별자치시,세종특별자치시갑,0.24381627177940035,0.406696213602728,0.0,0.0,0.0,0.0008549612319303453,0.0,0.0,0.0,0.0,0.0,0.0,0.0,0.0,0.0,0.0,0.0,0.3486325533859413,2024,29010,세종시,390156,195777,194379,46387,51441,41876,59378,75944,56095,38025,17121,7925,1392,68620,278079,43457,0.1073314264037974,0.1521904058889265,0.194650344990209,0.1437758230041317,0.0974610155937625,0.0677626385343298,0.1113836516675381,0.7127379817303847,0.4982084089441146,2024
22대국회의원선거_지역구,울산광역시,남구,40480820,4,263575,175216,172101,3115,74331.0,94568,0.0,0.0,0.0,0.0,0.0,0.0,0.0,0.0,0.0,322.0,0.0,0.0,0.0,0.0,0.0,2880.0,남구,남구갑,0.4319033590740321,0.5494912870930442,0.0,0.0,0.0,0.0,0.0,0.0,0.0,0.0,0.0,0.0018709943579642188,0.0,0.0,0.0,0.0,0.0,0.016734359474959472,2024,26020,남구,305176,156194,148982,21181,27105,36905,41074,45231,58224,48352,21128,7620,973,32183,222031,50962,0.1209302173172202,0.1345911867250373,0.1482128345610401,0.1907882664429706,0.1584397200304086,0.0973897029910609,0.1669921619000183,0.7275506592916874,0.4881838676698036,2024
22대국회의원선거_지역구,울산광역시,동구,20240410,2,127134,84726,83845,881,38474.0,37906,0.0,0.0,0.0,0.0,0.0,0.0,0.0,0.0,0.0,0.0,0.0,0.0,0.0,7465.0,0.0,0.0,동구,동구,0.4588705349156181,0.45209612976325364,0.0,0.0,0.0,0.0,0.0,0.0,0.0,0.0,0.0,0.0,0.0,0.0,0.0,0.08903333532112827,0.0,0.0,2024,26030,동구,158268,85698,72570,12264,15948,16766,22122,28095,24746,25100,11322,3266,369,19194,112288,26786,0.1059342381277327,0.1397755705512169,0.1775153537038441,0.1563550433442009,0.1585917557560593,0.0945042585993378,0.169244572497283,0.709480122324159,0.4585260444309652,2024
22대국회의원선거_지역구,울산광역시,북구,20240410,2,176056,116665,114620,2045,0.0,49155,0.0,0.0,0.0,0.0,0.0,0.0,0.0,0.0,0.0,0.0,0.0,0.0,0.0,0.0,0.0,65465.0,북구,북구,0.0,0.4288518583144303,0.0,0.0,0.0,0.0,0.0,0.0,0.0,0.0,0.0,0.0,0.0,0.0,0.0,0.0,0.0,0.5711481416855697,2024,26040,북구,215421,112247,103174,21833,24250,21526,30664,38983,38733,27846,9750,3918,577,32423,157907,25091,0.0999252626252779,0.1423445253712497,0.1809619303596213,0.1798014121185956,0.1292631637584079,0.0661263293736451,0.1164742527423046,0.7330158155425887,0.4789412359983474,2024
22대국회의원선거_지역구,울산광역시,울주군,20240410,2,188440,126887,125351,1536,58307.0,67044,0.0,0.0,0.0,0.0,0.0,0.0,0.0,0.0,0.0,0.0,0.0,0.0,0.0,0.0,0.0,0.0,울주군,울주군,0.4651498591953794,0.5348501408046207,0.0,0.0,0.0,0.0,0.0,0.0,0.0,0.0,0.0,0.0,0.0,0.0,0.0,0.0,0.0,0.0,2024,26510,울주군,224263,118438,105825,14760,20630,24530,26349,33159,44293,36823,16606,7735,1257,23130,159159,41974,0.1093805041402282,0.1174915166567824,0.1478576492778568,0.1975047154457044,0.1641956096190633,0.1141427698728724,0.1871641777734178,0.7096979885224045,0.4718789992107481,2024
22대국회의원선거_지역구,울산광역시,중구,20240410,2,179055,121227,119759,1468,52158.0,67601,0.0,0.0,0.0,0.0,0.0,0.0,0.0,0.0,0.0,0.0,0.0,0.0,0.0,0.0,0.0,0.0,중구,중구,0.4355246787297823,0.5644753212702177,0.0,0.0,0.0,0.0,0.0,0.0,0.0,0.0,0.0,0.0,0.0,0.0,0.0,0.0,0.0,0.0,2024,26010,중구,203766,102986,100780,14361,18037,19336,24662,30337,37952,35936,17487,6703,780,22185,140236,41345,0.0948931617639841,0.1210309865237576,0.1488815602210378,0.1862528586712209,0.176359157072328,0.1225425242680329,0.2029043118086432,0.6882208022928261,0.494586928143066,2024
22대국회의원선거_지역구,인천광역시,강화군,20240410,2,62585,44012,43494,518,15548.0,27511,0.0,0.0,0.0,0.0,0.0,0.0,0.0,0.0,0.0,0.0,0.0,0.0,0.0,0.0,0.0,435.0,강화군,중구강화군옹진군,0.3574745941969007,0.6325240263024785,0.0,0.0,0.0,0.0,0.0,0.0,0.0,0.0,0.0,0.0,0.0,0.0,0.0,0.0,0.0,0.010001379500620775,2024,23510,강화군,66309,33312,32997,2855,3941,4059,4963,6636,10643,15882,10261,6232,1171,4419,36218,25672,0.0612134099443514,0.0748465517501395,0.1000769126362937,0.1605061153086308,0.2395149979640772,0.2663891779396462,0.3871570978298572,0.5462003649579996,0.4976247568203411,2024
22대국회의원선거_지역구,인천광역시,계양구,40480820,4,247951,170396,167957,2439,94188.0,73396,0.0,0.0,0.0,0.0,0.0,0.0,373.0,0.0,0.0,0.0,0.0,0.0,0.0,0.0,0.0,0.0,계양구,계양구갑,0.5607863917550325,0.43699280172901395,0.0,0.0,0.0,0.0,0.0,0.0,0.002220806515953488,0.0,0.0,0.0,0.0,0.0,0.0,0.0,0.0,0.0,2024,23070,계양구,278600,137693,140907,14826,21412,33559,37148,38455,54006,51076,18892,9401,1602,23100,204498,51002,0.1204558506819813,0.1333381191672649,0.1380294328786791,0.1938478104809763,0.1833309404163675,0.1073043790380473,0.1830653266331658,0.7340201005025125,0.5057681263460158,2024
22대국회의원선거_지역구,인천광역시,남동구,40480820,4,424323,273100,269805,3295,150207.0,116000,0.0,0.0,0.0,0.0,0.0,0.0,0.0,0.0,0.0,0.0,0.0,0.0,0.0,0.0,0.0,3598.0,남동구,남동구갑,0.5567243008839717,0.42994014195437447,0.0,0.0,0.0,0.0,0.0,0.0,0.0,0.0,0.0,0.0,0.0,0.0,0.0,0.0,0.0,0.013335557161653787,2024,23050,남동구,492920,246405,246515,31161,43940,57094,64973,78262,86771,78026,37170,16942,2699,49544,351402,91974,0.1158281262679542,0.1318124644972815,0.1587722145581433,0.17603465065325,0.1582934350401688,0.115253996591739,0.1865901160431713,0.7128986448105169,0.5001115799724093,2024
22대국회의원선거_지역구,인천광역시,동구,20240410,2,52677,36093,35610,483,18850.0,16760,0.0,0.0,0.0,0.0,0.0,0.0,0.0,0.0,0.0,0.0,0.0,0.0,0.0,0.0,0.0,0.0,동구,동구미추홀구갑,0.5293456894130862,0.4706543105869138,0.0,0.0,0.0,0.0,0.0,0.0,0.0,0.0,0.0,0.0,0.0,0.0,0.0,0.0,0.0,0.0,2024,23020,동구,57944,28988,28956,2963,4219,5665,6552,8617,9811,10173,6601,3270,433,4619,37950,15375,0.0977668093331492,0.113074692806848,0.1487125500483225,0.1693186524920613,0.1755660637857241,0.1778268673201712,0.2653423995581941,0.6549427032997377,0.499723871324037,2024
22대국회의원선거_지역구,인천광역시,미추홀구,40480820,4,358432,222379,219689,2690,113473.0,106216,0.0,0.0,0.0,0.0,0.0,0.0,0.0,0.0,0.0,0.0,0.0,0.0,0.0,0.0,0.0,0.0,미추홀구,동구미추홀구갑,0.5165165301858536,0.48348346981414636,0.0,0.0,0.0,0.0,0.0,0.0,0.0,0.0,0.0,0.0,0.0,0.0,0.0,0.0,0.0,0.0,2024,23090,미추홀구,421789,212463,209326,27238,32401,55567,59371,63305,68260,64272,34963,16725,2533,39845,297520,84424,0.1317412260632686,0.1407599534364338,0.1500868917871257,0.1618344717382387,0.1523795072891896,0.1285500570190308,0.2001569505131712,0.705376384874902,0.496281316013457,2024
22대국회의원선거_지역구,인천광역시,부평구,40480820,4,435217,280646,277160,3486,147693.0,115827,0.0,0.0,0.0,0.0,2241.0,0.0,0.0,0.0,0.0,0.0,0.0,0.0,0.0,0.0,0.0,11399.0,부평구,부평구갑,0.5328799249530957,0.4179066243325155,0.0,0.0,0.0,0.0,0.008085582335113292,0.0,0.0,0.0,0.0,0.0,0.0,0.0,0.0,0.0,0.0,0.04112786837927551,2024,23060,부평구,504885,248443,256442,32261,37955,57617,77037,74581,88451,83173,37427,17222,2651,47463,363161,94261,0.1141190568149182,0.1525832615348049,0.1477187874466462,0.1751903898907672,0.1647365241589669,0.1134911910633114,0.186697960921794,0.7192944928052923,0.5079216059102568,2024
22대국회의원선거_지역구,인천광역시,서구,60721230,6,521227,334008,330284,3724,189020.0,135733,0.0,0.0,0.0,0.0,0.0,0.0,0.0,0.0,0.0,0.0,670.0,0.0,0.0,0.0,0.0,4861.0,서구,서구갑,0.5722953579343838,0.4109584478812174,0.0,0.0,0.0,0.0,0.0,0.0,0.0,0.0,0.0,0.0,0.002028557241646583,0.0,0.0,0.0,0.0,0.014717636942752297,2024,23080,서구,634066,321792,312274,59996,61159,69795,102179,110730,105352,81725,32898,14190,2389,86787,462815,84464,0.1100752918465901,0.161148839395268,0.1746348171956862,0.1661530503133743,0.1288903678796844,0.078031309043538,0.1332101074651534,0.7299161286049086,0.4924944721842836,2024
22대국회의원선거_지역구,인천광역시,연수구,40480820,4,323108,223988,221875,2113,115330.0,104900,0.0,0.0,0.0,0.0,0.0,0.0,0.0,0.0,0.0,0.0,0.0,0.0,0.0,0.0,0.0,1645.0,연수구,연수구갑,0.5197971830985916,0.4727887323943662,0.0,0.0,0.0,0.0,0.0,0.0,0.0,0.0,0.0,0.0,0.0,0.0,0.0,0.0,0.0,0.007414084507042253,2024,23040,연수구,417391,207871,209520,39805,48664,51041,59929,72393,67997,52358,19518,8877,1575,59326,306193,51872,0.1222858183334092,0.1435800005270837,0.1734416889678982,0.1629095979549151,0.1254411331341595,0.0718031773564834,0.1242767572851355,0.7335879307411995,0.5019753660237044,2024
22대국회의원선거_지역구,인천광역시,옹진군,20240410,2,18797,13569,13335,234,4687.0,8428,0.0,0.0,0.0,0.0,0.0,0.0,0.0,0.0,0.0,0.0,0.0,0.0,0.0,0.0,0.0,220.0,옹진군,중구강화군옹진군,0.3514810648668916,0.6320209973753281,0.0,0.0,0.0,0.0,0.0,0.0,0.0,0.0,0.0,0.0,0.0,0.0,0.0,0.0,0.0,0.016497937757780277,2024,23520,옹진군,19192,11165,8027,654,823,2295,1824,2017,3099,4563,2542,1186,251,1004,11957,6231,0.1195810754481033,0.0950395998332638,0.1050958732805335,0.1614735306377657,0.2377553147144643,0.2073259691538141,0.3246665277198833,0.623020008336807,0.4182471863276365,2024
22대국회의원선거_지역구,인천광역시,중구,20240410,2,137266,86546,85751,795,42347.0,42469,0.0,0.0,0.0,0.0,0.0,0.0,0.0,0.0,0.0,0.0,0.0,0.0,0.0,0.0,0.0,935.0,중구,중구강화군옹진군,0.49383680656785345,0.49525953050110205,0.0,0.0,0.0,0.0,0.0,0.0,0.0,0.0,0.0,0.0,0.0,0.0,0.0,0.0,0.0,0.010903662931044536,2024,23010,중구,164937,84863,80074,13890,14702,20094,27332,28286,25126,20058,11056,5019,833,20278,118358,26301,0.1218283344549737,0.1657117566100996,0.1714957832384486,0.1523369528971668,0.1216100692991869,0.1025118681678459,0.1594608850652067,0.7175952030169095,0.4854823356796837,2024
22대국회의원선거_지역구,전라남도,강진군,20240410,2,29405,20986,20522,464,18336.0,2186,0.0,0.0,0.0,0.0,0.0,0.0,0.0,0.0,0.0,0.0,0.0,0.0,0.0,0.0,0.0,0.0,강진군,고흥군보성군장흥군강진군,0.8934801676249878,0.10651983237501218,0.0,0.0,0.0,0.0,0.0,0.0,0.0,0.0,0.0,0.0,0.0,0.0,0.0,0.0,0.0,0.0,2024,36590,강진군,31042,15223,15819,1514,2044,2044,2319,3028,4912,6531,4722,3499,589,2334,16597,12111,0.0658462727917015,0.0747052380645577,0.0975452612589395,0.1582372269827975,0.2103923716255396,0.2838090329231364,0.390148830616584,0.534662715031248,0.5095998969138587,2024
22대국회의원선거_지역구,전라남도,고흥군,20240410,2,56173,39974,38674,1300,34992.0,3682,0.0,0.0,0.0,0.0,0.0,0.0,0.0,0.0,0.0,0.0,0.0,0.0,0.0,0.0,0.0,0.0,고흥군,고흥군보성군장흥군강진군,0.9047939183947872,0.09520608160521281,0.0,0.0,0.0,0.0,0.0,0.0,0.0,0.0,0.0,0.0,0.0,0.0,0.0,0.0,0.0,0.0,2024,36550,고흥군,58776,29445,29331,2156,2857,3516,3926,5178,9015,12838,10554,7513,1418,3369,29345,26062,0.059820334830543,0.0667959711446849,0.0880971825234789,0.1533789301755818,0.2184224853681775,0.3315128623928134,0.4434122771199129,0.4992684088743705,0.4990302164148632,2024
22대국회의원선거_지역구,전라남도,곡성군,20240410,2,24682,18351,17933,418,11730.0,5657,0.0,0.0,0.0,0.0,0.0,0.0,0.0,0.0,0.0,0.0,0.0,0.0,0.0,0.0,0.0,546.0,곡성군,순천시광양시곡성군구례군을,0.6541013773490214,0.3154519600736073,0.0,0.0,0.0,0.0,0.0,0.0,0.0,0.0,0.0,0.0,0.0,0.0,0.0,0.0,0.0,0.030446662577371327,2024,36520,곡성군,25990,13025,12965,874,1523,2185,1783,2410,4312,5442,3820,3120,620,1459,14394,10137,0.084070796460177,0.0686033089649865,0.0927279722970373,0.1659099653712966,0.2093882262408618,0.2908811081185071,0.3900346287033474,0.5538283955367449,0.4988457098884186,2024
22대국회의원선거_지역구,전라남도,광양시,20240410,2,171727,116042,114790,1252,80927.0,25918,0.0,0.0,0.0,0.0,0.0,0.0,0.0,0.0,0.0,0.0,0.0,0.0,0.0,0.0,0.0,7945.0,광양시,순천시광양시곡성군구례군을,0.7050004355780121,0.22578621831169962,0.0,0.0,0.0,0.0,0.0,0.0,0.0,0.0,0.0,0.0,0.0,0.0,0.0,0.0,0.0,0.06921334611028836,2024,36060,광양시,150390,79177,71213,12576,14706,15560,19556,22429,29909,21611,9519,5015,900,19071,106848,24471,0.103464326085511,0.1300352417049005,0.1491389055123346,0.1988762550701509,0.1436997140767338,0.1026265044218365,0.1627169359664871,0.7104727707959306,0.4735221756765742,2024
22대국회의원선거_지역구,전라남도,구례군,20240410,2,22112,16597,16341,256,11836.0,3708,0.0,0.0,0.0,0.0,0.0,0.0,0.0,0.0,0.0,0.0,0.0,0.0,0.0,0.0,0.0,797.0,구례군,순천시광양시곡성군구례군을,0.7243130775350346,0.22691389755828897,0.0,0.0,0.0,0.0,0.0,0.0,0.0,0.0,0.0,0.0,0.0,0.0,0.0,0.0,0.0,0.04877302490667646,2024,36530,구례군,22724,10988,11736,884,1379,1311,1260,2147,4074,5040,3511,2762,467,1497,12135,9092,0.0576923076923076,0.0554479845097694,0.0944816053511705,0.1792818165815877,0.2217919380390776,0.2966027107903538,0.40010561520859,0.5340168984333744,0.5164583700052807,2024
22대국회의원선거_지역구,전라남도,나주시,20240410,2,99711,68092,66793,1299,45241.0,6791,0.0,0.0,0.0,0.0,0.0,0.0,0.0,0.0,0.0,0.0,0.0,0.0,0.0,0.0,0.0,14761.0,나주시,나주시화순군,0.6773314568891949,0.1016723309328822,0.0,0.0,0.0,0.0,0.0,0.0,0.0,0.0,0.0,0.0,0.0,0.0,0.0,0.0,0.0,0.22099621217792284,2024,36040,나주시,118018,59599,58419,9757,10483,12643,15558,16822,16950,17348,10869,7319,1311,14133,76056,27829,0.1071277262790421,0.1318273483705875,0.1425375790133708,0.1436221593316274,0.1469945262587063,0.1652205595756579,0.2358030130996966,0.6444440678540562,0.4950007625955362,2024
22대국회의원선거_지역구,전라남도,담양군,20240410,2,40853,29906,29447,459,20480.0,1384,0.0,0.0,0.0,0.0,0.0,0.0,0.0,0.0,0.0,0.0,0.0,0.0,0.0,0.0,0.0,7583.0,담양군,담양군함평군영광군장성군,0.695486806805447,0.046999694366149355,0.0,0.0,0.0,0.0,0.0,0.0,0.0,0.0,0.0,0.0,0.0,0.0,0.0,0.0,0.0,0.2575134988284036,2024,36510,담양군,43310,21592,21718,2014,2804,3531,3692,4453,7340,8913,5886,4238,677,3071,25232,15007,0.0815285153544216,0.0852459016393442,0.1028169014084507,0.1694758716231817,0.2057954283075502,0.2493881320711152,0.3465019625952436,0.5825906257215424,0.5014546294158393,2024
22대국회의원선거_지역구,전라남도,목포시,20240410,2,181418,117775,115774,2001,82700.0,6393,0.0,0.0,0.0,0.0,2677.0,0.0,0.0,0.0,0.0,0.0,0.0,4647.0,0.0,0.0,0.0,19357.0,목포시,목포시,0.7143227322196694,0.055219652080778066,0.0,0.0,0.0,0.0,0.02312263547946862,0.0,0.0,0.0,0.0,0.0,0.0,0.04013854578748251,0.0,0.0,0.0,0.16719643443260146,2024,36010,목포시,214701,108162,106539,14029,22227,24215,22169,33706,37545,32699,19397,9303,1362,23441,145843,45417,0.1127847564752842,0.1032552247078495,0.1569904192341908,0.174871099808571,0.152300175593034,0.1400179784910177,0.2115360431483784,0.6792842138602055,0.4962203250101303,2024
22대국회의원선거_지역구,전라남도,무안군,20240410,2,74618,51307,50252,1055,34009.0,2875,0.0,0.0,0.0,0.0,0.0,0.0,0.0,0.0,0.0,0.0,0.0,0.0,0.0,0.0,357.0,13011.0,무안군,영암군무안군신안군,0.6767690838175595,0.057211653267531644,0.0,0.0,0.0,0.0,0.0,0.0,0.0,0.0,0.0,0.0,0.0,0.0,0.0,0.0,0.007104194857916103,0.25891506805699277,2024,36620,무안군,92913,47184,45729,8151,10289,11037,11481,14659,13484,12015,7687,4407,673,12631,61884,18398,0.1187885441219205,0.1235672080333215,0.157771248372133,0.145125009417412,0.1293145200348713,0.1374081129658928,0.1980131951395391,0.6660424267863485,0.4921700946046301,2024
22대국회의원선거_지역구,전라남도,보성군,20240410,2,34446,24461,23905,556,21777.0,2128,0.0,0.0,0.0,0.0,0.0,0.0,0.0,0.0,0.0,0.0,0.0,0.0,0.0,0.0,0.0,0.0,보성군,고흥군보성군장흥군강진군,0.9109809663250366,0.0890190336749634,0.0,0.0,0.0,0.0,0.0,0.0,0.0,0.0,0.0,0.0,0.0,0.0,0.0,0.0,0.0,0.0,2024,36560,보성군,36033,17534,18499,1329,2045,2137,2645,3268,5648,7640,5946,4626,896,2174,18493,15366,0.0593067465934004,0.0734049343657203,0.0906946410235062,0.1567452057835872,0.212027863347487,0.3182638137263064,0.42644242777454,0.5132239891210835,0.5133905031498904,2024
22대국회의원선거_지역구,전라남도,순천시,20240410,2,191614,134157,132375,1782,85172.0,11592,0.0,0.0,0.0,0.0,0.0,0.0,0.0,0.0,0.0,0.0,0.0,0.0,0.0,0.0,0.0,35611.0,순천시,순천시광양시곡성군구례군갑,0.6434145420207743,0.08756940509915014,0.0,0.0,0.0,0.0,0.0,0.0,0.0,0.0,0.0,0.0,0.0,0.0,0.0,0.0,0.0,0.2690160528800755,2024,36030,순천시,271376,135333,136043,21583,27170,31204,31960,38879,48095,40766,20691,11550,2027,32798,186506,52072,0.114984375921231,0.117770178645127,0.1432661694475561,0.177226431224574,0.1502196214845823,0.1262749837863333,0.1918813749189316,0.6872604799245328,0.501308148104475,2024
22대국회의원선거_지역구,전라남도,신안군,20240410,2,35252,26027,25225,802,17182.0,1939,0.0,0.0,0.0,0.0,0.0,0.0,0.0,0.0,0.0,0.0,0.0,0.0,0.0,0.0,151.0,5953.0,신안군,영암군무안군신안군,0.6811496531219029,0.07686818632309217,0.0,0.0,0.0,0.0,0.0,0.0,0.0,0.0,0.0,0.0,0.0,0.0,0.0,0.0,0.005986124876114965,0.23599603567889,2024,36680,신안군,35572,19444,16128,1413,1706,2235,2855,3743,5939,7794,5634,3860,559,2150,19528,13894,0.0628303159788597,0.0802597548633756,0.1052232092657146,0.1669571573147419,0.2191049139772855,0.2826099179129652,0.3905881030023614,0.5489711008658495,0.4533903069830203,2024
22대국회의원선거_지역구,전라남도,여수시,40480820,4,234311,157178,153903,3275,120903.0,12665,0.0,0.0,0.0,0.0,0.0,0.0,0.0,0.0,0.0,0.0,0.0,0.0,0.0,0.0,0.0,20335.0,여수시,여수시갑,0.7855792284750784,0.08229209307161003,0.0,0.0,0.0,0.0,0.0,0.0,0.0,0.0,0.0,0.0,0.0,0.0,0.0,0.0,0.0,0.1321286784533115,2024,36020,여수시,265859,137731,128128,18064,22925,28459,29702,37323,46124,44130,26683,12717,1891,27744,176279,61836,0.1070454639489353,0.1117208745989415,0.1403864454466465,0.173490459228388,0.1659902429483297,0.1553116501604234,0.2325894553127785,0.6630544762449269,0.4819396747900202,2024
22대국회의원선거_지역구,전라남도,영광군,20240410,2,45075,32156,31490,666,15445.0,1305,0.0,0.0,0.0,0.0,0.0,0.0,0.0,0.0,0.0,0.0,0.0,0.0,0.0,0.0,0.0,14740.0,영광군,담양군함평군영광군장성군,0.4904731660844713,0.041441727532550016,0.0,0.0,0.0,0.0,0.0,0.0,0.0,0.0,0.0,0.0,0.0,0.0,0.0,0.0,0.0,0.46808510638297873,2024,36640,영광군,50012,25128,24884,3604,3563,3985,5001,5813,8024,8889,6492,4372,546,5091,29165,15756,0.0796808765896184,0.0999960009597696,0.1162321042949692,0.16044149404143,0.1777373430376709,0.2281452451411661,0.3150443893465568,0.5831600415900184,0.4975605854594897,2024
22대국회의원선거_지역구,전라남도,영암군,20240410,2,46281,30800,30134,666,21862.0,2077,0.0,0.0,0.0,0.0,0.0,0.0,0.0,0.0,0.0,0.0,0.0,0.0,0.0,0.0,224.0,5971.0,영암군,영암군무안군신안군,0.7254927988318842,0.06892546625074666,0.0,0.0,0.0,0.0,0.0,0.0,0.0,0.0,0.0,0.0,0.0,0.0,0.0,0.0,0.0074334638614189956,0.1981482710559501,2024,36610,영암군,60323,34335,25988,2891,3940,7333,7991,8373,10110,9561,5803,4013,650,4536,40941,14846,0.1215622565190723,0.132470202078809,0.138802778376407,0.1675977653631284,0.1584967591134393,0.173499328614293,0.2461084495134526,0.6786963513087877,0.4308141173350132,2024
22대국회의원선거_지역구,전라남도,완도군,20240410,2,41285,29778,29073,705,27109.0,1964,0.0,0.0,0.0,0.0,0.0,0.0,0.0,0.0,0.0,0.0,0.0,0.0,0.0,0.0,0.0,0.0,완도군,해남군완도군진도군,0.9324459120145839,0.06755408798541603,0.0,0.0,0.0,0.0,0.0,0.0,0.0,0.0,0.0,0.0,0.0,0.0,0.0,0.0,0.0,0.0,2024,36660,완도군,48182,26560,21622,2516,2974,4071,5692,5845,7066,8767,6540,4406,630,3846,28452,15884,0.0844921339919472,0.1181354032626292,0.1213108629778755,0.1466522767838612,0.1819559171474824,0.2402556971483126,0.3296666805030924,0.5905109792038521,0.4487567971441617,2024
22대국회의원선거_지역구,전라남도,장성군,20240410,2,38067,27352,26905,447,16437.0,1429,0.0,0.0,0.0,0.0,0.0,0.0,0.0,0.0,0.0,0.0,0.0,0.0,0.0,0.0,0.0,9039.0,장성군,담양군함평군영광군장성군,0.6109273369262219,0.05311280431146627,0.0,0.0,0.0,0.0,0.0,0.0,0.0,0.0,0.0,0.0,0.0,0.0,0.0,0.0,0.0,0.3359598587623118,2024,36650,장성군,40067,20459,19608,2052,2745,3299,3480,4538,6777,7692,5186,3937,613,3207,23421,13439,0.0823370853819851,0.0868545186812089,0.1132602890158983,0.1691416876731474,0.1919784361194998,0.2429929867471984,0.3354131829186113,0.5845458856415504,0.4893802880175705,2024
22대국회의원선거_지역구,전라남도,장흥군,20240410,2,31417,22595,22036,559,20252.0,1784,0.0,0.0,0.0,0.0,0.0,0.0,0.0,0.0,0.0,0.0,0.0,0.0,0.0,0.0,0.0,0.0,장흥군,고흥군보성군장흥군강진군,0.9190415683427119,0.08095843165728807,0.0,0.0,0.0,0.0,0.0,0.0,0.0,0.0,0.0,0.0,0.0,0.0,0.0,0.0,0.0,0.0,2024,36580,장흥군,33351,16379,16972,1560,2110,2222,2512,3428,5513,6838,4923,3749,675,2472,18105,12774,0.0666246889148751,0.0753200803574105,0.1027855236724536,0.1653023897334412,0.2050313333933015,0.2802614614254445,0.3830170009894755,0.5428622829900153,0.508890288147282,2024
22대국회의원선거_지역구,전라남도,진도군,20240410,2,25892,18201,17797,404,16485.0,1312,0.0,0.0,0.0,0.0,0.0,0.0,0.0,0.0,0.0,0.0,0.0,0.0,0.0,0.0,0.0,0.0,진도군,해남군완도군진도군,0.9262797100634939,0.07372028993650616,0.0,0.0,0.0,0.0,0.0,0.0,0.0,0.0,0.0,0.0,0.0,0.0,0.0,0.0,0.0,0.0,2024,36670,진도군,29448,15715,13733,1357,1781,2621,3130,3196,4547,5565,4051,2938,421,2101,17182,10165,0.0890043466449334,0.1062890518880738,0.1085302906818799,0.1544077696278185,0.1889771801140994,0.2516299918500407,0.3451847324096713,0.5834691659875034,0.466347459929367,2024
22대국회의원선거_지역구,전라남도,함평군,20240410,2,27972,20728,20263,465,8680.0,786,0.0,0.0,0.0,0.0,0.0,0.0,0.0,0.0,0.0,0.0,0.0,0.0,0.0,0.0,0.0,10797.0,함평군,담양군함평군영광군장성군,0.4283669742881113,0.03878991264866999,0.0,0.0,0.0,0.0,0.0,0.0,0.0,0.0,0.0,0.0,0.0,0.0,0.0,0.0,0.0,0.5328431130632186,2024,36630,함평군,29009,14732,14277,1017,1666,2101,2169,2759,4743,6102,4465,3522,578,1701,15676,11632,0.0724257988899996,0.074769898996863,0.0951084146299424,0.1635009824537212,0.2103485125305939,0.2952531972836016,0.4009790065152194,0.5403840187528008,0.4921576062601261,2024
22대국회의원선거_지역구,전라남도,해남군,20240410,2,57541,39097,37935,1162,34730.0,3205,0.0,0.0,0.0,0.0,0.0,0.0,0.0,0.0,0.0,0.0,0.0,0.0,0.0,0.0,0.0,0.0,해남군,해남군완도군진도군,0.9155133781468301,0.0844866218531699,0.0,0.0,0.0,0.0,0.0,0.0,0.0,0.0,0.0,0.0,0.0,0.0,0.0,0.0,0.0,0.0,2024,36600,해남군,62068,31608,30460,3057,4044,4404,5106,6877,10248,12529,9128,6093,913,4794,34889,22385,0.070954437069021,0.0822646130050911,0.1107978346329831,0.1651092350325449,0.2018592511439066,0.2599407101888251,0.3606528323773925,0.5621092994779919,0.4907520783656635,2024
22대국회의원선거_지역구,전라남도,화순군,20240410,2,54360,38172,37423,749,28822.0,2769,0.0,0.0,0.0,0.0,0.0,0.0,0.0,0.0,0.0,0.0,0.0,0.0,0.0,0.0,0.0,5832.0,화순군,나주시화순군,0.7701680784544265,0.07399193009646474,0.0,0.0,0.0,0.0,0.0,0.0,0.0,0.0,0.0,0.0,0.0,0.0,0.0,0.0,0.0,0.15583999144910884,2024,36570,화순군,59174,28939,30235,2933,4626,5670,4756,6532,10794,11041,7014,5285,885,4751,36122,18301,0.0958191097441443,0.0803731368506438,0.1103863183154763,0.1824111941055193,0.1865853246358197,0.2228005542974955,0.3092743434616554,0.61043701625714,0.5109507553993308,2024
22대국회의원선거_지역구,제주특별자치도,서귀포시,20240410,2,155750,100907,99672,1235,53831.0,45841,0.0,0.0,0.0,0.0,0.0,0.0,0.0,0.0,0.0,0.0,0.0,0.0,0.0,0.0,0.0,0.0,서귀포시,서귀포시,0.5400814672124569,0.45991853278754313,0.0,0.0,0.0,0.0,0.0,0.0,0.0,0.0,0.0,0.0,0.0,0.0,0.0,0.0,0.0,0.0,2024,39020,서귀포시,180909,92237,88672,13650,16563,16052,20544,28550,31861,28483,15994,9151,1708,20980,119995,39934,0.0887296928289913,0.1135598560602291,0.1578141496553516,0.1761161689025974,0.1574437977104511,0.1484337429315291,0.2207408144426203,0.6632892780348131,0.4901469799733567,2024
22대국회의원선거_지역구,제주특별자치도,제주시,40480820,4,408774,250830,247140,3690,157550.0,85451,0.0,0.0,0.0,0.0,4139.0,0.0,0.0,0.0,0.0,0.0,0.0,0.0,0.0,0.0,0.0,0.0,제주시,제주시갑,0.6374929189932832,0.34575948854900057,0.0,0.0,0.0,0.0,0.016747592457716273,0.0,0.0,0.0,0.0,0.0,0.0,0.0,0.0,0.0,0.0,0.0,2024,39010,제주시,493908,248483,245425,41310,51020,55747,64695,79731,86038,66170,32924,17806,3565,62883,347061,83964,0.1128691983122362,0.1309859326028329,0.1614288490974027,0.1741984337164006,0.1339723187314236,0.1099293795605659,0.1699992711193177,0.702683495711752,0.4969042817690744,2024
22대국회의원선거_지역구,충청남도,계룡시,20240410,2,37917,26393,26167,226,13720.0,11902,0.0,0.0,0.0,0.0,0.0,0.0,0.0,0.0,0.0,0.0,0.0,0.0,0.0,0.0,0.0,545.0,계룡시,논산시계룡시금산군,0.5243245308976956,0.4548477089463828,0.0,0.0,0.0,0.0,0.0,0.0,0.0,0.0,0.0,0.0,0.0,0.0,0.0,0.0,0.0,0.020827760155921582,2024,34070,계룡시,45026,22445,22581,4056,5698,3977,5251,8111,8238,5946,2768,1269,249,6419,31627,6980,0.0883267445475947,0.116621507573402,0.1801403633456225,0.1829609558921512,0.1320570337138542,0.0951894460978101,0.1550215431084262,0.70241638164616,0.50151023852885,2024
22대국회의원선거_지역구,충청남도,공주시,20240410,2,91477,65131,64406,725,33456.0,30350,0.0,0.0,0.0,0.0,0.0,0.0,0.0,0.0,0.0,0.0,0.0,0.0,0.0,0.0,0.0,600.0,공주시,공주시부여군청양군,0.5194547091885849,0.47122938856628266,0.0,0.0,0.0,0.0,0.0,0.0,0.0,0.0,0.0,0.0,0.0,0.0,0.0,0.0,0.0,0.009315902245132441,2024,34020,공주시,104393,51861,52532,4628,8699,12876,9286,11645,16589,20289,11974,7520,1464,7421,66130,30842,0.1233416033642102,0.0889523243895663,0.1115496249748546,0.1589091222591553,0.1943521117316295,0.2007605873957066,0.2954412652189323,0.6334715929228971,0.5032138170183824,2024
22대국회의원선거_지역구,충청남도,금산군,20240410,2,44910,30195,29775,420,13691.0,15218,0.0,0.0,0.0,0.0,0.0,0.0,0.0,0.0,0.0,0.0,0.0,0.0,0.0,0.0,0.0,866.0,금산군,논산시계룡시금산군,0.45981528127623844,0.5110999160369437,0.0,0.0,0.0,0.0,0.0,0.0,0.0,0.0,0.0,0.0,0.0,0.0,0.0,0.0,0.0,0.0290848026868178,2024,34510,금산군,53212,26383,26829,2005,4362,5698,4346,5885,8627,10611,6896,4346,704,3536,32565,17111,0.1070811095241674,0.0816733067729083,0.1105953544313312,0.1621250845673908,0.1994099075396527,0.2244982334811696,0.3215628053822446,0.6119860181913854,0.5041907840336766,2024
22대국회의원선거_지역구,충청남도,논산시,20240410,2,97264,65093,64316,777,33735.0,29586,0.0,0.0,0.0,0.0,0.0,0.0,0.0,0.0,0.0,0.0,0.0,0.0,0.0,0.0,0.0,995.0,논산시,논산시계룡시금산군,0.5245195596741091,0.4600099508675913,0.0,0.0,0.0,0.0,0.0,0.0,0.0,0.0,0.0,0.0,0.0,0.0,0.0,0.0,0.0,0.015470489458299645,2024,34060,논산시,114692,57454,57238,5983,9032,12219,11628,13558,18254,21319,13208,8575,1661,9262,71492,33938,0.1065375091549541,0.1013845778258291,0.1182122554319394,0.1591566979388274,0.1858804450179611,0.2044083283925644,0.2959055557493112,0.6233390297492415,0.4990583475743731,2024
22대국회의원선거_지역구,충청남도,당진시,20240410,2,143594,90284,89140,1144,46157.0,42983,0.0,0.0,0.0,0.0,0.0,0.0,0.0,0.0,0.0,0.0,0.0,0.0,0.0,0.0,0.0,0.0,당진시,당진시,0.51780345523895,0.48219654476105006,0.0,0.0,0.0,0.0,0.0,0.0,0.0,0.0,0.0,0.0,0.0,0.0,0.0,0.0,0.0,0.0,2024,34080,당진시,177715,96629,81086,14344,16342,16092,23805,29335,29349,25895,14107,8673,1459,21492,120200,36023,0.0905494752834594,0.1339504262442675,0.1650676645190333,0.1651464423374504,0.1457108291365388,0.1363925386151984,0.2027009537743015,0.6763638409813465,0.4562698702979489,2024
22대국회의원선거_지역구,충청남도,보령시,20240410,2,84210,59232,58433,799,25597.0,32196,0.0,0.0,0.0,0.0,0.0,0.0,0.0,0.0,0.0,0.0,0.0,0.0,0.0,0.0,0.0,288.0,보령시,보령시서천군,0.44071210895129215,0.5543292987379694,0.0,0.0,0.0,0.0,0.0,0.0,0.0,0.0,0.0,0.0,0.0,0.0,0.0,0.0,0.0,0.004958592310738452,2024,34030,보령시,96182,50507,45675,4947,6990,8816,9658,12403,16103,18395,11733,6668,1067,7846,59994,28342,0.0916595620802229,0.1004137988396997,0.1289534424320559,0.1674221787860514,0.191252001413986,0.2024079349566447,0.2946705204716059,0.6237549645463808,0.474880954856418,2024
22대국회의원선거_지역구,충청남도,부여군,20240410,2,55305,40013,39343,670,19692.0,19298,0.0,0.0,0.0,0.0,0.0,0.0,0.0,0.0,0.0,0.0,0.0,0.0,0.0,0.0,0.0,353.0,부여군,공주시부여군청양군,0.5005210583839564,0.49050657041913426,0.0,0.0,0.0,0.0,0.0,0.0,0.0,0.0,0.0,0.0,0.0,0.0,0.0,0.0,0.0,0.008972371196909234,2024,34530,부여군,59930,29822,30108,2194,3711,4516,4483,5910,9231,13362,9247,6332,1242,3663,32592,23675,0.0753545803437343,0.0748039379275821,0.0986150508927081,0.1540297013182045,0.2229601201401635,0.2806774570332054,0.3950442182546304,0.5438344735524779,0.5023861171366595,2024
22대국회의원선거_지역구,충청남도,서산시,20240410,2,149039,99019,97871,1148,49351.0,48520,0.0,0.0,0.0,0.0,0.0,0.0,0.0,0.0,0.0,0.0,0.0,0.0,0.0,0.0,0.0,0.0,서산시,서산시태안군,0.5042453842302623,0.4957546157697377,0.0,0.0,0.0,0.0,0.0,0.0,0.0,0.0,0.0,0.0,0.0,0.0,0.0,0.0,0.0,0.0,2024,34050,서산시,178586,94138,84448,13482,16484,17621,21898,27402,30602,26817,15152,9012,1727,20479,120161,37946,0.0986695485648371,0.1226187943063846,0.1534386794037606,0.1713572172510723,0.150162946703549,0.1449777698139832,0.2124802616106525,0.6728466957096301,0.4728702137905547,2024
22대국회의원선거_지역구,충청남도,서천군,20240410,2,44749,32384,31855,529,17205.0,14309,0.0,0.0,0.0,0.0,0.0,0.0,0.0,0.0,0.0,0.0,0.0,0.0,0.0,0.0,0.0,172.0,서천군,보령시서천군,0.5429842832796818,0.45158745187148897,0.0,0.0,0.0,0.0,0.0,0.0,0.0,0.0,0.0,0.0,0.0,0.0,0.0,0.0,0.0,0.005428264848829136,2024,34540,서천군,48575,24768,23807,1810,2729,3344,3834,4783,7496,10465,7922,5365,1055,2926,25952,19697,0.0688419969119917,0.0789294904786412,0.0984662892434379,0.1543180648481729,0.2154400411734431,0.2952547606793618,0.4054966546577457,0.5342665980442615,0.4901080802882141,2024
22대국회의원선거_지역구,충청남도,아산시,40480820,4,286170,178053,176008,2045,101085.0,73271,0.0,0.0,0.0,0.0,0.0,0.0,0.0,0.0,0.0,0.0,0.0,0.0,0.0,0.0,0.0,1652.0,아산시,아산시갑,0.5743204854324804,0.4162935775646561,0.0,0.0,0.0,0.0,0.0,0.0,0.0,0.0,0.0,0.0,0.0,0.0,0.0,0.0,0.0,0.009385937002863507,2024,34040,아산시,392509,207898,184611,36098,42657,51292,61829,69429,58154,42744,21084,11367,1869,53482,285979,53048,0.1306772583558593,0.1575225026687286,0.1768851160100787,0.1481596600332731,0.1088994137714039,0.0874374855098863,0.1351510411226239,0.7285922106244698,0.470335712047367,2024
22대국회의원선거_지역구,충청남도,예산군,20240410,2,70293,48098,47450,648,18854.0,28596,0.0,0.0,0.0,0.0,0.0,0.0,0.0,0.0,0.0,0.0,0.0,0.0,0.0,0.0,0.0,0.0,예산군,홍성군예산군,0.3973445732349842,0.6026554267650158,0.0,0.0,0.0,0.0,0.0,0.0,0.0,0.0,0.0,0.0,0.0,0.0,0.0,0.0,0.0,0.0,2024,34570,예산군,79848,40957,38891,3796,5321,6492,7923,9077,12906,16103,10590,6830,1225,5891,47477,26480,0.0813044785091674,0.0992260294559663,0.1136784891293457,0.1616321009918845,0.2016706742811341,0.2335061617072437,0.3316300971846508,0.5945922252279331,0.4870629195471395,2024
22대국회의원선거_지역구,충청남도,천안시동남구,40480820,4,370694,226590,223977,2613,117751.0,100276,0.0,0.0,0.0,0.0,1364.0,0.0,0.0,0.0,0.0,0.0,0.0,0.0,0.0,0.0,0.0,4586.0,천안시동남구,천안시갑,0.5257280881519084,0.4477066841684637,0.0,0.0,0.0,0.0,0.006089911017649134,0.0,0.0,0.0,0.0,0.0,0.0,0.0,0.0,0.0,0.0,0.020475316661978684,2024,34011,천안시 동남구,279621,142112,137509,18151,27751,41329,35796,42144,47054,39793,18582,9621,1642,28243,204248,47130,0.1478036342048701,0.1280161361271149,0.150718293690388,0.1682777759896431,0.1423104845487284,0.1067337574788731,0.1685495724570043,0.7304458534945516,0.4917692161890559,2024
22대국회의원선거_지역구,충청남도,천안시서북구,20240410,2,182191,108070,106774,1296,58862.0,44628,0.0,0.0,0.0,0.0,0.0,0.0,0.0,0.0,0.0,0.0,0.0,0.0,0.0,0.0,0.0,3284.0,천안시서북구,천안시을,0.5512765279937063,0.41796692078595915,0.0,0.0,0.0,0.0,0.0,0.0,0.0,0.0,0.0,0.0,0.0,0.0,0.0,0.0,0.0,0.03075655122033454,2024,34012,천안시 서북구,415144,215822,199322,35964,42865,60807,69212,72206,66026,44471,17734,8634,1388,53545,315657,45942,0.1464720675235581,0.166718054458212,0.1739300098279151,0.1590436089646002,0.1071218661476499,0.0668587285375676,0.1106652149615555,0.7603554429306457,0.4801273774882932,2024
22대국회의원선거_지역구,충청남도,청양군,20240410,2,27636,20237,19867,370,9487.0,10207,0.0,0.0,0.0,0.0,0.0,0.0,0.0,0.0,0.0,0.0,0.0,0.0,0.0,0.0,0.0,173.0,청양군,공주시부여군청양군,0.47752554487340815,0.5137665475411486,0.0,0.0,0.0,0.0,0.0,0.0,0.0,0.0,0.0,0.0,0.0,0.0,0.0,0.0,0.0,0.008707907585443196,2024,34550,청양군,29818,15322,14496,984,1812,2658,2227,2716,4558,6775,4423,3204,588,1642,16625,11551,0.0891407874438258,0.0746864310148232,0.0910859212556174,0.1528606881749279,0.2272117512911664,0.27550472868737,0.3873834596552418,0.5575491313971427,0.4861493057884499,2024
22대국회의원선거_지역구,충청남도,태안군,20240410,2,55059,39341,38838,503,16871.0,21967,0.0,0.0,0.0,0.0,0.0,0.0,0.0,0.0,0.0,0.0,0.0,0.0,0.0,0.0,0.0,0.0,태안군,서산시태안군,0.43439415005922033,0.5656058499407797,0.0,0.0,0.0,0.0,0.0,0.0,0.0,0.0,0.0,0.0,0.0,0.0,0.0,0.0,0.0,0.0,2024,34580,태안군,60814,31964,28850,2404,3918,5085,5144,6828,9895,12936,8979,5040,896,3840,35662,21312,0.0836156148255335,0.0845857861676587,0.1122767783734008,0.1627092445818397,0.2127141776564607,0.2452560265728286,0.3504456210740947,0.5864110237774197,0.4743973427171375,2024
22대국회의원선거_지역구,충청남도,홍성군,20240410,2,84270,57265,56565,700,28118.0,28447,0.0,0.0,0.0,0.0,0.0,0.0,0.0,0.0,0.0,0.0,0.0,0.0,0.0,0.0,0.0,0.0,홍성군,홍성군예산군,0.4970918412445859,0.5029081587554142,0.0,0.0,0.0,0.0,0.0,0.0,0.0,0.0,0.0,0.0,0.0,0.0,0.0,0.0,0.0,0.0,2024,34560,홍성군,102178,51671,50507,6899,9557,10576,11150,13699,16026,16688,10407,6784,1202,10667,65250,26261,0.1035056470081622,0.1091232946426823,0.1340699563506821,0.1568439390083971,0.1633228287889761,0.1800093953688661,0.2570122727005813,0.638591477617491,0.494304057624929,2024
22대국회의원선거_지역구,충청북도,괴산군,20240410,2,33819,24853,24395,458,10830.0,13565,0.0,0.0,0.0,0.0,0.0,0.0,0.0,0.0,0.0,0.0,0.0,0.0,0.0,0.0,0.0,0.0,괴산군,보은군옥천군영동군괴산군,0.44394343103094897,0.5560565689690511,0.0,0.0,0.0,0.0,0.0,0.0,0.0,0.0,0.0,0.0,0.0,0.0,0.0,0.0,0.0,0.0,2024,33560,괴산군,37346,19734,17612,1189,1817,3506,2602,3303,6227,9382,5571,3372,538,1828,21328,14190,0.0938788625287848,0.0696727895892465,0.0884432067691319,0.166738071011621,0.2512183366357843,0.253869222942216,0.3799603705885503,0.571091950945215,0.4715899962512719,2024
22대국회의원선거_지역구,충청북도,단양군,20240410,2,25374,18296,18010,286,6411.0,10157,0.0,0.0,0.0,0.0,0.0,0.0,0.0,0.0,0.0,0.0,0.0,0.0,0.0,0.0,0.0,1442.0,단양군,제천시단양군,0.3559689061632426,0.563964464186563,0.0,0.0,0.0,0.0,0.0,0.0,0.0,0.0,0.0,0.0,0.0,0.0,0.0,0.0,0.0,0.08006662965019434,2024,33580,단양군,26597,13604,12993,950,1471,1568,1790,2595,4835,6941,4003,2268,298,1532,15071,9994,0.0589540173703801,0.0673008234011354,0.0975673948189645,0.1817874196337932,0.2609692822498778,0.246982742414558,0.3757566642854457,0.5666428544572696,0.4885137421513704,2024
22대국회의원선거_지역구,충청북도,보은군,20240410,2,28287,20846,20560,286,9838.0,10722,0.0,0.0,0.0,0.0,0.0,0.0,0.0,0.0,0.0,0.0,0.0,0.0,0.0,0.0,0.0,0.0,보은군,보은군옥천군영동군괴산군,0.47850194552529185,0.5214980544747082,0.0,0.0,0.0,0.0,0.0,0.0,0.0,0.0,0.0,0.0,0.0,0.0,0.0,0.0,0.0,0.0,2024,33520,보은군,29858,15033,14825,1166,1681,1791,1993,2678,5024,7416,4513,3144,595,1874,15998,11986,0.0599839239064907,0.0667492799249782,0.0896912050371759,0.1682631120637685,0.2483756447183334,0.276374840913658,0.4014334516712439,0.5358027999196195,0.4965168464063232,2024
22대국회의원선거_지역구,충청북도,영동군,20240410,2,40091,28575,28182,393,13087.0,15095,0.0,0.0,0.0,0.0,0.0,0.0,0.0,0.0,0.0,0.0,0.0,0.0,0.0,0.0,0.0,0.0,영동군,보은군옥천군영동군괴산군,0.46437442339081686,0.5356255766091832,0.0,0.0,0.0,0.0,0.0,0.0,0.0,0.0,0.0,0.0,0.0,0.0,0.0,0.0,0.0,0.0,2024,33540,영동군,43730,22022,21708,1668,2790,3689,2937,4241,7537,9977,6348,4160,602,2754,24892,16084,0.0843585639149325,0.0671621312600045,0.0969814772467413,0.1723530756917448,0.2281500114337983,0.2540589983992682,0.3678024239652412,0.5692202149554082,0.4964097873313515,2024
22대국회의원선거_지역구,충청북도,옥천군,20240410,2,43972,31703,31209,494,15357.0,15852,0.0,0.0,0.0,0.0,0.0,0.0,0.0,0.0,0.0,0.0,0.0,0.0,0.0,0.0,0.0,0.0,옥천군,보은군옥천군영동군괴산군,0.4920695953090455,0.5079304046909545,0.0,0.0,0.0,0.0,0.0,0.0,0.0,0.0,0.0,0.0,0.0,0.0,0.0,0.0,0.0,0.0,2024,33530,옥천군,47416,24179,23237,2025,3381,3615,3450,5352,8157,10481,6598,3952,682,3388,27600,16428,0.0762400877340982,0.072760249704741,0.1128732917158765,0.1720305382149485,0.2210435296102581,0.2368820651256959,0.3464653281592711,0.5820819976379281,0.490066644170744,2024
22대국회의원선거_지역구,충청북도,음성군,20240410,2,80441,50994,50431,563,25875.0,24556,0.0,0.0,0.0,0.0,0.0,0.0,0.0,0.0,0.0,0.0,0.0,0.0,0.0,0.0,0.0,0.0,음성군,증평군진천군음성군,0.5130772738989907,0.4869227261010093,0.0,0.0,0.0,0.0,0.0,0.0,0.0,0.0,0.0,0.0,0.0,0.0,0.0,0.0,0.0,0.0,2024,33570,음성군,106652,60360,46292,5049,7411,13820,14797,14382,18727,18216,8952,5071,824,7916,75498,23238,0.1295803172936278,0.1387409518808836,0.1348497918463788,0.1755897685931815,0.1707984847916588,0.1392097663428721,0.2178862093537861,0.7078910850241908,0.4340471814874545,2024
22대국회의원선거_지역구,충청북도,제천시,20240410,2,114394,77115,76115,1000,32596.0,36375,0.0,0.0,0.0,0.0,0.0,0.0,0.0,0.0,0.0,0.0,0.0,0.0,0.0,0.0,0.0,7144.0,제천시,제천시단양군,0.4282467319188071,0.47789529002167774,0.0,0.0,0.0,0.0,0.0,0.0,0.0,0.0,0.0,0.0,0.0,0.0,0.0,0.0,0.0,0.0938579780595152,2024,33030,제천시,130733,66079,64654,7508,10893,15453,12024,15718,22742,24811,13812,7614,1081,11591,84438,34704,0.1182027491146076,0.0919737174240627,0.1202297813099982,0.173957608254993,0.1897837577352313,0.1721600514024768,0.2654570766371153,0.6458813000543092,0.4945499606067328,2024
22대국회의원선거_지역구,충청북도,증평군,20240410,2,32047,20092,19879,213,10750.0,9129,0.0,0.0,0.0,0.0,0.0,0.0,0.0,0.0,0.0,0.0,0.0,0.0,0.0,0.0,0.0,0.0,증평군,증평군진천군음성군,0.5407716685949997,0.45922833140500025,0.0,0.0,0.0,0.0,0.0,0.0,0.0,0.0,0.0,0.0,0.0,0.0,0.0,0.0,0.0,0.0,2024,33590,증평군,38180,19957,18223,2837,3386,4398,4950,5489,6354,6005,3121,1720,255,4259,26001,7920,0.1151911995809324,0.1296490309062336,0.1437663698271346,0.1664222105814562,0.1572812991094814,0.1334730225248821,0.2074384494499738,0.6810110005238345,0.4772917757988476,2024
22대국회의원선거_지역구,충청북도,진천군,20240410,2,72649,45809,45290,519,25745.0,19545,0.0,0.0,0.0,0.0,0.0,0.0,0.0,0.0,0.0,0.0,0.0,0.0,0.0,0.0,0.0,0.0,진천군,증평군진천군음성군,0.5684477809671009,0.4315522190328991,0.0,0.0,0.0,0.0,0.0,0.0,0.0,0.0,0.0,0.0,0.0,0.0,0.0,0.0,0.0,0.0,2024,33550,진천군,96544,52962,43582,7631,8557,10606,14694,16156,15667,13302,6352,3800,638,11326,68490,16728,0.1098566456745111,0.1522000331455087,0.1673433874709976,0.1622783394100099,0.1377817368246602,0.1117625124295658,0.173268147166059,0.709417467683129,0.4514211136890951,2024
22대국회의원선거_지역구,충청북도,청주시상당구,20240410,2,169036,109208,108065,1143,55602.0,49905,0.0,0.0,0.0,0.0,1761.0,0.0,0.0,0.0,0.0,0.0,0.0,0.0,0.0,0.0,0.0,797.0,청주시상당구,청주시상당구,0.5145236663119419,0.46180539490121686,0.0,0.0,0.0,0.0,0.016295747929486883,0.0,0.0,0.0,0.0,0.0,0.0,0.0,0.0,0.0,0.0,0.00737519085735437,2024,33041,청주시 상당구,195499,97260,98239,16081,19276,21151,24487,29576,34305,29412,14367,7610,1128,24285,134763,36451,0.1081898117125918,0.1252538376155376,0.1512846613026153,0.1754740433454902,0.1504457823313674,0.1181847477480703,0.1864510815912101,0.6893283341602771,0.5025038491245479,2024
22대국회의원선거_지역구,충청북도,청주시서원구,20240410,2,161145,105939,104523,1416,54835.0,49688,0.0,0.0,0.0,0.0,0.0,0.0,0.0,0.0,0.0,0.0,0.0,0.0,0.0,0.0,0.0,0.0,청주시서원구,청주시서원구,0.5246213751997169,0.4753786248002832,0.0,0.0,0.0,0.0,0.0,0.0,0.0,0.0,0.0,0.0,0.0,0.0,0.0,0.0,0.0,0.0,2024,33042,청주시 서원구,190979,95333,95646,11174,18938,29859,21648,25912,33409,28700,14224,7391,1160,17891,137088,36000,0.1563470329198498,0.113352777006896,0.1356798391446179,0.1749354641086192,0.1502783028500516,0.1192539493871053,0.1885024007875211,0.7178171421988805,0.5008194618256457,2024
22대국회의원선거_지역구,충청북도,청주시청원구,20240410,2,158647,100091,98749,1342,52620.0,46129,0.0,0.0,0.0,0.0,0.0,0.0,0.0,0.0,0.0,0.0,0.0,0.0,0.0,0.0,0.0,0.0,청주시청원구,청주시청원구,0.5328661556066391,0.4671338443933609,0.0,0.0,0.0,0.0,0.0,0.0,0.0,0.0,0.0,0.0,0.0,0.0,0.0,0.0,0.0,0.0,2024,33044,청주시 청원구,195842,101466,94376,16352,20220,27287,28981,31969,29318,24142,11755,6708,1094,24611,140479,30752,0.1393317061713013,0.1479815361362731,0.1632387332645704,0.14970231104666,0.1232728423933579,0.099861112529488,0.1570245401905617,0.7173078297811502,0.4818986734204103,2024
22대국회의원선거_지역구,충청북도,청주시흥덕구,20240410,2,231288,141730,139805,1925,72375.0,62334,0.0,0.0,0.0,0.0,0.0,0.0,0.0,0.0,0.0,0.0,0.0,0.0,0.0,0.0,0.0,5096.0,청주시흥덕구,청주시흥덕구,0.5176853474482315,0.4458638818354136,0.0,0.0,0.0,0.0,0.0,0.0,0.0,0.0,0.0,0.0,0.0,0.0,0.0,0.0,0.0,0.03645077071635492,2024,33043,청주시 흥덕구,291048,148337,142711,25597,27086,40106,49454,46024,46527,35670,15010,7092,1145,36925,215273,38850,0.1377985761798741,0.1699169896374481,0.1581319919738325,0.1598602292405376,0.1225571039828481,0.0798734229405458,0.1334831368021769,0.7396477556966549,0.4903349275720843,2024
22대국회의원선거_지역구,충청북도,충주시,20240410,2,181005,119216,117996,1220,57682.0,60314,0.0,0.0,0.0,0.0,0.0,0.0,0.0,0.0,0.0,0.0,0.0,0.0,0.0,0.0,0.0,0.0,충주시,충주시,0.48884707956201906,0.511152920437981,0.0,0.0,0.0,0.0,0.0,0.0,0.0,0.0,0.0,0.0,0.0,0.0,0.0,0.0,0.0,0.0,2024,33020,충주시,215904,110806,105098,13136,18495,26740,24615,28701,36634,36745,19069,11457,1823,20158,145973,49773,0.1238513413368904,0.1140090040017785,0.1329340818141396,0.1696772639691715,0.1701913813546761,0.1498304802134281,0.2305330146731881,0.676101415443901,0.486781161997925,2024
