election_name,sido,sigungu_norm,sg_id,sg_typecode,total_voters,total_voted,valid_votes,invalid_votes,party_더불어민주당,party_국민의힘,party_기타,sigungu_elec,sgg_name,ratio_더불어민주당,ratio_국민의힘,ratio_기타,year,adm_cd,sigungu_pop,total_pop,male_pop,female_pop,age_0_9,age_10_19,age_20_29,age_30_39,age_40_49,age_50_59,age_60_69,age_70_79,age_80_89,age_90plus,age_0_14,age_15_64,age_65plus,ratio_20s,ratio_30s,ratio_40s,ratio_50s,ratio_60s,ratio_70plus,ratio_elderly,ratio_working,ratio_female,pop_year
21대대통령선거,강원도,강릉시,20250603,1,183191,139882,138910,972,57546,69408,11956,강릉시,대한민국,0.4142682312288532,0.4996616514289828,0.086070117342164,2024,32030,강릉시,212352,106007,106345,12187,17403,26288,21006,28381,36038,37114,21478,11900,1950,18735,140310,53307,0.123794454490657,0.0989206600361663,0.133650730861965,0.1697087854128993,0.1747758438818565,0.1663652802893309,0.2510313065099457,0.660742540687161,0.5007958484026522,2024
21대대통령선거,강원도,고성군,20250603,1,24393,19289,19127,162,7890,9835,1402,고성군,대한민국,0.41250588173785746,0.5141945940293825,0.07329952423275997,2024,32600,고성군,27774,14670,13104,1349,1557,3357,2760,2873,4446,5669,3469,2148,299,1946,17120,8708,0.1208684381075826,0.0993735147980125,0.1034420681212645,0.1600777705767984,0.2041117591992511,0.2130049686757399,0.3135306401670627,0.6164038309210053,0.4718081659105638,2024
21대대통령선거,강원도,동해시,20250603,1,75688,57784,57382,402,24197,28536,4649,동해시,대한민국,0.4216827576591963,0.4972988045031543,0.08101843783764943,2024,32040,동해시,85673,43555,42118,5782,7469,7160,8367,12551,15756,15133,8761,4748,651,9034,55147,21492,0.0835735879448601,0.0976620405495313,0.1464988969687066,0.1839085826339687,0.1766367466996603,0.1652796096786619,0.2508608313004097,0.6436917115077095,0.4916134604834662,2024
21대대통령선거,강원도,삼척시,20250603,1,55205,43735,43394,341,16959,23059,3376,삼척시,대한민국,0.39081439830391296,0.5313868276720284,0.07779877402405863,2024,32070,삼척시,62953,32798,30155,3329,4812,7763,5208,7438,10498,11983,7257,4293,724,5016,39827,18110,0.1233142185439931,0.0827283846679268,0.1181516369354915,0.1667593283878449,0.1903483551220752,0.194970851269995,0.2876749320921957,0.6326465776055152,0.4790081489365081,2024
21대대통령선거,강원도,속초시,20250603,1,70334,52747,52418,329,23389,24910,4119,속초시,대한민국,0.4462016864435881,0.47521843641497197,0.07857987714143996,2024,32060,속초시,79758,39710,40048,5323,6104,7136,9159,11142,14548,14852,7659,3833,621,8061,52573,19124,0.0894706487123548,0.1148348754983826,0.1396975851952155,0.1824017653401539,0.1862132952180345,0.1518719125354196,0.2397753203440407,0.6591564482559743,0.5021189097018481,2024
21대대통령선거,강원도,양구군,20250603,1,17713,13999,13865,134,5706,6778,1381,양구군,대한민국,0.41153984853948794,0.488856833754057,0.0996033177064551,2024,32580,양구군,20443,10847,9596,1472,1695,1990,2567,2438,3042,3905,1956,1321,197,2134,13025,5284,0.0973438340752335,0.1255686543070978,0.1192584258670449,0.148803991586362,0.1910189306853201,0.1699359193856087,0.2584747835444895,0.6371374064471946,0.4694027295406741,2024
21대대통령선거,강원도,양양군,20250603,1,24980,19670,19534,136,8061,10304,1169,양양군,대한민국,0.41266509675437696,0.5274905293334698,0.05984437391215317,2024,32610,양양군,26687,13643,13044,1188,1488,1840,2175,3135,4627,5973,3780,2281,328,1822,15485,9380,0.0689474275864653,0.0815003559785663,0.1174729268932439,0.1733802975231386,0.2238168396597594,0.2394049537227863,0.3514819949788286,0.5802450631393562,0.4887773073031813,2024
21대대통령선거,강원도,영월군,20250603,1,33250,26302,26108,194,11089,13400,1619,영월군,대한민국,0.42473571319135894,0.5132526428680864,0.06201164394055462,2024,32530,영월군,35449,18357,17092,1492,2340,2268,2417,3763,6430,8592,4990,2940,420,2357,20482,12610,0.0639792377782166,0.0681824593077378,0.1061525007757623,0.1813873452001466,0.2423763716889052,0.2355496628959914,0.3557223052836469,0.5777878078366103,0.4821574656548845,2024
21대대통령선거,강원도,원주시,20250603,1,309973,238713,237026,1687,113158,100988,22880,원주시,대한민국,0.4774075417886645,0.4260629635567406,0.09652949465459486,2024,32020,원주시,365720,181358,184362,27501,35095,44684,46764,54053,62310,55817,25461,14673,2416,41312,256367,68041,0.122180903423384,0.127868314557585,0.1477988625177731,0.1703762441211856,0.1526222246527398,0.1163458383462758,0.186046702395275,0.7009925626162091,0.5041069670786394,2024
21대대통령선거,강원도,인제군,20250603,1,27383,21666,21429,237,9136,10099,2194,인제군,대한민국,0.4263381399038686,0.4712772411218442,0.10238461897428718,2024,32590,인제군,31167,17225,13942,2339,1926,3504,4283,3941,4589,6026,2809,1701,247,3226,20321,7620,0.1124266050630474,0.1374209901498379,0.1264478454775884,0.1472390669618506,0.1933455257163025,0.1526293836429557,0.2444893637501203,0.6520037218853274,0.4473321140950364,2024
21대대통령선거,강원도,정선군,20250603,1,30577,24019,23839,180,10241,12195,1403,정선군,대한민국,0.4295901673727925,0.5115566928142959,0.05885313981291162,2024,32550,정선군,32503,16848,15655,1343,1970,1878,2436,3885,6016,7852,4481,2476,315,2195,19142,11166,0.0577792819124388,0.0749469279758791,0.1195274282373934,0.1850906070208904,0.241577700519952,0.2237331938590284,0.3435375196135741,0.5889302525920684,0.4816478478909639,2024
21대대통령선거,강원도,철원군,20250603,1,35356,27047,26794,253,11189,13232,2373,철원군,대한민국,0.4175934910800926,0.49384190490408303,0.08856460401582444,2024,32560,철원군,40069,20866,19203,2718,2897,4052,4667,4697,6406,7470,4413,2704,327,3887,25181,11001,0.1011255584117397,0.1164740822081908,0.1172227906860665,0.1598742169757168,0.1864284109910404,0.1857795303102148,0.2745513988370062,0.6284409393795702,0.4792482966882128,2024
21대대통령선거,강원도,춘천시,20250603,1,247155,194624,193253,1371,89204,83911,20138,춘천시,대한민국,0.46159179935110967,0.43420283255628633,0.104205368092604,2024,32010,춘천시,291783,143692,148091,20266,27758,41679,35170,39122,45996,44825,22824,14228,2263,30660,200580,60543,0.1428424548380132,0.1205347809844987,0.1340790930246107,0.1576376965073359,0.1536244400804707,0.1347405434860838,0.2074932398391955,0.6874286713071015,0.5075381362176686,2024
21대대통령선거,강원도,태백시,20250603,1,33422,25989,25813,176,10894,13277,1642,태백시,대한민국,0.4220354085150893,0.51435323286716,0.06361135861775075,2024,32050,태백시,37590,19009,18581,1951,3027,2389,2885,5327,6837,7660,5008,2500,270,3239,22695,11656,0.0635541367384942,0.0767491354083532,0.1417132216014897,0.1818834796488427,0.2037776004256451,0.2069167331737164,0.3100824687416866,0.6037509976057462,0.4943069965416334,2024
21대대통령선거,강원도,평창군,20250603,1,36753,28718,28510,208,11594,14937,1979,평창군,대한민국,0.4066643283058576,0.5239214310768151,0.06941424061732725,2024,32540,평창군,39016,20253,18763,1482,2267,2676,2941,4283,7215,9725,5339,2885,374,2405,23169,13442,0.0685872462579454,0.0753793315562846,0.1097754767274964,0.184924133688743,0.2492567151937666,0.2203711297929054,0.344525322944433,0.5938332991593193,0.4809052696329711,2024
21대대통령선거,강원도,홍천군,20250603,1,59907,46624,46206,418,19301,23549,3356,홍천군,대한민국,0.4177163138986279,0.5096524260918496,0.07263126000952257,2024,32510,홍천군,65719,34252,31467,3338,4031,5172,6288,7075,10789,15737,8080,4735,814,5009,39197,21513,0.0786987020496355,0.0956800925151021,0.1076553203791901,0.1641686574658774,0.2394589083826595,0.2073829486145559,0.3273482554512393,0.596433299350264,0.4788113026674173,2024
21대대통령선거,강원도,화천군,20250603,1,20014,15736,15579,157,6260,7734,1585,화천군,대한민국,0.4018229668143013,0.4964375120354323,0.10173952115026638,2024,32570,화천군,22278,11914,10364,1538,1511,2589,2670,2324,3419,4317,2259,1596,209,2173,14006,6099,0.1162133046054403,0.1198491785618098,0.1043181614148487,0.1534697908250291,0.1937786156746566,0.1824221204776012,0.2737678427147859,0.6286919831223629,0.4652123170841188,2024
21대대통령선거,강원도,횡성군,20250603,1,41725,32863,32597,266,13347,17208,2042,횡성군,대한민국,0.4094548578090008,0.5279013406141669,0.06264380157683222,2024,32520,횡성군,45947,23881,22066,1953,3120,3356,3637,4567,7586,11530,6208,3608,595,2979,26810,16158,0.0730406773021089,0.0791564193527325,0.0993971314775719,0.1651032711602498,0.250941301934838,0.226587154765273,0.3516660500141467,0.5834983785666094,0.4802489825233421,2024
21대대통령선거,경기도,가평군,20250603,1,56266,43652,43316,336,17945,22378,2993,가평군,대한민국,0.4142810970542063,0.5166220334287561,0.06909686951703758,2024,31570,가평군,60384,30865,29519,2916,4066,5158,5571,6913,10503,13499,7539,3964,564,4468,37174,18742,0.0854199788023317,0.0922595389507154,0.114483969263381,0.1739368044515103,0.2235525967143614,0.1998377053524112,0.3103802331743508,0.6156266560678325,0.4888546634870164,2024
21대대통령선거,경기도,고양시덕양구,20250603,1,424683,341499,339193,2306,183659,122394,33140,고양시덕양구,대한민국,0.5414586975556689,0.3608388144802517,0.09770248796407945,2024,31101,고양시 덕양구,482446,236705,245741,37304,38989,52582,71842,75249,84204,70895,33638,18812,2911,53592,342252,86602,0.1089904362353507,0.148912002586818,0.1559739328339337,0.1745355956936113,0.1469490886026622,0.1147506663958246,0.179506100164578,0.7094099650530836,0.5093647786488021,2024
21대대통령선거,경기도,고양시일산동구,20250603,1,255448,201343,199942,1401,103306,77368,19268,고양시일산동구,대한민국,0.5166798371527743,0.3869522161426814,0.09636794670454432,2024,31103,고양시 일산동구,288578,139911,148667,18907,25140,34385,38816,43587,55408,42856,17671,11631,2411,29138,209519,49921,0.1191532272037369,0.1345078280395595,0.1510406198670723,0.1920035484340455,0.1485075092349382,0.1098940321161003,0.1729896249887378,0.7260394070234044,0.5151709416518238,2024
21대대통령선거,경기도,고양시일산서구,20250603,1,243541,196109,194873,1236,101911,74746,18216,고양시일산서구,대한민국,0.5229611080036742,0.3835626279679586,0.09347626402836719,2024,31104,고양시 일산서구,273944,132397,141547,17939,27284,31359,32241,41297,55256,41168,17109,10889,1683,29091,197763,47090,0.1144723009082148,0.1176919370382268,0.1507497882778962,0.2017054580498204,0.1502788891160237,0.1083469614227725,0.1718964459889612,0.7219103174371404,0.5167004935315247,2024
21대대통령선거,경기도,과천시,20250603,1,68790,58928,58532,396,24871,26993,6668,과천시,대한민국,0.42491286817467366,0.4611665413790747,0.11392059044625162,2024,31110,과천시,81213,39761,41452,9455,7639,8245,12645,12704,12966,10977,4732,2326,407,12758,56198,12257,0.1015231551598881,0.1557016733774149,0.1564281580535136,0.1596542425473754,0.1351630896531343,0.091918781475872,0.1509241131345966,0.6919828106337655,0.5104108948074816,2024
21대대통령선거,경기도,광명시,20250603,1,244138,203585,202266,1319,107527,74375,20364,광명시,대한민국,0.5316118378768552,0.36770885863170283,0.10067930349144197,2024,31060,광명시,272371,133393,138978,19493,26298,29901,36168,44012,48129,40831,19988,8633,1269,30080,193396,48895,0.10978040980868,0.1327894673074593,0.1615884216748479,0.1767038341086239,0.149909498441464,0.1097400237176498,0.1795161746294576,0.7100462237169155,0.5102525599274519,2024
21대대통령선거,경기도,광주시,20250603,1,339630,263384,261876,1508,144804,96824,20248,광주시,대한민국,0.552948723823489,0.36973223968595825,0.07731903649055279,2024,31250,광주시,402335,207712,194623,32662,35022,42841,56837,68890,69080,59246,27901,11772,1766,47237,286641,68457,0.1064809176432574,0.1412678489318602,0.1712254713112207,0.1716977145910746,0.1472553966222178,0.1029962593361253,0.1701492537313433,0.712443610424149,0.4837337044999814,2024
21대대통령선거,경기도,구리시,20250603,1,162776,130757,129876,881,66685,50865,12326,구리시,대한민국,0.5134512920016016,0.3916427977455419,0.09490591025285657,2024,31120,구리시,182102,89902,92200,12416,15683,21038,24033,28322,33473,28583,13071,6201,817,18869,130692,32541,0.1155286597621113,0.1319754862659388,0.1555282204478808,0.1838145654633117,0.1569614831248421,0.1103172947029686,0.1786965546781474,0.7176856926337987,0.5063096506353582,2024
21대대통령선거,경기도,군포시,20250603,1,222936,182598,181309,1289,95725,67312,18272,군포시,대한민국,0.5279660689761677,0.37125570159230925,0.10077822943152298,2024,31160,군포시,258110,127967,130143,15822,22216,30679,35739,37803,47492,41611,17713,9202,1788,24647,186457,47006,0.1188601758939986,0.1384642206811049,0.1464608112820115,0.1839990701638836,0.161214210995312,0.111204525202433,0.182116152028205,0.7223935531362597,0.5042152570609431,2024
21대대통령선거,경기도,김포시,20250603,1,398834,315636,313722,1914,167675,117969,28078,김포시,대한민국,0.5344700084788443,0.37603037083787555,0.0894996206832801,2024,31230,김포시,499536,257239,242297,48265,52072,51098,74769,95187,75553,60609,31598,14165,2149,71785,352017,75734,0.1022909259793088,0.1496769001633515,0.1905508311713269,0.1512463566189423,0.1213305947919669,0.0959130072707472,0.1516086928669805,0.7046879504179879,0.4850441209442362,2024
21대대통령선거,경기도,남양주시,20250603,1,617951,484777,481803,2974,261539,179144,41120,남양주시,대한민국,0.5428338968416552,0.3718200177250868,0.08534608543325799,2024,31130,남양주시,718385,355844,362541,57218,75394,76401,85015,122173,126781,99448,53109,25976,4057,88912,500852,128621,0.1063510513164946,0.1183418362020365,0.1700661901348163,0.1764805779630699,0.138432734536495,0.115734599135561,0.1790418786583795,0.6971916173082678,0.5046611496620893,2024
21대대통령선거,경기도,동두천시,20250603,1,76927,56479,56097,382,28433,23681,3983,동두천시,대한민국,0.5068541989767724,0.42214378665525787,0.07100201436796977,2024,31080,동두천시,89466,44744,44722,4694,7697,9744,9505,12002,15954,15027,8945,5656,863,7625,59290,22551,0.1089128831064314,0.1062414772092191,0.1341515212482954,0.1783247267118234,0.1679632486084099,0.1728477857510115,0.2520622359332036,0.6627098562582433,0.499877048264145,2024
21대대통령선거,경기도,부천시,60751809,3,675103,537830,534089,3741,291355,193772,48962,부천시원미구,대한민국,0.5455176946164403,0.3628084457833807,0.091673859600179,6072.0,93156.0,부천시,794082.0,391262.0,402820.0,49796.0,62950.0,92521.0,111648.0,117793.0,141651.0,136409.0,57997.0,25049.0,4128.0,74551.0,571393.0,148138.0,0.11651315607204293,0.14060008915955782,0.14833858468017158,0.17838334076329648,0.17178200739973956,0.10977959455068872,0.18655252228359287,0.7195642263645317,0.507277585942006,2024
21대대통령선거,경기도,성남시분당구,20250603,1,397014,332152,330073,2079,146248,147997,35828,성남시분당구,대한민국,0.4430777434082763,0.448376571243331,0.10854568534839262,2024,31023,성남시 분당구,447920,217422,230498,35391,47059,49741,63420,75635,77592,57518,28628,14884,2685,55162,320546,72212,0.1110488480085729,0.1415877835327737,0.1688582782639757,0.1732273620289337,0.1284113234506161,0.1031367208430076,0.1612162886229683,0.7156322557599571,0.5145963564922308,2024
21대대통령선거,경기도,성남시수정구,20250603,1,208154,166071,164931,1140,89700,59467,15764,성남시수정구,대한민국,0.5438637975880823,0.36055683892051826,0.09557936349139944,2024,31021,성남시 수정구,246990,124373,122617,15127,17070,34027,37393,35517,41132,39088,19893,8191,1056,21409,178562,47019,0.1377667112028827,0.1513947933114701,0.1437993441030001,0.1665330580185432,0.1582574193287177,0.1179804850398801,0.1903680310943762,0.722952346248836,0.4964452002105348,2024
21대대통령선거,경기도,성남시중원구,20250603,1,184068,146706,145677,1029,83821,49360,12496,성남시중원구,대한민국,0.5753893888534223,0.3388317991172251,0.08577881202935261,2024,31022,성남시 중원구,205957,103516,102441,12353,13871,25550,31713,29804,34830,33950,17020,7160,933,17746,147493,40718,0.1240550211937443,0.1539787431357031,0.1447098180688202,0.1691129701830964,0.1648402336410027,0.12193321907,0.1977014619556509,0.7161349213670815,0.4973902319416188,2024
21대대통령선거,경기도,수원시권선구,20250603,1,313951,246530,244683,1847,127809,91049,25825,수원시권선구,대한민국,0.5223452385331224,0.372110036250986,0.10554472521589159,2024,31012,수원시 권선구,370600,186916,183684,26831,31091,47460,59021,59265,64487,52914,21898,9411,1396,39763,275683,55154,0.1280626011872639,0.1592579600647598,0.1599163518618456,0.1740070156502968,0.142779276848354,0.0882487857528332,0.1488235294117647,0.7438828926065839,0.4956395035078251,2024
21대대통령선거,경기도,수원시영통구,20250603,1,301242,250748,248889,1859,122204,92635,34050,수원시영통구,대한민국,0.49099799509018077,0.3721940302705222,0.13680797463929703,2024,31014,수원시 영통구,364750,182691,182059,32014,40291,56691,61778,63666,57372,35860,13492,6375,984,48332,281271,35147,0.1554242631939684,0.1693708019191226,0.1745469499657299,0.1572912954078135,0.0983139136394791,0.0571651816312542,0.0963591501028101,0.7711336531871145,0.4991336531871144,2024
21대대통령선거,경기도,수원시장안구,20250603,1,238889,193748,192328,1420,98188,72781,21359,수원시장안구,대한민국,0.5105236886984734,0.37842123871719147,0.1110550725843351,2024,31011,수원시 장안구,280812,141278,139534,17284,26242,42491,36470,40662,50962,39618,18207,9498,1471,26986,207750,46076,0.1513147586285486,0.1298733672350184,0.1448015042092218,0.1814808483967921,0.1410837143711807,0.1038986937880147,0.1640813070666495,0.7398188111619162,0.4968947195988775,2024
21대대통령선거,경기도,수원시팔달구,20250603,1,172558,133880,132846,1034,64971,52733,15142,수원시팔달구,대한민국,0.48907005103653856,0.39694834620538066,0.11398160275808078,2024,31013,수원시 팔달구,208817,105434,103383,12890,13405,29428,34853,30224,36302,30939,14516,6577,849,17971,155422,35424,0.1409272233582514,0.1669069089202507,0.1447391735347218,0.1738459991284234,0.1481632242585613,0.1050776517237581,0.1696413606171911,0.7442976386022211,0.4950890013744092,2024
21대대통령선거,경기도,시흥시,20250603,1,433899,340271,337984,2287,193157,112317,32510,시흥시,대한민국,0.5714974673357319,0.3323145474341981,0.09618798523007006,2024,31150,시흥시,571982,302144,269838,49424,52558,66790,91138,103061,102014,71799,26082,12308,2101,71234,431090,69658,0.1167694088275505,0.1593371819392918,0.180182243497173,0.1783517663143246,0.1255266774129255,0.0707906892174928,0.1217835526292785,0.7536775632799634,0.4717596008265994,2024
21대대통령선거,경기도,안산시단원구,20250603,1,255796,197056,195617,1439,107188,68865,19564,안산시단원구,대한민국,0.5479482867030984,0.3520399556275784,0.10001175766932321,2024,31092,안산시 단원구,353223,185720,167503,22542,27499,46683,56362,55173,68625,51525,17697,8095,1409,33145,272083,47995,0.1321629678701557,0.1595649207441191,0.1561987752779405,0.1942823655311234,0.1458710219889418,0.0770080091047298,0.1358773352811113,0.7702867593559876,0.4742131741138035,2024
21대대통령선거,경기도,안산시상록구,20250603,1,287897,219638,218033,1605,120273,76645,21115,안산시상록구,대한민국,0.5516275059280017,0.35152935564799825,0.09684313842400004,2024,31091,안산시 상록구,348328,177856,170472,20222,30047,51754,45659,50432,69222,52236,19502,10155,1645,31505,264351,52472,0.1485783514388737,0.1310804758733148,0.1447830780184194,0.1987264876782802,0.1499621046829425,0.089863576858593,0.1506396270182127,0.7589140120805677,0.4894007946533152,2024
21대대통령선거,경기도,안성시,20250603,1,170398,128072,127133,939,64519,51929,10685,안성시,대한민국,0.5074921538860878,0.4084620043576412,0.08404584175627099,2024,31220,안성시,215739,113407,102332,13392,19205,29759,29282,32553,35293,31334,16122,8723,1627,20583,154382,40774,0.1379398254372181,0.1357288204728862,0.1508906595469525,0.1635911912078947,0.1452403135269932,0.1227038226746207,0.1889968897603122,0.7155961601750263,0.4743324109224572,2024
21대대통령선거,경기도,안양시동안구,20250603,1,279415,235876,234235,1641,118064,90041,26130,안양시동안구,대한민국,0.5040408137127244,0.3844045509851218,0.11155463530215382,2024,31042,안양시 동안구,315820,154552,161268,25321,30897,35945,48105,50241,54652,44962,18906,8324,1413,38074,229131,48615,0.1138148312329808,0.152317775948325,0.1590811221581913,0.173047938699259,0.1423659046292191,0.0906940662402634,0.1539326198467481,0.7255113672345007,0.5106326388449116,2024
21대대통령선거,경기도,안양시만안구,20250603,1,208500,168381,167151,1230,86561,64294,16296,안양시만안구,대한민국,0.5178610956560236,0.3846462180902298,0.09749268625374662,2024,31041,안양시 만안구,229980,114139,115841,13652,15868,28443,32942,31111,40205,39849,19225,8707,1337,19526,163144,47310,0.1236759718236368,0.1432385424819549,0.1352769806070093,0.1748195495260457,0.1732715888338116,0.1272675884859553,0.2057135403078528,0.7093834246456213,0.5037003217671102,2024
21대대통령선거,경기도,양주시,20250603,1,245241,188275,186964,1311,101884,68936,16144,양주시,대한민국,0.5449391326672515,0.368712693352731,0.08634817398001754,2024,31260,양주시,293000,149367,143633,25803,27760,32506,41814,46882,48203,39083,20418,11182,1987,37455,203978,51567,0.1109419795221843,0.1427098976109215,0.1600068259385665,0.1645153583617747,0.1333890784982935,0.1146313993174061,0.1759965870307167,0.6961706484641639,0.4902150170648464,2024
21대대통령선거,경기도,양평군,20250603,1,112680,88712,88141,571,38679,43611,5851,양평군,대한민국,0.43883096402355315,0.49478676211978534,0.06638227385666148,2024,31580,양평군,121622,60847,60775,6661,9405,9012,10646,15118,20758,26425,15368,7686,1358,10436,73698,37488,0.0740984361381986,0.0875335054513163,0.1243031688345858,0.1706763578957754,0.2172715462663005,0.200720264425844,0.3082337077173537,0.6059594481261614,0.499704000920886,2024
21대대통령선거,경기도,여주시,20250603,1,101401,77007,76475,532,34563,36480,5432,여주시,대한민국,0.4519516181758745,0.47701863354037266,0.07102974828375286,2024,31280,여주시,117477,60416,57061,6578,9009,12414,13369,15494,20165,21857,11865,6376,1113,10157,77565,29755,0.1056717485124747,0.1138009993445525,0.1318896464839926,0.1716506209726159,0.1860534402478783,0.1647471419937519,0.2532836214748419,0.6602569013509028,0.4857206091405126,2024
21대대통령선거,경기도,연천군,20250603,1,36974,28660,28410,250,12152,13973,2285,연천군,대한민국,0.4277367124252024,0.49183386131643786,0.08042942625835973,2024,31550,연천군,40386,21430,18956,2160,2518,4216,4308,4189,6214,8458,5009,3107,441,3225,24315,12846,0.1043926113009458,0.1066706284355964,0.1037240627940375,0.1538652008121626,0.2094290100529886,0.2118803545783192,0.3180805229534987,0.6020650720546724,0.4693705739612737,2024
21대대통령선거,경기도,오산시,20250603,1,205448,155805,154682,1123,84959,53092,16631,오산시,대한민국,0.5492494278584451,0.34323321394861717,0.10751735819293777,2024,31140,오산시,254071,132356,121715,21684,26252,29610,41355,48373,41575,28610,12381,5967,854,32883,189735,31453,0.1165422263855379,0.1627694620794974,0.190391662173172,0.1636353617689543,0.1126063187061884,0.0755772992588685,0.1237961042385789,0.7467794435413723,0.4790590031920211,2024
21대대통령선거,경기도,용인시기흥구,20250603,1,366811,300822,298997,1825,151811,117427,29759,용인시기흥구,대한민국,0.5077341913129563,0.3927363819703877,0.09952942671665602,2024,31192,용인시 기흥구,429488,211645,217843,33623,47339,53878,51249,72575,76788,49993,29615,16058,2651,52825,306047,70616,0.1254470439220653,0.1193258018850352,0.1689802741869388,0.178789628581008,0.1164013895615244,0.1125153671348209,0.1644190291696159,0.7125856834183959,0.5072155683045859,2024
21대대통령선거,경기도,용인시수지구,20250603,1,309712,259590,258065,1525,123133,107662,27270,용인시수지구,대한민국,0.4771394803634743,0.4171894677697479,0.10567105186677775,2024,31193,용인시 수지구,361720,176256,185464,32499,42656,41190,46289,64710,60918,38557,24749,12771,1646,50120,255221,56379,0.1138726086475727,0.127969147406834,0.1788952781156695,0.168412031405507,0.1065934977330532,0.1082771204246378,0.1558636514431051,0.7055761362379741,0.5127280769656087,2024
21대대통령선거,경기도,용인시처인구,20250603,1,241014,185635,184378,1257,94272,72736,17370,용인시처인구,대한민국,0.5112974432958379,0.3944939200989272,0.0942086366052349,2024,31191,용인시 처인구,286273,148694,137579,20048,27217,40022,38963,44467,47938,39656,19355,9359,1554,30079,208297,47897,0.1398036140327589,0.1361043479475885,0.1553307507169729,0.1674555406901803,0.1385251141393006,0.1057312425551833,0.1673123207567601,0.7276166456494325,0.4805867126833477,2024
21대대통령선거,경기도,의왕시,20250603,1,133116,111014,110320,694,55305,43930,11085,의왕시,대한민국,0.5013143582306019,0.3982052211747643,0.10048042059463379,2024,31170,의왕시,151306,74874,76432,11895,12469,17449,22003,21028,26432,24748,10626,4948,928,16774,106858,27674,0.1153225913050374,0.145420538511361,0.138976643358492,0.1746923453134707,0.1635625817879,0.1090637516027123,0.1829008763697407,0.7062376905079772,0.5051485069990616,2024
21대대통령선거,경기도,의정부시,20250603,1,402095,310907,308729,2178,167551,113085,28093,의정부시,대한민국,0.5427122168633333,0.3662921202737676,0.09099566286289917,2024,31030,의정부시,456516,223735,232781,31834,39083,55851,59728,68162,81289,68622,34938,18042,2579,47489,322604,86423,0.1223418237257839,0.1308344066801601,0.1493091151241139,0.1780638575646855,0.1503167468391031,0.1217021966371386,0.1893099037054561,0.7066652647442806,0.5099076483628175,2024
21대대통령선거,경기도,이천시,20250603,1,191335,145722,144617,1105,69247,61729,13641,이천시,대한민국,0.478830289661658,0.4268447001389878,0.09432501019935416,2024,31210,이천시,230189,121327,108862,16530,22112,30345,34901,34907,37089,32229,15087,7722,1230,25147,166648,38394,0.1318264556516601,0.151618887088436,0.1516449526258856,0.161124119745079,0.1400110344108537,0.1044315757920665,0.1667933741403802,0.7239616141518491,0.4729244229741647,2024
21대대통령선거,경기도,파주시,20250603,1,433087,336478,334245,2233,184505,120301,29439,파주시,대한민국,0.5520052655985879,0.35991862256727847,0.08807611183413365,2024,31200,파주시,510689,262068,248621,44547,50937,55628,76631,85644,84599,64253,32234,18541,2925,66327,362032,82330,0.1089273510884315,0.1500541425407635,0.1677028485046672,0.1656565933474189,0.1258162991566295,0.1051520592767809,0.1612135761686662,0.7089089445827108,0.4868344530624313,2024
21대대통령선거,경기도,평택시,20250603,1,506849,381944,379276,2668,193007,147716,38553,평택시,대한민국,0.5088827133802297,0.38946835549837056,0.10164893112139972,2024,31070,평택시,615755,325497,290258,54131,55787,77693,103362,104397,101656,72677,32449,16821,2503,77960,455146,82649,0.1261751833115443,0.1678622179275848,0.1695430812579678,0.1650916354719003,0.118029086243717,0.0840805190376042,0.1342238390268857,0.7391673636430074,0.4713855348312235,2024
21대대통령선거,경기도,포천시,20250603,1,127307,95668,94900,768,45328,42497,7075,포천시,대한민국,0.4776396206533193,0.44780821917808217,0.07455216016859853,2024,31270,포천시,157166,86341,70825,7093,10120,21493,20801,18769,27590,29102,13532,8004,1428,10935,109688,36543,0.1367534963032717,0.132350508379675,0.1194215033785933,0.1755468740058282,0.1851672753649008,0.1461130269905704,0.2325121209421885,0.6979117620859473,0.4506381787409491,2024
21대대통령선거,경기도,하남시,20250603,1,272865,221808,220382,1426,111702,87145,21535,하남시,대한민국,0.5068562768284162,0.395427031245746,0.09771669192583786,2024,31180,하남시,320872,159390,161482,32031,30685,32145,49931,59121,48181,41883,21347,7898,1273,45839,224929,50104,0.1001801341344835,0.1556103368321324,0.1842510409135107,0.1501564486773542,0.1305286843351866,0.0951095764042982,0.1561494926325762,0.7009929192949214,0.5032598668627989,2024
21대대통령선거,경기도,화성시,40501206,2,790604,633695,629578,4117,334912,216366,78300,화성시갑,대한민국,0.53196267976327,0.3436682984475315,0.12436902178919848,2024,31240,화성시,1004079,532995,471084,105034,109692,121822,179937,191432,147508,97200,41407,18795,3080,153364,746232,104483,0.1213271067316416,0.1792060186499269,0.1906543210245408,0.1469087591713401,0.096805131867114,0.0630249213458303,0.104058545194153,0.7432004852207844,0.4691702545317649,2024
21대대통령선거,경상남도,거제시,20250603,1,192259,146586,145322,1264,69037,63490,12795,거제시,대한민국,0.47506227549854807,0.4368918677144548,0.08804585678699715,2024,38090,거제시,241284,131524,109760,20072,27017,20709,31140,47556,44647,32463,13901,5745,924,32416,173460,35408,0.0858283184960461,0.1290595315064405,0.1970955388670612,0.1850392069096997,0.1345426965733326,0.0852522338820643,0.1467482303012218,0.7189038643258566,0.4548996203643838,2024
21대대통령선거,경상남도,거창군,20250603,1,52316,41373,40919,454,12623,25259,3037,거창군,대한민국,0.30848749969451844,0.6172927002126152,0.0742198000928664,2024,38590,거창군,58393,28895,29498,3241,5360,4594,4786,6687,9935,11152,7155,5018,908,5212,34685,18496,0.0786738136420461,0.0819618789923449,0.1145171510283766,0.1701402565375986,0.1909817957631908,0.2240165773294744,0.3167502954121213,0.5939924305995582,0.5051632901203912,2024
21대대통령선거,경상남도,고성군,20250603,1,43287,33580,33260,320,10744,20573,1943,고성군,대한민국,0.32303066746843057,0.6185508117859291,0.05841852074564041,2024,38540,고성군,47664,24528,23136,1792,3631,3136,3525,5481,8197,10234,7001,4217,749,3240,27475,16949,0.0657938905673044,0.0739551863041289,0.1149924471299093,0.1719746559248069,0.2147113125209802,0.2510699899295065,0.3555933199060087,0.5764308492782813,0.48539778449144,2024
21대대통령선거,경상남도,김해시,20250603,1,448630,347546,344833,2713,164796,147543,32494,김해시,대한민국,0.4779008969559178,0.42786798247267516,0.09423112057140703,2024,38070,김해시,549861,284047,265814,43504,57727,61301,73254,92807,104634,73630,31695,14757,2206,67573,402333,79955,0.1114845388198108,0.1332227599338742,0.1687826559803295,0.1902917282731454,0.1339065691147399,0.0884914551132013,0.1454094762130793,0.7316994658650096,0.4834203553261642,2024
21대대통령선거,경상남도,남해군,20250603,1,36504,28758,28424,334,9931,16808,1685,남해군,대한민국,0.3493878412609063,0.5913312693498453,0.059280889389248526,2024,38550,남해군,39011,19474,19537,1380,2391,2346,2521,3738,6326,8704,6476,4421,901,2322,20569,16120,0.0601368844684832,0.0646227986978031,0.0958191279382738,0.1621593909410166,0.2231165568685755,0.302427520442952,0.4132167850093563,0.5272615416164671,0.5008074645612776,2024
21대대통령선거,경상남도,밀양시,20250603,1,90650,69757,69179,578,23125,41676,4378,밀양시,대한민국,0.3342777432457827,0.6024371557842698,0.06328510096994752,2024,38080,밀양시,102535,50309,52226,4650,6761,9104,9723,11632,16826,22218,13664,7470,1079,7319,61819,33397,0.0887891939337787,0.0948261569220266,0.1134441897888525,0.1641000633929877,0.2166869849319744,0.2166382210952357,0.3257131711123031,0.602906324669625,0.509348027502804,2024
21대대통령선거,경상남도,사천시,20250603,1,94356,73114,72451,663,25242,41495,5714,사천시,대한민국,0.34840098825413035,0.572731915363487,0.07886709638238258,2024,38060,사천시,109218,56670,52548,6860,9522,9202,11969,16621,18981,17962,11379,6559,1134,10879,70646,27693,0.0842535113259719,0.1095881631232947,0.152181874782545,0.1737900346096797,0.1644600706843194,0.1746232306030141,0.2535571059715431,0.6468347708253218,0.4811294841509641,2024
21대대통령선거,경상남도,산청군,20250603,1,30968,24668,24411,257,7478,15548,1385,산청군,대한민국,0.306337306951784,0.6369259759944288,0.056736717053787224,2024,38570,산청군,32480,15918,16562,987,1644,1784,2071,2768,5667,7850,5276,3828,704,1640,17226,13614,0.0549261083743842,0.0637623152709359,0.0852216748768472,0.1744766009852216,0.2416871921182266,0.3019704433497537,0.4191502463054187,0.5303571428571429,0.5099137931034483,2024
21대대통령선거,경상남도,양산시,20250603,1,303506,236806,235025,1781,105053,109649,20323,양산시,대한민국,0.44698649079885117,0.4665418572492288,0.08647165195192001,2024,38100,양산시,359629,181164,178465,30861,35513,34585,47164,61648,62273,52158,25881,11743,1593,46202,250547,62880,0.0961685514794413,0.1311462646227084,0.1714211034149081,0.1731590055306996,0.1450327976887292,0.1090484916399956,0.1748468560655564,0.6966818582483615,0.4962475217515829,2024
21대대통령선거,경상남도,의령군,20250603,1,23294,18214,17986,228,5421,11559,1006,의령군,대한민국,0.3014010897364617,0.6426665184032024,0.055932391860335814,2024,38510,의령군,24609,12365,12244,879,1160,1516,1874,2308,4034,5813,3764,2822,520,1380,13218,10011,0.0616034784022105,0.0761510016660571,0.0937868259579828,0.1639237677272542,0.2362143931082124,0.2887561461254013,0.4068023893697428,0.5371205656467146,0.4975415498394896,2024
21대대통령선거,경상남도,진주시,20250603,1,289796,231564,229518,2046,80491,127358,21669,진주시,대한민국,0.3506958059934297,0.5548932981291228,0.09441089587744753,2024,38030,진주시,346145,172465,173680,25101,34072,44081,41399,49406,58013,51837,28691,14561,2236,38567,238073,69505,0.1273483655693423,0.1196001675598376,0.1427320920423521,0.1675973941556284,0.1497551604096549,0.1314131361134784,0.2007973537101503,0.687784021147207,0.5017550448511462,2024
21대대통령선거,경상남도,창녕군,20250603,1,50638,38724,38386,338,11013,25310,2063,창녕군,대한민국,0.28690147449590997,0.6593549731673006,0.05374355233678946,2024,38530,창녕군,57766,29687,28079,2401,3664,4098,5231,6289,9404,12925,8034,5162,864,3858,33400,20508,0.0709413842052418,0.0905549977495412,0.1088702697088252,0.1627947235397984,0.2237475331509884,0.2433957691375549,0.3550185230066129,0.5781947858601946,0.4860817782086348,2024
21대대통령선거,경상남도,창원시마산합포구,20250603,1,154518,121931,120976,955,40797,70653,9526,창원시마산합포구,대한민국,0.3372321782832959,0.5840249305647401,0.07874289115196402,2024,38113,창원시 마산합포구,178265,88847,89418,12194,14719,17079,19809,26218,28444,31615,19384,8972,1349,18513,114098,45654,0.0958068044764816,0.111121083779766,0.1470731775727148,0.1595602053123159,0.1773483297338232,0.1666339438476425,0.2561018708103105,0.6400471208593947,0.5016015482568087,2024
21대대통령선거,경상남도,창원시마산회원구,20250603,1,156251,125065,124096,969,43522,70165,10409,창원시마산회원구,대한민국,0.3507123517276947,0.565409038164002,0.08387861010830325,2024,38114,창원시 마산회원구,178865,89288,89577,10825,16234,17371,19060,26571,32336,31971,17930,7163,877,17438,120211,41216,0.0971179381097475,0.1065608140217482,0.1485533782461633,0.1807843904620803,0.1787437452827551,0.1451933022111648,0.2304307718111425,0.6720767058955078,0.5008078718586644,2024
21대대통령선거,경상남도,창원시성산구,20250603,1,208940,171376,170021,1355,69874,80619,19528,창원시성산구,대한민국,0.4109727621882003,0.47417083772004637,0.11485640009175337,2024,38112,창원시 성산구,244140,126093,118047,17802,22650,29281,36158,37298,48726,38138,11804,3899,559,27306,185680,31154,0.1199352830343245,0.1481035471450807,0.1527729990988777,0.1995822069304497,0.1562136479069386,0.0666093225198656,0.1276071106742033,0.7605472270009012,0.4835217498156795,2024
21대대통령선거,경상남도,창원시의창구,20250603,1,181085,144279,143152,1127,54737,74483,13932,창원시의창구,대한민국,0.3823697887560076,0.5203070861741366,0.09732312506985581,2024,38111,창원시 의창구,210801,107232,103569,15105,18657,23723,26603,31597,39171,35441,15110,6280,954,22990,149992,37819,0.1125374168054231,0.1261995910835337,0.1498901807866186,0.1858198016138443,0.1681253883994857,0.105995702107675,0.1794061697999535,0.7115336265008231,0.491311711045014,2024
21대대통령선거,경상남도,창원시진해구,20250603,1,157266,122023,121055,968,49732,60152,11171,창원시진해구,대한민국,0.4108215274048986,0.49689810416752717,0.09228036842757424,2024,38115,창원시 진해구,188972,98258,90714,15469,20420,18212,23090,34224,31636,26563,14132,6396,913,24410,130475,34087,0.0963740659991956,0.1221874140084245,0.1811061956268653,0.167411045022543,0.1405657981076561,0.1134612535190398,0.1803812204982748,0.690446203670385,0.4800393709120928,2024
21대대통령선거,경상남도,통영시,20250603,1,102203,79149,78491,658,27921,45078,5492,통영시,대한민국,0.35572231211221667,0.5743078824323807,0.06996980545540253,2024,38050,통영시,120204,62586,57618,6850,11695,9335,11885,19306,21456,21908,12517,5589,726,11967,78903,29334,0.0776596452697081,0.0988735815779841,0.1606102958304216,0.1784965558550464,0.1822568300555722,0.156666999434295,0.2440351402615553,0.656409104522312,0.4793351302785265,2024
21대대통령선거,경상남도,하동군,20250603,1,37540,30092,29739,353,10904,17035,1800,하동군,대한민국,0.36665657890312386,0.5728168398399408,0.06052658125693534,2024,38560,하동군,38704,19240,19464,1340,2038,2070,2395,3594,6910,9360,6129,4224,809,2180,20799,15725,0.0534828441504754,0.0618799090533278,0.0928586192641587,0.1785345183960314,0.2418354692021496,0.288393964448119,0.406288755684167,0.5373863166597768,0.5028937577511369,2024
21대대통령선거,경상남도,함안군,20250603,1,51990,40601,40263,338,13802,23755,2706,함안군,대한민국,0.34279611554032235,0.58999577776122,0.06720810669845764,2024,38520,함안군,61675,33224,28451,2948,5135,5343,6101,8287,10531,11724,6992,4283,758,5065,38776,17834,0.0866315362788812,0.0989217673287393,0.1343656262667207,0.1707498986623429,0.1900932306445075,0.1951033644102148,0.2891609241994325,0.6287150385083097,0.461305229023105,2024
21대대통령선거,경상남도,함양군,20250603,1,32702,25848,25568,280,8489,15503,1576,함양군,대한민국,0.3320165832290363,0.6063438673341677,0.061639549436796,2024,38580,함양군,35073,17180,17893,1404,2339,1978,2203,3503,6213,7877,5182,3908,645,2342,19104,13627,0.056396658398198,0.0628118495708949,0.0998773985686995,0.1771448122487383,0.2245887149659282,0.2775639380720212,0.3885324893792946,0.5446924985031221,0.5101645140136287,2024
21대대통령선거,경상남도,합천군,20250603,1,37329,28935,28567,368,7001,20132,1434,합천군,대한민국,0.2450729863128785,0.7047292330311198,0.05019778065600168,2024,38600,합천군,38950,19218,19732,1181,1868,2103,2411,3330,6268,9395,6629,5037,864,1963,19729,17258,0.053992297817715,0.0618998716302952,0.0854942233632862,0.1609242618741977,0.2412066752246469,0.3216944801026957,0.4430808729139923,0.5065211810012837,0.5065982028241335,2024
21대대통령선거,경상북도,경산시,20250603,1,232652,182130,180802,1328,44160,120563,16079,경산시,대한민국,0.24424508578444928,0.6668233758476123,0.0889315383679384,2024,37100,경산시,298529,151645,146884,18114,28546,53781,35348,39796,47599,41272,22657,11860,1722,27233,216287,55009,0.1801533519356578,0.1184072569164134,0.1333069819012558,0.1594451460327137,0.1382512251741036,0.1213918915750228,0.1842668551464011,0.7245091766629038,0.4920259003312911,2024
21대대통령선거,경상북도,경주시,20250603,1,217320,172873,171689,1184,45754,112844,13091,경주시,대한민국,0.26649348531356115,0.6572581819452615,0.07624833274117736,2024,37020,경주시,258733,132153,126580,14741,19867,27412,28367,33989,46155,46182,26910,14594,2273,22487,170788,65458,0.1059470573912102,0.109638121151921,0.1313670849872262,0.1783885318069206,0.1784928864891606,0.169197589793339,0.2529943996320531,0.6600936100149575,0.4892302102940096,2024
21대대통령선거,경상북도,고령군,20250603,1,27768,22163,21959,204,4130,16684,1145,고령군,대한민국,0.18807778131973224,0.7597795892344824,0.05214262944578533,2024,37570,고령군,30934,16357,14577,1116,1642,2617,2844,3396,5388,6685,4265,2694,422,1760,18610,10564,0.084599469839012,0.0919376737570311,0.1097821167647249,0.1741772806620547,0.2161052563522338,0.2386047714488912,0.3415012607486907,0.6016034137195319,0.4712290683390444,2024
21대대통령선거,경상북도,구미시,20250603,1,338629,259989,258015,1974,72584,160141,25290,구미시,대한민국,0.2813169776950952,0.6206654651861326,0.09801755711877216,2024,37050,구미시,407365,211605,195760,34770,42845,48772,60156,70758,71426,51606,19934,9834,1605,53032,302022,52311,0.1197255532507702,0.147671007573061,0.1736968075313294,0.1753366145839726,0.1266824592196187,0.0770144710517594,0.1284130939084113,0.7414039006787525,0.480551839259632,2024
21대대통령선거,경상북도,군위군,20250603,1,21402,17745,17624,121,2616,14246,762,군위군,대한민국,0.1484339536995007,0.8083295506128008,0.04323649568769859,2024,22520,군위군,21493,10840,10653,501,788,1011,1340,1620,3652,5773,3923,2578,367,822,10900,9771,0.0470385706974363,0.062345880053971,0.0753733773786814,0.169915786535151,0.268599078769832,0.3195458986646815,0.4546131298562322,0.5071418601405109,0.4956497464290699,2024
21대대통령선거,경상북도,김천시,20250603,1,117773,93605,92954,651,23343,62634,6977,김천시,대한민국,0.25112421197581597,0.6738171568732921,0.07505863115089184,2024,37030,김천시,136187,68702,67485,8927,11735,12824,14509,17789,22394,24161,14614,8752,1497,13555,86363,36269,0.094164641265319,0.1065373346942072,0.1306218655231409,0.1644356656655921,0.1774104723652037,0.1825651493901767,0.2663176367788408,0.6341501024326844,0.4955318789605469,2024
21대대통령선거,경상북도,문경시,20250603,1,59787,47655,47235,420,10266,34287,2682,문경시,대한민국,0.2173388377262623,0.7258812321371864,0.05677993013655128,2024,37090,문경시,65505,32346,33159,3297,4593,4521,5014,7471,10722,14026,9317,5963,952,5131,37179,23195,0.0690176322418136,0.0765437752843294,0.1140523624150828,0.1636821616670483,0.2141210594611098,0.2477978780245782,0.3540951072437218,0.5675749942752462,0.5062056331577742,2024
21대대통령선거,경상북도,봉화군,20250603,1,26412,21210,21019,191,5248,14719,1052,봉화군,대한민국,0.24967886198201628,0.7002711832151862,0.05004995480279747,2024,37610,봉화군,27972,14123,13849,935,1523,1276,1641,2557,4665,7049,4564,3299,572,1544,14510,11918,0.0456170456170456,0.0586658086658086,0.0914128414128414,0.1667739167739167,0.252002002002002,0.3015515515515515,0.426068926068926,0.5187330187330187,0.4951022451022451,2024
21대대통령선거,경상북도,상주시,20250603,1,81951,65682,65108,574,14270,46856,3982,상주시,대한민국,0.21917429501750937,0.7196657860785157,0.06115991890397494,2024,37080,상주시,92458,45885,46573,4374,7023,7262,7192,10048,14805,19367,12749,8632,1512,6905,53133,32420,0.0785437712258539,0.0777866707045361,0.1086763719743018,0.160126760258712,0.2094680828051656,0.2476043176361158,0.3506456985874667,0.5746717428454001,0.5037206082761903,2024
21대대통령선거,경상북도,성주군,20250603,1,38236,31647,31387,260,5989,23775,1623,성주군,대한민국,0.19081148246089144,0.7574792111383694,0.05170930640073916,2024,37580,성주군,41068,21846,19222,1553,1905,2797,3907,4074,6851,9769,6214,3501,645,2334,23738,14996,0.0681065549819811,0.0951348982175903,0.0992013246323171,0.1668208824388818,0.237873770332132,0.2522645368656862,0.3651504821272036,0.5780169475017045,0.4680529852926853,2024
21대대통령선거,경상북도,안동시,20250603,1,136331,108216,107288,928,33560,65739,7989,안동시,대한민국,0.31280292297367834,0.6127339497427485,0.07446312728357318,2024,37040,안동시,153692,76360,77332,8926,12908,16656,14600,19515,25209,27138,17342,10705,1751,13915,97054,42723,0.1083725893345131,0.0949951851755459,0.1269747286781355,0.1640228508965984,0.176573927074929,0.1938812690315696,0.277978033990058,0.6314837467142076,0.5031621684928298,2024
21대대통령선거,경상북도,영덕군,20250603,1,30579,24558,24336,222,4407,18780,1149,영덕군,대한민국,0.18108974358974358,0.7716962524654832,0.047214003944773174,2024,37550,영덕군,32655,16101,16554,1219,1598,1792,2473,3213,5272,7140,5449,4066,580,1922,17022,13711,0.0548767416934619,0.0757311284642474,0.0983922829581993,0.1614454141785331,0.2186495176848874,0.3091410197519522,0.4198744449548308,0.5212677997243914,0.5069361506660542,2024
21대대통령선거,경상북도,영양군,20250603,1,14161,11615,11518,97,2848,8104,566,영양군,대한민국,0.24726515019968745,0.703594374023268,0.049140475777044626,2024,37540,영양군,15059,7493,7566,520,768,673,1032,1451,2505,3614,2411,1871,272,835,7937,6287,0.0446908825287203,0.0685304469088252,0.0963543395975828,0.1663457068862474,0.2399893751245102,0.3024105186267348,0.417491201274985,0.5270602297629324,0.502423799721097,2024
21대대통령선거,경상북도,영주시,20250603,1,86901,68942,68356,586,18860,45015,4481,영주시,대한민국,0.2759084791386272,0.6585376558019779,0.06555386505939494,2024,37060,영주시,99151,49626,49525,5178,8430,8831,8086,11773,16841,18978,12659,7774,1271,8351,59879,30921,0.0890661717985698,0.0815523797036842,0.1187380863531381,0.169852043852306,0.1914050286936087,0.2188984478220088,0.311857671632157,0.6039172575163135,0.4994906758378634,2024
21대대통령선거,경상북도,영천시,20250603,1,87894,69766,69246,520,14223,51359,3664,영천시,대한민국,0.20539814574127024,0.7416890506310834,0.05291280362764636,2024,37070,영천시,99523,51803,47720,5186,5866,8681,9996,11428,16892,20104,13141,7631,1099,7498,60422,31603,0.0872260683460104,0.1004390944806728,0.1148277282638184,0.1697296102408488,0.2020035569667313,0.2197582468374144,0.3175446881625353,0.6071159430483406,0.4794871537232599,2024
21대대통령선거,경상북도,예천군,20250603,1,46657,38177,37759,418,10039,25065,2655,예천군,대한민국,0.265870388516645,0.6638152493445272,0.07031436213882783,2024,37600,예천군,53609,26414,27195,4230,4387,3279,5196,6990,7426,9777,6793,5102,868,6276,29634,17699,0.0611651028745173,0.0969240239512022,0.1303885541606819,0.1385215169094741,0.1823760935663787,0.2380756962450335,0.3301497882818183,0.5527803167378612,0.5072842246637691,2024
21대대통령선거,경상북도,울릉군,20250603,1,8412,6716,6654,62,1814,4351,489,울릉군,대한민국,0.2726179741508867,0.653892395551548,0.07348963029756538,2024,37630,울릉군,8515,4827,3688,332,392,640,845,1103,1758,1864,1047,498,79,511,5499,2505,0.0751614797416324,0.099236641221374,0.1295361127422196,0.2064591896652965,0.2189078097475044,0.1907222548443922,0.2941867293012331,0.6458015267175573,0.4331180270111567,2024
21대대통령선거,경상북도,울진군,20250603,1,41362,32830,32547,283,7327,23129,2091,울진군,대한민국,0.225120594832089,0.7106338525824193,0.06424555258549175,2024,37620,울진군,45274,23835,21439,2435,2904,3402,4643,5460,7777,8909,5490,3855,673,3641,27408,14225,0.0751424658744533,0.1025533418739232,0.1205990193046781,0.1717762954455095,0.1967796086053805,0.2212749039183637,0.3141979944338914,0.6053805716305164,0.4735388964968856,2024
21대대통령선거,경상북도,의성군,20250603,1,45733,37276,36951,325,6725,28522,1704,의성군,대한민국,0.1819977808449027,0.7718870937187086,0.04611512543638873,2024,37520,의성군,47094,23378,23716,1582,1877,2090,3088,3751,6998,11881,8663,6310,1003,2263,22737,22094,0.044379326453476,0.065570985688198,0.0796492122138701,0.1485964241729307,0.2522826687051429,0.3392364207754703,0.4691468127574638,0.4828003567333418,0.5035885675457595,2024
21대대통령선거,경상북도,청도군,20250603,1,37770,30244,29999,245,6045,22480,1474,청도군,대한민국,0.20150671689056301,0.7493583119437315,0.049134971165705525,2024,37560,청도군,39479,19262,20217,1207,1966,2216,2745,3576,6293,9788,6878,4205,738,1947,20781,16751,0.0561311076774994,0.0695306365409458,0.0905798019200081,0.159401200638314,0.2479292788571139,0.2994250107652169,0.4243015273943109,0.52638111400998,0.5120950378682337,2024
21대대통령선거,경상북도,청송군,20250603,1,22070,18250,18078,172,3789,13348,941,청송군,대한민국,0.2095917690009957,0.738356012833278,0.0520522181657263,2024,37530,청송군,23079,11577,11502,857,930,1218,1642,2013,3769,5680,3949,2720,395,1251,11959,9869,0.0527752502274795,0.0711469301096234,0.0872221500064994,0.1633086355561332,0.2461111833268339,0.3060791195459075,0.4276181810303739,0.5181766974305646,0.4983751462368387,2024
21대대통령선거,경상북도,칠곡군,20250603,1,92234,69654,69155,499,18246,45689,5220,칠곡군,대한민국,0.26384209384715496,0.6606752946280096,0.07548261152483551,2024,37590,칠곡군,110043,58414,51629,6999,10229,10505,12893,19142,20931,16285,8251,4928,820,11405,77493,21145,0.0954626827694628,0.1171632907136301,0.1739501831102387,0.1902074643548431,0.1479876048453786,0.1272139072907863,0.1921521587015984,0.7042065374444535,0.4691711421898712,2024
21대대통령선거,경상북도,포항시남구,20250603,1,189163,147128,146096,1032,39332,94527,12237,포항시남구,대한민국,0.2692202387471252,0.6470197678238966,0.0837599934289782,2024,37011,포항시 남구,222544,117070,105474,14692,19749,22923,25114,33053,38972,39031,21305,8539,1114,23252,149376,49916,0.103004349701632,0.1128495937881946,0.1485234380616867,0.1751204256236969,0.1753855417355669,0.1391095693435904,0.2242972176288734,0.6712200733338126,0.4739467251419944,2024
21대대통령선거,경상북도,포항시북구,20250603,1,233819,187038,185892,1146,49724,120983,15185,포항시북구,대한민국,0.267488649323263,0.6508241344436555,0.08168721623308157,2024,37012,포항시 북구,270531,134928,135603,20006,24528,26698,31049,39213,46828,47379,24565,10967,1727,30392,180472,59667,0.0986873962688194,0.1147705808206822,0.1449482684054692,0.1730966136967667,0.1751333488583563,0.1377254362716287,0.2205551304656398,0.6671028458845751,0.5012475464918993,2024
21대대통령선거,광주광역시,광산구,20250603,1,323168,270928,269237,1691,229298,19872,20067,광산구,대한민국,0.8516585759015292,0.07380857757291903,0.07453284652555184,2024,24050,광산구,412447,209452,202995,34388,48830,59604,53996,70929,73813,44140,19209,10126,1746,54034,309256,49157,0.144513113199999,0.1309162146894025,0.1719711866009451,0.1789636001716584,0.1070198110302657,0.0753575610926979,0.1191837981607333,0.7498078541000419,0.4921723275960305,2024
21대대통령선거,광주광역시,남구,20250603,1,176412,149219,148451,768,126148,12337,9966,남구,대한민국,0.8497618742884857,0.08310486288404928,0.06713326282746496,2024,24030,남구,208707,99918,108789,15674,22214,23644,22847,32469,32921,31100,19408,9294,1361,24874,138899,44934,0.113288006631306,0.1094692559425414,0.1555721657634866,0.1577378813360357,0.1490127307660979,0.1440440426051833,0.2152970432232747,0.6655215206006506,0.5212522819071713,2024
21대대통령선거,광주광역시,동구,20250603,1,92286,77545,77084,461,63684,7402,5998,동구,대한민국,0.8261636656115406,0.0960251154584609,0.07781121892999844,2024,24010,동구,111289,54991,56298,7875,8215,17386,14666,14219,15972,16082,10828,5928,900,10855,74948,25486,0.1562238855592196,0.1317830153923568,0.1277664459200819,0.1435182273180637,0.1445066448615766,0.1586500013478421,0.2290073592178921,0.6734538004654548,0.5058720987698695,2024
21대대통령선거,광주광역시,북구,20250603,1,362472,304117,302422,1695,257145,23544,21733,북구,대한민국,0.8502853628373597,0.07785147905906316,0.07186315810357712,2024,24040,북구,433088,214530,218558,31480,40523,58460,54943,63506,73115,63053,33542,15808,2383,47208,305807,80073,0.13498411408305,0.1268633626422343,0.1466353258460174,0.1688225025860795,0.1455893490468449,0.1194514740653169,0.1848885215014038,0.7061082274272203,0.5046503251071376,2024
21대대통령선거,광주광역시,서구,20250603,1,240133,200340,199230,1110,168407,16782,14041,서구,대한민국,0.8452893640515986,0.08423430206294233,0.07047633388545901,2024,24020,서구,278639,136908,141731,18305,26146,37381,33644,42304,50817,39787,21346,9824,1425,28871,199202,50566,0.1341556637800164,0.1207440451623785,0.151823685844408,0.1823757621869156,0.1427904923574948,0.1169793173245669,0.1814749550493649,0.7149106908939524,0.5086545673792973,2024
21대대통령선거,대구광역시,남구,20250603,1,125079,96240,95535,705,20940,66687,7908,남구,대한민국,0.21918668550792902,0.6980373685036897,0.08277594598838123,2024,22040,남구,136119,64467,71652,5727,7999,18047,15885,16540,22612,23976,15830,8816,1341,8610,89649,37860,0.132582519707021,0.116699358649417,0.1215113246497549,0.1661193514498343,0.1761399951513014,0.1909138327492855,0.2781389813325105,0.6586075419302229,0.5263923478720826,2024
21대대통령선거,대구광역시,달서구,20250603,1,452664,364667,362364,2303,83001,246446,32917,달서구,대한민국,0.22905421068318044,0.6801061915642834,0.09083959775253612,2024,22070,달서구,532999,262668,270331,34155,49627,68620,63136,76389,97810,85570,41361,18457,2310,53507,379763,99729,0.1287432058971968,0.1184542560117373,0.143319218234931,0.183508787070895,0.1605443912652744,0.1165630704748039,0.1871091690603547,0.7125022748635551,0.5071885688340879,2024
21대대통령선거,대구광역시,달성군,20250603,1,212190,168018,166897,1121,42728,109225,14944,달성군,대한민국,0.25601418839164275,0.6544455562412745,0.0895402553670827,2024,22510,달성군,263117,134437,128680,26124,26104,25452,37842,45596,42086,36399,17157,7954,1355,37807,182795,42515,0.0967326322510518,0.1438219499310193,0.1732917295347697,0.1599516564874181,0.1383376976782191,0.1005864311313978,0.1615821098598722,0.6947289608805208,0.4890599999239882,2024
21대대통령선거,대구광역시,동구,20250603,1,300119,240878,239223,1655,57694,160000,21529,동구,대한민국,0.2411724625140559,0.6688320103000129,0.08999552718593112,2024,22020,동구,336051,163725,172326,23283,24984,34300,43919,47743,55908,55868,33817,16638,2145,33651,223147,79253,0.1020678408931977,0.1306914724253164,0.1420706976024472,0.1663676049171108,0.1662485753650487,0.1565238609615802,0.2358362272393178,0.6640271863496909,0.5127971647160698,2024
21대대통령선거,대구광역시,북구,20250603,1,358624,287673,285674,1999,68670,189776,27228,북구,대한민국,0.24037889342397278,0.6643096676631405,0.09531143891288672,2024,22050,북구,422633,209441,213192,27361,39346,59662,49106,60139,77399,62849,32012,16112,2080,42162,302591,77880,0.1411673958256927,0.1161906429455343,0.1422960346210542,0.183135249732037,0.1487082172949107,0.1187886416820267,0.1842733530036698,0.7159663348579027,0.5044376563117409,2024
21대대통령선거,대구광역시,서구,20250603,1,147381,114567,113771,796,21840,83588,8343,서구,대한민국,0.1919645603888513,0.7347039227922757,0.073331516818873,2024,22030,서구,164111,81456,82655,7698,9350,16423,19764,19917,29236,32923,19275,9192,1175,11376,107774,44961,0.1000725118974352,0.1204306841101449,0.1213629799343127,0.1781477170939181,0.200614218425334,0.1806216524181803,0.2739670101333853,0.6567140532931979,0.5036530153371803,2024
21대대통령선거,대구광역시,수성구,20250603,1,346438,284576,283018,1558,65324,189622,28072,수성구,대한민국,0.23081217449066843,0.6699997879993499,0.0991880375099817,2024,22060,수성구,398685,192287,206398,28931,45033,41344,40269,63101,74093,58446,32554,16688,2412,47826,272581,78278,0.1037009167638612,0.1010045524662327,0.1582728219020028,0.185843460375986,0.146596937431807,0.1295609315625117,0.1963404692928,0.6837001642901037,0.5176969286529466,2024
21대대통령선거,대구광역시,중구,20250603,1,85181,68687,68206,481,16317,44323,7566,중구,대한민국,0.23923115268451456,0.6498401900126088,0.11092865730287658,2024,22010,중구,94128,45038,49090,8374,6624,13262,16411,13773,13260,11178,7406,4032,524,11112,65732,17284,0.1408932517423083,0.1743476967533571,0.1463220295767465,0.1408720040795512,0.1187531871494135,0.1270822709501954,0.1836223015468298,0.6983256841747407,0.521523882372939,2024
21대대통령선거,대전광역시,대덕구,20250603,1,147846,114777,113835,942,55607,47358,10870,대덕구,대한민국,0.488487723459393,0.4160231914613256,0.09548908507928142,2024,25050,대덕구,170471,86416,84055,9431,14085,22376,19954,22523,32527,29122,13870,6727,971,14651,121170,34650,0.1312598623812848,0.1170521672307899,0.1321221791389737,0.1908066474649647,0.1708325756286993,0.1265200532641915,0.2032603785981193,0.7107953845522113,0.493075068486722,2024
21대대통령선거,대전광역시,동구,20250603,1,194244,148238,147013,1225,70915,62048,14050,동구,대한민국,0.48237230721092694,0.42205791324576736,0.0955697795433057,2024,25010,동구,229875,115562,114313,13353,20808,37030,25560,30369,36195,34979,20673,10826,1624,20246,159771,49858,0.1610875475802066,0.1111908646003262,0.132110929853181,0.1574551386623164,0.1521653072321914,0.1440913539967373,0.2168917890157694,0.6950342577487765,0.4972833061446438,2024
21대대통령선거,대전광역시,서구,20250603,1,396043,310477,307893,2584,148720,124865,34308,서구,대한민국,0.48302494697833337,0.4055467321439591,0.11142832087770752,2024,25030,서구,462226,226531,235695,32662,46460,69830,62421,69162,76364,62499,30625,14002,2213,50718,336258,75250,0.151073284497194,0.135044328964619,0.149628104001073,0.165209226655359,0.1352130775854235,0.1013357102369836,0.1627991501992531,0.7274753042883784,0.5099128997503386,2024
21대대통령선거,대전광역시,유성구,20250603,1,307342,251223,249219,2004,123402,93434,32383,유성구,대한민국,0.495154863794494,0.37490721012442874,0.1299379260810773,2024,25040,유성구,384024,196773,187251,34647,40580,63784,59445,59573,59119,43523,17532,8043,1568,50014,288026,45984,0.1660937858050538,0.1547950128116992,0.1551283253130012,0.1539461075349457,0.1133340624544299,0.0706804783034393,0.1197425160927442,0.7500208320313314,0.4876023373539154,2024
21대대통령선거,대전광역시,중구,20250603,1,196407,152894,151648,1246,71677,65844,14127,중구,대한민국,0.47265377716817897,0.4341897024688753,0.09315652036294576,2024,25020,중구,220497,107836,112661,13408,18893,25093,24679,31079,38039,35305,22469,11427,1695,20988,146993,52516,0.1138020018412949,0.1119244252756273,0.1409497634888456,0.1725148187957206,0.1601155571277613,0.1614126269291645,0.2381710408758395,0.6666439906211876,0.5109411919436546,2024
21대대통령선거,부산광역시,강서구,20250603,1,112618,89257,88695,562,40580,40065,8050,강서구,대한민국,0.45752297198263714,0.45171655673938776,0.09076047127797508,2024,21120,강서구,145762,77868,67894,18274,15696,12419,25251,29929,17616,17181,8232,2972,389,25900,99957,19905,0.085200532374693,0.1732344506798754,0.2053278632290995,0.1208545437082367,0.1178702268080844,0.0795337605137141,0.1365582250517967,0.685754860663273,0.4657866933768746,2024
21대대통령선거,부산광역시,금정구,20250603,1,188148,149515,148529,986,55470,79737,13322,금정구,대한민국,0.3734624214799803,0.536844656599048,0.08969292192097167,2024,21110,금정구,215539,104186,111353,9994,16143,32946,21312,26140,34450,39007,24024,11255,1596,15819,143860,55860,0.1528540078593665,0.0988776973076798,0.1212773558381545,0.1598318633750736,0.1809742088438751,0.1710827274878328,0.2591642347788567,0.6674430149532103,0.5166257614631227,2024
21대대통령선거,부산광역시,기장군,20250603,1,145228,112103,111370,733,48742,53493,9135,기장군,대한민국,0.43765825626290744,0.48031785938762683,0.08202388434946574,2024,21510,기장군,173228,86131,87097,16151,18479,14982,21747,32031,26754,23216,14407,6594,988,24637,115160,33431,0.0864871729743459,0.1255397510795021,0.1849065970859214,0.1544438543422541,0.1340199044034451,0.1269367538735077,0.1929884314314083,0.6647886023044773,0.5027882328491929,2024
21대대통령선거,부산광역시,남구,20250603,1,222856,176630,175464,1166,69214,91037,15213,남구,대한민국,0.39446268180367483,0.5188357725801304,0.08670154561619478,2024,21070,남구,260090,127056,133034,15126,23403,38210,27713,36077,41111,40676,26511,11943,1302,23796,176232,60062,0.1469106847629666,0.1065515782998192,0.1387096774193548,0.1580645161290322,0.1563920181475643,0.1528547810373332,0.2309277557768465,0.6775808374024376,0.511492175785305,2024
21대대통령선거,부산광역시,동구,20250603,1,77893,59632,59175,457,22744,31875,4556,동구,대한민국,0.38435149978876215,0.5386565272496832,0.07699197296155472,2024,21030,동구,85665,41301,44364,4096,4394,8834,11251,11005,13528,15525,11026,5663,729,5850,54461,25354,0.1031226288449191,0.1313371855483569,0.1284655343489173,0.1579174692114632,0.1812292067939065,0.2033269129749606,0.2959668476040389,0.6357438860678223,0.5178777797233409,2024
21대대통령선거,부산광역시,동래구,20250603,1,235338,189601,188347,1254,74245,97629,16473,동래구,대한민국,0.39419263380887404,0.5183464562748544,0.08746090991627156,2024,21060,동래구,265089,127425,137664,19997,24320,25339,31264,41519,43228,42593,26268,11553,1507,30549,174052,60488,0.0955867651996122,0.1179377492087563,0.1566228700549626,0.1630697614763343,0.1606743395614303,0.1483577213690496,0.2281799697460098,0.6565794883982361,0.5193123818792934,2024
21대대통령선거,부산광역시,부산진구,20250603,1,325663,252934,250993,1941,101093,126802,23098,부산진구,대한민국,0.40277218886582494,0.505201340276422,0.092026470857753,2024,21050,부산진구,356874,170261,186613,20651,24316,49804,50800,47519,54819,58249,34979,16096,1884,29922,245482,81470,0.1395562579509855,0.1423471589412509,0.1331534379080572,0.153608836732292,0.1632200720702545,0.1483969131962541,0.2282878550973172,0.6878674265987436,0.5229100466831431,2024
21대대통령선거,부산광역시,북구,20250603,1,234995,187682,186390,1292,77258,93564,15568,북구,대한민국,0.4144964858629755,0.5019797199420569,0.08352379419496754,2024,21080,북구,265364,130024,135340,16428,19991,27707,31841,34845,46872,51496,25863,10799,1440,24540,178800,62024,0.1044112991965752,0.1199899006647473,0.1313102003286052,0.1766328514794772,0.1940579731990775,0.1435839073875883,0.2337317797440496,0.6737914713374836,0.5100164302618291,2024
21대대통령선거,부산광역시,사상구,20250603,1,178351,138035,137026,1009,56307,69496,11223,사상구,대한민국,0.4109220148001109,0.5071738210266665,0.0819041641732226,2024,21150,사상구,205140,102439,102701,9761,14358,27344,24935,25559,34901,40011,20630,7835,983,15055,141916,48169,0.1332943355757044,0.1215511358096909,0.1245929609047479,0.1701325923759384,0.1950424100614214,0.1435507458321146,0.2348103734035293,0.6918007214585161,0.5006385882811738,2024
21대대통령선거,부산광역시,사하구,20250603,1,258595,199077,197699,1378,82504,99642,15553,사하구,대한민국,0.4173212813418378,0.5040086191634758,0.07867009949468637,2024,21100,사하구,293036,145582,147454,16083,23174,33087,32545,40568,49887,54147,31101,12750,1728,25157,195996,71883,0.1129110416467601,0.1110614395500894,0.1384403281508074,0.1702418815435646,0.1847793445173972,0.1555406161700269,0.2453043312084522,0.6688461485960769,0.5031941467942506,2024
21대대통령선거,부산광역시,서구,20250603,1,92886,71591,71032,559,26800,38496,5736,서구,대한민국,0.37729474039869354,0.5419529226264219,0.08075233697488456,2024,21020,서구,103413,49701,53712,5046,7152,12719,10743,12987,16330,18977,12907,6353,806,7751,66115,29547,0.1229922736986645,0.1038844245887847,0.1255838240840126,0.1579105141519925,0.1835069091893669,0.1940375001208745,0.2857184299846247,0.6393296780868943,0.5193931130515506,2024
21대대통령선거,부산광역시,수영구,20250603,1,153669,119331,118427,904,44558,63669,10200,수영구,대한민국,0.3762486595117667,0.5376223327450665,0.08612900774316667,2024,21140,수영구,167787,78338,89449,9119,10555,20201,22816,22641,25984,28164,19250,8836,1242,13426,110597,43764,0.1203966934267851,0.135981929470102,0.1349389404423465,0.1548630108411259,0.1678556741583078,0.1747930411772068,0.2608306960610774,0.6591511857295261,0.5331104316782588,2024
21대대통령선거,부산광역시,연제구,20250603,1,184908,148025,146999,1026,58466,75594,12939,연제구,대한민국,0.397730596806781,0.5142483962475936,0.08802100694562548,2024,21130,연제구,207871,98780,109091,14596,16263,21773,27324,30859,33569,33744,21003,9320,1110,21315,138488,48068,0.1047428453223393,0.131446906975961,0.1484526461122523,0.1614895776707669,0.1623314459448407,0.1512139740512144,0.2312395668467463,0.6662208773710618,0.5248014393542149,2024
21대대통령선거,부산광역시,영도구,20250603,1,93909,70342,69863,479,29962,35217,4684,영도구,대한민국,0.42886792722900535,0.5040865694287391,0.06704550334225556,2024,21040,영도구,106825,53482,53343,4448,7248,12197,9803,12864,16982,21059,14894,7103,781,6976,66165,33684,0.114177392932366,0.0917669084952024,0.1204212497074654,0.1589702784928621,0.1971355019892347,0.2132272408144161,0.315319447694828,0.6193774865434121,0.4993494032295811,2024
21대대통령선거,부산광역시,중구,20250603,1,35284,26223,26022,201,9784,14167,2071,중구,대한민국,0.3759895473061256,0.5444239489662593,0.0795865037276151,2024,21010,중구,39599,19497,20102,878,1682,5844,4980,4452,6136,7519,5238,2599,383,1452,25982,12165,0.1475794843304123,0.1257607515341296,0.1124270814919568,0.1549534079143412,0.1898785322861688,0.2075809995201899,0.3072047273921058,0.656127679991919,0.5076390817949948,2024
21대대통령선거,부산광역시,해운대구,20250603,1,325211,255777,254181,1596,97486,135755,20940,해운대구,대한민국,0.38352984684142405,0.5340879137307667,0.08238223942780931,2024,21090,해운대구,365974,175606,190368,24469,33087,35491,40205,55915,65925,61843,34596,15614,1973,38340,245825,81809,0.0969768344199314,0.1098575308628481,0.1527840775574221,0.1801357473481722,0.1689819495373988,0.1425866318372343,0.2235377376534945,0.6717007219092067,0.5201680993731795,2024
21대대통령선거,서울특별시,강남구,20250603,1,472730,373762,371406,2356,119722,210177,41507,강남구,대한민국,0.3223480503815232,0.5658955428829906,0.11175640673548623,2024,11230,강남구,528194,252802,275392,35934,57701,60203,77499,95739,85099,63339,40184,15436,2182,60476,379138,88580,0.1139789547022495,0.1467244989530362,0.1812572653229684,0.1611131516071746,0.1199161671658519,0.1094332764098039,0.1677035331715241,0.7178006565769396,0.5213841883853281,2024
21대대통령선거,서울특별시,강동구,20250603,1,428942,350292,347804,2488,160645,149529,37630,강동구,대한민국,0.4618837046152431,0.4299231751216202,0.10819312026313671,2024,11250,강동구,454023,221136,232887,33303,37857,52448,68825,72645,70129,68753,37951,13899,2093,48972,317979,87072,0.1155183768223195,0.1515892366686269,0.1600029073416985,0.1544613378617382,0.1514306543941606,0.1188111615490845,0.1917788305878777,0.70035879239598,0.5129409743559247,2024
21대대통령선거,서울특별시,강북구,20250603,1,257971,198136,196573,1563,105780,72792,18001,강북구,대한민국,0.5381206981630234,0.37030517924638684,0.09157412259058975,2024,11090,강북구,280470,133834,146636,11931,18049,37800,34491,37196,48173,47363,30170,15119,1600,18718,192093,69659,0.1347737725959995,0.1229757193282704,0.1326202445894391,0.171758120298071,0.1688701108852996,0.1671800905622704,0.2483652440546226,0.6848967804043213,0.5228224052483331,2024
21대대통령선거,서울특별시,강서구,20250603,1,493010,392879,389624,3255,196256,149837,43531,강서구,대한민국,0.5037061371989405,0.38456819908424533,0.11172566371681415,2024,11160,강서구,543974,259852,284122,32098,38383,72865,94887,81812,81083,80086,45445,18183,2701,47629,390984,105361,0.1339494167000628,0.1744329692227937,0.150396893969197,0.1490567563890921,0.1472239482034067,0.1219341365579972,0.1936875659498431,0.7187549404934794,0.5223080514877549,2024
21대대통령선거,서울특별시,관악구,20250603,1,446923,350839,347149,3690,171149,126951,49049,관악구,대한민국,0.49301308659970217,0.3656959979720523,0.1412909154282455,2024,11210,관악구,490493,244885,245608,16901,24724,110992,92664,59707,66597,62603,39041,17390,1758,25249,377458,87786,0.2262866136723663,0.1889201273004915,0.1217285465847626,0.1357756379805624,0.1276328102541728,0.1186337011945124,0.1789750312440748,0.7695481892707949,0.5007370135761366,2024
21대대통령선거,서울특별시,광진구,20250603,1,301007,239807,237662,2145,114304,94752,28606,광진구,대한민국,0.48095194015029746,0.3986838451245887,0.12036421472511381,2024,11050,광진구,345130,164812,180318,15958,23792,65605,56885,46890,53214,47308,24661,11226,1464,24511,261405,59214,0.1900877930055341,0.1648219511488424,0.1358618491582882,0.1541853794222467,0.1370729869904094,0.1082229884391388,0.1715701329933648,0.7574102512096891,0.5224639990728132,2024
21대대통령선거,서울특별시,구로구,20250603,1,344220,278196,276066,2130,139034,108039,28993,구로구,대한민국,0.5036259445205132,0.391352067983743,0.10502198749574378,2024,11170,구로구,418832,207187,211645,24347,27382,48685,65582,61244,70623,68089,37859,15619,1908,35338,296173,87321,0.1162399243610803,0.1565830691064675,0.1462256943118004,0.1686189211903579,0.1625687626542384,0.132239179432326,0.2084869350956947,0.7071403331168583,0.505321942926997,2024
21대대통령선거,서울특별시,금천구,20250603,1,206121,161132,159717,1415,83102,58686,17929,금천구,대한민국,0.5203077944113651,0.36743740490993443,0.11225480067870044,2024,11180,금천구,243662,122912,120750,10728,12448,34099,41453,31357,41949,41649,21234,8780,1065,15559,178219,49884,0.1399438566538894,0.1701250092341029,0.1286905631571603,0.1721606159351889,0.1709294022046933,0.1275496384335678,0.2047262191067954,0.7314189327839384,0.4955635265244478,2024
21대대통령선거,서울특별시,노원구,20250603,1,430719,350440,347826,2614,176604,131061,40161,노원구,대한민국,0.5077366269341568,0.3768004692001173,0.11546290386572597,2024,11110,노원구,486446,233042,253404,27682,45377,67194,59365,70488,84128,72442,40940,19580,2791,44237,344260,97949,0.1381324956932527,0.1220382118467414,0.1449040592378188,0.1729441705759735,0.1489209490878741,0.1301501091590844,0.2013563684355509,0.7077044522927519,0.520929352898369,2024
21대대통령선거,서울특별시,도봉구,20250603,1,272942,216499,214906,1593,110614,84148,20144,도봉구,대한민국,0.5147087563865131,0.3915572389789024,0.09373400463458442,2024,11100,도봉구,296997,142662,154335,14573,20910,35649,36533,39562,51974,52600,30050,14933,1983,22546,201903,72548,0.1200315154698532,0.1230079765115472,0.13320673272794,0.1749984006572457,0.1771061660555493,0.1581362774708162,0.2442718276615588,0.6798149476257336,0.5196517136536732,2024
21대대통령선거,서울특별시,동대문구,20250603,1,307846,246264,244239,2025,117631,97549,29059,동대문구,대한민국,0.48162250909969334,0.39939976825977835,0.11897772264052833,2024,11060,동대문구,355789,171604,184185,19177,23739,69859,52241,47609,51721,48503,28997,14236,1690,27390,260204,68195,0.1963495217671148,0.1468314085033545,0.1338124562591873,0.1453698680959782,0.1363251814980227,0.1262630379241629,0.1916725924635106,0.7313435772325733,0.5176804229473086,2024
21대대통령선거,서울특별시,동작구,20250603,1,337985,275295,272906,2389,128028,111735,33143,동작구,대한민국,0.4691285644141206,0.40942668904311375,0.12144474654276564,2024,11200,동작구,381172,183544,197628,20309,25482,68540,60678,51853,57205,51885,31237,14367,1770,29438,279712,72022,0.1798138373227834,0.1591879781306077,0.1360357004187086,0.1500766058367351,0.1361196520206101,0.1242850996400575,0.1889488210046908,0.7338209522210446,0.5184745993934496,2024
21대대통령선거,서울특별시,마포구,20250603,1,321302,260533,258285,2248,125049,101016,32220,마포구,대한민국,0.48415122829432605,0.3911028515012486,0.12474592020442535,2024,11140,마포구,358927,166191,192736,21112,25201,60919,64178,54356,54780,42222,23830,12839,1749,30557,270402,57968,0.1697253201904565,0.178805160938018,0.1514402650121055,0.1526215637162988,0.1176339478501199,0.1070356924945741,0.1615035926525449,0.7533621042718993,0.5369782713476556,2024
21대대통령선거,서울특별시,서대문구,20250603,1,269110,216261,214510,1751,107451,81882,25177,서대문구,대한민국,0.5009137103165353,0.3817164700946343,0.11736981958883036,2024,11130,서대문구,316345,145122,171223,18253,22867,60611,45883,42760,47916,41274,24074,13099,1634,26260,231848,58237,0.1915977809037601,0.1450410153471684,0.1351688820749498,0.1514675433466626,0.1304714789233274,0.1226730310262529,0.1840933158418815,0.7328960470372536,0.5412540106529264,2024
21대대통령선거,서울특별시,서초구,20250603,1,345855,280913,279119,1794,94722,153536,30861,서초구,대한민국,0.3393606311286584,0.5500736245114091,0.11056574435993251,2024,11220,서초구,386254,183900,202354,28690,40194,44694,54256,67189,64023,47547,29595,12085,1713,45652,274184,66418,0.115711423053224,0.1404671537382137,0.1739503021327934,0.1657536232634484,0.1230977543274632,0.1123431731451324,0.1719542062994817,0.709854137432881,0.5238884257509308,2024
21대대통령선거,서울특별시,성동구,20250603,1,244536,196282,194775,1507,88028,84043,22704,성동구,대한민국,0.4519471184700295,0.43148761391348994,0.11656526761648056,2024,11040,성동구,274688,132827,141861,17191,16950,42431,46457,39056,43155,38649,20896,10264,1270,23222,201275,50191,0.1544697984622553,0.1691264270736253,0.1421831314072693,0.1571055160764212,0.1407014503727865,0.1180612185461323,0.1827200314538676,0.7327404182199441,0.5164441111369991,2024
21대대통령선거,서울특별시,성북구,20250603,1,374002,300299,297996,2303,152624,111271,34101,성북구,대한민국,0.5121679485630679,0.3733976294983825,0.11443442193854951,2024,11080,성북구,429210,203170,226040,25026,35849,74076,56139,60207,68935,57572,34229,17774,2249,37537,310076,81597,0.1725868456000559,0.1307961137904522,0.140273991752289,0.160609025884765,0.1341348058060157,0.1263996644998951,0.190109736492626,0.7224342396495887,0.5266419701311712,2024
21대대통령선거,서울특별시,송파구,20250603,1,561654,458526,455145,3381,191678,212094,51373,송파구,대한민국,0.4211361214557998,0.4659921563457799,0.11287172219842029,2024,11240,송파구,628648,301344,327304,44702,52719,76646,102425,100470,98700,89344,48651,17489,2511,66569,450710,111369,0.1219219658696122,0.1629290159198788,0.1598191674832338,0.1570036013794683,0.1421208689123325,0.1092041969432814,0.1771563736781155,0.7169512986599814,0.5206474847609474,2024
21대대통령선거,서울특별시,양천구,20250603,1,368029,299637,297604,2033,143686,122867,31051,양천구,대한민국,0.48280937084178976,0.4128539938979315,0.10433663526027875,2024,11150,양천구,417397,203140,214257,26980,44343,46322,51066,68647,72746,62375,33925,13022,1816,45406,293674,78317,0.1109782772755913,0.1223439555147737,0.1644645265778144,0.1742849134037858,0.1494380649597385,0.1168264266393864,0.187631918772775,0.7035843573384571,0.5133170578609813,2024
21대대통령선거,서울특별시,영등포구,20250603,1,335136,271596,269203,2393,123593,111861,33749,영등포구,대한민국,0.45910706790043204,0.4155265728836603,0.1253663592159077,2024,11190,영등포구,400799,197205,203594,23579,22118,55633,76200,57145,63288,58436,30638,14126,1815,32301,295061,73437,0.1388052365400113,0.1901202348309252,0.1425777010421682,0.1579045855902834,0.1457987669629914,0.116215359818762,0.1832265050561503,0.7361819765019374,0.5079703292672886,2024
21대대통령선거,서울특별시,용산구,20250603,1,183614,143813,142694,1119,58705,67927,16062,용산구,대한민국,0.4114048243093613,0.4760326292626179,0.1125625464280208,2024,11030,용산구,203401,97246,106155,11601,12168,28376,37779,29805,32360,28024,15054,8091,1242,16228,149831,37342,0.1395076720370106,0.1857365499677976,0.1465332028849415,0.159094596388415,0.1377771004075693,0.1198961657022335,0.1835880846210195,0.7366286301443946,0.5219000889867799,2024
21대대통령선거,서울특별시,은평구,20250603,1,411789,326136,323455,2681,171417,118639,33399,은평구,대한민국,0.5299562535746858,0.36678672458301775,0.10325702184229646,2024,11120,은평구,448142,211821,236321,24536,32658,56692,64738,65470,75386,68379,40725,20003,2353,37238,315285,95619,0.1265045454342596,0.1444586760446465,0.1460920868831754,0.1682190020127549,0.1525833329614274,0.140761187302239,0.2133676379361898,0.7035381642425839,0.5273350857540691,2024
21대대통령선거,서울특별시,종로구,20250603,1,125901,99261,98478,783,47735,39574,11169,종로구,대한민국,0.48472755336217227,0.4018562521578424,0.11341619447998538,2024,11010,종로구,144486,68604,75882,5959,10074,27231,20477,18655,23189,20718,11442,6448,976,9276,106834,28376,0.1884680868734687,0.1417230735157731,0.1291128552247276,0.1604930581509627,0.143391055188738,0.1305732043242944,0.1963927300914967,0.7394072782138061,0.5251858311531913,2024
21대대통령선거,서울특별시,중구,20250603,1,110181,87166,86416,750,40482,36302,9632,중구,대한민국,0.4684549157563414,0.42008424365858177,0.11146084058507684,2024,11020,중구,126899,60550,66349,5869,6518,20819,22851,16958,19050,18639,10563,5366,781,7977,93357,25565,0.1640596064586797,0.1800723409955949,0.1336338347819919,0.1501193862835798,0.1468805900755719,0.1316795246613448,0.2014594283642897,0.7356795561824758,0.5228488798178078,2024
21대대통령선거,서울특별시,중랑구,20250603,1,342360,267642,265550,2092,137420,102137,25993,중랑구,대한민국,0.5174919977405386,0.38462436452645454,0.09788363773300697,2024,11070,중랑구,375066,182365,192701,19889,22712,47788,58294,51041,62300,63316,34634,15241,1858,28824,264778,81464,0.1274122421120549,0.1554233121637258,0.1360853823060474,0.1661040990119072,0.1688129555864834,0.1379303909178651,0.2171991062906262,0.7059504193928535,0.5137789082454821,2024
21대대통령선거,세종특별자치시,세종특별자치시,20250603,1,307067,254695,252785,1910,140620,83965,28200,세종특별자치시,대한민국,0.5562830072986925,0.33215974049093105,0.1115572522103764,2024,29010,세종시,390156,195777,194379,46387,51441,41876,59378,75944,56095,38025,17121,7925,1392,68620,278079,43457,0.1073314264037974,0.1521904058889265,0.194650344990209,0.1437758230041317,0.0974610155937625,0.0677626385343298,0.1113836516675381,0.7127379817303847,0.4982084089441146,2024
21대대통령선거,울산광역시,남구,20250603,1,263759,211142,209584,1558,81512,106707,21365,남구,대한민국,0.3889228185357661,0.5091371478738835,0.1019400335903504,2024,26020,남구,305176,156194,148982,21181,27105,36905,41074,45231,58224,48352,21128,7620,973,32183,222031,50962,0.1209302173172202,0.1345911867250373,0.1482128345610401,0.1907882664429706,0.1584397200304086,0.0973897029910609,0.1669921619000183,0.7275506592916874,0.4881838676698036,2024
21대대통령선거,울산광역시,동구,20250603,1,126811,100387,99583,804,47822,41934,9827,동구,대한민국,0.4802225279415161,0.42109597019571615,0.09868150186276774,2024,26030,동구,158268,85698,72570,12264,15948,16766,22122,28095,24746,25100,11322,3266,369,19194,112288,26786,0.1059342381277327,0.1397755705512169,0.1775153537038441,0.1563550433442009,0.1585917557560593,0.0945042585993378,0.169244572497283,0.709480122324159,0.4585260444309652,2024
21대대통령선거,울산광역시,북구,20250603,1,176478,143084,141997,1087,69055,57703,15239,북구,대한민국,0.4863130911216434,0.40636774016352456,0.107319168714832,2024,26040,북구,215421,112247,103174,21833,24250,21526,30664,38983,38733,27846,9750,3918,577,32423,157907,25091,0.0999252626252779,0.1423445253712497,0.1809619303596213,0.1798014121185956,0.1292631637584079,0.0661263293736451,0.1164742527423046,0.7330158155425887,0.4789412359983474,2024
21대대통령선거,울산광역시,울주군,20250603,1,189461,150104,148964,1140,60688,74391,13885,울주군,대한민국,0.4074004457452807,0.4993891141483848,0.09321044010633442,2024,26510,울주군,224263,118438,105825,14760,20630,24530,26349,33159,44293,36823,16606,7735,1257,23130,159159,41974,0.1093805041402282,0.1174915166567824,0.1478576492778568,0.1975047154457044,0.1641956096190633,0.1141427698728724,0.1871641777734178,0.7096979885224045,0.4718789992107481,2024
21대대통령선거,울산광역시,중구,20250603,1,178000,143233,142247,986,56743,72445,13059,중구,대한민국,0.39890472206795224,0.5092901783517403,0.0918050995803075,2024,26010,중구,203766,102986,100780,14361,18037,19336,24662,30337,37952,35936,17487,6703,780,22185,140236,41345,0.0948931617639841,0.1210309865237576,0.1488815602210378,0.1862528586712209,0.176359157072328,0.1225425242680329,0.2029043118086432,0.6882208022928261,0.494586928143066,2024
21대대통령선거,인천광역시,강화군,20250603,1,63399,48634,48329,305,19095,26323,2911,강화군,대한민국,0.39510438866932895,0.5446626249249933,0.06023298640567775,2024,23510,강화군,66309,33312,32997,2855,3941,4059,4963,6636,10643,15882,10261,6232,1171,4419,36218,25672,0.0612134099443514,0.0748465517501395,0.1000769126362937,0.1605061153086308,0.2395149979640772,0.2663891779396462,0.3871570978298572,0.5462003649579996,0.4976247568203411,2024
21대대통령선거,인천광역시,계양구,20250603,1,248733,194728,193286,1442,106747,69027,17512,계양구,대한민국,0.5522748672950963,0.35712364061546104,0.09060149208944258,2024,23070,계양구,278600,137693,140907,14826,21412,33559,37148,38455,54006,51076,18892,9401,1602,23100,204498,51002,0.1204558506819813,0.1333381191672649,0.1380294328786791,0.1938478104809763,0.1833309404163675,0.1073043790380473,0.1830653266331658,0.7340201005025125,0.5057681263460158,2024
21대대통령선거,인천광역시,남동구,20250603,1,421631,326991,324669,2322,168404,125604,30661,남동구,대한민국,0.5186944241673828,0.3868678561858385,0.09443771964677872,2024,23050,남동구,492920,246405,246515,31161,43940,57094,64973,78262,86771,78026,37170,16942,2699,49544,351402,91974,0.1158281262679542,0.1318124644972815,0.1587722145581433,0.17603465065325,0.1582934350401688,0.115253996591739,0.1865901160431713,0.7128986448105169,0.5001115799724093,2024
21대대통령선거,인천광역시,동구,20250603,1,51663,40799,40495,304,20014,17018,3463,동구,대한민국,0.49423385603160885,0.42024941350784045,0.08551673046055068,2024,23020,동구,57944,28988,28956,2963,4219,5665,6552,8617,9811,10173,6601,3270,433,4619,37950,15375,0.0977668093331492,0.113074692806848,0.1487125500483225,0.1693186524920613,0.1755660637857241,0.1778268673201712,0.2653423995581941,0.6549427032997377,0.499723871324037,2024
21대대통령선거,인천광역시,미추홀구,20250603,1,366830,273289,271215,2074,136342,108442,26431,미추홀구,대한민국,0.5027081835444205,0.39983776708515384,0.09745404937042568,2024,23090,미추홀구,421789,212463,209326,27238,32401,55567,59371,63305,68260,64272,34963,16725,2533,39845,297520,84424,0.1317412260632686,0.1407599534364338,0.1500868917871257,0.1618344717382387,0.1523795072891896,0.1285500570190308,0.2001569505131712,0.705376384874902,0.496281316013457,2024
21대대통령선거,인천광역시,부평구,20250603,1,435944,339541,337007,2534,178154,125578,33275,부평구,대한민국,0.5286359037052643,0.3726272748043809,0.0987368214903548,2024,23060,부평구,504885,248443,256442,32261,37955,57617,77037,74581,88451,83173,37427,17222,2651,47463,363161,94261,0.1141190568149182,0.1525832615348049,0.1477187874466462,0.1751903898907672,0.1647365241589669,0.1134911910633114,0.186697960921794,0.7192944928052923,0.5079216059102568,2024
21대대통령선거,인천광역시,서구,20250603,1,533584,417136,414273,2863,223841,147562,42870,서구,대한민국,0.5403224443784654,0.35619506943488954,0.10348248618664505,2024,23080,서구,634066,321792,312274,59996,61159,69795,102179,110730,105352,81725,32898,14190,2389,86787,462815,84464,0.1100752918465901,0.161148839395268,0.1746348171956862,0.1661530503133743,0.1288903678796844,0.078031309043538,0.1332101074651534,0.7299161286049086,0.4924944721842836,2024
21대대통령선거,인천광역시,연수구,20250603,1,332596,268737,267049,1688,128989,108641,29419,연수구,대한민국,0.4830162254867084,0.40682047114948944,0.11016330336380215,2024,23040,연수구,417391,207871,209520,39805,48664,51041,59929,72393,67997,52358,19518,8877,1575,59326,306193,51872,0.1222858183334092,0.1435800005270837,0.1734416889678982,0.1629095979549151,0.1254411331341595,0.0718031773564834,0.1242767572851355,0.7335879307411995,0.5019753660237044,2024
21대대통령선거,인천광역시,옹진군,20250603,1,18554,14603,14414,189,5369,7816,1229,옹진군,대한민국,0.3724850839461635,0.5422505897044541,0.08526432634938254,2024,23520,옹진군,19192,11165,8027,654,823,2295,1824,2017,3099,4563,2542,1186,251,1004,11957,6231,0.1195810754481033,0.0950395998332638,0.1050958732805335,0.1614735306377657,0.2377553147144643,0.2073259691538141,0.3246665277198833,0.623020008336807,0.4182471863276365,2024
21대대통령선거,인천광역시,중구,20250603,1,146414,110897,110090,807,57340,40941,11809,중구,대한민국,0.5208465800708512,0.3718866382051049,0.10726678172404397,2024,23010,중구,164937,84863,80074,13890,14702,20094,27332,28286,25126,20058,11056,5019,833,20278,118358,26301,0.1218283344549737,0.1657117566100996,0.1714957832384486,0.1523369528971668,0.1216100692991869,0.1025118681678459,0.1594608850652067,0.7175952030169095,0.4854823356796837,2024
21대대통령선거,전라남도,강진군,20250603,1,28924,24388,24172,216,20809,2278,1085,강진군,대한민국,0.8608720834022836,0.09424127089194109,0.044886645705775274,2024,36590,강진군,31042,15223,15819,1514,2044,2044,2319,3028,4912,6531,4722,3499,589,2334,16597,12111,0.0658462727917015,0.0747052380645577,0.0975452612589395,0.1582372269827975,0.2103923716255396,0.2838090329231364,0.390148830616584,0.534662715031248,0.5095998969138587,2024
21대대통령선거,전라남도,고흥군,20250603,1,55564,46747,46370,377,40708,3968,1694,고흥군,대한민국,0.877895190856157,0.08557256847099418,0.036532240672848826,2024,36550,고흥군,58776,29445,29331,2156,2857,3516,3926,5178,9015,12838,10554,7513,1418,3369,29345,26062,0.059820334830543,0.0667959711446849,0.0880971825234789,0.1533789301755818,0.2184224853681775,0.3315128623928134,0.4434122771199129,0.4992684088743705,0.4990302164148632,2024
21대대통령선거,전라남도,곡성군,20250603,1,24642,20660,20458,202,17677,1806,975,곡성군,대한민국,0.864062958255939,0.08827842408837619,0.04765861765568482,2024,36520,곡성군,25990,13025,12965,874,1523,2185,1783,2410,4312,5442,3820,3120,620,1459,14394,10137,0.084070796460177,0.0686033089649865,0.0927279722970373,0.1659099653712966,0.2093882262408618,0.2908811081185071,0.3900346287033474,0.5538283955367449,0.4988457098884186,2024
21대대통령선거,전라남도,광양시,20250603,1,131128,108351,107766,585,86658,12945,8163,광양시,대한민국,0.8041311730972663,0.12012137408830244,0.07574745281443127,2024,36060,광양시,150390,79177,71213,12576,14706,15560,19556,22429,29909,21611,9519,5015,900,19071,106848,24471,0.103464326085511,0.1300352417049005,0.1491389055123346,0.1988762550701509,0.1436997140767338,0.1026265044218365,0.1627169359664871,0.7104727707959306,0.4735221756765742,2024
21대대통령선거,전라남도,구례군,20250603,1,21975,18821,18687,134,16019,1879,789,구례군,대한민국,0.8572269492160325,0.10055118531599508,0.04222186546797239,2024,36530,구례군,22724,10988,11736,884,1379,1311,1260,2147,4074,5040,3511,2762,467,1497,12135,9092,0.0576923076923076,0.0554479845097694,0.0944816053511705,0.1792818165815877,0.2217919380390776,0.2966027107903538,0.40010561520859,0.5340168984333744,0.5164583700052807,2024
21대대통령선거,전라남도,나주시,20250603,1,99973,84341,83760,581,71784,6806,5170,나주시,대한민국,0.8570200573065903,0.08125596943648519,0.061723973256924546,2024,36040,나주시,118018,59599,58419,9757,10483,12643,15558,16822,16950,17348,10869,7319,1311,14133,76056,27829,0.1071277262790421,0.1318273483705875,0.1425375790133708,0.1436221593316274,0.1469945262587063,0.1652205595756579,0.2358030130996966,0.6444440678540562,0.4950007625955362,2024
21대대통령선거,전라남도,담양군,20250603,1,40385,34045,33867,178,29833,2456,1578,담양군,대한민국,0.8808869991437093,0.07251897126996781,0.04659402958632297,2024,36510,담양군,43310,21592,21718,2014,2804,3531,3692,4453,7340,8913,5886,4238,677,3071,25232,15007,0.0815285153544216,0.0852459016393442,0.1028169014084507,0.1694758716231817,0.2057954283075502,0.2493881320711152,0.3465019625952436,0.5825906257215424,0.5014546294158393,2024
21대대통령선거,전라남도,목포시,20250603,1,177671,144796,143999,797,125013,11226,7760,목포시,대한민국,0.8681518621657095,0.07795887471440774,0.05388926311988278,2024,36010,목포시,214701,108162,106539,14029,22227,24215,22169,33706,37545,32699,19397,9303,1362,23441,145843,45417,0.1127847564752842,0.1032552247078495,0.1569904192341908,0.174871099808571,0.152300175593034,0.1400179784910177,0.2115360431483784,0.6792842138602055,0.4962203250101303,2024
21대대통령선거,전라남도,무안군,20250603,1,77728,65905,65457,448,56222,5103,4132,무안군,대한민국,0.8589150129092381,0.07795957651588066,0.06312541057488122,2024,36620,무안군,92913,47184,45729,8151,10289,11037,11481,14659,13484,12015,7687,4407,673,12631,61884,18398,0.1187885441219205,0.1235672080333215,0.157771248372133,0.145125009417412,0.1293145200348713,0.1374081129658928,0.1980131951395391,0.6660424267863485,0.4921700946046301,2024
21대대통령선거,전라남도,보성군,20250603,1,34072,28551,28332,219,24790,2415,1127,보성군,대한민국,0.8749823521106875,0.08523930537907666,0.03977834251023578,2024,36560,보성군,36033,17534,18499,1329,2045,2137,2645,3268,5648,7640,5946,4626,896,2174,18493,15366,0.0593067465934004,0.0734049343657203,0.0906946410235062,0.1567452057835872,0.212027863347487,0.3182638137263064,0.42644242777454,0.5132239891210835,0.5133905031498904,2024
21대대통령선거,전라남도,순천시,20250603,1,234321,197762,196665,1097,165671,17828,13166,순천시,대한민국,0.842402054254697,0.0906516156916584,0.06694633005364452,2024,36030,순천시,271376,135333,136043,21583,27170,31204,31960,38879,48095,40766,20691,11550,2027,32798,186506,52072,0.114984375921231,0.117770178645127,0.1432661694475561,0.177226431224574,0.1502196214845823,0.1262749837863333,0.1918813749189316,0.6872604799245328,0.501308148104475,2024
21대대통령선거,전라남도,신안군,20250603,1,35832,30041,29786,255,26430,2208,1148,신안군,대한민국,0.8873296179413147,0.07412878533539247,0.03854159672329282,2024,36680,신안군,35572,19444,16128,1413,1706,2235,2855,3743,5939,7794,5634,3860,559,2150,19528,13894,0.0628303159788597,0.0802597548633756,0.1052232092657146,0.1669571573147419,0.2191049139772855,0.2826099179129652,0.3905881030023614,0.5489711008658495,0.4533903069830203,2024
21대대통령선거,전라남도,여수시,20250603,1,231349,191764,190670,1094,162538,16736,11396,여수시,대한민국,0.8524571248754392,0.08777468925368438,0.059768185870876386,2024,36020,여수시,265859,137731,128128,18064,22925,28459,29702,37323,46124,44130,26683,12717,1891,27744,176279,61836,0.1070454639489353,0.1117208745989415,0.1403864454466465,0.173490459228388,0.1659902429483297,0.1553116501604234,0.2325894553127785,0.6630544762449269,0.4819396747900202,2024
21대대통령선거,전라남도,영광군,20250603,1,46202,38202,37940,262,32618,3172,2150,영광군,대한민국,0.8597258829731155,0.08360569319978914,0.056668423827095415,2024,36640,영광군,50012,25128,24884,3604,3563,3985,5001,5813,8024,8889,6492,4372,546,5091,29165,15756,0.0796808765896184,0.0999960009597696,0.1162321042949692,0.16044149404143,0.1777373430376709,0.2281452451411661,0.3150443893465568,0.5831600415900184,0.4975605854594897,2024
21대대통령선거,전라남도,영암군,20250603,1,45634,37337,37067,270,32195,3006,1866,영암군,대한민국,0.8685623330725443,0.0810963930180484,0.05034127390940729,2024,36610,영암군,60323,34335,25988,2891,3940,7333,7991,8373,10110,9561,5803,4013,650,4536,40941,14846,0.1215622565190723,0.132470202078809,0.138802778376407,0.1675977653631284,0.1584967591134393,0.173499328614293,0.2461084495134526,0.6786963513087877,0.4308141173350132,2024
21대대통령선거,전라남도,완도군,20250603,1,40521,34654,34356,298,30888,2152,1316,완도군,대한민국,0.8990569332867622,0.06263825823728024,0.03830480847595762,2024,36660,완도군,48182,26560,21622,2516,2974,4071,5692,5845,7066,8767,6540,4406,630,3846,28452,15884,0.0844921339919472,0.1181354032626292,0.1213108629778755,0.1466522767838612,0.1819559171474824,0.2402556971483126,0.3296666805030924,0.5905109792038521,0.4487567971441617,2024
21대대통령선거,전라남도,장성군,20250603,1,38328,32243,32046,197,27774,2678,1594,장성군,대한민국,0.8666916307807526,0.0835673719028896,0.049740997316357734,2024,36650,장성군,40067,20459,19608,2052,2745,3299,3480,4538,6777,7692,5186,3937,613,3207,23421,13439,0.0823370853819851,0.0868545186812089,0.1132602890158983,0.1691416876731474,0.1919784361194998,0.2429929867471984,0.3354131829186113,0.5845458856415504,0.4893802880175705,2024
21대대통령선거,전라남도,장흥군,20250603,1,31153,26253,26058,195,22956,2021,1081,장흥군,대한민국,0.8809578632281833,0.07755775577557755,0.04148438099623916,2024,36580,장흥군,33351,16379,16972,1560,2110,2222,2512,3428,5513,6838,4923,3749,675,2472,18105,12774,0.0666246889148751,0.0753200803574105,0.1027855236724536,0.1653023897334412,0.2050313333933015,0.2802614614254445,0.3830170009894755,0.5428622829900153,0.508890288147282,2024
21대대통령선거,전라남도,진도군,20250603,1,25634,21675,21475,200,18814,1702,959,진도군,대한민국,0.8760884749708964,0.07925494761350407,0.04465657741559954,2024,36670,진도군,29448,15715,13733,1357,1781,2621,3130,3196,4547,5565,4051,2938,421,2101,17182,10165,0.0890043466449334,0.1062890518880738,0.1085302906818799,0.1544077696278185,0.1889771801140994,0.2516299918500407,0.3451847324096713,0.5834691659875034,0.466347459929367,2024
21대대통령선거,전라남도,함평군,20250603,1,27478,23234,23020,214,20528,1584,908,함평군,대한민국,0.8917463075586447,0.0688097306689835,0.039443961772371854,2024,36630,함평군,29009,14732,14277,1017,1666,2101,2169,2759,4743,6102,4465,3522,578,1701,15676,11632,0.0724257988899996,0.074769898996863,0.0951084146299424,0.1635009824537212,0.2103485125305939,0.2952531972836016,0.4009790065152194,0.5403840187528008,0.4921576062601261,2024
21대대통령선거,전라남도,해남군,20250603,1,56611,48054,47670,384,42205,3496,1969,해남군,대한민국,0.8853576672959933,0.07333752884413677,0.04130480385986994,2024,36600,해남군,62068,31608,30460,3057,4044,4404,5106,6877,10248,12529,9128,6093,913,4794,34889,22385,0.070954437069021,0.0822646130050911,0.1107978346329831,0.1651092350325449,0.2018592511439066,0.2599407101888251,0.3606528323773925,0.5621092994779919,0.4907520783656635,2024
21대대통령선거,전라남도,화순군,20250603,1,54306,45541,45222,319,39811,3159,2252,화순군,대한민국,0.8803458493653531,0.06985538012471806,0.04979877050992879,2024,36570,화순군,59174,28939,30235,2933,4626,5670,4756,6532,10794,11041,7014,5285,885,4751,36122,18301,0.0958191097441443,0.0803731368506438,0.1103863183154763,0.1824111941055193,0.1865853246358197,0.2228005542974955,0.3092743434616554,0.61043701625714,0.5109507553993308,2024
21대대통령선거,전라북도,고창군,20250603,1,45723,38187,37883,304,32692,3515,1676,고창군,대한민국,0.8629728374204788,0.09278568223213579,0.04424148034738537,2024,35570,고창군,51371,25593,25778,2195,3600,3332,4585,5473,8124,10200,7628,5618,915,3599,28473,19299,0.0648614977321835,0.0892526912071012,0.1065387086099161,0.1581436997527788,0.1985556053026026,0.27566136536178,0.3756788849740126,0.554262132331471,0.5018006268127932,2024
21대대통령선거,전라북도,군산시,20250603,1,221550,178956,177949,1007,145384,21599,10966,군산시,대한민국,0.8169981286773177,0.1213774733210077,0.061624398001674636,2024,35020,군산시,265473,136654,128819,17617,25292,29791,29049,40132,45734,41228,24860,12056,2013,27898,179131,58444,0.1122185683666512,0.1094235571979071,0.1511716822426386,0.1722736398805151,0.1553001623517269,0.1466401479623163,0.2201504484448512,0.674761651844067,0.4852433204129986,2024
21대대통령선거,전라북도,김제시,20250603,1,73203,60124,59708,416,50871,5885,2952,김제시,대한민국,0.8519963823943191,0.09856300663227709,0.0494406109734039,2024,35060,김제시,79692,40450,39242,3931,5252,6932,7668,8836,12570,15335,10812,7329,1446,6068,46487,27137,0.0869848918335592,0.0962204487276012,0.1108768759724941,0.1577322692365607,0.1924283491442052,0.2457837675048938,0.340523515534809,0.5833333333333334,0.4924208201576068,2024
21대대통령선거,전라북도,남원시,20250603,1,66857,55525,55078,447,47213,5125,2740,남원시,대한민국,0.857202512800029,0.09304985656705037,0.049747630632920585,2024,35050,남원시,73781,36127,37654,4058,5800,5460,5924,8596,13362,13816,9647,6450,1180,6423,43442,23916,0.0740027920467329,0.0802916740082134,0.1165069597863948,0.1811035361407408,0.1872568818530516,0.2341659776907333,0.3241484935145904,0.588796573643621,0.5103481926241173,2024
21대대통령선거,전라북도,무주군,20250603,1,20899,17383,17238,145,13395,2876,967,무주군,대한민국,0.7770623042116255,0.16684070077735236,0.05609699501102216,2024,35530,무주군,22904,11644,11260,895,1515,1447,1860,2608,3921,4798,3205,2388,392,1497,13080,8327,0.0631767376877401,0.0812085225288159,0.1138665735242752,0.1711928047502619,0.2094830597275585,0.2613080684596577,0.3635609500523926,0.5710792874607056,0.491617184771219,2024
21대대통령선거,전라북도,부안군,20250603,1,43387,35432,35226,206,30183,3535,1508,부안군,대한민국,0.8568386986884687,0.10035201271787884,0.04280928859365241,2024,35580,부안군,46363,23298,23065,2033,2942,3082,3589,4961,7629,9728,7185,4736,740,3281,25545,17537,0.0664754222116774,0.0774108664236568,0.1070034294588357,0.1645493173435714,0.2098224877596359,0.2730841403705541,0.3782542113323124,0.5509781506804995,0.4974872204128292,2024
21대대통령선거,전라북도,순창군,20250603,1,24184,20930,20748,182,17922,1884,942,순창군,대한민국,0.8637941006362059,0.09080393290919607,0.045401966454598035,2024,35560,순창군,25494,12486,13008,1212,1853,1666,1796,2668,4257,5168,3689,2859,460,1945,14006,9543,0.0653487095002745,0.0704479485369106,0.1046520749980387,0.1669804659919981,0.202714364164117,0.2748882089903506,0.374323370204754,0.5493841688240371,0.5102377029889386,2024
21대대통령선거,전라북도,완주군,20250603,1,86947,72595,72070,525,59889,7592,4589,완주군,대한민국,0.8309837657832663,0.10534202858332177,0.06367420563341196,2024,35510,완주군,102877,53383,49494,6890,9016,12232,12419,13691,16424,16425,9741,5798,1032,10441,68201,24235,0.1188992680579721,0.120716972695549,0.1330812523693342,0.1596469570457925,0.159656677391448,0.1610758478571498,0.2355725769608367,0.6629372940501764,0.4810987878728968,2024
21대대통령선거,전라북도,익산시,20250603,1,234688,191022,189723,1299,156006,21426,12291,익산시,대한민국,0.8222830126025837,0.11293306557454816,0.06478392182286807,2024,35030,익산시,272392,136223,136169,15661,25090,35467,27844,35387,47418,44932,26053,14024,2481,25274,183717,63401,0.1302057329143293,0.1022203295250961,0.1299120385327028,0.174080002349555,0.1649534494405122,0.1562380686657464,0.2327564686187553,0.6744581338658991,0.499900878146201,2024
21대대통령선거,전라북도,임실군,20250603,1,23342,19553,19397,156,16678,1849,870,임실군,대한민국,0.859823684074857,0.09532401917822343,0.04485229674691963,2024,35550,임실군,24275,12240,12035,1097,1348,1786,1752,2140,3912,5128,3816,2900,502,1611,12995,9669,0.0735736354273944,0.072173017507724,0.0881565396498455,0.1611534500514933,0.2112461380020597,0.2973429454170957,0.3983110195674562,0.5353244078269825,0.4957775489186405,2024
21대대통령선거,전라북도,장수군,20250603,1,18588,15605,15489,116,13085,1661,743,장수군,대한민국,0.8447930789592614,0.10723739427981148,0.04796952676092711,2024,35540,장수군,19838,9988,9850,855,1395,1216,1371,2021,3356,4186,3079,2132,340,1426,10752,7660,0.0612965016634741,0.0691097892932755,0.1018751890311523,0.1691702792620223,0.2110091743119266,0.2798165137614679,0.3861276338340558,0.5419901199717714,0.4965218267970561,2024
21대대통령선거,전라북도,전주시덕진구,20250603,1,261733,218707,217413,1294,176031,23805,17577,전주시덕진구,대한민국,0.8096617957527839,0.10949207269114543,0.0808461315560707,2024,35012,전주시 덕진구,322228,160618,161610,26298,35684,44914,40464,50266,51926,40041,22536,11631,1771,40704,227784,53740,0.1393857765309036,0.1255756793326464,0.155995133880358,0.1611467656442022,0.1242629442506548,0.1115297242945988,0.166776319872885,0.7069031865635512,0.5015392827438956,2024
21대대통령선거,전라북도,전주시완산구,20250603,1,277170,229260,227937,1323,185225,25513,17199,전주시완산구,대한민국,0.8126148892018409,0.11193005084738326,0.07545505995077587,2024,35011,전주시 완산구,327406,159037,168369,20625,32098,44843,37042,45722,57942,48506,27320,13539,2495,33009,229096,65301,0.1369645027885866,0.1131378166557729,0.1396492428361117,0.1769729326890771,0.1481524468091604,0.1324166325601852,0.1994496130186984,0.699730609701716,0.5142514187278181,2024
21대대통령선거,전라북도,정읍시,20250603,1,90401,74050,73509,541,63097,6624,3788,정읍시,대한민국,0.8583574800364582,0.09011141492878423,0.05153110503475765,2024,35040,정읍시,101887,51275,50612,5361,7758,9028,9052,12436,17749,18520,12524,8568,1590,8544,61776,31567,0.0886079676504362,0.0888435227261574,0.1220567884028384,0.1742027932906062,0.1817700000981479,0.2226191761461226,0.3098236281370538,0.6063187649062196,0.4967463955166017,2024
21대대통령선거,전라북도,진안군,20250603,1,22236,18770,18641,129,15601,2107,933,진안군,대한민국,0.836918620245695,0.11303041682313181,0.05005096293117322,2024,35520,진안군,22855,11624,11231,953,1361,1433,1649,2062,3847,5196,3645,2427,388,1489,12424,8942,0.0626996280901334,0.0721505141106978,0.0902209582148326,0.1683220301903303,0.2273463137169109,0.2826514985779917,0.3912491796105884,0.5436009625902428,0.4914023189674032,2024
21대대통령선거,제주특별자치도,서귀포시,20250603,1,155343,114891,113772,1119,59610,43066,11096,서귀포시,대한민국,0.5239426220862778,0.37852898780016175,0.09752839011356046,2024,39020,서귀포시,180909,92237,88672,13650,16563,16052,20544,28550,31861,28483,15994,9151,1708,20980,119995,39934,0.0887296928289913,0.1135598560602291,0.1578141496553516,0.1761161689025974,0.1574437977104511,0.1484337429315291,0.2207408144426203,0.6632892780348131,0.4901469799733567,2024
21대대통령선거,제주특별자치도,제주시,20250603,1,409912,306685,303875,2810,169119,102224,32532,제주시,대한민국,0.5565413410119292,0.3364014808720691,0.10705717811600164,2024,39010,제주시,493908,248483,245425,41310,51020,55747,64695,79731,86038,66170,32924,17806,3565,62883,347061,83964,0.1128691983122362,0.1309859326028329,0.1614288490974027,0.1741984337164006,0.1339723187314236,0.1099293795605659,0.1699992711193177,0.702683495711752,0.4969042817690744,2024
21대대통령선거,충청남도,계룡시,20250603,1,37839,31069,30836,233,14410,13332,3094,계룡시,대한민국,0.4673109352704631,0.432351796601375,0.10033726812816189,2024,34070,계룡시,45026,22445,22581,4056,5698,3977,5251,8111,8238,5946,2768,1269,249,6419,31627,6980,0.0883267445475947,0.116621507573402,0.1801403633456225,0.1829609558921512,0.1320570337138542,0.0951894460978101,0.1550215431084262,0.70241638164616,0.50151023852885,2024
21대대통령선거,충청남도,공주시,20250603,1,91037,70133,69563,570,31344,32935,5284,공주시,대한민국,0.45058436237655075,0.4734557164009603,0.07595992122248897,2024,34020,공주시,104393,51861,52532,4628,8699,12876,9286,11645,16589,20289,11974,7520,1464,7421,66130,30842,0.1233416033642102,0.0889523243895663,0.1115496249748546,0.1589091222591553,0.1943521117316295,0.2007605873957066,0.2954412652189323,0.6334715929228971,0.5032138170183824,2024
21대대통령선거,충청남도,금산군,20250603,1,44528,33981,33716,265,15073,16504,2139,금산군,대한민국,0.44705777672321745,0.4895005338711591,0.06344168940562345,2024,34510,금산군,53212,26383,26829,2005,4362,5698,4346,5885,8627,10611,6896,4346,704,3536,32565,17111,0.1070811095241674,0.0816733067729083,0.1105953544313312,0.1621250845673908,0.1994099075396527,0.2244982334811696,0.3215628053822446,0.6119860181913854,0.5041907840336766,2024
21대대통령선거,충청남도,논산시,20250603,1,95971,72078,71523,555,34802,31519,5202,논산시,대한민국,0.486584734980356,0.44068341652335613,0.0727318484962879,2024,34060,논산시,114692,57454,57238,5983,9032,12219,11628,13558,18254,21319,13208,8575,1661,9262,71492,33938,0.1065375091549541,0.1013845778258291,0.1182122554319394,0.1591566979388274,0.1858804450179611,0.2044083283925644,0.2959055557493112,0.6233390297492415,0.4990583475743731,2024
21대대통령선거,충청남도,당진시,20250603,1,146196,109473,108739,734,54989,45028,8722,당진시,대한민국,0.5056971279853595,0.4140924599269811,0.08021041208765944,2024,34080,당진시,177715,96629,81086,14344,16342,16092,23805,29335,29349,25895,14107,8673,1459,21492,120200,36023,0.0905494752834594,0.1339504262442675,0.1650676645190333,0.1651464423374504,0.1457108291365388,0.1363925386151984,0.2027009537743015,0.6763638409813465,0.4562698702979489,2024
21대대통령선거,충청남도,보령시,20250603,1,82897,63959,63443,516,27091,31871,4481,보령시,대한민국,0.4270132244692086,0.502356445943603,0.0706303295871885,2024,34030,보령시,96182,50507,45675,4947,6990,8816,9658,12403,16103,18395,11733,6668,1067,7846,59994,28342,0.0916595620802229,0.1004137988396997,0.1289534424320559,0.1674221787860514,0.191252001413986,0.2024079349566447,0.2946705204716059,0.6237549645463808,0.474880954856418,2024
21대대통령선거,충청남도,부여군,20250603,1,54218,41724,41382,342,17181,21621,2580,부여군,대한민국,0.4151805132666377,0.5224735392199507,0.06234594751341163,2024,34530,부여군,59930,29822,30108,2194,3711,4516,4483,5910,9231,13362,9247,6332,1242,3663,32592,23675,0.0753545803437343,0.0748039379275821,0.0986150508927081,0.1540297013182045,0.2229601201401635,0.2806774570332054,0.3950442182546304,0.5438344735524779,0.5023861171366595,2024
21대대통령선거,충청남도,서산시,20250603,1,148454,111724,110863,861,53345,47476,10042,서산시,대한민국,0.48117947376491704,0.4282402605017003,0.09058026573338264,2024,34050,서산시,178586,94138,84448,13482,16484,17621,21898,27402,30602,26817,15152,9012,1727,20479,120161,37946,0.0986695485648371,0.1226187943063846,0.1534386794037606,0.1713572172510723,0.150162946703549,0.1449777698139832,0.2124802616106525,0.6728466957096301,0.4728702137905547,2024
21대대통령선거,충청남도,서천군,20250603,1,44051,33500,33225,275,15339,15893,1993,서천군,대한민국,0.4616704288939052,0.4783446200150489,0.0599849510910459,2024,34540,서천군,48575,24768,23807,1810,2729,3344,3834,4783,7496,10465,7922,5365,1055,2926,25952,19697,0.0688419969119917,0.0789294904786412,0.0984662892434379,0.1543180648481729,0.2154400411734431,0.2952547606793618,0.4054966546577457,0.5342665980442615,0.4901080802882141,2024
21대대통령선거,충청남도,아산시,20250603,1,294314,223210,221584,1626,113159,85540,22885,아산시,대한민국,0.5106821792187162,0.3860387031554625,0.10327911762582136,2024,34040,아산시,392509,207898,184611,36098,42657,51292,61829,69429,58154,42744,21084,11367,1869,53482,285979,53048,0.1306772583558593,0.1575225026687286,0.1768851160100787,0.1481596600332731,0.1088994137714039,0.0874374855098863,0.1351510411226239,0.7285922106244698,0.470335712047367,2024
21대대통령선거,충청남도,예산군,20250603,1,71055,53841,53430,411,20135,29469,3826,예산군,대한민국,0.37684821261463597,0.5515440763615946,0.07160771102376942,2024,34570,예산군,79848,40957,38891,3796,5321,6492,7923,9077,12906,16103,10590,6830,1225,5891,47477,26480,0.0813044785091674,0.0992260294559663,0.1136784891293457,0.1616321009918845,0.2016706742811341,0.2335061617072437,0.3316300971846508,0.5945922252279331,0.4870629195471395,2024
21대대통령선거,충청남도,천안시동남구,20250603,1,225516,171143,169929,1214,82181,71043,16705,천안시동남구,대한민국,0.48361962937462116,0.41807460763024556,0.09830576299513326,2024,34011,천안시 동남구,279621,142112,137509,18151,27751,41329,35796,42144,47054,39793,18582,9621,1642,28243,204248,47130,0.1478036342048701,0.1280161361271149,0.150718293690388,0.1682777759896431,0.1423104845487284,0.1067337574788731,0.1685495724570043,0.7304458534945516,0.4917692161890559,2024
21대대통령선거,충청남도,천안시서북구,20250603,1,335343,253456,251489,1967,126874,95629,28986,천안시서북구,대한민국,0.5044912501143192,0.3802512237115739,0.11525752617410702,2024,34012,천안시 서북구,415144,215822,199322,35964,42865,60807,69212,72206,66026,44471,17734,8634,1388,53545,315657,45942,0.1464720675235581,0.166718054458212,0.1739300098279151,0.1590436089646002,0.1071218661476499,0.0668587285375676,0.1106652149615555,0.7603554429306457,0.4801273774882932,2024
21대대통령선거,충청남도,청양군,20250603,1,27165,20925,20737,188,8088,11213,1436,청양군,대한민국,0.390027487100352,0.5407243092057674,0.0692482036938805,2024,34550,청양군,29818,15322,14496,984,1812,2658,2227,2716,4558,6775,4423,3204,588,1642,16625,11551,0.0891407874438258,0.0746864310148232,0.0910859212556174,0.1528606881749279,0.2272117512911664,0.27550472868737,0.3873834596552418,0.5575491313971427,0.4861493057884499,2024
21대대통령선거,충청남도,태안군,20250603,1,54627,41577,41252,325,17816,20762,2674,태안군,대한민국,0.4318820905653059,0.5032968098516436,0.06482109958305052,2024,34580,태안군,60814,31964,28850,2404,3918,5085,5144,6828,9895,12936,8979,5040,896,3840,35662,21312,0.0836156148255335,0.0845857861676587,0.1122767783734008,0.1627092445818397,0.2127141776564607,0.2452560265728286,0.3504456210740947,0.5864110237774197,0.4743973427171375,2024
21대대통령선거,충청남도,홍성군,20250603,1,86128,65728,65217,511,29489,30273,5455,홍성군,대한민국,0.45216737967094467,0.4641887851327108,0.08364383519634451,2024,34560,홍성군,102178,51671,50507,6899,9557,10576,11150,13699,16026,16688,10407,6784,1202,10667,65250,26261,0.1035056470081622,0.1091232946426823,0.1340699563506821,0.1568439390083971,0.1633228287889761,0.1800093953688661,0.2570122727005813,0.638591477617491,0.494304057624929,2024
21대대통령선거,충청북도,괴산군,20250603,1,33528,26680,26459,221,10858,14080,1521,괴산군,대한민국,0.4103707623115008,0.5321440719603916,0.05748516572810764,2024,33560,괴산군,37346,19734,17612,1189,1817,3506,2602,3303,6227,9382,5571,3372,538,1828,21328,14190,0.0938788625287848,0.0696727895892465,0.0884432067691319,0.166738071011621,0.2512183366357843,0.253869222942216,0.3799603705885503,0.571091950945215,0.4715899962512719,2024
21대대통령선거,충청북도,단양군,20250603,1,25010,19901,19744,157,7645,10874,1225,단양군,대한민국,0.38720623987034036,0.5507495948136143,0.06204416531604538,2024,33580,단양군,26597,13604,12993,950,1471,1568,1790,2595,4835,6941,4003,2268,298,1532,15071,9994,0.0589540173703801,0.0673008234011354,0.0975673948189645,0.1817874196337932,0.2609692822498778,0.246982742414558,0.3757566642854457,0.5666428544572696,0.4885137421513704,2024
21대대통령선거,충청북도,보은군,20250603,1,27900,22071,21882,189,9194,11344,1344,보은군,대한민국,0.4201626907960881,0.5184169637144685,0.061420345489443376,2024,33520,보은군,29858,15033,14825,1166,1681,1791,1993,2678,5024,7416,4513,3144,595,1874,15998,11986,0.0599839239064907,0.0667492799249782,0.0896912050371759,0.1682631120637685,0.2483756447183334,0.276374840913658,0.4014334516712439,0.5358027999196195,0.4965168464063232,2024
21대대통령선거,충청북도,영동군,20250603,1,39554,30824,30561,263,12321,16217,2023,영동군,대한민국,0.40316089133208993,0.5306436307712444,0.06619547789666569,2024,33540,영동군,43730,22022,21708,1668,2790,3689,2937,4241,7537,9977,6348,4160,602,2754,24892,16084,0.0843585639149325,0.0671621312600045,0.0969814772467413,0.1723530756917448,0.2281500114337983,0.2540589983992682,0.3678024239652412,0.5692202149554082,0.4964097873313515,2024
21대대통령선거,충청북도,옥천군,20250603,1,43863,34403,34098,305,15013,16673,2412,옥천군,대한민국,0.44028975306469587,0.48897296029092613,0.07073728664437796,2024,33530,옥천군,47416,24179,23237,2025,3381,3615,3450,5352,8157,10481,6598,3952,682,3388,27600,16428,0.0762400877340982,0.072760249704741,0.1128732917158765,0.1720305382149485,0.2210435296102581,0.2368820651256959,0.3464653281592711,0.5820819976379281,0.490066644170744,2024
21대대통령선거,충청북도,음성군,20250603,1,81862,60942,60461,481,29604,26136,4721,음성군,대한민국,0.48963794842956615,0.43227865897024526,0.07808339260018855,2024,33570,음성군,106652,60360,46292,5049,7411,13820,14797,14382,18727,18216,8952,5071,824,7916,75498,23238,0.1295803172936278,0.1387409518808836,0.1348497918463788,0.1755897685931815,0.1707984847916588,0.1392097663428721,0.2178862093537861,0.7078910850241908,0.4340471814874545,2024
21대대통령선거,충청북도,제천시,20250603,1,113975,88820,88131,689,39127,42170,6834,제천시,대한민국,0.443964098898231,0.47849224449966526,0.07754365660210369,2024,33030,제천시,130733,66079,64654,7508,10893,15453,12024,15718,22742,24811,13812,7614,1081,11591,84438,34704,0.1182027491146076,0.0919737174240627,0.1202297813099982,0.173957608254993,0.1897837577352313,0.1721600514024768,0.2654570766371153,0.6458813000543092,0.4945499606067328,2024
21대대통령선거,충청북도,증평군,20250603,1,31928,23995,23792,203,11385,10290,2117,증평군,대한민국,0.4785221923335575,0.4324983187626093,0.08897948890383323,2024,33590,증평군,38180,19957,18223,2837,3386,4398,4950,5489,6354,6005,3121,1720,255,4259,26001,7920,0.1151911995809324,0.1296490309062336,0.1437663698271346,0.1664222105814562,0.1572812991094814,0.1334730225248821,0.2074384494499738,0.6810110005238345,0.4772917757988476,2024
21대대통령선거,충청북도,진천군,20250603,1,72896,54924,54515,409,28558,21155,4802,진천군,대한민국,0.5238558194992204,0.3880583325690177,0.0880858479317619,2024,33550,진천군,96544,52962,43582,7631,8557,10606,14694,16156,15667,13302,6352,3800,638,11326,68490,16728,0.1098566456745111,0.1522000331455087,0.1673433874709976,0.1622783394100099,0.1377817368246602,0.1117625124295658,0.173268147166059,0.709417467683129,0.4514211136890951,2024
21대대통령선거,충청북도,청주시상당구,20250603,1,167297,130134,129216,918,63093,53983,12140,청주시상당구,대한민국,0.4882754457652303,0.41777334076275385,0.09395121347201585,2024,33041,청주시 상당구,195499,97260,98239,16081,19276,21151,24487,29576,34305,29412,14367,7610,1128,24285,134763,36451,0.1081898117125918,0.1252538376155376,0.1512846613026153,0.1754740433454902,0.1504457823313674,0.1181847477480703,0.1864510815912101,0.6893283341602771,0.5025038491245479,2024
21대대통령선거,충청북도,청주시서원구,20250603,1,158412,123534,122623,911,58100,51715,12808,청주시서원구,대한민국,0.4738099703970707,0.42173980411505185,0.10445022548787748,2024,33042,청주시 서원구,190979,95333,95646,11174,18938,29859,21648,25912,33409,28700,14224,7391,1160,17891,137088,36000,0.1563470329198498,0.113352777006896,0.1356798391446179,0.1749354641086192,0.1502783028500516,0.1192539493871053,0.1885024007875211,0.7178171421988805,0.5008194618256457,2024
21대대통령선거,충청북도,청주시청원구,20250603,1,158716,122262,121361,901,61240,47301,12820,청주시청원구,대한민국,0.5046102125064889,0.3897545339936223,0.10563525349988877,2024,33044,청주시 청원구,195842,101466,94376,16352,20220,27287,28981,31969,29318,24142,11755,6708,1094,24611,140479,30752,0.1393317061713013,0.1479815361362731,0.1632387332645704,0.14970231104666,0.1232728423933579,0.099861112529488,0.1570245401905617,0.7173078297811502,0.4818986734204103,2024
21대대통령선거,충청북도,청주시흥덕구,20250603,1,242536,186815,185321,1494,91724,72187,21410,청주시흥덕구,대한민국,0.49494660615904296,0.3895241230081858,0.11552927083277124,2024,33043,청주시 흥덕구,291048,148337,142711,25597,27086,40106,49454,46024,46527,35670,15010,7092,1145,36925,215273,38850,0.1377985761798741,0.1699169896374481,0.1581319919738325,0.1598602292405376,0.1225571039828481,0.0798734229405458,0.1334831368021769,0.7396477556966549,0.4903349275720843,2024
21대대통령선거,충청북도,충주시,20250603,1,181665,140253,139272,981,64128,62940,12204,충주시,대한민국,0.46045149060830604,0.4519214199551956,0.08762708943649836,2024,33020,충주시,215904,110806,105098,13136,18495,26740,24615,28701,36634,36745,19069,11457,1823,20158,145973,49773,0.1238513413368904,0.1140090040017785,0.1329340818141396,0.1696772639691715,0.1701913813546761,0.1498304802134281,0.2305330146731881,0.676101415443901,0.486781161997925,2024
